사고번호,사고일시,요일,시군구,사고내용,사망자수,중상자수,경상자수,부상신고자수,사고유형,법규위반,노면상태,기상상태,도로형태,가해운전자 차종,가해운전자 성별,가해운전자 연령,가해운전자 상해정도,피해운전자 차종,피해운전자 성별,피해운전자 연령,피해운전자 상해정도
2015011300100364,2015년 1월 13일 17시,화요일,충청북도 청주시 상당구 미원면,중상사고,0,1,0,0,차량단독 - 전도전복,안전운전불이행,건조,맑음,단일로 - 기타,승용,남,30세,상해없음,,,,
2015011300100385,2015년 1월 13일 18시,화요일,충청북도 충주시 용관동,경상사고,0,0,1,0,차대차 - 추돌 - 진행중,안전운전불이행,건조,맑음,단일로 - 교량,승용,남,58세,상해없음,화물,남,35세,경상
2015011300100386,2015년 1월 13일 18시,화요일,충청북도 제천시 명동,경상사고,0,0,3,0,차대차 - 측면직각충돌,직진우회전진행방해,건조,맑음,교차로 - 교차로안,승용,남,42세,경상,승용,여,26세,경상
2015011300100387,2015년 1월 13일 18시,화요일,충청북도 제천시 명동,경상사고,0,0,1,0,차대차 - 측면직각충돌,안전운전불이행,건조,맑음,단일로 - 기타,승용,남,40세,상해없음,원동기,남,18세,경상
2015011300100424,2015년 1월 13일 19시,화요일,충청북도 청주시 흥덕구 복대동,경상사고,0,0,2,0,차대차 - 추돌 - 진행중,안전운전불이행,건조,맑음,단일로 - 기타,승용,남,28세,경상,승용,남,59세,상해없음
2015011300100489,2015년 1월 13일 21시,화요일,충청북도 제천시 화산동,중상사고,0,1,0,0,차대사람 - 기타,안전운전불이행,건조,맑음,단일로 - 기타,화물,남,26세,상해없음,보행자,여,72세,중상
2015011300100490,2015년 1월 13일 21시,화요일,충청북도 증평군 증평읍,중상사고,0,2,1,0,차대차 - 정면충돌,중앙선침범,건조,맑음,단일로 - 기타,승용,남,58세,상해없음,승용,남,27세,경상
2015011300100514,2015년 1월 13일 22시,화요일,충청북도 음성군 금왕읍,경상사고,0,0,1,0,차대차 - 기타,안전운전불이행,건조,맑음,교차로 - 교차로부근,승용,여,51세,상해없음,승용,남,32세,경상
2015011300100540,2015년 1월 13일 23시,화요일,충청북도 제천시 명동,경상사고,0,0,1,0,차대차 - 기타,중앙선침범,결빙,흐림,단일로 - 기타,승용,여,43세,상해없음,승용,남,21세,경상
2015011400100011,2015년 1월 14일 00시,수요일,충청북도 충주시 풍동,경상사고,0,0,2,0,차량단독 - 공작물충돌,안전운전불이행,결빙,흐림,단일로 - 교량,승용,남,19세,상해없음,,,,
2015011400100031,2015년 1월 14일 02시,수요일,충청북도 청주시 흥덕구 복대동,경상사고,0,0,2,0,차대차 - 측면직각충돌,신호위반,건조,맑음,교차로 - 교차로안,승용,여,54세,경상,승용,남,50세,경상
2015011400100050,2015년 1월 14일 04시,수요일,충청북도 청주시 흥덕구 가경동,경상사고,0,0,1,0,차대차 - 추돌 - 주정차중,중앙선침범,건조,맑음,교차로 - 교차로안,승용,남,26세,상해없음,승용,여,25세,경상
2015011400100057,2015년 1월 14일 05시,수요일,충청북도 충주시 금릉동,중상사고,0,2,0,1,차대차 - 추돌 - 진행중,신호위반,건조,흐림,교차로 - 교차로안,승용,남,67세,부상신고,승용,남,27세,중상
2015011400100058,2015년 1월 14일 05시,수요일,충청북도 청주시 상당구 방서동,경상사고,0,0,2,0,차대차 - 기타,교차로운행방법위반,건조,맑음,교차로 - 교차로안,승용,남,37세,경상,승용,남,57세,경상
2015011400100109,2015년 1월 14일 08시,수요일,충청북도 음성군 대소면,중상사고,0,2,1,0,차대차 - 기타,신호위반,건조,맑음,교차로 - 교차로안,승용,여,47세,경상,승용,여,46세,중상
2015011400100121,2015년 1월 14일 09시,수요일,충청북도 청주시 흥덕구 복대동,경상사고,0,0,1,0,차대사람 - 기타,안전운전불이행,건조,맑음,교차로 - 교차로안,승용,남,64세,상해없음,보행자,여,49세,경상
2015011400100139,2015년 1월 14일 10시,수요일,충청북도 청주시 흥덕구 송정동,경상사고,0,0,1,0,차대차 - 측면직각충돌,교차로운행방법위반,건조,맑음,교차로 - 교차로안,승용,남,28세,상해없음,건설기계,남,51세,경상
2015011400100168,2015년 1월 14일 11시,수요일,충청북도 제천시 남천동,중상사고,0,1,0,0,차대차 - 기타,중앙선침범,건조,맑음,단일로 - 기타,원동기,남,73세,중상,승용,남,53세,상해없음
2015011400100188,2015년 1월 14일 12시,수요일,충청북도 청주시 청원구 외하동,중상사고,0,3,0,0,차대차 - 기타,신호위반,건조,맑음,교차로 - 교차로안,승용,남,44세,중상,승용,남,57세,중상
2015011400100189,2015년 1월 14일 12시,수요일,충청북도 청주시 흥덕구 오송읍,중상사고,0,1,0,0,차대사람 - 기타,안전운전불이행,건조,흐림,단일로 - 기타,승용,남,41세,상해없음,보행자,여,86세,중상
2015011400100213,2015년 1월 14일 13시,수요일,충청북도 충주시 중앙탑면,중상사고,0,1,2,1,차대차 - 기타,안전운전불이행,건조,맑음,교차로 - 교차로안,승용,남,55세,부상신고,승용,여,45세,중상
2015011400100233,2015년 1월 14일 14시,수요일,충청북도 충주시 금릉동,경상사고,0,0,1,0,차대차 - 기타,안전운전불이행,건조,맑음,단일로 - 기타,화물,남,42세,상해없음,화물,남,50세,경상
2015011400100234,2015년 1월 14일 14시,수요일,충청북도 영동군 영동읍,경상사고,0,0,1,0,차량단독 - 전도전복,안전운전불이행,건조,맑음,단일로 - 기타,자전거,여,65세,경상,,,,
2015011400100235,2015년 1월 14일 14시,수요일,충청북도 청주시 흥덕구 봉명동,경상사고,0,0,2,0,차대차 - 측면직각충돌,신호위반,건조,맑음,교차로 - 교차로안,승용,여,62세,상해없음,승용,남,37세,경상
2015011400100260,2015년 1월 14일 15시,수요일,충청북도 청주시 청원구 내덕동,경상사고,0,0,1,0,차대차 - 기타,교차로운행방법위반,건조,맑음,교차로 - 교차로부근,화물,남,41세,상해없음,자전거,남,26세,경상
2015011400100291,2015년 1월 14일 16시,수요일,충청북도 진천군 문백면,중상사고,0,1,0,0,차대차 - 추돌 - 진행중,차로위반,건조,맑음,단일로 - 기타,승용,남,29세,중상,특수,남,48세,상해없음
2015011400100359,2015년 1월 14일 18시,수요일,충청북도 충주시 칠금동,경상사고,0,0,3,0,차대차 - 기타,안전운전불이행,건조,맑음,단일로 - 기타,승용,여,39세,상해없음,승용,남,58세,상해없음
2015011400100360,2015년 1월 14일 18시,수요일,충청북도 괴산군 괴산읍,중상사고,0,1,0,0,차대사람 - 횡단중,보행자보호의무위반,건조,맑음,교차로 - 교차로부근,승용,여,49세,상해없음,보행자,여,20세,중상
2015011400100361,2015년 1월 14일 18시,수요일,충청북도 청주시 서원구 개신동,중상사고,0,1,0,0,차대사람 - 횡단중,안전운전불이행,건조,맑음,단일로 - 기타,승용,남,36세,상해없음,보행자,여,47세,중상
2015011400100434,2015년 1월 14일 20시,수요일,충청북도 충주시 칠금동,중상사고,0,1,0,0,차대사람 - 기타,안전운전불이행,건조,맑음,단일로 - 기타,승용,남,34세,상해없음,보행자,여,53세,중상
2015011400100435,2015년 1월 14일 20시,수요일,충청북도 청주시 흥덕구 봉명동,경상사고,0,0,1,0,차대차 - 측면직각충돌,안전거리미확보,건조,맑음,교차로 - 교차로부근,승용,남,38세,상해없음,원동기,남,16세,경상
2015011400100492,2015년 1월 14일 22시,수요일,충청북도 청주시 흥덕구 복대동,중상사고,0,1,0,0,차대사람 - 기타,안전운전불이행,건조,맑음,단일로 - 기타,승용,남,50세,상해없음,보행자,여,62세,중상
2015011400100521,2015년 1월 14일 23시,수요일,충청북도 청주시 흥덕구 가경동,경상사고,0,0,1,0,차대사람 - 기타,안전운전불이행,건조,맑음,교차로 - 교차로안,승용,남,48세,상해없음,보행자,남,47세,경상
2015011400100522,2015년 1월 14일 23시,수요일,충청북도 청주시 서원구 남이면,경상사고,0,0,1,0,차대차 - 추돌 - 진행중,안전운전불이행,건조,맑음,교차로 - 교차로부근,승용,남,33세,상해없음,승용,남,28세,경상
2015011400100523,2015년 1월 14일 23시,수요일,충청북도 청주시 상당구 북문로2가동,경상사고,0,0,1,0,차대차 - 측면직각충돌,안전운전불이행,건조,기타,교차로 - 교차로안,승용,남,40세,상해없음,자전거,남,18세,경상
2015011500100014,2015년 1월 15일 00시,목요일,충청북도 충주시 문화동,중상사고,0,2,0,1,차대차 - 기타,신호위반,건조,흐림,교차로 - 교차로안,승용,남,44세,부상신고,승용,남,47세,중상
2015011500100025,2015년 1월 15일 01시,목요일,충청북도 청주시 상당구 용정동,경상사고,0,0,1,0,차대차 - 기타,안전운전불이행,건조,맑음,단일로 - 기타,승용,남,49세,상해없음,승용,남,52세,경상
2015011500100050,2015년 1월 15일 04시,목요일,충청북도 청주시 청원구 우암동,경상사고,0,0,1,0,차대사람 - 기타,보행자보호의무위반,건조,맑음,교차로 - 교차로부근,기타불명,기타불명,기타불명,기타불명,보행자,여,20세,경상
2015011500100056,2015년 1월 15일 05시,목요일,충청북도 청주시 흥덕구 신봉동,경상사고,0,0,3,0,차대차 - 추돌 - 진행중,안전거리미확보,건조,맑음,교차로 - 교차로부근,승용,남,28세,경상,승용,남,54세,상해없음
2015011500100066,2015년 1월 15일 06시,목요일,충청북도 충주시 호암동,경상사고,0,0,1,1,차량단독 - 공작물충돌,안전운전불이행,건조,맑음,단일로 - 기타,승용,남,34세,부상신고,,,,
2015011500100134,2015년 1월 15일 09시,목요일,충청북도 보은군 보은읍,경상사고,0,0,1,0,차대차 - 측면직각충돌,안전거리미확보,건조,맑음,교차로 - 교차로부근,화물,남,63세,상해없음,화물,남,37세,경상
2015011500100176,2015년 1월 15일 11시,목요일,충청북도 청주시 상당구 수동,경상사고,0,0,1,0,차대사람 - 횡단중,안전운전불이행,건조,맑음,단일로 - 기타,승용,남,75세,상해없음,보행자,여,75세,경상
2015011500100177,2015년 1월 15일 11시,목요일,충청북도 증평군 증평읍,경상사고,0,0,1,0,차대차 - 기타,안전운전불이행,건조,맑음,단일로 - 기타,원동기,남,72세,경상,승용,남,80세,상해없음
2015011500100178,2015년 1월 15일 11시,목요일,충청북도 청주시 흥덕구 복대동,중상사고,0,1,4,0,차대차 - 측면직각충돌,안전운전불이행,건조,맑음,단일로 - 기타,화물,남,48세,상해없음,승합,남,51세,경상
2015011500100206,2015년 1월 15일 12시,목요일,충청북도 청주시 서원구 산남동,중상사고,0,2,0,0,차대차 - 측면직각충돌,교차로운행방법위반,건조,맑음,교차로 - 교차로안,승용,남,66세,상해없음,승용,남,55세,중상
2015011500100313,2015년 1월 15일 16시,목요일,충청북도 제천시 송학면,경상사고,0,0,2,0,차대차 - 측면직각충돌,중앙선침범,습기,흐림,단일로 - 기타,승용,여,32세,상해없음,화물,남,63세,경상
2015011500100344,2015년 1월 15일 17시,목요일,충청북도 충주시 연수동,중상사고,0,1,0,0,차대사람 - 길가장자리구역통행중,안전운전불이행,건조,맑음,단일로 - 기타,승용,여,28세,상해없음,보행자,남,68세,중상
2015011500100345,2015년 1월 15일 17시,목요일,충청북도 음성군 감곡면,경상사고,0,0,1,0,차대차 - 기타,안전운전불이행,건조,맑음,교차로 - 교차로부근,승용,남,67세,상해없음,승용,남,42세,경상
2015011500100346,2015년 1월 15일 17시,목요일,충청북도 음성군 음성읍,중상사고,0,2,1,0,차대차 - 기타,안전운전불이행,건조,맑음,단일로 - 기타,승용,여,49세,중상,승용,남,33세,중상
2015011500100381,2015년 1월 15일 18시,목요일,충청북도 충주시 교현동,중상사고,0,1,0,0,차대차 - 측면직각충돌,안전거리미확보,건조,흐림,단일로 - 기타,화물,남,42세,상해없음,원동기,남,31세,중상
2015011500100382,2015년 1월 15일 18시,목요일,충청북도 제천시 고암동,중상사고,0,1,0,0,차대차 - 추돌 - 진행중,안전거리미확보,건조,맑음,단일로 - 기타,승용,남,42세,상해없음,승용,남,30세,중상
2015011500100383,2015년 1월 15일 18시,목요일,충청북도 옥천군 군북면,경상사고,0,0,1,0,차대차 - 기타,안전운전불이행,건조,맑음,교차로 - 교차로안,승용,남,58세,상해없음,승용,남,38세,경상
2015011500100431,2015년 1월 15일 19시,목요일,충청북도 청주시 흥덕구 봉명동,경상사고,0,0,1,0,차대차 - 측면직각충돌,교차로운행방법위반,건조,맑음,단일로 - 기타,승용,남,67세,상해없음,승합,남,51세,상해없음
2015011500100458,2015년 1월 15일 20시,목요일,충청북도 음성군 생극면,중상사고,0,3,0,0,차대차 - 기타,신호위반,건조,맑음,교차로 - 교차로안,승용,남,47세,중상,화물,남,58세,중상
2015011500100459,2015년 1월 15일 20시,목요일,충청북도 옥천군 옥천읍,중상사고,0,1,0,0,차대차 - 기타,신호위반,건조,맑음,교차로 - 교차로안,화물,남,68세,상해없음,승용,남,39세,중상
2015011500100460,2015년 1월 15일 20시,목요일,충청북도 청주시 흥덕구 봉명동,경상사고,0,0,1,0,차대차 - 추돌 - 진행중,안전운전불이행,건조,맑음,교차로 - 교차로부근,승용,남,40세,기타불명,승용,여,28세,경상
2015011500100461,2015년 1월 15일 20시,목요일,충청북도 청주시 서원구 개신동,경상사고,0,0,1,0,차대사람 - 횡단중,안전운전불이행,기타,기타,단일로 - 기타,기타불명,기타불명,기타불명,기타불명,보행자,남,55세,경상
2015011500100462,2015년 1월 15일 20시,목요일,충청북도 청주시 상당구 용암동,중상사고,0,1,0,0,차대사람 - 기타,안전운전불이행,건조,맑음,교차로 - 교차로안,화물,남,60세,상해없음,보행자,여,37세,중상
2015011500100492,2015년 1월 15일 21시,목요일,충청북도 음성군 금왕읍,중상사고,0,1,0,0,차대차 - 기타,중앙선침범,건조,맑음,단일로 - 기타,승용,남,64세,상해없음,원동기,남,16세,중상
2015011500100563,2015년 1월 15일 23시,목요일,충청북도 옥천군 옥천읍,중상사고,0,1,1,0,차대차 - 기타,안전운전불이행,건조,맑음,교차로 - 교차로부근,원동기,남,52세,상해없음,승용,남,50세,경상
2015011500100564,2015년 1월 15일 23시,목요일,충청북도 청주시 흥덕구 복대동,중상사고,0,1,0,0,차대사람 - 횡단중,안전운전불이행,건조,맑음,교차로 - 교차로부근,승합,남,42세,상해없음,보행자,여,23세,중상
2015011600100015,2015년 1월 16일 00시,금요일,충청북도 괴산군 사리면,경상사고,0,0,1,0,차대차 - 기타,안전운전불이행,건조,맑음,단일로 - 기타,승용,남,27세,경상,승용,남,55세,상해없음
2015011600100035,2015년 1월 16일 01시,금요일,충청북도 청주시 청원구 오창읍,경상사고,0,0,1,0,차대차 - 추돌 - 진행중,안전운전불이행,습기,흐림,단일로 - 기타,승용,남,30세,상해없음,승용,여,35세,경상
2015011600100067,2015년 1월 16일 04시,금요일,충청북도 충주시 봉방동,경상사고,0,0,2,0,차대차 - 측면직각충돌,신호위반,건조,맑음,교차로 - 교차로안,승합,남,72세,상해없음,승용,남,45세,경상
2015011600100078,2015년 1월 16일 05시,금요일,충청북도 청주시 흥덕구 비하동,중상사고,0,1,1,0,차량단독 - 공작물충돌,안전운전불이행,건조,맑음,교차로 - 교차로부근,승용,여,23세,중상,,,,
2015011600100144,2015년 1월 16일 08시,금요일,충청북도 제천시 서부동,중상사고,0,1,1,0,차대차 - 기타,직진우회전진행방해,건조,맑음,교차로 - 교차로안,승용,여,46세,중상,승용,여,29세,경상
2015011600100173,2015년 1월 16일 09시,금요일,충청북도 청주시 흥덕구 복대동,경상사고,0,0,1,0,차대차 - 기타,안전운전불이행,건조,맑음,단일로 - 기타,승용,남,33세,상해없음,화물,남,59세,경상
2015011600100220,2015년 1월 16일 11시,금요일,충청북도 제천시 송학면,중상사고,0,1,1,0,차대차 - 기타,중앙선침범,결빙,눈,단일로 - 기타,화물,남,62세,상해없음,승용,남,60세,경상
2015011600100250,2015년 1월 16일 12시,금요일,충청북도 충주시 용산동,중상사고,0,1,0,0,차대차 - 기타,교차로운행방법위반,습기,비,교차로 - 교차로안,승용,여,37세,상해없음,이륜,남,19세,중상
2015011600100251,2015년 1월 16일 12시,금요일,충청북도 충주시 교현동,중상사고,0,1,0,1,차대차 - 기타,신호위반,습기,비,단일로 - 횡단보도상,이륜,남,69세,부상신고,자전거,남,74세,중상
2015011600100282,2015년 1월 16일 13시,금요일,충청북도 충주시 앙성면,중상사고,0,1,0,0,차대사람 - 기타,안전운전불이행,결빙,눈,단일로 - 기타,화물,남,58세,상해없음,보행자,남,9세,중상
2015011600100334,2015년 1월 16일 15시,금요일,충청북도 충주시 문화동,경상사고,0,0,1,0,차대차 - 측면직각충돌,신호위반,건조,맑음,교차로 - 교차로안,승용,남,50세,상해없음,승용,남,74세,경상
2015011600100335,2015년 1월 16일 15시,금요일,충청북도 청주시 서원구 성화동,경상사고,0,0,1,0,차대차 - 기타,안전운전불이행,건조,맑음,교차로 - 교차로안,승용,여,56세,상해없음,승용,여,54세,경상
2015011600100360,2015년 1월 16일 16시,금요일,충청북도 청주시 흥덕구 신촌동,중상사고,0,1,0,0,차대사람 - 기타,안전운전불이행,습기,비,교차로 - 교차로안,승용,남,48세,상해없음,보행자,여,75세,중상
2015011600100361,2015년 1월 16일 16시,금요일,충청북도 청주시 상당구 문화동,경상사고,0,0,1,0,차대사람 - 기타,안전운전불이행,건조,맑음,단일로 - 기타,승용,남,59세,상해없음,보행자,남,19세,경상
2015011600100427,2015년 1월 16일 18시,금요일,충청북도 청주시 서원구 사창동,중상사고,0,1,1,0,차대차 - 추돌 - 주정차중,안전운전불이행,건조,흐림,단일로 - 기타,승합,남,39세,상해없음,화물,남,53세,중상
2015011600100428,2015년 1월 16일 18시,금요일,충청북도 청주시 서원구 사창동,중상사고,0,1,3,0,차대차 - 기타,안전운전불이행,건조,맑음,단일로 - 기타,승용,남,70세,상해없음,승용,남,38세,중상
2015011600100429,2015년 1월 16일 18시,금요일,충청북도 옥천군 옥천읍,중상사고,0,2,0,0,차대차 - 기타,안전운전불이행,건조,흐림,교차로 - 교차로부근,승용,남,62세,상해없음,승용,남,45세,중상
2015011600100430,2015년 1월 16일 18시,금요일,충청북도 청주시 상당구 수동,경상사고,0,0,2,0,차대차 - 기타,안전운전불이행,건조,맑음,교차로 - 교차로안,승용,남,23세,상해없음,승용,남,53세,경상
2015011600100431,2015년 1월 16일 18시,금요일,충청북도 청주시 상당구 가덕면,경상사고,0,0,1,0,차대사람 - 기타,안전운전불이행,건조,맑음,단일로 - 기타,승용,여,39세,상해없음,보행자,남,78세,경상
2015011600100480,2015년 1월 16일 19시,금요일,충청북도 청주시 청원구 사천동,경상사고,0,0,1,0,차대사람 - 기타,안전운전불이행,건조,맑음,교차로 - 교차로안,승용,여,33세,상해없음,보행자,여,28세,경상
2015011600100514,2015년 1월 16일 20시,금요일,충청북도 청주시 흥덕구 가경동,경상사고,0,0,2,0,차대차 - 기타,안전운전불이행,건조,흐림,교차로 - 교차로부근,승용,남,30세,상해없음,승용,남,35세,경상
2015011600100581,2015년 1월 16일 22시,금요일,충청북도 청주시 흥덕구 가경동,중상사고,0,1,0,0,차대차 - 기타,교차로운행방법위반,건조,맑음,교차로 - 교차로안,화물,남,30세,상해없음,승용,남,24세,중상
2015011700100036,2015년 1월 17일 01시,토요일,충청북도 청주시 청원구 사천동,경상사고,0,0,1,1,차대차 - 기타,교차로운행방법위반,습기,눈,교차로 - 교차로안,승용,남,51세,부상신고,승용,남,28세,상해없음
2015011700100037,2015년 1월 17일 01시,토요일,충청북도 청주시 상당구 용암동,경상사고,0,0,2,0,차대차 - 기타,교차로운행방법위반,건조,맑음,교차로 - 교차로안,승용,남,53세,상해없음,승용,남,49세,경상
2015011700100081,2015년 1월 17일 03시,토요일,충청북도 청주시 흥덕구 봉명동,중상사고,0,2,0,0,차대차 - 기타,신호위반,건조,맑음,교차로 - 교차로안,승용,남,34세,상해없음,승용,남,24세,중상
2015011700100082,2015년 1월 17일 03시,토요일,충청북도 청주시 서원구 현도면,사망사고,1,0,1,0,차대차 - 기타,안전운전불이행,습기,맑음,단일로 - 기타,승용,남,40세,상해없음,승용,남,45세,사망
2015011700100097,2015년 1월 17일 04시,토요일,충청북도 청주시 상당구 용암동,중상사고,0,1,0,0,차대사람 - 기타,안전운전불이행,건조,맑음,단일로 - 기타,승용,남,61세,상해없음,보행자,남,37세,중상
2015011700100098,2015년 1월 17일 04시,토요일,충청북도 청주시 상당구 금천동,경상사고,0,0,2,0,차대차 - 기타,중앙선침범,건조,맑음,단일로 - 기타,승용,남,63세,상해없음,승용,여,38세,경상
2015011700100133,2015년 1월 17일 06시,토요일,충청북도 청주시 서원구 산남동,경상사고,0,0,2,0,차대차 - 정면충돌,중앙선침범,건조,맑음,단일로 - 기타,승용,남,22세,상해없음,승용,남,44세,경상
2015011700100164,2015년 1월 17일 08시,토요일,충청북도 제천시 금성면,경상사고,0,0,4,0,차대차 - 측면직각충돌,직진우회전진행방해,결빙,흐림,교차로 - 교차로안,승용,남,54세,상해없음,화물,여,35세,경상
2015011700100165,2015년 1월 17일 08시,토요일,충청북도 청주시 흥덕구 오송읍,중상사고,0,2,0,0,차대차 - 측면직각충돌,신호위반,건조,맑음,교차로 - 교차로안,승용,남,63세,상해없음,승용,여,65세,중상
2015011700100189,2015년 1월 17일 09시,토요일,충청북도 청주시 청원구 내덕동,중상사고,0,1,1,0,차대차 - 기타,중앙선침범,건조,맑음,단일로 - 기타,승용,여,42세,기타불명,화물,남,51세,중상
2015011700100222,2015년 1월 17일 10시,토요일,충청북도 청주시 청원구 내덕동,중상사고,0,2,0,0,차대차 - 기타,안전운전불이행,건조,맑음,교차로 - 교차로부근,승용,남,54세,상해없음,승용,여,34세,중상
2015011700100223,2015년 1월 17일 10시,토요일,충청북도 청주시 서원구 사직동,중상사고,0,1,1,0,차대차 - 측면직각충돌,안전운전불이행,건조,맑음,교차로 - 교차로안,승용,남,69세,상해없음,승용,남,54세,경상
2015011700100224,2015년 1월 17일 10시,토요일,충청북도 제천시 서부동,경상사고,0,0,1,0,차대차 - 기타,신호위반,건조,맑음,교차로 - 교차로안,승용,남,61세,상해없음,승용,여,38세,경상
2015011700100253,2015년 1월 17일 11시,토요일,충청북도 청주시 청원구 내수읍,중상사고,0,1,0,0,차대사람 - 기타,안전운전불이행,결빙,맑음,단일로 - 기타,승용,여,42세,상해없음,보행자,남,75세,중상
2015011700100254,2015년 1월 17일 11시,토요일,충청북도 충주시 대소원면,중상사고,0,2,0,0,차대차 - 추돌 - 주정차중,안전운전불이행,건조,맑음,단일로 - 기타,승용,여,42세,상해없음,승용,남,53세,상해없음
2015011700100255,2015년 1월 17일 11시,토요일,충청북도 청주시 흥덕구 봉명동,중상사고,0,1,2,0,차대차 - 측면직각충돌,안전운전불이행,건조,맑음,교차로 - 교차로안,화물,남,53세,경상,승용,남,43세,경상
2015011700100280,2015년 1월 17일 12시,토요일,충청북도 진천군 광혜원면,경상사고,0,0,2,0,차대차 - 추돌 - 주정차중,안전운전불이행,건조,맑음,단일로 - 기타,승용,남,31세,상해없음,승용,여,39세,기타불명
2015011700100307,2015년 1월 17일 13시,토요일,충청북도 충주시 주덕읍,중상사고,0,1,0,0,차대사람 - 기타,안전운전불이행,결빙,맑음,단일로 - 기타,승합,남,46세,상해없음,보행자,남,58세,중상
2015011700100308,2015년 1월 17일 13시,토요일,충청북도 청주시 상당구 문의면,중상사고,0,1,3,0,차대차 - 측면직각충돌,안전운전불이행,건조,맑음,교차로 - 교차로안,승용,남,46세,상해없음,화물,남,76세,경상
2015011700100340,2015년 1월 17일 14시,토요일,충청북도 충주시 단월동,경상사고,0,0,4,0,차대차 - 측면직각충돌,신호위반,건조,맑음,교차로 - 교차로안,승용,남,50세,상해없음,승용,남,37세,경상
2015011700100341,2015년 1월 17일 14시,토요일,충청북도 영동군 영동읍,경상사고,0,0,1,0,차대사람 - 기타,안전운전불이행,건조,맑음,단일로 - 기타,승용,여,51세,상해없음,보행자,여,54세,경상
2015011700100342,2015년 1월 17일 14시,토요일,충청북도 청주시 상당구 남문로1가동,중상사고,0,1,1,0,차대차 - 측면직각충돌,안전운전불이행,건조,맑음,단일로 - 기타,승용,남,40세,상해없음,승용,여,68세,중상
2015011700100376,2015년 1월 17일 15시,토요일,충청북도 청주시 흥덕구 봉명동,경상사고,0,0,1,1,차대차 - 측면직각충돌,안전운전불이행,건조,맑음,교차로 - 교차로부근,이륜,남,19세,부상신고,승용,남,49세,경상
2015011700100408,2015년 1월 17일 16시,토요일,충청북도 충주시 연수동,경상사고,0,0,3,0,차대차 - 기타,교차로운행방법위반,건조,맑음,교차로 - 교차로안,승용,남,50세,경상,승용,남,56세,경상
2015011700100409,2015년 1월 17일 16시,토요일,충청북도 청주시 흥덕구 복대동,경상사고,0,0,2,0,차대차 - 추돌 - 진행중,안전운전불이행,건조,맑음,단일로 - 기타,승용,남,32세,상해없음,승용,남,43세,경상
2015011700100439,2015년 1월 17일 17시,토요일,충청북도 청주시 청원구 내수읍,중상사고,0,1,0,0,차대차 - 기타,교차로운행방법위반,건조,맑음,교차로 - 교차로부근,승용,남,57세,상해없음,이륜,여,44세,중상
2015011700100477,2015년 1월 17일 18시,토요일,충청북도 충주시 목행동,중상사고,0,1,0,0,차대차 - 추돌 - 주정차중,안전운전불이행,건조,맑음,단일로 - 기타,승용,남,45세,상해없음,원동기,남,43세,중상
2015011700100478,2015년 1월 17일 18시,토요일,충청북도 청주시 상당구 용암동,중상사고,0,1,3,0,차대차 - 측면직각충돌,안전운전불이행,건조,맑음,단일로 - 기타,승용,남,26세,상해없음,승용,여,43세,중상
2015011700100513,2015년 1월 17일 19시,토요일,충청북도 청주시 청원구 율량동,경상사고,0,0,2,0,차대차 - 기타,교차로운행방법위반,건조,맑음,교차로 - 교차로안,승용,여,38세,경상,승용,남,23세,경상
2015011700100629,2015년 1월 17일 23시,토요일,충청북도 청주시 서원구 사창동,중상사고,0,1,4,0,차대차 - 측면직각충돌,교차로운행방법위반,건조,맑음,교차로 - 교차로안,이륜,남,37세,중상,승용,남,18세,경상
2015011800100013,2015년 1월 18일 00시,일요일,충청북도 청주시 상당구 용암동,경상사고,0,0,3,0,차대차 - 측면직각충돌,안전운전불이행,건조,맑음,교차로 - 교차로부근,승용,남,51세,상해없음,승용,남,29세,경상
2015011800100055,2015년 1월 18일 03시,일요일,충청북도 청주시 흥덕구 봉명동,중상사고,0,1,7,0,차대차 - 추돌 - 진행중,안전운전불이행,건조,맑음,단일로 - 기타,승용,남,33세,중상,승용,남,28세,경상
2015011800100129,2015년 1월 18일 10시,일요일,충청북도 청주시 서원구 모충동,경상사고,0,0,2,0,차대차 - 추돌 - 주정차중,안전운전불이행,건조,맑음,단일로 - 기타,승용,남,76세,상해없음,승용,남,23세,경상
2015011800100165,2015년 1월 18일 12시,일요일,충청북도 청주시 상당구 용암동,중상사고,0,2,2,0,차대차 - 추돌 - 주정차중,신호위반,건조,맑음,교차로 - 교차로안,승용,남,42세,중상,승용,남,23세,경상
2015011800100178,2015년 1월 18일 13시,일요일,충청북도 청주시 서원구 사직동,경상사고,0,0,1,0,차대차 - 기타,안전운전불이행,건조,맑음,단일로 - 횡단보도상,승용,남,20세,상해없음,자전거,남,60세,경상
2015011800100179,2015년 1월 18일 13시,일요일,충청북도 청주시 상당구 용암동,부상신고사고,0,0,0,1,차대차 - 측면직각충돌,안전운전불이행,건조,맑음,단일로 - 기타,이륜,남,18세,부상신고,승용,남,53세,상해없음
2015011800100225,2015년 1월 18일 15시,일요일,충청북도 청주시 청원구 율량동,중상사고,0,1,0,0,차대사람 - 기타,보행자보호의무위반,건조,맑음,교차로 - 교차로부근,승용,여,38세,상해없음,보행자,남,7세,중상