사고번호,사고일시,요일,시군구,사고내용,사망자수,중상자수,경상자수,부상신고자수,사고유형,법규위반,노면상태,기상상태,도로형태,가해운전자 차종,가해운전자 성별,가해운전자 연령,가해운전자 상해정도,피해운전자 차종,피해운전자 성별,피해운전자 연령,피해운전자 상해정도
2015011800100275,2015년 1월 18일 17시,일요일,충청북도 충주시 산척면,중상사고,0,1,0,0,차대사람 - 기타,안전운전불이행,건조,맑음,단일로 - 기타,승용,여,30세,상해없음,보행자,여,78세,중상
2015011800100304,2015년 1월 18일 18시,일요일,충청북도 제천시 신월동,부상신고사고,0,0,0,1,차량단독 - 공작물충돌,안전운전불이행,건조,맑음,교차로 - 교차로부근,승용,남,48세,부상신고,,,,
2015011800100347,2015년 1월 18일 19시,일요일,충청북도 청주시 서원구 수곡동,경상사고,0,0,1,0,차대차 - 측면직각충돌,안전운전불이행,건조,흐림,단일로 - 기타,승용,여,40세,상해없음,이륜,남,22세,경상
2015011800100384,2015년 1월 18일 20시,일요일,충청북도 청주시 흥덕구 봉명동,경상사고,0,0,1,0,차대차 - 측면직각충돌,안전운전불이행,적설,눈,단일로 - 기타,승용,남,34세,상해없음,승용,남,38세,상해없음
2015011800100387,2015년 1월 18일 20시,일요일,충청북도 옥천군 군북면,경상사고,0,0,4,0,차량단독 - 공작물충돌,안전운전불이행,결빙,눈,단일로 - 기타,승용,남,19세,경상,,,,
2015011800100417,2015년 1월 18일 21시,일요일,충청북도 청주시 청원구 우암동,경상사고,0,0,1,0,차대사람 - 기타,안전운전불이행,건조,흐림,단일로 - 기타,승용,남,50세,상해없음,보행자,여,69세,경상
2015011800100442,2015년 1월 18일 22시,일요일,충청북도 청주시 상당구 북문로3가동,경상사고,0,0,1,0,차대사람 - 기타,보행자보호의무위반,습기,눈,단일로 - 횡단보도상,승용,남,53세,상해없음,보행자,여,19세,경상
2015011800100443,2015년 1월 18일 22시,일요일,충청북도 진천군 초평면,경상사고,0,0,1,0,차대차 - 추돌 - 주정차중,안전거리미확보,결빙,눈,단일로 - 기타,화물,남,50세,상해없음,승용,남,40세,경상
2015011900100007,2015년 1월 19일 00시,월요일,충청북도 제천시 모산동,경상사고,0,0,1,0,차대차 - 기타,중앙선침범,적설,눈,단일로 - 기타,승용,남,49세,상해없음,승용,남,62세,경상
2015011900100008,2015년 1월 19일 00시,월요일,충청북도 청주시 상당구 용정동,경상사고,0,0,2,0,차량단독 - 공작물충돌,안전운전불이행,결빙,눈,단일로 - 기타,승용,남,60세,상해없음,,,,
2015011900100019,2015년 1월 19일 01시,월요일,충청북도 청주시 청원구 내덕동,경상사고,0,0,1,0,차대차 - 추돌 - 주정차중,안전운전불이행,습기,흐림,단일로 - 기타,화물,남,57세,상해없음,승용,남,51세,경상
2015011900100040,2015년 1월 19일 04시,월요일,충청북도 청주시 흥덕구 봉명동,경상사고,0,0,1,0,차대사람 - 기타,안전운전불이행,건조,맑음,단일로 - 기타,승용,남,40세,상해없음,보행자,여,16세,경상
2015011900100057,2015년 1월 19일 06시,월요일,충청북도 청주시 상당구 문의면,중상사고,0,1,0,0,차대사람 - 기타,안전운전불이행,결빙,눈,단일로 - 기타,승용,남,55세,상해없음,보행자,남,70세,중상
2015011900100076,2015년 1월 19일 07시,월요일,충청북도 영동군 용산면,중상사고,0,1,1,0,차대차 - 기타,안전운전불이행,결빙,눈,단일로 - 기타,화물,남,58세,경상,승용,남,49세,중상
2015011900100117,2015년 1월 19일 08시,월요일,충청북도 제천시 산곡동,중상사고,0,1,1,0,차대차 - 기타,중앙선침범,결빙,맑음,단일로 - 기타,화물,남,47세,상해없음,화물,남,56세,중상
2015011900100159,2015년 1월 19일 09시,월요일,충청북도 청주시 청원구 율량동,중상사고,0,1,0,0,차대사람 - 기타,안전운전불이행,결빙,맑음,교차로 - 교차로부근,승용,여,45세,상해없음,보행자,여,75세,중상
2015011900100261,2015년 1월 19일 13시,월요일,충청북도 음성군 생극면,경상사고,0,0,1,0,차대차 - 기타,신호위반,건조,맑음,교차로 - 교차로안,승용,남,68세,상해없음,승용,남,40세,경상
2015011900100317,2015년 1월 19일 15시,월요일,충청북도 음성군 음성읍,중상사고,0,1,0,0,차대차 - 측면직각충돌,신호위반,건조,맑음,교차로 - 교차로안,승용,남,69세,기타불명,승용,남,33세,중상
2015011900100346,2015년 1월 19일 16시,월요일,충청북도 청주시 상당구 북문로3가동,경상사고,0,0,1,0,차대사람 - 기타,안전운전불이행,건조,맑음,단일로 - 기타,승용,여,51세,상해없음,보행자,남,48세,경상
2015011900100347,2015년 1월 19일 16시,월요일,충청북도 청주시 상당구 방서동,중상사고,0,1,0,0,차대차 - 기타,신호위반,건조,맑음,교차로 - 교차로부근,승용,여,50세,상해없음,승용,남,28세,중상
2015011900100378,2015년 1월 19일 17시,월요일,충청북도 청주시 상당구 금천동,경상사고,0,0,1,0,차대차 - 기타,불법유턴,건조,맑음,단일로 - 기타,승용,여,35세,상해없음,승용,여,39세,경상
2015011900100410,2015년 1월 19일 18시,월요일,충청북도 청주시 흥덕구 복대동,경상사고,0,0,1,0,차대차 - 추돌 - 진행중,안전운전불이행,건조,맑음,교차로 - 교차로부근,승용,남,60세,상해없음,승용,남,58세,경상
2015011900100412,2015년 1월 19일 18시,월요일,충청북도 청주시 서원구 분평동,경상사고,0,0,1,0,차대사람 - 기타,신호위반,건조,맑음,교차로 - 교차로안,승합,남,55세,상해없음,보행자,여,52세,경상
2015011900100413,2015년 1월 19일 18시,월요일,충청북도 청주시 상당구 북문로1가동,경상사고,0,0,1,0,차대사람 - 길가장자리구역통행중,안전운전불이행,건조,맑음,단일로 - 기타,승용,여,39세,상해없음,보행자,여,38세,경상
2015011900100461,2015년 1월 19일 19시,월요일,충청북도 청주시 청원구 우암동,경상사고,0,0,1,0,차대차 - 기타,중앙선침범,건조,맑음,단일로 - 기타,승용,남,41세,상해없음,승용,남,56세,경상
2015011900100515,2015년 1월 19일 21시,월요일,충청북도 제천시 청전동,중상사고,0,1,0,0,차대사람 - 기타,안전운전불이행,건조,맑음,교차로 - 교차로안,승용,여,57세,상해없음,보행자,남,49세,중상
2015011900100516,2015년 1월 19일 21시,월요일,충청북도 진천군 광혜원면,경상사고,0,0,1,0,차량단독 - 공작물충돌,안전운전불이행,기타,기타,기타 - 기타,승용,여,43세,상해없음,,,,
2015012000100015,2015년 1월 20일 00시,화요일,충청북도 충주시 교현동,경상사고,0,0,1,0,차대차 - 추돌 - 진행중,신호위반,건조,맑음,교차로 - 교차로안,승용,남,24세,상해없음,승용,남,38세,경상
2015012000100079,2015년 1월 20일 06시,화요일,충청북도 청주시 청원구 사천동,중상사고,0,1,0,0,차대차 - 기타,안전운전불이행,건조,맑음,단일로 - 기타,화물,남,60세,중상,승합,남,59세,상해없음
2015012000100094,2015년 1월 20일 07시,화요일,충청북도 보은군 보은읍,중상사고,0,1,0,0,차대차 - 측면직각충돌,안전운전불이행,건조,맑음,교차로 - 교차로부근,승용,남,53세,상해없음,자전거,여,57세,중상
2015012000100203,2015년 1월 20일 11시,화요일,충청북도 옥천군 옥천읍,경상사고,0,0,1,0,차량단독 - 기타,안전운전불이행,건조,맑음,단일로 - 기타,승합,남,59세,상해없음,,,,
2015012000100237,2015년 1월 20일 12시,화요일,충청북도 청주시 상당구 용정동,중상사고,0,3,2,0,차대차 - 측면직각충돌,교차로운행방법위반,건조,맑음,교차로 - 교차로안,승용,남,64세,경상,승용,여,52세,경상
2015012000100280,2015년 1월 20일 14시,화요일,충청북도 청주시 청원구 우암동,경상사고,0,0,1,0,차대차 - 기타,안전운전불이행,건조,맑음,단일로 - 기타,승용,여,38세,상해없음,자전거,남,69세,경상
2015012000100281,2015년 1월 20일 14시,화요일,충청북도 증평군 증평읍,중상사고,0,1,0,0,차대차 - 측면직각충돌,중앙선침범,건조,맑음,단일로 - 기타,승용,남,60세,상해없음,원동기,남,85세,중상
2015012000100282,2015년 1월 20일 14시,화요일,충청북도 보은군 삼승면,중상사고,0,3,0,0,차대차 - 정면충돌,중앙선침범,건조,맑음,단일로 - 기타,승용,남,54세,상해없음,화물,남,49세,중상
2015012000100315,2015년 1월 20일 15시,화요일,충청북도 청주시 서원구 남이면,중상사고,0,1,0,0,차대차 - 측면직각충돌,안전거리미확보,건조,맑음,단일로 - 기타,화물,남,50세,상해없음,승용,여,34세,중상
2015012000100340,2015년 1월 20일 16시,화요일,충청북도 청주시 청원구 오창읍,경상사고,0,0,2,0,차대차 - 기타,안전운전불이행,건조,맑음,교차로 - 교차로부근,승용,여,50세,상해없음,승용,남,39세,경상
2015012000100341,2015년 1월 20일 16시,화요일,충청북도 청주시 청원구 북이면,경상사고,0,0,1,0,차대차 - 기타,안전운전불이행,건조,맑음,교차로 - 교차로부근,승용,여,37세,상해없음,승용,여,37세,경상
2015012000100342,2015년 1월 20일 16시,화요일,충청북도 충주시 대소원면,중상사고,0,1,0,0,차대사람 - 횡단중,안전운전불이행,건조,맑음,교차로 - 교차로안,승용,남,57세,상해없음,보행자,여,52세,중상
2015012000100396,2015년 1월 20일 18시,화요일,충청북도 청주시 청원구 북이면,중상사고,0,1,0,0,차대차 - 기타,안전운전불이행,건조,맑음,교차로 - 교차로부근,화물,남,55세,상해없음,화물,남,38세,중상
2015012000100397,2015년 1월 20일 18시,화요일,충청북도 청주시 서원구 개신동,중상사고,0,1,0,0,차대사람 - 횡단중,안전운전불이행,건조,맑음,교차로 - 교차로부근,승용,남,37세,상해없음,보행자,남,13세,중상
2015012000100398,2015년 1월 20일 18시,화요일,충청북도 청주시 상당구 용암동,경상사고,0,0,1,0,차대차 - 기타,신호위반,건조,맑음,교차로 - 교차로안,승용,남,65세,상해없음,승용,여,45세,경상
2015012000100468,2015년 1월 20일 20시,화요일,충청북도 청주시 흥덕구 신봉동,중상사고,0,1,1,0,차대차 - 측면직각충돌,안전운전불이행,건조,맑음,단일로 - 기타,승용,남,34세,상해없음,승합,남,52세,경상
2015012000100500,2015년 1월 20일 21시,화요일,충청북도 청주시 청원구 내덕동,중상사고,0,1,0,0,차대사람 - 기타,안전운전불이행,건조,맑음,교차로 - 교차로안,승용,남,55세,상해없음,보행자,남,68세,중상
2015012000100551,2015년 1월 20일 23시,화요일,충청북도 청주시 청원구 주성동,중상사고,0,1,0,0,차대차 - 측면직각충돌,안전운전불이행,건조,맑음,단일로 - 기타,승용,남,46세,상해없음,승용,여,29세,중상
2015012100100012,2015년 1월 21일 00시,수요일,충청북도 청주시 청원구 내수읍,경상사고,0,0,1,0,차대차 - 추돌 - 주정차중,안전운전불이행,건조,맑음,교차로 - 교차로부근,화물,남,49세,상해없음,승용,남,23세,경상
2015012100100013,2015년 1월 21일 00시,수요일,충청북도 청주시 서원구 산남동,경상사고,0,0,2,0,차대차 - 기타,안전운전불이행,건조,맑음,단일로 - 기타,승용,여,48세,상해없음,승용,남,41세,경상
2015012100100049,2015년 1월 21일 03시,수요일,충청북도 청주시 청원구 내덕동,중상사고,0,1,0,0,차대차 - 기타,안전운전불이행,건조,맑음,교차로 - 교차로부근,승용,남,28세,상해없음,자전거,남,69세,중상
2015012100100077,2015년 1월 21일 06시,수요일,충청북도 청주시 흥덕구 화계동,경상사고,0,0,1,0,차량단독 - 공작물충돌,안전운전불이행,건조,흐림,단일로 - 기타,승용,여,38세,경상,,,,
2015012100100106,2015년 1월 21일 07시,수요일,충청북도 청주시 흥덕구 비하동,중상사고,0,4,0,0,차대차 - 정면충돌,중앙선침범,습기,흐림,단일로 - 기타,화물,남,48세,중상,화물,남,46세,중상
2015012100100131,2015년 1월 21일 08시,수요일,충청북도 청주시 청원구 오창읍,중상사고,0,1,0,0,차대차 - 추돌 - 진행중,안전운전불이행,건조,맑음,단일로 - 기타,승용,남,57세,상해없음,승용,여,32세,중상
2015012100100132,2015년 1월 21일 08시,수요일,충청북도 진천군 진천읍,중상사고,0,1,2,0,차대차 - 측면직각충돌,교차로운행방법위반,건조,맑음,교차로 - 교차로안,승용,남,46세,경상,승용,남,48세,중상
2015012100100150,2015년 1월 21일 09시,수요일,충청북도 제천시 영천동,경상사고,0,0,1,0,차대차 - 기타,안전운전불이행,건조,맑음,교차로 - 교차로부근,화물,남,72세,상해없음,승용,남,40세,경상
2015012100100162,2015년 1월 21일 10시,수요일,충청북도 제천시 청전동,경상사고,0,0,1,0,차대차 - 기타,안전거리미확보,건조,맑음,교차로 - 교차로부근,승용,남,25세,상해없음,승용,남,58세,경상
2015012100100206,2015년 1월 21일 12시,수요일,충청북도 증평군 증평읍,경상사고,0,0,1,0,차대차 - 측면직각충돌,직진우회전진행방해,건조,맑음,교차로 - 교차로안,승용,남,53세,상해없음,화물,남,46세,상해없음
2015012100100247,2015년 1월 21일 14시,수요일,충청북도 제천시 의림동,경상사고,0,0,3,0,차대차 - 기타,기타,건조,맑음,교차로 - 교차로안,화물,남,46세,경상,승용,여,37세,경상
2015012100100265,2015년 1월 21일 15시,수요일,충청북도 청주시 흥덕구 오송읍,경상사고,0,0,1,0,차량단독 - 공작물충돌,안전운전불이행,건조,맑음,단일로 - 기타,화물,남,50세,경상,,,,
2015012100100297,2015년 1월 21일 16시,수요일,충청북도 청주시 흥덕구 송절동,경상사고,0,0,1,0,차대차 - 측면직각충돌,차로위반,건조,맑음,교차로 - 교차로부근,승용,남,40세,상해없음,승용,남,36세,경상
2015012100100319,2015년 1월 21일 17시,수요일,충청북도 충주시 금릉동,경상사고,0,0,2,0,차대차 - 기타,안전운전불이행,건조,맑음,교차로 - 교차로부근,이륜,남,55세,상해없음,승합,여,53세,경상
2015012100100359,2015년 1월 21일 18시,수요일,충청북도 청주시 청원구 사천동,경상사고,0,0,1,0,차대차 - 기타,중앙선침범,건조,맑음,단일로 - 기타,화물,남,48세,상해없음,승용,여,52세,경상
2015012100100360,2015년 1월 21일 18시,수요일,충청북도 제천시 남천동,중상사고,0,1,0,0,차대사람 - 기타,안전운전불이행,건조,맑음,단일로 - 기타,원동기,남,18세,상해없음,보행자,여,13세,중상
2015012100100361,2015년 1월 21일 18시,수요일,충청북도 증평군 증평읍,경상사고,0,0,1,0,차대차 - 측면직각충돌,신호위반,건조,맑음,교차로 - 교차로안,승용,남,47세,상해없음,원동기,남,40세,경상
2015012100100454,2015년 1월 21일 20시,수요일,충청북도 청주시 청원구 오창읍,중상사고,0,1,0,0,차대차 - 기타,교차로운행방법위반,습기,비,교차로 - 교차로안,화물,남,37세,상해없음,원동기,남,50세,중상
2015012100100493,2015년 1월 21일 21시,수요일,충청북도 청주시 흥덕구 가경동,경상사고,0,0,2,0,차대차 - 측면직각충돌,안전운전불이행,습기,비,단일로 - 기타,승용,남,48세,상해없음,승용,남,25세,경상
2015012100100494,2015년 1월 21일 21시,수요일,충청북도 청주시 서원구 모충동,중상사고,0,1,1,0,차대사람 - 횡단중,안전운전불이행,습기,눈,교차로 - 교차로안,승용,남,52세,상해없음,보행자,여,45세,중상
2015012100100533,2015년 1월 21일 22시,수요일,충청북도 청주시 청원구 오창읍,경상사고,0,0,1,0,차대차 - 기타,안전운전불이행,건조,맑음,교차로 - 교차로부근,승용,남,49세,상해없음,승용,남,34세,경상
2015012100100534,2015년 1월 21일 22시,수요일,충청북도 청주시 흥덕구 비하동,중상사고,0,2,0,0,차대차 - 측면직각충돌,신호위반,습기,안개,교차로 - 교차로안,승용,남,34세,상해없음,승용,여,49세,중상
2015012100100535,2015년 1월 21일 22시,수요일,충청북도 청주시 서원구 수곡동,경상사고,0,0,2,0,차대차 - 추돌 - 진행중,안전운전불이행,습기,비,단일로 - 기타,승용,남,47세,상해없음,승용,여,43세,경상
2015012100100536,2015년 1월 21일 22시,수요일,충청북도 청주시 상당구 영운동,중상사고,0,1,2,0,차대차 - 추돌 - 진행중,안전운전불이행,습기,비,단일로 - 기타,화물,남,48세,상해없음,승용,남,42세,경상
2015012200100016,2015년 1월 22일 00시,목요일,충청북도 제천시 동현동,중상사고,0,1,0,0,차대사람 - 횡단중,안전운전불이행,건조,맑음,교차로 - 교차로부근,승용,남,47세,상해없음,보행자,남,41세,중상
2015012200100017,2015년 1월 22일 00시,목요일,충청북도 청주시 서원구 사직동,경상사고,0,0,2,0,차대차 - 측면직각충돌,안전운전불이행,습기,비,단일로 - 교량,승용,남,59세,상해없음,승용,남,48세,상해없음
2015012200100200,2015년 1월 22일 10시,목요일,충청북도 청주시 상당구 금천동,경상사고,0,0,1,0,차대차 - 측면직각충돌,안전운전불이행,건조,맑음,단일로 - 기타,기타불명,기타불명,기타불명,기타불명,승용,여,54세,경상
2015012200100225,2015년 1월 22일 11시,목요일,충청북도 청주시 서원구 사창동,경상사고,0,0,1,0,차대차 - 기타,안전운전불이행,건조,맑음,단일로 - 기타,승용,남,33세,상해없음,승용,남,39세,경상
2015012200100226,2015년 1월 22일 11시,목요일,충청북도 청주시 흥덕구 복대동,중상사고,0,1,0,0,차대사람 - 기타,보행자보호의무위반,건조,맑음,교차로 - 교차로안,화물,남,39세,상해없음,보행자,여,67세,중상
2015012200100271,2015년 1월 22일 13시,목요일,충청북도 청주시 흥덕구 옥산면,경상사고,0,0,4,0,차대차 - 기타,안전운전불이행,건조,흐림,단일로 - 기타,화물,남,71세,상해없음,승용,남,34세,상해없음
2015012200100291,2015년 1월 22일 14시,목요일,충청북도 제천시 백운면,중상사고,0,1,0,0,차대차 - 기타,안전운전불이행,건조,맑음,교차로 - 교차로부근,기타불명,기타불명,기타불명,기타불명,원동기,남,22세,중상
2015012200100292,2015년 1월 22일 14시,목요일,충청북도 청주시 흥덕구 봉명동,경상사고,0,0,1,0,차대사람 - 기타,안전운전불이행,건조,맑음,단일로 - 기타,승용,남,46세,상해없음,보행자,남,8세,경상
2015012200100395,2015년 1월 22일 18시,목요일,충청북도 청주시 청원구 오창읍,경상사고,0,0,1,0,차대차 - 기타,안전운전불이행,건조,맑음,단일로 - 기타,승용,여,26세,경상,건설기계,남,37세,기타불명
2015012200100396,2015년 1월 22일 18시,목요일,충청북도 제천시 장락동,중상사고,0,1,1,0,차대차 - 기타,안전운전불이행,건조,맑음,교차로 - 교차로부근,화물,남,52세,상해없음,화물,남,39세,중상
2015012200100397,2015년 1월 22일 18시,목요일,충청북도 청주시 흥덕구 복대동,경상사고,0,0,1,0,차대사람 - 횡단중,안전운전불이행,건조,맑음,단일로 - 기타,승용,남,44세,상해없음,보행자,남,10세,경상
2015012200100398,2015년 1월 22일 18시,목요일,충청북도 청주시 서원구 모충동,경상사고,0,0,1,0,차대차 - 측면직각충돌,안전운전불이행,건조,맑음,교차로 - 교차로안,승용,여,23세,상해없음,승용,남,33세,경상
2015012200100452,2015년 1월 22일 19시,목요일,충청북도 충주시 칠금동,중상사고,0,1,0,0,차대차 - 추돌 - 진행중,중앙선침범,습기,흐림,교차로 - 교차로부근,승용,여,26세,상해없음,승용,여,40세,중상
2015012200100453,2015년 1월 22일 19시,목요일,충청북도 제천시 고명동,경상사고,0,0,1,0,차대차 - 기타,중앙선침범,건조,맑음,단일로 - 기타,화물,남,50세,상해없음,승용,남,33세,경상
2015012200100454,2015년 1월 22일 19시,목요일,충청북도 음성군 대소면,경상사고,0,0,1,0,차대차 - 기타,안전운전불이행,건조,맑음,교차로 - 교차로안,승용,남,51세,상해없음,승용,남,47세,경상
2015012200100455,2015년 1월 22일 19시,목요일,충청북도 단양군 단양읍,경상사고,0,0,1,0,차대차 - 측면직각충돌,중앙선침범,건조,맑음,단일로 - 기타,승용,남,40세,상해없음,승용,남,48세,경상
2015012200100483,2015년 1월 22일 20시,목요일,충청북도 보은군 삼승면,사망사고,1,0,0,0,차대차 - 추돌 - 주정차중,안전운전불이행,건조,맑음,교차로 - 교차로부근,승용,여,48세,사망,화물,남,45세,상해없음
2015012200100548,2015년 1월 22일 22시,목요일,충청북도 청주시 흥덕구 복대동,중상사고,0,2,0,0,차대차 - 측면직각충돌,안전운전불이행,건조,맑음,단일로 - 기타,승용,남,28세,상해없음,승용,남,51세,중상
2015012200100579,2015년 1월 22일 23시,목요일,충청북도 제천시 모산동,경상사고,0,0,1,0,차대사람 - 기타,안전운전불이행,기타,맑음,단일로 - 기타,승용,여,27세,기타불명,보행자,남,20세,경상
2015012300100038,2015년 1월 23일 01시,금요일,충청북도 청주시 청원구 우암동,경상사고,0,0,1,0,차대차 - 정면충돌,중앙선침범,건조,맑음,교차로 - 교차로부근,승용,남,19세,상해없음,승용,남,44세,상해없음
2015012300100068,2015년 1월 23일 03시,금요일,충청북도 청주시 흥덕구 복대동,경상사고,0,0,1,0,차대차 - 추돌 - 주정차중,안전운전불이행,건조,맑음,교차로 - 교차로부근,승용,남,28세,상해없음,승용,여,45세,경상
2015012300100075,2015년 1월 23일 04시,금요일,충청북도 청주시 상당구 대성동,경상사고,0,0,1,0,차대차 - 기타,교차로운행방법위반,건조,맑음,교차로 - 교차로부근,화물,남,52세,상해없음,원동기,남,60세,경상
2015012300100096,2015년 1월 23일 06시,금요일,충청북도 영동군 매곡면,중상사고,0,1,0,0,차량단독 - 기타,안전운전불이행,결빙,맑음,단일로 - 기타,승용,남,41세,중상,,,,
2015012300100146,2015년 1월 23일 08시,금요일,충청북도 청주시 서원구 수곡동,경상사고,0,0,1,0,차대사람 - 기타,안전운전불이행,건조,맑음,기타 - 기타,승합,남,52세,기타불명,보행자,여,65세,경상
2015012300100205,2015년 1월 23일 10시,금요일,충청북도 제천시 화산동,중상사고,0,1,1,0,차대차 - 기타,신호위반,건조,맑음,교차로 - 교차로안,승용,남,76세,상해없음,승용,여,46세,중상
2015012300100206,2015년 1월 23일 10시,금요일,충청북도 음성군 삼성면,경상사고,0,0,4,0,차대차 - 추돌 - 진행중,안전운전불이행,건조,맑음,교차로 - 교차로안,화물,남,72세,상해없음,승용,남,33세,경상
2015012300100207,2015년 1월 23일 10시,금요일,충청북도 청주시 상당구 용암동,중상사고,0,1,0,0,차대사람 - 기타,안전운전불이행,건조,맑음,단일로 - 기타,승용,남,60세,상해없음,보행자,여,55세,중상
2015012300100239,2015년 1월 23일 11시,금요일,충청북도 충주시 목행동,경상사고,0,0,3,0,차대차 - 기타,안전운전불이행,건조,맑음,단일로 - 기타,승용,여,60세,상해없음,화물,남,52세,경상
2015012300100240,2015년 1월 23일 11시,금요일,충청북도 옥천군 옥천읍,부상신고사고,0,0,0,1,차대차 - 측면직각충돌,교차로운행방법위반,건조,맑음,교차로 - 교차로안,승용,여,40세,부상신고,승용,남,50세,상해없음
2015012300100288,2015년 1월 23일 13시,금요일,충청북도 충주시 성서동,경상사고,0,0,1,0,차대차 - 기타,안전운전불이행,건조,흐림,단일로 - 기타,승용,남,29세,상해없음,이륜,남,47세,경상
2015012300100318,2015년 1월 23일 14시,금요일,충청북도 청주시 서원구 분평동,경상사고,0,0,1,0,차대차 - 측면직각충돌,안전운전불이행,건조,맑음,단일로 - 기타,승합,남,38세,상해없음,승용,여,28세,경상
2015012300100319,2015년 1월 23일 14시,금요일,충청북도 청주시 서원구 모충동,경상사고,0,0,1,0,차대차 - 기타,안전운전불이행,건조,맑음,교차로 - 교차로안,승용,남,47세,상해없음,원동기,남,26세,경상
2015012300100403,2015년 1월 23일 17시,금요일,충청북도 진천군 광혜원면,중상사고,0,1,0,0,차대차 - 측면직각충돌,안전운전불이행,건조,맑음,단일로 - 기타,승용,남,52세,상해없음,승용,여,26세,중상
2015012300100446,2015년 1월 23일 18시,금요일,충청북도 영동군 영동읍,중상사고,0,1,0,0,차대차 - 측면직각충돌,교차로운행방법위반,건조,맑음,교차로 - 교차로안,승합,남,25세,상해없음,자전거,여,59세,중상
2015012300100447,2015년 1월 23일 18시,금요일,충청북도 진천군 덕산면,중상사고,0,2,0,0,차대차 - 정면충돌,중앙선침범,건조,맑음,단일로 - 기타,승용,남,42세,상해없음,화물,남,50세,중상
2015012300100477,2015년 1월 23일 19시,금요일,충청북도 청주시 흥덕구 송정동,중상사고,0,1,0,0,차량단독 - 기타,안전운전불이행,건조,맑음,단일로 - 기타,승용,남,49세,상해없음,,,,
2015012300100478,2015년 1월 23일 19시,금요일,충청북도 청주시 흥덕구 오송읍,경상사고,0,0,1,0,차대차 - 추돌 - 주정차중,안전운전불이행,건조,맑음,교차로 - 교차로부근,승용,남,34세,상해없음,승용,남,38세,경상
2015012300100480,2015년 1월 23일 19시,금요일,충청북도 청주시 흥덕구 옥산면,경상사고,0,0,1,0,차대차 - 추돌 - 진행중,안전운전불이행,건조,맑음,단일로 - 기타,승용,남,53세,상해없음,승용,여,23세,경상
2015012300100509,2015년 1월 23일 20시,금요일,충청북도 충주시 목행동,중상사고,0,1,0,0,차대차 - 기타,안전운전불이행,건조,맑음,교차로 - 교차로안,승용,여,57세,상해없음,이륜,남,22세,중상
2015012300100510,2015년 1월 23일 20시,금요일,충청북도 청주시 흥덕구 복대동,경상사고,0,0,2,0,차대차 - 추돌 - 주정차중,안전운전불이행,건조,맑음,단일로 - 기타,승용,남,55세,상해없음,승용,남,42세,경상
2015012300100570,2015년 1월 23일 22시,금요일,충청북도 진천군 덕산면,중상사고,0,1,0,0,차대차 - 추돌 - 진행중,안전운전불이행,결빙,기타,기타 - 기타,승용,여,47세,상해없음,원동기,남,54세,중상
2015012300100571,2015년 1월 23일 22시,금요일,충청북도 청주시 흥덕구 복대동,경상사고,0,0,2,0,차대차 - 측면직각충돌,안전거리미확보,건조,맑음,단일로 - 기타,승용,남,64세,상해없음,승용,남,54세,경상
2015012400100034,2015년 1월 24일 01시,토요일,충청북도 청주시 청원구 주중동,중상사고,0,1,0,0,차대차 - 추돌 - 주정차중,안전운전불이행,건조,맑음,교차로 - 교차로부근,승용,남,39세,상해없음,승용,여,45세,중상
2015012400100035,2015년 1월 24일 01시,토요일,충청북도 청주시 상당구 용암동,경상사고,0,0,1,0,차대차 - 측면직각충돌,안전운전불이행,건조,맑음,교차로 - 교차로안,승합,남,30세,상해없음,승용,여,30세,경상
2015012400100036,2015년 1월 24일 01시,토요일,충청북도 청주시 상당구 미원면,사망사고,1,0,0,0,차량단독 - 공작물충돌,안전운전불이행,건조,흐림,단일로 - 기타,승용,남,41세,사망,,,,
2015012400100056,2015년 1월 24일 02시,토요일,충청북도 청주시 흥덕구 가경동,중상사고,0,1,0,0,차대사람 - 기타,안전운전불이행,건조,맑음,교차로 - 교차로부근,승용,남,50세,상해없음,보행자,남,27세,중상
2015012400100082,2015년 1월 24일 04시,토요일,충청북도 청주시 흥덕구 가경동,중상사고,0,1,0,0,차대차 - 추돌 - 주정차중,안전운전불이행,건조,맑음,교차로 - 교차로부근,승용,남,34세,상해없음,승용,남,27세,중상
2015012400100152,2015년 1월 24일 09시,토요일,충청북도 진천군 진천읍,경상사고,0,0,2,0,차대차 - 측면직각충돌,교차로운행방법위반,건조,맑음,교차로 - 교차로안,승용,여,38세,상해없음,승용,남,54세,경상
2015012400100170,2015년 1월 24일 10시,토요일,충청북도 음성군 감곡면,경상사고,0,0,2,0,차대차 - 기타,교차로운행방법위반,건조,맑음,교차로 - 교차로안,화물,남,72세,경상,승용,남,26세,상해없음
2015012400100171,2015년 1월 24일 10시,토요일,충청북도 청주시 흥덕구 가경동,경상사고,0,0,1,0,차대차 - 측면직각충돌,안전운전불이행,건조,흐림,단일로 - 기타,승용,남,62세,상해없음,원동기,남,27세,경상
2015012400100191,2015년 1월 24일 11시,토요일,충청북도 충주시 교현동,중상사고,0,1,0,0,차대사람 - 횡단중,보행자보호의무위반,건조,맑음,단일로 - 횡단보도상,승용,여,55세,상해없음,보행자,여,80세,중상