사고번호,사고일시,요일,시군구,사고내용,사망자수,중상자수,경상자수,부상신고자수,사고유형,법규위반,노면상태,기상상태,도로형태,가해운전자 차종,가해운전자 성별,가해운전자 연령,가해운전자 상해정도,피해운전자 차종,피해운전자 성별,피해운전자 연령,피해운전자 상해정도
2015020400100584,2015년 2월 4일 23시,수요일,충청북도 청주시 흥덕구 가경동,중상사고,0,1,0,0,차대차 - 추돌 - 진행중,중앙선침범,건조,맑음,단일로 - 기타,승용,남,29세,상해없음,승용,여,48세,중상
2015020500100014,2015년 2월 5일 00시,목요일,충청북도 음성군 생극면,경상사고,0,0,1,0,차량단독 - 공작물충돌,안전운전불이행,건조,맑음,단일로 - 기타,승용,남,61세,경상,,,,
2015020500100037,2015년 2월 5일 02시,목요일,충청북도 옥천군 동이면,경상사고,0,0,1,0,차대차 - 기타,안전운전불이행,건조,맑음,단일로 - 기타,승용,남,28세,상해없음,화물,남,53세,경상
2015020500100093,2015년 2월 5일 07시,목요일,충청북도 청주시 상당구 용암동,경상사고,0,0,1,0,차대차 - 추돌 - 진행중,안전운전불이행,건조,맑음,교차로 - 교차로부근,승용,남,40세,기타불명,승용,여,50세,경상
2015020500100117,2015년 2월 5일 08시,목요일,충청북도 청주시 서원구 사창동,경상사고,0,0,1,0,차대차 - 기타,안전운전불이행,건조,맑음,단일로 - 기타,승용,여,43세,상해없음,승용,남,26세,경상
2015020500100118,2015년 2월 5일 08시,목요일,충청북도 충주시 앙성면,경상사고,0,0,1,1,차대차 - 기타,직진우회전진행방해,건조,맑음,교차로 - 교차로안,승용,남,44세,부상신고,승용,여,45세,경상
2015020500100119,2015년 2월 5일 08시,목요일,충청북도 음성군 맹동면,중상사고,0,1,0,0,차량단독 - 기타,안전운전불이행,건조,맑음,단일로 - 기타,승용,여,42세,중상,,,,
2015020500100120,2015년 2월 5일 08시,목요일,충청북도 진천군 진천읍,경상사고,0,0,1,0,차대차 - 측면직각충돌,안전운전불이행,건조,맑음,단일로 - 기타,승용,남,46세,상해없음,승용,남,57세,경상
2015020500100121,2015년 2월 5일 08시,목요일,충청북도 진천군 덕산면,중상사고,0,1,0,0,차대차 - 측면직각충돌,신호위반,건조,맑음,교차로 - 교차로안,건설기계,남,60세,상해없음,승용,여,25세,중상
2015020500100122,2015년 2월 5일 08시,목요일,충청북도 청주시 흥덕구 가경동,중상사고,0,1,0,0,차대차 - 기타,안전운전불이행,건조,맑음,교차로 - 교차로부근,승용,여,51세,상해없음,승용,여,51세,중상
2015020500100180,2015년 2월 5일 10시,목요일,충청북도 제천시 신백동,경상사고,0,0,2,0,차대차 - 측면직각충돌,직진우회전진행방해,건조,맑음,교차로 - 교차로안,화물,남,28세,상해없음,승용,남,38세,경상
2015020500100224,2015년 2월 5일 12시,목요일,충청북도 청주시 서원구 사창동,경상사고,0,0,1,0,차대사람 - 길가장자리구역통행중,안전운전불이행,건조,맑음,단일로 - 기타,승용,남,79세,상해없음,보행자,여,50세,경상
2015020500100244,2015년 2월 5일 13시,목요일,충청북도 충주시 칠금동,경상사고,0,0,3,0,차대차 - 기타,안전운전불이행,건조,맑음,단일로 - 기타,화물,남,41세,경상,승용,남,35세,경상
2015020500100346,2015년 2월 5일 17시,목요일,충청북도 충주시 호암동,중상사고,0,2,0,0,차대차 - 기타,안전거리미확보,건조,맑음,단일로 - 기타,화물,남,70세,상해없음,승용,여,54세,중상
2015020500100368,2015년 2월 5일 18시,목요일,충청북도 괴산군 칠성면,경상사고,0,0,1,0,차량단독 - 공작물충돌,안전운전불이행,건조,맑음,단일로 - 기타,화물,남,49세,경상,,,,
2015020500100369,2015년 2월 5일 18시,목요일,충청북도 진천군 진천읍,중상사고,0,2,0,0,차대차 - 측면직각충돌,안전운전불이행,기타,기타,교차로 - 교차로안,승용,남,27세,상해없음,승용,남,47세,중상
2015020500100370,2015년 2월 5일 18시,목요일,충청북도 청주시 서원구 남이면,중상사고,0,1,1,0,차대차 - 추돌 - 주정차중,안전운전불이행,건조,맑음,단일로 - 기타,승용,남,51세,상해없음,승용,남,46세,중상
2015020500100371,2015년 2월 5일 18시,목요일,충청북도 진천군 문백면,경상사고,0,0,1,0,차대차 - 추돌 - 진행중,안전거리미확보,건조,맑음,단일로 - 기타,승용,남,42세,상해없음,화물,남,40세,경상
2015020500100449,2015년 2월 5일 20시,목요일,충청북도 충주시 소태면,경상사고,0,0,1,0,차대차 - 기타,안전운전불이행,건조,맑음,단일로 - 기타,기타불명,기타불명,16세,기타불명,승합,남,59세,경상
2015020500100450,2015년 2월 5일 20시,목요일,충청북도 충주시 살미면,부상신고사고,0,0,0,1,차량단독 - 공작물충돌,안전운전불이행,건조,맑음,단일로 - 기타,화물,남,52세,부상신고,,,,
2015020500100451,2015년 2월 5일 20시,목요일,충청북도 청주시 흥덕구 복대동,경상사고,0,0,1,0,차대차 - 기타,안전운전불이행,건조,맑음,교차로 - 교차로안,승용,여,51세,상해없음,이륜,남,35세,경상
2015020500100452,2015년 2월 5일 20시,목요일,충청북도 청주시 흥덕구 가경동,경상사고,0,0,1,0,차대차 - 기타,안전운전불이행,건조,맑음,단일로 - 기타,승합,남,37세,상해없음,승용,남,27세,경상
2015020500100453,2015년 2월 5일 20시,목요일,충청북도 청주시 흥덕구 가경동,중상사고,0,2,0,0,차대차 - 측면직각충돌,신호위반,건조,맑음,단일로 - 기타,승용,남,62세,상해없음,승용,남,39세,중상
2015020500100471,2015년 2월 5일 21시,목요일,충청북도 청주시 청원구 오창읍,중상사고,0,1,3,0,차대차 - 추돌 - 진행중,차로위반,건조,맑음,단일로 - 기타,승용,남,31세,상해없음,승용,남,29세,경상
2015020600100025,2015년 2월 6일 01시,금요일,충청북도 충주시 문화동,부상신고사고,0,0,0,1,차대차 - 기타,안전운전불이행,건조,맑음,단일로 - 기타,승용,여,32세,부상신고,승용,남,57세,상해없음
2015020600100087,2015년 2월 6일 07시,금요일,충청북도 청주시 청원구 율량동,경상사고,0,0,1,0,차대차 - 기타,신호위반,건조,맑음,교차로 - 교차로안,승용,여,56세,상해없음,승용,남,29세,경상
2015020600100153,2015년 2월 6일 09시,금요일,충청북도 청주시 상당구 북문로3가동,중상사고,0,1,0,0,차량단독 - 기타,안전운전불이행,건조,맑음,단일로 - 기타,승합,남,44세,상해없음,,,,
2015020600100154,2015년 2월 6일 09시,금요일,충청북도 충주시 대소원면,경상사고,0,0,3,1,차대차 - 기타,안전거리미확보,건조,맑음,교차로 - 교차로부근,승합,남,55세,부상신고,화물,남,61세,경상
2015020600100155,2015년 2월 6일 09시,금요일,충청북도 청주시 흥덕구 운천동,중상사고,0,1,0,0,차대차 - 측면직각충돌,차로위반,건조,맑음,교차로 - 교차로부근,승용,여,63세,상해없음,이륜,남,43세,중상
2015020600100183,2015년 2월 6일 10시,금요일,충청북도 청주시 흥덕구 강내면,경상사고,0,0,1,0,차대차 - 기타,안전운전불이행,건조,맑음,교차로 - 교차로부근,승용,남,58세,상해없음,승용,남,59세,경상
2015020600100235,2015년 2월 6일 12시,금요일,충청북도 청주시 상당구 석교동,중상사고,0,1,0,0,차량단독 - 기타,안전운전불이행,건조,맑음,단일로 - 기타,승합,남,36세,상해없음,,,,
2015020600100259,2015년 2월 6일 13시,금요일,충청북도 청주시 상당구 용암동,경상사고,0,0,2,0,차대차 - 기타,교차로운행방법위반,건조,맑음,교차로 - 교차로안,승용,여,35세,상해없음,승용,남,35세,경상
2015020600100288,2015년 2월 6일 14시,금요일,충청북도 음성군 음성읍,경상사고,0,0,2,0,차대차 - 기타,차로위반,건조,맑음,단일로 - 기타,화물,남,61세,경상,화물,남,44세,경상
2015020600100289,2015년 2월 6일 14시,금요일,충청북도 음성군 삼성면,중상사고,0,1,0,0,차대사람 - 기타,기타,건조,맑음,단일로 - 기타,화물,남,49세,상해없음,보행자,여,80세,중상
2015020600100387,2015년 2월 6일 17시,금요일,충청북도 음성군 금왕읍,경상사고,0,0,1,0,차대차 - 기타,안전운전불이행,건조,맑음,교차로 - 교차로안,화물,남,57세,상해없음,승용,남,52세,경상
2015020600100421,2015년 2월 6일 18시,금요일,충청북도 영동군 심천면,중상사고,0,1,0,0,차대사람 - 기타,안전운전불이행,습기,비,교차로 - 교차로안,승용,남,33세,상해없음,보행자,여,76세,중상
2015020600100471,2015년 2월 6일 19시,금요일,충청북도 청주시 청원구 북이면,경상사고,0,0,1,0,차대차 - 기타,안전운전불이행,건조,맑음,단일로 - 기타,승용,여,37세,상해없음,승용,여,25세,경상
2015020600100472,2015년 2월 6일 19시,금요일,충청북도 충주시 칠금동,경상사고,0,0,1,0,차대사람 - 기타,안전운전불이행,건조,맑음,단일로 - 기타,승용,남,54세,상해없음,보행자,남,18세,경상
2015020600100473,2015년 2월 6일 19시,금요일,충청북도 제천시 청전동,중상사고,0,1,1,0,차대차 - 측면직각충돌,안전거리미확보,건조,맑음,단일로 - 기타,승용,여,45세,상해없음,승용,남,34세,중상
2015020600100506,2015년 2월 6일 20시,금요일,충청북도 충주시 연수동,경상사고,0,0,1,0,차대차 - 추돌 - 진행중,교차로운행방법위반,건조,맑음,교차로 - 교차로안,승용,남,53세,상해없음,승용,남,43세,경상
2015020600100546,2015년 2월 6일 21시,금요일,충청북도 충주시 연수동,경상사고,0,0,1,0,차대사람 - 길가장자리구역통행중,안전운전불이행,건조,맑음,교차로 - 교차로부근,승용,남,45세,상해없음,보행자,남,44세,경상
2015020600100547,2015년 2월 6일 21시,금요일,충청북도 청주시 상당구 금천동,경상사고,0,0,1,0,차대차 - 기타,안전운전불이행,건조,맑음,단일로 - 기타,승용,남,46세,상해없음,승용,남,58세,경상
2015020600100573,2015년 2월 6일 22시,금요일,충청북도 제천시 청전동,경상사고,0,0,1,0,차대차 - 측면직각충돌,안전운전불이행,건조,맑음,교차로 - 교차로안,승용,남,23세,상해없음,승용,남,53세,경상
2015020600100574,2015년 2월 6일 22시,금요일,충청북도 청주시 흥덕구 비하동,경상사고,0,0,2,0,차대차 - 측면직각충돌,교차로운행방법위반,건조,맑음,교차로 - 교차로안,승용,남,34세,경상,승용,남,54세,경상
2015020700100048,2015년 2월 7일 02시,토요일,충청북도 제천시 청전동,경상사고,0,0,2,0,차대차 - 측면직각충돌,안전운전불이행,건조,맑음,단일로 - 기타,승합,남,47세,상해없음,승용,남,23세,경상
2015020700100120,2015년 2월 7일 08시,토요일,충청북도 청주시 상당구 남문로1가동,경상사고,0,0,3,0,차대차 - 측면직각충돌,신호위반,건조,맑음,교차로 - 교차로안,승용,남,45세,상해없음,화물,남,28세,경상
2015020700100162,2015년 2월 7일 10시,토요일,충청북도 충주시 문화동,경상사고,0,0,1,0,차대차 - 기타,안전운전불이행,건조,맑음,단일로 - 기타,화물,남,68세,상해없음,승용,여,34세,경상
2015020700100193,2015년 2월 7일 11시,토요일,충청북도 증평군 증평읍,중상사고,0,2,1,0,차대사람 - 기타,안전운전불이행,건조,맑음,교차로 - 교차로안,원동기,남,17세,경상,보행자,여,52세,중상
2015020700100238,2015년 2월 7일 13시,토요일,충청북도 제천시 화산동,경상사고,0,0,3,0,차대차 - 측면직각충돌,기타,건조,맑음,교차로 - 교차로안,승용,여,39세,상해없음,승용,여,54세,경상
2015020700100239,2015년 2월 7일 13시,토요일,충청북도 진천군 덕산면,경상사고,0,0,1,0,차대차 - 기타,안전운전불이행,기타,기타,기타 - 기타,승용,남,33세,상해없음,승용,남,30세,경상
2015020700100263,2015년 2월 7일 14시,토요일,충청북도 청주시 청원구 내덕동,중상사고,0,1,0,0,차대차 - 기타,신호위반,건조,맑음,교차로 - 교차로안,승용,남,48세,상해없음,승용,남,45세,중상
2015020700100264,2015년 2월 7일 14시,토요일,충청북도 진천군 광혜원면,경상사고,0,0,1,0,차대차 - 측면직각충돌,안전운전불이행,건조,맑음,교차로 - 교차로안,승용,남,62세,상해없음,승용,여,38세,경상
2015020700100297,2015년 2월 7일 15시,토요일,충청북도 제천시 청전동,중상사고,0,1,0,0,차대차 - 추돌 - 진행중,안전거리미확보,건조,맑음,단일로 - 기타,화물,남,55세,상해없음,승용,남,76세,중상
2015020700100298,2015년 2월 7일 15시,토요일,충청북도 제천시 청전동,중상사고,0,1,1,0,차대차 - 측면직각충돌,신호위반,건조,맑음,교차로 - 교차로안,화물,남,61세,상해없음,승용,여,61세,중상
2015020700100299,2015년 2월 7일 15시,토요일,충청북도 괴산군 괴산읍,사망사고,1,0,0,0,차대차 - 정면충돌,중앙선침범,건조,맑음,단일로 - 기타,승용,여,51세,사망,승합,남,39세,상해없음
2015020700100301,2015년 2월 7일 15시,토요일,충청북도 청주시 상당구 남일면,경상사고,0,0,2,0,차대차 - 추돌 - 진행중,안전운전불이행,건조,맑음,단일로 - 기타,화물,남,53세,상해없음,승합,남,54세,경상
2015020700100323,2015년 2월 7일 16시,토요일,충청북도 청주시 청원구 오창읍,경상사고,0,0,3,0,차대차 - 추돌 - 진행중,안전거리미확보,건조,맑음,단일로 - 기타,건설기계,남,50세,상해없음,승용,남,40세,경상
2015020700100324,2015년 2월 7일 16시,토요일,충청북도 충주시 용산동,경상사고,0,0,1,0,차대사람 - 보도통행중,안전운전불이행,건조,맑음,단일로 - 기타,승용,여,40세,상해없음,보행자,여,9세,경상
2015020700100348,2015년 2월 7일 17시,토요일,충청북도 진천군 진천읍,경상사고,0,0,1,0,차대차 - 측면직각충돌,안전운전불이행,건조,맑음,단일로 - 기타,승용,남,48세,상해없음,승용,여,25세,상해없음
2015020700100380,2015년 2월 7일 18시,토요일,충청북도 청주시 상당구 지북동,경상사고,0,0,1,0,차대차 - 측면직각충돌,신호위반,건조,맑음,교차로 - 교차로안,화물,남,64세,상해없음,승용,남,57세,상해없음
2015020700100418,2015년 2월 7일 19시,토요일,충청북도 청주시 흥덕구 가경동,경상사고,0,0,5,0,차대차 - 추돌 - 진행중,안전거리미확보,건조,맑음,단일로 - 기타,승용,남,28세,상해없음,승용,남,23세,경상
2015020700100452,2015년 2월 7일 20시,토요일,충청북도 청주시 청원구 내덕동,중상사고,0,1,1,0,차대차 - 측면직각충돌,안전운전불이행,건조,맑음,단일로 - 기타,이륜,남,20세,중상,승용,남,49세,경상
2015020700100508,2015년 2월 7일 22시,토요일,충청북도 제천시 청전동,중상사고,0,1,0,0,차대차 - 측면직각충돌,신호위반,건조,맑음,교차로 - 교차로안,원동기,남,17세,중상,화물,남,58세,상해없음
2015020700100533,2015년 2월 7일 23시,토요일,충청북도 청주시 흥덕구 복대동,경상사고,0,0,1,0,차대차 - 측면직각충돌,신호위반,건조,맑음,교차로 - 교차로안,승용,남,58세,상해없음,승용,남,59세,상해없음
2015020700100534,2015년 2월 7일 23시,토요일,충청북도 청주시 흥덕구 오송읍,중상사고,0,1,3,0,차대차 - 측면직각충돌,신호위반,건조,맑음,교차로 - 교차로안,승용,남,43세,상해없음,승용,여,53세,중상
2015020800100095,2015년 2월 8일 06시,일요일,충청북도 청주시 서원구 성화동,경상사고,0,0,1,0,차대차 - 측면직각충돌,안전운전불이행,건조,맑음,교차로 - 교차로부근,승용,남,23세,상해없음,승용,남,40세,경상
2015020800100139,2015년 2월 8일 10시,일요일,충청북도 충주시 성내동,중상사고,0,1,0,0,차대차 - 기타,안전운전불이행,기타,흐림,교차로 - 교차로안,승용,여,38세,상해없음,자전거,남,72세,중상
2015020800100140,2015년 2월 8일 10시,일요일,충청북도 충주시 봉방동,중상사고,0,1,0,0,차대차 - 기타,신호위반,건조,맑음,교차로 - 교차로안,승용,남,54세,상해없음,승용,여,22세,중상
2015020800100141,2015년 2월 8일 10시,일요일,충청북도 청주시 흥덕구 가경동,경상사고,0,0,2,1,차대차 - 기타,안전운전불이행,건조,맑음,단일로 - 기타,승용,남,51세,부상신고,승용,남,32세,경상
2015020800100258,2015년 2월 8일 15시,일요일,충청북도 음성군 금왕읍,경상사고,0,0,2,0,차대차 - 기타,안전운전불이행,건조,맑음,교차로 - 교차로안,승용,남,60세,상해없음,승용,여,44세,경상
2015020800100281,2015년 2월 8일 16시,일요일,충청북도 충주시 산척면,경상사고,0,0,1,0,차량단독 - 기타,안전운전불이행,건조,맑음,단일로 - 기타,승합,남,57세,상해없음,,,,
2015020800100308,2015년 2월 8일 17시,일요일,충청북도 청주시 상당구 북문로1가동,부상신고사고,0,0,0,1,차대사람 - 기타,보행자보호의무위반,건조,맑음,단일로 - 횡단보도상,기타불명,기타불명,기타불명,기타불명,보행자,여,20세,부상신고
2015020800100335,2015년 2월 8일 18시,일요일,충청북도 청주시 흥덕구 봉명동,중상사고,0,1,0,0,차대차 - 추돌 - 진행중,안전운전불이행,건조,맑음,단일로 - 기타,기타불명,기타불명,기타불명,기타불명,승용,여,28세,중상
2015020800100370,2015년 2월 8일 19시,일요일,충청북도 충주시 성내동,경상사고,0,0,1,0,차대차 - 기타,안전거리미확보,건조,맑음,단일로 - 기타,승용,남,40세,상해없음,이륜,남,22세,경상
2015020800100371,2015년 2월 8일 19시,일요일,충청북도 제천시 두학동,중상사고,0,1,0,1,차량단독 - 공작물충돌,안전운전불이행,건조,맑음,단일로 - 기타,화물,남,67세,부상신고,,,,
2015020800100372,2015년 2월 8일 19시,일요일,충청북도 진천군 덕산면,경상사고,0,0,2,0,차대사람 - 횡단중,안전운전불이행,건조,맑음,단일로 - 기타,승용,남,59세,상해없음,보행자,남,66세,경상
2015020800100454,2015년 2월 8일 22시,일요일,충청북도 충주시 대소원면,사망사고,1,0,0,0,차량단독 - 도로외이탈 - 기타,안전운전불이행,건조,맑음,단일로 - 기타,승용,남,44세,사망,,,,
2015020800100466,2015년 2월 8일 23시,일요일,충청북도 청주시 서원구 사창동,중상사고,0,1,1,0,차대차 - 측면직각충돌,신호위반,건조,맑음,교차로 - 교차로부근,승용,남,47세,상해없음,승용,남,24세,중상
2015020900100023,2015년 2월 9일 03시,월요일,충청북도 청주시 상당구 지북동,사망사고,1,0,0,0,차량단독 - 공작물충돌,안전운전불이행,건조,맑음,단일로 - 기타,승용,남,31세,상해없음,,,,
2015020900100034,2015년 2월 9일 05시,월요일,충청북도 청주시 상당구 명암동,중상사고,0,1,0,0,차대사람 - 보도통행중,신호위반,건조,맑음,교차로 - 교차로안,승용,남,53세,상해없음,보행자,여,68세,중상
2015020900100104,2015년 2월 9일 08시,월요일,충청북도 옥천군 청산면,사망사고,1,0,0,0,차대차 - 측면직각충돌,교차로운행방법위반,건조,맑음,교차로 - 교차로안,승용,여,43세,사망,화물,남,49세,상해없음
2015020900100167,2015년 2월 9일 10시,월요일,충청북도 제천시 강제동,중상사고,0,2,0,0,차량단독 - 공작물충돌,안전운전불이행,건조,맑음,교차로 - 교차로부근,승용,남,59세,중상,,,,
2015020900100196,2015년 2월 9일 11시,월요일,충청북도 청주시 서원구 현도면,중상사고,0,1,0,0,차대차 - 추돌 - 진행중,안전운전불이행,건조,맑음,교차로 - 교차로부근,화물,남,57세,상해없음,승용,여,57세,중상
2015020900100197,2015년 2월 9일 11시,월요일,충청북도 청주시 서원구 개신동,중상사고,0,1,0,0,차대사람 - 기타,신호위반,건조,맑음,교차로 - 교차로안,승용,여,29세,상해없음,보행자,여,76세,중상
2015020900100240,2015년 2월 9일 13시,월요일,충청북도 영동군 용산면,중상사고,0,1,2,1,차대차 - 추돌 - 진행중,안전운전불이행,건조,맑음,단일로 - 기타,승용,여,46세,부상신고,승합,남,52세,경상
2015020900100241,2015년 2월 9일 13시,월요일,충청북도 청주시 흥덕구 비하동,경상사고,0,0,1,0,차대차 - 측면직각충돌,교차로운행방법위반,건조,맑음,교차로 - 교차로안,건설기계,남,38세,상해없음,승용,여,21세,경상
2015020900100275,2015년 2월 9일 14시,월요일,충청북도 충주시 호암동,중상사고,0,1,1,0,차대차 - 기타,신호위반,건조,맑음,교차로 - 교차로안,승용,남,72세,상해없음,승용,남,36세,중상
2015020900100276,2015년 2월 9일 14시,월요일,충청북도 충주시 안림동,경상사고,0,0,1,0,차대차 - 추돌 - 진행중,안전거리미확보,건조,맑음,단일로 - 기타,승용,여,27세,상해없음,승용,남,31세,상해없음
2015020900100310,2015년 2월 9일 15시,월요일,충청북도 옥천군 옥천읍,경상사고,0,0,1,0,차대사람 - 기타,안전운전불이행,건조,맑음,교차로 - 교차로안,승용,여,60세,상해없음,보행자,여,18세,경상
2015020900100358,2015년 2월 9일 16시,월요일,충청북도 진천군 진천읍,경상사고,0,0,2,0,차대차 - 추돌 - 진행중,안전운전불이행,건조,맑음,단일로 - 터널,승용,여,56세,상해없음,승용,여,29세,경상
2015020900100359,2015년 2월 9일 16시,월요일,충청북도 진천군 진천읍,경상사고,0,0,2,0,차대차 - 추돌 - 진행중,안전운전불이행,건조,맑음,단일로 - 터널,승합,남,29세,상해없음,승용,여,29세,경상
2015020900100360,2015년 2월 9일 16시,월요일,충청북도 진천군 진천읍,경상사고,0,0,1,0,차대차 - 측면직각충돌,안전운전불이행,건조,맑음,단일로 - 터널,승용,남,35세,상해없음,승합,남,29세,경상
2015020900100361,2015년 2월 9일 16시,월요일,충청북도 청주시 상당구 남문로1가동,경상사고,0,0,1,0,차대차 - 측면직각충돌,안전운전불이행,건조,맑음,단일로 - 기타,승합,남,52세,상해없음,승용,남,43세,경상
2015020900100362,2015년 2월 9일 16시,월요일,충청북도 청주시 상당구 금천동,경상사고,0,0,1,0,차대사람 - 기타,보행자보호의무위반,건조,맑음,단일로 - 횡단보도상,기타불명,기타불명,기타불명,기타불명,보행자,남,21세,경상
2015020900100413,2015년 2월 9일 17시,월요일,충청북도 음성군 금왕읍,중상사고,0,4,1,0,차대차 - 추돌 - 진행중,안전운전불이행,결빙,눈,단일로 - 기타,승용,남,36세,경상,승용,남,46세,중상
2015020900100414,2015년 2월 9일 17시,월요일,충청북도 진천군 덕산면,중상사고,0,2,1,0,차량단독 - 공작물충돌,안전운전불이행,결빙,눈,기타 - 기타,승용,남,47세,경상,,,,
2015020900100415,2015년 2월 9일 17시,월요일,충청북도 진천군 진천읍,경상사고,0,0,2,0,차대차 - 추돌 - 주정차중,안전운전불이행,결빙,흐림,단일로 - 터널,화물,남,40세,상해없음,승용,남,46세,상해없음
2015020900100466,2015년 2월 9일 18시,월요일,충청북도 충주시 금가면,경상사고,0,0,1,0,차대차 - 추돌 - 진행중,신호위반,습기,흐림,교차로 - 교차로안,승용,남,50세,상해없음,승용,남,46세,경상
2015020900100468,2015년 2월 9일 18시,월요일,충청북도 충주시 교현동,경상사고,0,0,1,0,차대차 - 측면직각충돌,직진우회전진행방해,건조,맑음,교차로 - 교차로안,승용,남,53세,상해없음,승용,남,44세,경상
2015020900100469,2015년 2월 9일 18시,월요일,충청북도 음성군 금왕읍,경상사고,0,0,1,0,차대차 - 측면직각충돌,중앙선침범,결빙,눈,단일로 - 기타,화물,남,32세,상해없음,승용,남,33세,경상
2015020900100470,2015년 2월 9일 18시,월요일,충청북도 옥천군 옥천읍,중상사고,0,2,2,0,차대차 - 기타,안전운전불이행,건조,맑음,교차로 - 교차로부근,승용,남,52세,경상,승용,남,44세,중상
2015020900100471,2015년 2월 9일 18시,월요일,충청북도 진천군 이월면,경상사고,0,0,2,0,차대차 - 기타,안전운전불이행,결빙,눈,단일로 - 교량,승용,여,31세,경상,승용,여,45세,경상
2015020900100472,2015년 2월 9일 18시,월요일,충청북도 청주시 흥덕구 비하동,경상사고,0,0,2,0,차대차 - 측면직각충돌,신호위반,건조,맑음,교차로 - 교차로안,원동기,남,65세,경상,승용,여,31세,경상
2015020900100473,2015년 2월 9일 18시,월요일,충청북도 청주시 서원구 모충동,경상사고,0,0,1,0,차대사람 - 기타,안전운전불이행,건조,맑음,단일로 - 기타,승용,여,30세,상해없음,보행자,여,56세,경상
2015020900100564,2015년 2월 9일 20시,월요일,충청북도 청주시 흥덕구 운천동,경상사고,0,0,1,0,차대차 - 추돌 - 주정차중,안전운전불이행,건조,맑음,교차로 - 교차로부근,화물,남,43세,상해없음,승용,남,44세,경상
2015020900100565,2015년 2월 9일 20시,월요일,충청북도 청주시 흥덕구 가경동,경상사고,0,0,1,0,차대차 - 측면직각충돌,안전운전불이행,건조,맑음,교차로 - 교차로부근,승용,남,32세,상해없음,승용,남,50세,경상
2015020900100646,2015년 2월 9일 23시,월요일,충청북도 충주시 성서동,중상사고,0,1,0,0,차대차 - 기타,안전운전불이행,건조,맑음,단일로 - 기타,승용,남,42세,상해없음,승용,여,52세,중상
2015021000100085,2015년 2월 10일 07시,화요일,충청북도 청주시 서원구 장암동,경상사고,0,0,2,0,차대차 - 추돌 - 주정차중,안전운전불이행,건조,맑음,교차로 - 교차로안,화물,남,63세,상해없음,화물,남,37세,경상
2015021000100109,2015년 2월 10일 08시,화요일,충청북도 제천시 신백동,경상사고,0,0,4,0,차대차 - 기타,안전운전불이행,습기,맑음,교차로 - 교차로안,승합,남,46세,경상,화물,남,47세,경상
2015021000100110,2015년 2월 10일 08시,화요일,충청북도 음성군 대소면,경상사고,0,0,1,0,차대차 - 측면직각충돌,신호위반,건조,맑음,교차로 - 교차로안,화물,남,54세,상해없음,승용,남,36세,경상
2015021000100143,2015년 2월 10일 09시,화요일,충청북도 충주시 교현동,경상사고,0,0,1,0,차대차 - 기타,안전운전불이행,습기,흐림,교차로 - 교차로부근,승용,여,54세,상해없음,승합,남,42세,경상
2015021000100167,2015년 2월 10일 10시,화요일,충청북도 옥천군 옥천읍,경상사고,0,0,4,0,차대차 - 추돌 - 주정차중,안전운전불이행,건조,맑음,단일로 - 기타,건설기계,남,57세,상해없음,승용,여,18세,경상
2015021000100168,2015년 2월 10일 10시,화요일,충청북도 청주시 흥덕구 운천동,중상사고,0,1,0,0,차대차 - 기타,차로위반,건조,맑음,단일로 - 기타,화물,남,30세,상해없음,이륜,남,67세,중상
2015021000100192,2015년 2월 10일 11시,화요일,충청북도 청주시 흥덕구 복대동,경상사고,0,0,2,0,차대차 - 기타,신호위반,건조,맑음,교차로 - 교차로안,승용,여,54세,상해없음,승용,남,27세,경상
2015021000100233,2015년 2월 10일 13시,화요일,충청북도 청주시 청원구 주중동,경상사고,0,0,1,0,차대차 - 기타,안전운전불이행,건조,맑음,교차로 - 교차로안,승용,여,26세,상해없음,화물,남,25세,경상
2015021000100234,2015년 2월 10일 13시,화요일,충청북도 충주시 성내동,경상사고,0,0,1,0,차대사람 - 기타,안전운전불이행,건조,맑음,단일로 - 기타,승합,남,51세,상해없음,보행자,여,22세,경상
2015021000100261,2015년 2월 10일 14시,화요일,충청북도 제천시 의림동,경상사고,0,0,2,0,차대차 - 측면직각충돌,직진우회전진행방해,건조,맑음,교차로 - 교차로안,승용,남,64세,상해없음,승용,여,43세,경상
2015021000100262,2015년 2월 10일 14시,화요일,충청북도 옥천군 옥천읍,경상사고,0,0,1,0,차대차 - 기타,교차로운행방법위반,건조,맑음,교차로 - 교차로안,승용,남,72세,상해없음,승용,남,32세,경상
2015021000100299,2015년 2월 10일 15시,화요일,충청북도 청주시 서원구 성화동,경상사고,0,0,1,0,차대사람 - 기타,안전운전불이행,건조,맑음,단일로 - 기타,승용,여,29세,상해없음,보행자,남,8세,경상
2015021000100317,2015년 2월 10일 16시,화요일,충청북도 제천시 청전동,중상사고,0,1,0,0,차대사람 - 기타,안전운전불이행,건조,맑음,기타 - 기타,승용,남,61세,상해없음,보행자,여,59세,중상
2015021000100318,2015년 2월 10일 16시,화요일,충청북도 보은군 삼승면,사망사고,1,0,0,0,차대차 - 정면충돌,중앙선침범,건조,맑음,단일로 - 기타,원동기,남,55세,사망,화물,남,42세,상해없음