사고번호,사고일시,요일,시군구,사고내용,사망자수,중상자수,경상자수,부상신고자수,사고유형,법규위반,노면상태,기상상태,도로형태,가해운전자 차종,가해운전자 성별,가해운전자 연령,가해운전자 상해정도,피해운전자 차종,피해운전자 성별,피해운전자 연령,피해운전자 상해정도
2015021000100352,2015년 2월 10일 17시,화요일,충청북도 청주시 상당구 석교동,경상사고,0,0,2,0,차대차 - 기타,안전거리미확보,건조,맑음,단일로 - 기타,승용,남,55세,경상,승용,남,38세,경상
2015021000100386,2015년 2월 10일 18시,화요일,충청북도 충주시 금릉동,경상사고,0,0,1,0,차량단독 - 기타,안전운전불이행,건조,맑음,단일로 - 기타,화물,남,61세,상해없음,,,,
2015021000100387,2015년 2월 10일 18시,화요일,충청북도 청주시 서원구 산남동,경상사고,0,0,1,0,차대차 - 기타,안전운전불이행,건조,맑음,교차로 - 교차로안,화물,남,47세,상해없음,이륜,남,33세,경상
2015021000100388,2015년 2월 10일 18시,화요일,충청북도 청주시 서원구 수곡동,경상사고,0,0,1,0,차량단독 - 기타,안전운전불이행,건조,맑음,단일로 - 기타,승합,남,56세,상해없음,,,,
2015021000100429,2015년 2월 10일 19시,화요일,충청북도 단양군 매포읍,경상사고,0,0,1,0,차대차 - 추돌 - 진행중,안전운전불이행,기타,맑음,교차로 - 교차로안,승용,남,69세,상해없음,승용,여,36세,경상
2015021000100463,2015년 2월 10일 20시,화요일,충청북도 청주시 청원구 내덕동,경상사고,0,0,1,0,차대차 - 기타,안전운전불이행,건조,맑음,단일로 - 기타,승용,남,59세,경상,승합,남,64세,상해없음
2015021000100464,2015년 2월 10일 20시,화요일,충청북도 충주시 달천동,경상사고,0,0,2,0,차대차 - 기타,안전거리미확보,건조,맑음,단일로 - 기타,승용,남,44세,상해없음,승합,남,47세,경상
2015021000100465,2015년 2월 10일 20시,화요일,충청북도 청주시 흥덕구 봉명동,경상사고,0,0,2,0,차대차 - 측면직각충돌,안전운전불이행,건조,맑음,단일로 - 기타,승용,남,33세,상해없음,승용,남,22세,경상
2015021000100466,2015년 2월 10일 20시,화요일,충청북도 청주시 서원구 산남동,중상사고,0,1,2,0,차대차 - 기타,안전운전불이행,건조,맑음,교차로 - 교차로부근,승용,여,34세,중상,승용,남,31세,경상
2015021000100494,2015년 2월 10일 21시,화요일,충청북도 제천시 의림동,경상사고,0,0,1,0,차대차 - 기타,중앙선침범,건조,맑음,단일로 - 기타,승용,여,21세,상해없음,승용,여,31세,경상
2015021000100534,2015년 2월 10일 22시,화요일,충청북도 청주시 흥덕구 가경동,중상사고,0,1,0,0,차대사람 - 횡단중,보행자보호의무위반,건조,맑음,교차로 - 교차로부근,승용,여,49세,상해없음,보행자,남,17세,중상
2015021100100044,2015년 2월 11일 02시,수요일,충청북도 청주시 청원구 내덕동,중상사고,0,3,0,0,차대차 - 정면충돌,신호위반,건조,맑음,교차로 - 교차로안,승용,남,58세,상해없음,승용,남,55세,중상
2015021100100045,2015년 2월 11일 02시,수요일,충청북도 청주시 서원구 남이면,경상사고,0,0,2,0,차대차 - 기타,안전운전불이행,건조,맑음,단일로 - 기타,승용,남,45세,경상,승용,기타불명,기타불명,기타불명
2015021100100063,2015년 2월 11일 04시,수요일,충청북도 청주시 상당구 용암동,중상사고,0,1,0,0,차대차 - 측면직각충돌,신호위반,건조,맑음,교차로 - 교차로안,승용,남,36세,상해없음,승용,여,49세,중상
2015021100100132,2015년 2월 11일 08시,수요일,충청북도 옥천군 옥천읍,경상사고,0,0,2,0,차대차 - 기타,교차로운행방법위반,건조,맑음,교차로 - 교차로안,승용,여,42세,경상,승용,남,34세,경상
2015021100100208,2015년 2월 11일 10시,수요일,충청북도 영동군 상촌면,중상사고,0,1,0,0,차대차 - 기타,안전운전불이행,건조,맑음,교차로 - 교차로부근,화물,남,47세,중상,승용,여,47세,상해없음
2015021100100209,2015년 2월 11일 10시,수요일,충청북도 청주시 흥덕구 가경동,경상사고,0,0,2,0,차대차 - 측면직각충돌,직진우회전진행방해,건조,맑음,교차로 - 교차로안,승용,남,24세,경상,승용,남,53세,상해없음
2015021100100283,2015년 2월 11일 13시,수요일,충청북도 청주시 청원구 내덕동,중상사고,0,1,0,0,차대차 - 측면직각충돌,안전운전불이행,건조,맑음,교차로 - 교차로안,원동기,여,49세,중상,화물,남,73세,상해없음
2015021100100372,2015년 2월 11일 16시,수요일,충청북도 청주시 흥덕구 복대동,경상사고,0,0,1,0,차대사람 - 기타,기타,건조,맑음,기타 - 기타,화물,남,39세,상해없음,보행자,여,59세,경상
2015021100100394,2015년 2월 11일 17시,수요일,충청북도 청주시 상당구 용암동,경상사고,0,0,1,0,차대차 - 기타,차로위반,건조,맑음,단일로 - 기타,승용,남,30세,상해없음,승합,남,50세,상해없음
2015021100100433,2015년 2월 11일 18시,수요일,충청북도 청주시 흥덕구 비하동,경상사고,0,0,1,0,차대차 - 기타,안전운전불이행,건조,맑음,단일로 - 기타,승용,여,47세,상해없음,자전거,남,29세,경상
2015021100100434,2015년 2월 11일 18시,수요일,충청북도 청주시 흥덕구 봉명동,중상사고,0,1,0,0,차대차 - 측면직각충돌,안전운전불이행,건조,맑음,교차로 - 교차로안,승용,남,55세,상해없음,원동기,남,51세,중상
2015021100100479,2015년 2월 11일 19시,수요일,충청북도 청주시 서원구 산남동,중상사고,0,1,1,0,차대차 - 추돌 - 주정차중,안전운전불이행,건조,맑음,교차로 - 교차로부근,승용,남,32세,상해없음,승용,여,43세,중상
2015021100100513,2015년 2월 11일 20시,수요일,충청북도 진천군 광혜원면,경상사고,0,0,1,0,차대사람 - 기타,교차로운행방법위반,건조,기타,교차로 - 교차로부근,승합,남,67세,상해없음,보행자,남,32세,경상
2015021100100514,2015년 2월 11일 20시,수요일,충청북도 청주시 상당구 금천동,경상사고,0,0,1,0,차대차 - 측면직각충돌,안전운전불이행,건조,맑음,교차로 - 교차로안,승용,남,44세,상해없음,승용,남,21세,경상
2015021100100574,2015년 2월 11일 22시,수요일,충청북도 충주시 문화동,중상사고,0,1,0,0,차대사람 - 횡단중,안전운전불이행,건조,맑음,교차로 - 교차로안,승용,남,43세,상해없음,보행자,남,50세,중상
2015021200100009,2015년 2월 12일 00시,목요일,충청북도 제천시 모산동,중상사고,0,1,0,0,차대차 - 정면충돌,중앙선침범,건조,맑음,단일로 - 기타,승용,남,44세,상해없음,승용,남,39세,중상
2015021200100026,2015년 2월 12일 01시,목요일,충청북도 청주시 서원구 개신동,경상사고,0,0,1,0,차대차 - 측면직각충돌,중앙선침범,건조,맑음,교차로 - 교차로안,승용,남,35세,상해없음,승용,남,29세,경상
2015021200100027,2015년 2월 12일 01시,목요일,충청북도 청주시 청원구 오창읍,경상사고,0,0,1,0,차대차 - 추돌 - 진행중,안전운전불이행,건조,맑음,단일로 - 기타,승용,남,28세,기타불명,화물,남,38세,경상
2015021200100060,2015년 2월 12일 06시,목요일,충청북도 충주시 엄정면,중상사고,0,1,0,0,차량단독 - 도로외이탈 - 기타,안전운전불이행,건조,맑음,단일로 - 기타,승용,여,73세,중상,,,,
2015021200100061,2015년 2월 12일 06시,목요일,충청북도 제천시 신백동,중상사고,0,3,0,0,차대차 - 측면직각충돌,신호위반,건조,맑음,교차로 - 교차로안,승용,남,69세,중상,화물,남,41세,중상
2015021200100062,2015년 2월 12일 06시,목요일,충청북도 청주시 서원구 현도면,경상사고,0,0,1,0,차대차 - 추돌 - 주정차중,안전운전불이행,건조,맑음,교차로 - 교차로부근,화물,남,51세,상해없음,건설기계,남,45세,경상
2015021200100106,2015년 2월 12일 08시,목요일,충청북도 제천시 청전동,경상사고,0,0,1,0,차대사람 - 기타,보행자보호의무위반,건조,맑음,교차로 - 교차로안,승용,여,35세,상해없음,보행자,여,16세,경상
2015021200100107,2015년 2월 12일 08시,목요일,충청북도 제천시 신백동,경상사고,0,0,1,0,차대사람 - 기타,안전운전불이행,건조,맑음,단일로 - 기타,승용,여,31세,상해없음,보행자,남,22세,경상
2015021200100140,2015년 2월 12일 09시,목요일,충청북도 충주시 용산동,중상사고,0,2,0,0,차대차 - 기타,신호위반,건조,맑음,교차로 - 교차로안,승용,남,53세,상해없음,승용,여,55세,중상
2015021200100141,2015년 2월 12일 09시,목요일,충청북도 단양군 단양읍,경상사고,0,0,1,0,차대차 - 추돌 - 진행중,안전운전불이행,건조,맑음,교차로 - 교차로부근,승용,남,54세,상해없음,화물,남,62세,경상
2015021200100211,2015년 2월 12일 11시,목요일,충청북도 옥천군 동이면,중상사고,0,2,1,0,차대차 - 정면충돌,중앙선침범,건조,맑음,단일로 - 기타,승용,남,24세,경상,승용,남,55세,중상
2015021200100239,2015년 2월 12일 12시,목요일,충청북도 청주시 청원구 내덕동,중상사고,0,1,0,0,차대사람 - 횡단중,안전운전불이행,건조,맑음,단일로 - 기타,승용,여,50세,상해없음,보행자,남,86세,중상
2015021200100240,2015년 2월 12일 12시,목요일,충청북도 제천시 고암동,중상사고,0,2,0,0,차대차 - 추돌 - 진행중,안전운전불이행,건조,맑음,단일로 - 기타,승용,남,59세,상해없음,승용,여,44세,중상
2015021200100241,2015년 2월 12일 12시,목요일,충청북도 청주시 상당구 남문로2가동,경상사고,0,0,1,0,차대차 - 기타,안전운전불이행,건조,맑음,단일로 - 기타,승용,남,55세,상해없음,승용,남,32세,경상
2015021200100242,2015년 2월 12일 12시,목요일,충청북도 청주시 상당구 용암동,중상사고,0,1,0,0,차대차 - 기타,중앙선침범,건조,맑음,단일로 - 기타,승합,여,50세,상해없음,이륜,남,31세,중상
2015021200100305,2015년 2월 12일 14시,목요일,충청북도 충주시 교현동,중상사고,0,1,0,0,차대사람 - 기타,안전운전불이행,건조,맑음,단일로 - 기타,승용,남,40세,상해없음,보행자,여,50세,중상
2015021200100306,2015년 2월 12일 14시,목요일,충청북도 청주시 상당구 금천동,경상사고,0,0,1,0,차대차 - 기타,안전운전불이행,건조,맑음,단일로 - 기타,승용,남,52세,상해없음,이륜,남,22세,경상
2015021200100337,2015년 2월 12일 15시,목요일,충청북도 충주시 달천동,부상신고사고,0,0,0,1,차량단독 - 기타,안전운전불이행,건조,맑음,단일로 - 기타,승용,남,53세,부상신고,,,,
2015021200100338,2015년 2월 12일 15시,목요일,충청북도 제천시 의림동,경상사고,0,0,1,0,차대차 - 측면직각충돌,직진우회전진행방해,건조,맑음,교차로 - 교차로안,화물,남,78세,상해없음,승용,여,35세,경상
2015021200100376,2015년 2월 12일 16시,목요일,충청북도 청주시 흥덕구 봉명동,경상사고,0,0,2,0,차대차 - 측면직각충돌,안전운전불이행,건조,맑음,단일로 - 기타,승용,남,51세,상해없음,승용,남,43세,경상
2015021200100404,2015년 2월 12일 17시,목요일,충청북도 충주시 봉방동,중상사고,0,1,0,0,차대차 - 기타,안전운전불이행,건조,맑음,단일로 - 기타,승합,여,41세,상해없음,자전거,남,54세,중상
2015021200100405,2015년 2월 12일 17시,목요일,충청북도 단양군 단양읍,경상사고,0,0,1,0,차대차 - 추돌 - 주정차중,안전운전불이행,건조,맑음,교차로 - 교차로부근,승용,남,56세,상해없음,승용,여,72세,상해없음
2015021200100479,2015년 2월 12일 19시,목요일,충청북도 청주시 흥덕구 복대동,중상사고,0,1,0,0,차대차 - 추돌 - 진행중,안전운전불이행,건조,맑음,단일로 - 기타,승용,여,46세,상해없음,원동기,남,16세,중상
2015021200100480,2015년 2월 12일 19시,목요일,충청북도 청주시 흥덕구 봉명동,경상사고,0,0,1,0,차대차 - 측면직각충돌,안전운전불이행,건조,맑음,교차로 - 교차로안,승용,남,56세,상해없음,승용,남,40세,상해없음
2015021200100552,2015년 2월 12일 21시,목요일,충청북도 청주시 상당구 용암동,경상사고,0,0,1,0,차대차 - 기타,안전운전불이행,건조,맑음,교차로 - 교차로안,승용,여,60세,상해없음,승용,남,37세,경상
2015021200100553,2015년 2월 12일 21시,목요일,충청북도 충주시 대소원면,중상사고,0,2,0,0,차대차 - 추돌 - 진행중,안전거리미확보,건조,맑음,단일로 - 기타,화물,남,54세,중상,화물,남,56세,중상
2015021200100574,2015년 2월 12일 22시,목요일,충청북도 청주시 상당구 금천동,중상사고,0,1,0,0,차대사람 - 기타,안전운전불이행,건조,맑음,교차로 - 교차로안,화물,남,19세,상해없음,보행자,여,54세,중상
2015021200100599,2015년 2월 12일 23시,목요일,충청북도 제천시 명지동,중상사고,0,1,1,0,차대차 - 추돌 - 주정차중,안전운전불이행,건조,맑음,단일로 - 기타,승용,남,51세,경상,승용,남,26세,중상
2015021300100017,2015년 2월 13일 01시,금요일,충청북도 청주시 서원구 성화동,중상사고,0,1,2,0,차대차 - 측면직각충돌,신호위반,건조,흐림,교차로 - 교차로안,승용,남,36세,상해없음,승용,남,58세,중상
2015021300100132,2015년 2월 13일 08시,금요일,충청북도 청주시 상당구 영운동,경상사고,0,0,1,0,차대차 - 기타,안전운전불이행,건조,맑음,교차로 - 교차로부근,승용,여,51세,상해없음,승용,여,37세,경상
2015021300100160,2015년 2월 13일 09시,금요일,충청북도 청주시 흥덕구 복대동,경상사고,0,0,2,0,차대차 - 추돌 - 주정차중,안전운전불이행,건조,맑음,단일로 - 기타,승용,남,36세,상해없음,승용,남,59세,상해없음
2015021300100232,2015년 2월 13일 11시,금요일,충청북도 청주시 청원구 율량동,경상사고,0,0,1,0,차량단독 - 기타,안전운전불이행,건조,맑음,단일로 - 기타,승합,남,47세,상해없음,,,,
2015021300100233,2015년 2월 13일 11시,금요일,충청북도 청주시 흥덕구 석곡동,중상사고,0,1,0,0,차대차 - 측면직각충돌,안전운전불이행,건조,맑음,단일로 - 기타,이륜,남,37세,중상,승용,남,45세,상해없음
2015021300100303,2015년 2월 13일 13시,금요일,충청북도 충주시 충인동,경상사고,0,0,2,0,차대차 - 추돌 - 진행중,교차로운행방법위반,건조,맑음,교차로 - 교차로안,승용,남,65세,상해없음,원동기,남,72세,경상
2015021300100341,2015년 2월 13일 14시,금요일,충청북도 제천시 동현동,중상사고,0,2,0,0,차대사람 - 횡단중,보행자보호의무위반,건조,맑음,단일로 - 기타,화물,남,43세,상해없음,보행자,남,7세,중상
2015021300100342,2015년 2월 13일 14시,금요일,충청북도 청주시 서원구 남이면,사망사고,1,0,1,0,차대차 - 기타,안전운전불이행,건조,맑음,단일로 - 기타,승합,남,50세,사망,화물,남,59세,경상
2015021300100343,2015년 2월 13일 14시,금요일,충청북도 청주시 서원구 장성동,중상사고,0,1,0,0,차대차 - 기타,안전운전불이행,건조,맑음,교차로 - 교차로부근,승용,남,45세,상해없음,승용,여,53세,중상
2015021300100366,2015년 2월 13일 15시,금요일,충청북도 청주시 상당구 용담동,중상사고,0,1,0,0,차대차 - 추돌 - 진행중,안전운전불이행,건조,맑음,교차로 - 교차로안,승용,남,57세,상해없음,이륜,남,40세,중상
2015021300100440,2015년 2월 13일 17시,금요일,충청북도 충주시 용산동,중상사고,0,1,0,0,차대차 - 측면직각충돌,교차로운행방법위반,건조,맑음,교차로 - 교차로안,승용,남,47세,상해없음,원동기,여,57세,중상
2015021300100441,2015년 2월 13일 17시,금요일,충청북도 음성군 대소면,중상사고,0,1,0,0,차대차 - 측면직각충돌,안전운전불이행,건조,맑음,교차로 - 교차로안,승용,남,42세,상해없음,화물,여,55세,중상
2015021300100487,2015년 2월 13일 18시,금요일,충청북도 증평군 증평읍,경상사고,0,0,1,0,차대차 - 측면직각충돌,안전운전불이행,건조,맑음,교차로 - 교차로안,이륜,남,51세,경상,승용,남,52세,상해없음
2015021300100488,2015년 2월 13일 18시,금요일,충청북도 청주시 서원구 성화동,경상사고,0,0,1,0,차대차 - 추돌 - 주정차중,안전거리미확보,건조,맑음,단일로 - 기타,승용,남,50세,상해없음,승용,남,54세,상해없음
2015021300100524,2015년 2월 13일 19시,금요일,충청북도 음성군 대소면,중상사고,0,1,0,0,차대차 - 정면충돌,중앙선침범,건조,맑음,단일로 - 기타,승용,여,46세,상해없음,이륜,남,53세,중상
2015021300100525,2015년 2월 13일 19시,금요일,충청북도 청주시 서원구 남이면,경상사고,0,0,3,0,차대차 - 기타,안전거리미확보,건조,맑음,단일로 - 기타,승용,남,54세,상해없음,승용,여,50세,경상
2015021300100571,2015년 2월 13일 20시,금요일,충청북도 청주시 청원구 내수읍,경상사고,0,0,2,0,차대차 - 측면직각충돌,안전운전불이행,건조,맑음,단일로 - 기타,승용,남,22세,상해없음,승용,남,30세,경상
2015021300100593,2015년 2월 13일 21시,금요일,충청북도 청주시 상당구 용암동,중상사고,0,1,0,0,차대차 - 기타,안전운전불이행,건조,맑음,단일로 - 기타,승용,남,26세,상해없음,이륜,남,37세,중상
2015021300100630,2015년 2월 13일 22시,금요일,충청북도 청주시 흥덕구 가경동,경상사고,0,0,1,0,차대차 - 추돌 - 주정차중,안전운전불이행,건조,맑음,교차로 - 교차로부근,화물,남,31세,상해없음,승용,남,32세,경상
2015021400100051,2015년 2월 14일 01시,토요일,충청북도 청주시 서원구 모충동,중상사고,0,1,0,0,차대사람 - 기타,안전운전불이행,건조,맑음,단일로 - 횡단보도상,승용,남,47세,상해없음,보행자,남,20세,중상
2015021400100131,2015년 2월 14일 06시,토요일,충청북도 진천군 초평면,중상사고,0,1,4,0,차대차 - 추돌 - 진행중,안전운전불이행,기타,기타,교차로 - 교차로부근,승용,남,26세,경상,화물,남,52세,경상
2015021400100143,2015년 2월 14일 07시,토요일,충청북도 진천군 진천읍,경상사고,0,0,1,0,차대차 - 측면직각충돌,안전운전불이행,건조,맑음,교차로 - 교차로부근,승합,남,66세,상해없음,승용,남,58세,경상
2015021400100155,2015년 2월 14일 08시,토요일,충청북도 청주시 청원구 오창읍,경상사고,0,0,1,0,차대차 - 기타,교차로운행방법위반,건조,맑음,교차로 - 교차로안,이륜,여,59세,경상,승용,남,33세,상해없음
2015021400100182,2015년 2월 14일 09시,토요일,충청북도 제천시 장락동,중상사고,0,1,2,0,차대차 - 측면직각충돌,신호위반,건조,맑음,교차로 - 교차로부근,승용,남,28세,중상,승용,여,36세,경상
2015021400100183,2015년 2월 14일 09시,토요일,충청북도 영동군 영동읍,경상사고,0,0,6,0,차대차 - 추돌 - 진행중,안전운전불이행,건조,맑음,단일로 - 기타,화물,남,53세,상해없음,승합,남,57세,경상
2015021400100211,2015년 2월 14일 10시,토요일,충청북도 증평군 증평읍,중상사고,0,1,0,0,차대차 - 추돌 - 진행중,안전운전불이행,건조,맑음,교차로 - 교차로안,승용,여,44세,상해없음,원동기,남,84세,중상
2015021400100238,2015년 2월 14일 11시,토요일,충청북도 청주시 상당구 용담동,중상사고,0,1,2,0,차대차 - 측면직각충돌,교차로운행방법위반,건조,맑음,교차로 - 교차로안,이륜,남,73세,중상,승용,남,62세,상해없음
2015021400100267,2015년 2월 14일 12시,토요일,충청북도 충주시 대소원면,경상사고,0,0,2,0,차대차 - 기타,중앙선침범,건조,맑음,단일로 - 기타,승용,남,25세,상해없음,승용,남,52세,경상
2015021400100333,2015년 2월 14일 14시,토요일,충청북도 음성군 금왕읍,경상사고,0,0,1,0,차량단독 - 공작물충돌,안전운전불이행,건조,맑음,단일로 - 기타,승용,남,71세,경상,,,,
2015021400100354,2015년 2월 14일 15시,토요일,충청북도 단양군 대강면,경상사고,0,0,2,0,차대차 - 측면직각충돌,중앙선침범,건조,맑음,단일로 - 기타,승용,남,47세,상해없음,승용,여,52세,경상
2015021400100457,2015년 2월 14일 18시,토요일,충청북도 음성군 금왕읍,경상사고,0,0,1,0,차대차 - 측면직각충돌,안전운전불이행,건조,맑음,교차로 - 교차로안,승용,남,18세,상해없음,이륜,남,30세,경상
2015021400100458,2015년 2월 14일 18시,토요일,충청북도 진천군 진천읍,경상사고,0,0,1,0,차대차 - 측면직각충돌,안전운전불이행,건조,맑음,기타 - 기타,승용,남,29세,상해없음,승용,여,28세,경상
2015021400100527,2015년 2월 14일 20시,토요일,충청북도 청주시 청원구 내수읍,중상사고,0,1,2,0,차대차 - 기타,안전운전불이행,건조,맑음,교차로 - 교차로안,이륜,남,51세,중상,이륜,남,41세,경상
2015021400100528,2015년 2월 14일 20시,토요일,충청북도 단양군 단양읍,사망사고,1,0,0,0,차량단독 - 전도전복,안전운전불이행,건조,맑음,단일로 - 기타,승용,남,66세,사망,,,,
2015021400100565,2015년 2월 14일 21시,토요일,충청북도 청주시 청원구 주성동,경상사고,0,0,1,0,차대차 - 기타,안전운전불이행,건조,맑음,교차로 - 교차로안,승용,남,35세,상해없음,승용,여,57세,경상
2015021400100607,2015년 2월 14일 22시,토요일,충청북도 청주시 흥덕구 옥산면,경상사고,0,0,1,0,차대차 - 추돌 - 주정차중,안전운전불이행,건조,맑음,단일로 - 기타,화물,남,51세,상해없음,승용,남,29세,경상
2015021400100637,2015년 2월 14일 23시,토요일,충청북도 청주시 흥덕구 가경동,경상사고,0,0,2,0,차대차 - 추돌 - 주정차중,안전운전불이행,건조,맑음,교차로 - 교차로부근,승용,남,59세,상해없음,승용,남,27세,경상
2015021500100009,2015년 2월 15일 00시,일요일,충청북도 충주시 연수동,중상사고,0,2,1,0,차대차 - 기타,중앙선침범,건조,맑음,교차로 - 교차로부근,화물,남,21세,상해없음,승용,여,27세,경상
2015021500100010,2015년 2월 15일 00시,일요일,충청북도 제천시 청전동,경상사고,0,0,1,0,차대차 - 측면직각충돌,안전운전불이행,건조,맑음,단일로 - 기타,승용,남,30세,기타불명,승용,남,56세,경상
2015021500100021,2015년 2월 15일 01시,일요일,충청북도 충주시 교현동,경상사고,0,0,1,0,차대차 - 기타,직진우회전진행방해,건조,맑음,교차로 - 교차로안,승용,남,56세,상해없음,승용,남,34세,상해없음
2015021500100022,2015년 2월 15일 01시,일요일,충청북도 청주시 서원구 산남동,경상사고,0,0,2,0,차대차 - 측면직각충돌,안전운전불이행,건조,맑음,교차로 - 교차로안,승용,여,54세,경상,승용,남,42세,경상
2015021500100023,2015년 2월 15일 01시,일요일,충청북도 청주시 상당구 용암동,경상사고,0,0,1,0,차대차 - 기타,안전운전불이행,건조,맑음,단일로 - 기타,승용,남,58세,상해없음,승용,남,53세,경상
2015021500100095,2015년 2월 15일 06시,일요일,충청북도 제천시 장락동,중상사고,0,1,0,0,차대차 - 측면직각충돌,안전운전불이행,건조,맑음,단일로 - 기타,승용,남,61세,상해없음,자전거,여,64세,중상
2015021500100105,2015년 2월 15일 07시,일요일,충청북도 음성군 생극면,경상사고,0,0,1,0,차대차 - 측면직각충돌,안전운전불이행,건조,맑음,교차로 - 교차로안,승합,남,67세,기타불명,승용,남,53세,경상
2015021500100106,2015년 2월 15일 07시,일요일,충청북도 청주시 서원구 현도면,사망사고,1,0,0,0,차량단독 - 공작물충돌,안전운전불이행,습기,안개,단일로 - 기타,승용,남,28세,사망,,,,
2015021500100128,2015년 2월 15일 08시,일요일,충청북도 청주시 서원구 현도면,중상사고,0,1,0,0,차량단독 - 공작물충돌,안전운전불이행,습기,흐림,단일로 - 기타,승용,남,36세,중상,,,,
2015021500100197,2015년 2월 15일 12시,일요일,충청북도 청주시 서원구 사직동,중상사고,0,2,2,0,차대차 - 기타,안전운전불이행,건조,흐림,교차로 - 교차로안,승합,남,65세,상해없음,승용,남,38세,중상
2015021500100228,2015년 2월 15일 14시,일요일,충청북도 충주시 단월동,중상사고,0,1,0,0,차대차 - 추돌 - 진행중,직진우회전진행방해,건조,맑음,교차로 - 교차로안,승용,남,75세,상해없음,원동기,남,74세,중상
2015021500100229,2015년 2월 15일 14시,일요일,충청북도 청주시 상당구 남주동,경상사고,0,0,1,0,차대사람 - 기타,안전운전불이행,건조,맑음,기타 - 기타,승용,남,50세,기타불명,보행자,여,28세,경상
2015021500100251,2015년 2월 15일 15시,일요일,충청북도 제천시 남천동,경상사고,0,0,2,0,차대차 - 측면직각충돌,직진우회전진행방해,건조,맑음,교차로 - 교차로안,승용,여,62세,상해없음,승용,여,45세,경상
2015021500100252,2015년 2월 15일 15시,일요일,충청북도 청주시 상당구 용암동,중상사고,0,1,2,0,차대차 - 측면직각충돌,신호위반,건조,맑음,교차로 - 교차로안,승용,여,60세,경상,승용,남,35세,경상
2015021500100302,2015년 2월 15일 17시,일요일,충청북도 괴산군 감물면,중상사고,0,1,0,0,차량단독 - 도로외이탈 - 기타,안전운전불이행,건조,맑음,교차로 - 교차로안,이륜,남,50세,중상,,,,
2015021500100368,2015년 2월 15일 19시,일요일,충청북도 충주시 대소원면,사망사고,1,1,0,0,차대차 - 기타,중앙선침범,건조,맑음,단일로 - 기타,이륜,남,70세,사망,승용,남,42세,중상
2015021500100449,2015년 2월 15일 22시,일요일,충청북도 청주시 흥덕구 복대동,중상사고,0,1,0,0,차대차 - 측면직각충돌,안전거리미확보,건조,맑음,단일로 - 기타,승용,남,66세,상해없음,이륜,남,74세,중상
2015021500100468,2015년 2월 15일 23시,일요일,충청북도 청주시 청원구 내수읍,경상사고,0,0,1,0,차량단독 - 공작물충돌,안전운전불이행,습기,비,단일로 - 기타,승용,남,52세,상해없음,,,,
2015021600100008,2015년 2월 16일 00시,월요일,충청북도 증평군 증평읍,부상신고사고,0,0,0,1,차량단독 - 도로외이탈 - 기타,기타,습기,비,단일로 - 기타,화물,남,29세,부상신고,,,,
2015021600100009,2015년 2월 16일 00시,월요일,충청북도 청주시 서원구 모충동,경상사고,0,0,1,0,차대차 - 측면직각충돌,교차로운행방법위반,습기,비,교차로 - 교차로안,승용,남,25세,상해없음,승용,남,39세,경상
2015021600100028,2015년 2월 16일 01시,월요일,충청북도 청주시 상당구 북문로3가동,경상사고,0,0,1,0,차대차 - 기타,안전운전불이행,습기,비,교차로 - 교차로안,이륜,남,19세,경상,승용,여,55세,상해없음
2015021600100067,2015년 2월 16일 05시,월요일,충청북도 청주시 흥덕구 운천동,중상사고,0,2,3,0,차대차 - 기타,신호위반,습기,비,교차로 - 교차로안,승용,여,38세,중상,승용,남,39세,중상
2015021600100068,2015년 2월 16일 05시,월요일,충청북도 괴산군 연풍면,중상사고,0,3,0,0,차대차 - 추돌 - 진행중,안전운전불이행,습기,비,단일로 - 기타,승용,남,53세,중상,화물,남,40세,상해없음
2015021600100177,2015년 2월 16일 09시,월요일,충청북도 청주시 흥덕구 복대동,중상사고,0,1,0,1,차대사람 - 기타,안전운전불이행,습기,비,단일로 - 기타,승용,남,77세,상해없음,보행자,남,87세,중상
2015021600100206,2015년 2월 16일 10시,월요일,충청북도 제천시 화산동,경상사고,0,0,1,0,차대차 - 기타,기타,습기,비,단일로 - 기타,화물,남,65세,상해없음,승용,남,31세,경상
2015021600100292,2015년 2월 16일 13시,월요일,충청북도 영동군 영동읍,중상사고,0,1,0,0,차량단독 - 전도전복,안전운전불이행,습기,비,교차로 - 교차로안,원동기,남,76세,중상,,,,
2015021600100293,2015년 2월 16일 13시,월요일,충청북도 청주시 상당구 용암동,경상사고,0,0,1,0,차량단독 - 기타,기타,습기,비,단일로 - 기타,기타불명,기타불명,기타불명,기타불명,,,,
2015021600100358,2015년 2월 16일 15시,월요일,충청북도 제천시 중앙로1가,경상사고,0,0,1,0,차대차 - 측면직각충돌,중앙선침범,습기,비,단일로 - 기타,승용,남,21세,상해없음,승용,여,35세,경상
2015021600100382,2015년 2월 16일 16시,월요일,충청북도 보은군 보은읍,경상사고,0,0,1,0,차대차 - 측면직각충돌,안전운전불이행,습기,비,단일로 - 기타,화물,남,71세,상해없음,화물,남,57세,경상
2015021600100383,2015년 2월 16일 16시,월요일,충청북도 청주시 흥덕구 강내면,중상사고,0,1,2,0,차대차 - 기타,안전운전불이행,건조,흐림,단일로 - 기타,승용,여,49세,상해없음,화물,남,70세,경상