사고번호,사고일시,요일,시군구,사고내용,사망자수,중상자수,경상자수,부상신고자수,사고유형,법규위반,노면상태,기상상태,도로형태,가해운전자 차종,가해운전자 성별,가해운전자 연령,가해운전자 상해정도,피해운전자 차종,피해운전자 성별,피해운전자 연령,피해운전자 상해정도
2015022700100467,2015년 2월 27일 19시,금요일,충청북도 청주시 서원구 모충동,경상사고,0,0,1,0,차대차 - 기타,안전운전불이행,건조,맑음,교차로 - 교차로부근,승용,남,58세,상해없음,이륜,남,51세,경상
2015022700100504,2015년 2월 27일 20시,금요일,충청북도 진천군 진천읍,경상사고,0,0,1,0,차대차 - 추돌 - 진행중,중앙선침범,건조,맑음,단일로 - 기타,화물,남,57세,상해없음,승용,남,29세,경상
2015022700100539,2015년 2월 27일 21시,금요일,충청북도 옥천군 옥천읍,경상사고,0,0,1,0,차대차 - 기타,안전운전불이행,건조,맑음,교차로 - 교차로안,승용,남,43세,상해없음,승용,남,30세,경상
2015022700100565,2015년 2월 27일 22시,금요일,충청북도 음성군 금왕읍,경상사고,0,0,2,0,차대차 - 기타,안전운전불이행,건조,맑음,교차로 - 교차로부근,승용,여,58세,상해없음,승용,남,22세,경상
2015022700100593,2015년 2월 27일 23시,금요일,충청북도 제천시 청전동,경상사고,0,0,1,0,차대사람 - 기타,안전운전불이행,건조,맑음,교차로 - 교차로부근,승용,남,31세,상해없음,보행자,남,58세,경상
2015022700100594,2015년 2월 27일 23시,금요일,충청북도 증평군 증평읍,부상신고사고,0,0,0,1,차대차 - 추돌 - 주정차중,안전운전불이행,건조,맑음,교차로 - 교차로부근,승용,남,26세,부상신고,승용,남,32세,기타불명
2015022700100595,2015년 2월 27일 23시,금요일,충청북도 진천군 진천읍,경상사고,0,0,1,0,차대차 - 측면직각충돌,교차로운행방법위반,건조,맑음,교차로 - 교차로안,승용,여,44세,상해없음,승용,여,45세,상해없음
2015022800100038,2015년 2월 28일 01시,토요일,충청북도 청주시 서원구 산남동,경상사고,0,0,1,0,차대사람 - 횡단중,안전운전불이행,건조,맑음,교차로 - 교차로안,승용,남,40세,상해없음,보행자,남,28세,경상
2015022800100057,2015년 2월 28일 02시,토요일,충청북도 청주시 흥덕구 비하동,중상사고,0,1,0,0,차대사람 - 횡단중,안전운전불이행,건조,맑음,교차로 - 교차로안,승용,여,33세,상해없음,보행자,남,40세,중상
2015022800100071,2015년 2월 28일 03시,토요일,충청북도 청주시 청원구 오창읍,경상사고,0,0,1,0,차대차 - 측면직각충돌,안전거리미확보,건조,맑음,단일로 - 기타,화물,남,21세,상해없음,승합,남,37세,경상
2015022800100081,2015년 2월 28일 04시,토요일,충청북도 청주시 서원구 개신동,경상사고,0,0,5,0,차대차 - 측면직각충돌,신호위반,건조,맑음,교차로 - 교차로안,승용,남,49세,상해없음,승합,남,34세,상해없음
2015022800100147,2015년 2월 28일 09시,토요일,충청북도 청주시 흥덕구 복대동,경상사고,0,0,2,0,차대차 - 추돌 - 진행중,안전거리미확보,건조,맑음,교차로 - 교차로안,승용,남,58세,상해없음,승합,남,52세,상해없음
2015022800100171,2015년 2월 28일 10시,토요일,충청북도 제천시 신월동,경상사고,0,0,2,0,차대차 - 추돌 - 진행중,안전운전불이행,건조,맑음,단일로 - 기타,화물,남,58세,상해없음,승용,남,56세,경상
2015022800100172,2015년 2월 28일 10시,토요일,충청북도 진천군 이월면,중상사고,0,1,0,0,차대차 - 측면직각충돌,교차로운행방법위반,건조,맑음,교차로 - 교차로부근,승용,남,47세,상해없음,이륜,남,52세,중상
2015022800100192,2015년 2월 28일 11시,토요일,충청북도 청주시 상당구 탑동,중상사고,0,1,0,0,차대사람 - 기타,안전운전불이행,건조,맑음,기타 - 기타,특수,남,45세,상해없음,보행자,여,90세 이상,중상
2015022800100354,2015년 2월 28일 17시,토요일,충청북도 청주시 청원구 내수읍,경상사고,0,0,3,0,차대차 - 측면직각충돌,안전운전불이행,건조,흐림,교차로 - 교차로안,화물,남,65세,경상,승용,남,48세,경상
2015022800100355,2015년 2월 28일 17시,토요일,충청북도 청주시 흥덕구 복대동,경상사고,0,0,2,0,차대차 - 측면직각충돌,직진우회전진행방해,건조,맑음,교차로 - 교차로안,승용,남,26세,경상,승용,남,32세,경상
2015022800100356,2015년 2월 28일 17시,토요일,충청북도 청주시 흥덕구 가경동,부상신고사고,0,0,0,1,차대차 - 추돌 - 진행중,안전운전불이행,건조,맑음,단일로 - 기타,원동기,남,22세,부상신고,승용,남,44세,상해없음
2015022800100357,2015년 2월 28일 17시,토요일,충청북도 청주시 흥덕구 오송읍,경상사고,0,0,2,0,차대차 - 측면직각충돌,안전운전불이행,건조,맑음,단일로 - 기타,승용,남,52세,경상,승용,남,58세,경상
2015022800100389,2015년 2월 28일 18시,토요일,충청북도 청주시 청원구 오창읍,경상사고,0,0,2,0,차대차 - 기타,안전운전불이행,건조,맑음,단일로 - 기타,승용,남,61세,기타불명,승용,남,35세,경상
2015022800100390,2015년 2월 28일 18시,토요일,충청북도 제천시 고암동,중상사고,0,1,0,0,차대차 - 측면직각충돌,안전운전불이행,건조,맑음,기타 - 기타,승용,남,52세,상해없음,승용,남,28세,중상
2015022800100431,2015년 2월 28일 19시,토요일,충청북도 충주시 칠금동,중상사고,0,1,0,0,차대차 - 기타,신호위반,건조,맑음,교차로 - 교차로안,승용,여,28세,상해없음,이륜,남,17세,중상
2015022800100432,2015년 2월 28일 19시,토요일,충청북도 진천군 이월면,중상사고,0,2,0,0,차량단독 - 공작물충돌,안전운전불이행,건조,맑음,단일로 - 기타,화물,남,56세,중상,,,,
2015022800100473,2015년 2월 28일 20시,토요일,충청북도 제천시 하소동,경상사고,0,0,1,0,차대차 - 측면직각충돌,직진우회전진행방해,건조,맑음,교차로 - 교차로안,화물,남,58세,상해없음,승용,남,21세,경상
2015022800100538,2015년 2월 28일 22시,토요일,충청북도 충주시 봉방동,중상사고,0,1,1,0,차대차 - 기타,신호위반,건조,맑음,교차로 - 교차로안,승용,여,50세,경상,승용,남,47세,중상
2015022800100539,2015년 2월 28일 22시,토요일,충청북도 음성군 감곡면,중상사고,0,1,1,0,차대차 - 기타,차로위반,건조,맑음,단일로 - 기타,승용,남,59세,상해없음,승용,남,44세,중상
2015022800100578,2015년 2월 28일 23시,토요일,충청북도 청주시 상당구 용암동,경상사고,0,0,1,0,차대차 - 기타,신호위반,건조,맑음,교차로 - 교차로안,승용,남,43세,상해없음,원동기,남,18세,경상
2015030100100011,2015년 3월 1일 00시,일요일,충청북도 제천시 청전동,중상사고,0,1,0,0,차대사람 - 기타,안전운전불이행,건조,맑음,단일로 - 기타,승용,남,24세,상해없음,보행자,여,49세,중상
2015030100100032,2015년 3월 1일 01시,일요일,충청북도 청주시 서원구 수곡동,경상사고,0,0,2,0,차대차 - 기타,안전운전불이행,건조,맑음,단일로 - 기타,승용,남,52세,상해없음,승용,남,54세,상해없음
2015030100100051,2015년 3월 1일 02시,일요일,충청북도 청주시 흥덕구 비하동,중상사고,0,2,1,0,차대사람 - 횡단중,보행자보호의무위반,건조,맑음,교차로 - 교차로안,승용,남,46세,상해없음,보행자,남,29세,경상
2015030100100052,2015년 3월 1일 02시,일요일,충청북도 청주시 흥덕구 봉명동,중상사고,0,1,3,0,차대차 - 측면직각충돌,교차로운행방법위반,건조,맑음,교차로 - 교차로안,승용,남,18세,경상,승용,남,62세,중상
2015030100100053,2015년 3월 1일 02시,일요일,충청북도 청주시 상당구 영운동,경상사고,0,0,1,0,차대사람 - 기타,안전운전불이행,건조,맑음,단일로 - 기타,승용,남,38세,상해없음,보행자,남,40세,경상
2015030100100101,2015년 3월 1일 06시,일요일,충청북도 청주시 흥덕구 가경동,경상사고,0,0,2,0,차대차 - 측면직각충돌,중앙선침범,건조,맑음,교차로 - 교차로부근,승용,남,28세,상해없음,승용,남,44세,경상
2015030100100117,2015년 3월 1일 07시,일요일,충청북도 단양군 매포읍,경상사고,0,0,1,0,차대차 - 기타,안전운전불이행,결빙,흐림,단일로 - 기타,승용,남,24세,상해없음,승용,남,51세,경상
2015030100100118,2015년 3월 1일 07시,일요일,충청북도 청주시 상당구 미원면,경상사고,0,0,1,0,차대차 - 측면직각충돌,안전운전불이행,결빙,맑음,단일로 - 교량,화물,남,54세,상해없음,화물,남,73세,경상
2015030100100146,2015년 3월 1일 09시,일요일,충청북도 청주시 흥덕구 강서동,경상사고,0,0,5,0,차대차 - 측면직각충돌,신호위반,습기,눈,교차로 - 교차로안,승용,여,38세,상해없음,승합,남,51세,경상
2015030100100304,2015년 3월 1일 17시,일요일,충청북도 청주시 청원구 북이면,중상사고,0,3,2,0,차대차 - 기타,과속,건조,맑음,교차로 - 교차로안,화물,남,59세,경상,승용,여,38세,중상
2015030100100305,2015년 3월 1일 17시,일요일,충청북도 청주시 상당구 문의면,중상사고,0,2,0,0,차대차 - 정면충돌,중앙선침범,건조,맑음,단일로 - 기타,승용,남,28세,상해없음,승용,남,62세,중상
2015030100100358,2015년 3월 1일 19시,일요일,충청북도 충주시 단월동,경상사고,0,0,1,0,차량단독 - 공작물충돌,안전운전불이행,건조,맑음,단일로 - 교량,승용,여,38세,경상,,,,
2015030100100415,2015년 3월 1일 21시,일요일,충청북도 증평군 증평읍,경상사고,0,0,1,0,차대차 - 기타,안전운전불이행,건조,맑음,교차로 - 교차로부근,승용,남,54세,상해없음,승용,남,38세,경상
2015030200100013,2015년 3월 2일 01시,월요일,충청북도 제천시 장락동,경상사고,0,0,1,0,차대차 - 측면직각충돌,직진우회전진행방해,건조,맑음,교차로 - 교차로안,승합,남,59세,상해없음,승용,여,33세,경상
2015030200100025,2015년 3월 2일 02시,월요일,충청북도 충주시 교현동,경상사고,0,0,1,0,차대차 - 측면직각충돌,안전운전불이행,건조,맑음,단일로 - 기타,승용,남,22세,상해없음,승용,여,50세,경상
2015030200100148,2015년 3월 2일 09시,월요일,충청북도 청주시 청원구 주성동,중상사고,0,1,2,0,차대차 - 기타,안전운전불이행,건조,맑음,단일로 - 기타,승용,남,28세,경상,승용,남,25세,중상
2015030200100191,2015년 3월 2일 10시,월요일,충청북도 청주시 청원구 율량동,중상사고,0,1,0,0,차대차 - 추돌 - 주정차중,안전운전불이행,건조,맑음,단일로 - 기타,승용,남,29세,상해없음,승용,남,43세,상해없음
2015030200100192,2015년 3월 2일 10시,월요일,충청북도 제천시 천남동,중상사고,0,1,0,0,차대차 - 측면직각충돌,신호위반,건조,맑음,교차로 - 교차로안,승용,남,33세,상해없음,승용,여,37세,중상
2015030200100218,2015년 3월 2일 11시,월요일,충청북도 청주시 상당구 남주동,중상사고,0,1,0,0,차대차 - 측면직각충돌,안전운전불이행,건조,맑음,교차로 - 교차로부근,화물,남,48세,상해없음,자전거,남,61세,중상
2015030200100248,2015년 3월 2일 12시,월요일,충청북도 제천시 봉양읍,경상사고,0,0,1,0,차대차 - 측면직각충돌,안전운전불이행,건조,맑음,교차로 - 교차로부근,승용,여,37세,상해없음,화물,남,35세,경상
2015030200100249,2015년 3월 2일 12시,월요일,충청북도 청주시 흥덕구 석소동,경상사고,0,0,1,0,차량단독 - 공작물충돌,안전운전불이행,건조,맑음,단일로 - 기타,승용,남,19세,경상,,,,
2015030200100279,2015년 3월 2일 13시,월요일,충청북도 충주시 연수동,경상사고,0,0,1,0,차대차 - 기타,안전운전불이행,건조,맑음,단일로 - 기타,승용,여,72세,상해없음,승용,여,42세,상해없음
2015030200100322,2015년 3월 2일 14시,월요일,충청북도 영동군 용산면,경상사고,0,0,1,0,차량단독 - 기타,안전운전불이행,건조,맑음,단일로 - 기타,원동기,남,54세,경상,,,,
2015030200100357,2015년 3월 2일 15시,월요일,충청북도 충주시 수안보면,중상사고,0,3,0,0,차대차 - 기타,안전운전불이행,건조,맑음,단일로 - 기타,승용,여,68세,중상,승합,남,63세,중상
2015030200100358,2015년 3월 2일 15시,월요일,충청북도 청주시 흥덕구 옥산면,부상신고사고,0,0,0,1,차량단독 - 공작물충돌,안전운전불이행,건조,맑음,단일로 - 기타,화물,남,57세,부상신고,,,,
2015030200100393,2015년 3월 2일 16시,월요일,충청북도 괴산군 연풍면,사망사고,1,0,0,0,차량단독 - 전도전복,안전운전불이행,건조,맑음,단일로 - 기타,농기계,남,78세,사망,,,,
2015030200100417,2015년 3월 2일 17시,월요일,충청북도 제천시 금성면,경상사고,0,0,1,0,차량단독 - 전도전복,안전운전불이행,건조,맑음,교차로 - 교차로안,화물,남,46세,경상,,,,
2015030200100418,2015년 3월 2일 17시,월요일,충청북도 음성군 음성읍,중상사고,0,1,0,0,차대사람 - 기타,보행자보호의무위반,건조,맑음,교차로 - 교차로안,승용,남,42세,상해없음,보행자,여,6세,중상
2015030200100419,2015년 3월 2일 17시,월요일,충청북도 청주시 흥덕구 비하동,중상사고,0,1,5,0,차대차 - 추돌 - 진행중,안전운전불이행,건조,맑음,단일로 - 기타,화물,남,54세,상해없음,승용,남,47세,경상
2015030200100445,2015년 3월 2일 18시,월요일,충청북도 충주시 금릉동,경상사고,0,0,1,0,차대차 - 기타,안전운전불이행,습기,비,단일로 - 기타,승용,남,48세,상해없음,승용,남,39세,경상
2015030200100486,2015년 3월 2일 19시,월요일,충청북도 증평군 증평읍,중상사고,0,1,0,0,차대차 - 기타,중앙선침범,건조,맑음,단일로 - 기타,기타불명,기타불명,기타불명,기타불명,승용,남,30세,상해없음
2015030200100487,2015년 3월 2일 19시,월요일,충청북도 청주시 서원구 모충동,중상사고,0,1,0,0,차대사람 - 기타,보행자보호의무위반,건조,맑음,교차로 - 교차로부근,승용,여,44세,상해없음,보행자,남,62세,중상
2015030200100515,2015년 3월 2일 20시,월요일,충청북도 충주시 달천동,경상사고,0,0,2,0,차대차 - 추돌 - 주정차중,안전운전불이행,건조,맑음,교차로 - 교차로부근,승용,남,56세,상해없음,승용,여,30세,경상
2015030200100516,2015년 3월 2일 20시,월요일,충청북도 충주시 칠금동,경상사고,0,0,1,0,차량단독 - 공작물충돌,안전운전불이행,건조,맑음,단일로 - 기타,승용,남,34세,경상,,,,
2015030200100517,2015년 3월 2일 20시,월요일,충청북도 청주시 상당구 서문동,경상사고,0,0,1,0,차대차 - 기타,교차로운행방법위반,건조,맑음,교차로 - 교차로안,승용,여,48세,상해없음,승용,남,25세,경상
2015030200100547,2015년 3월 2일 21시,월요일,충청북도 청주시 상당구 영동,경상사고,0,0,1,0,차대차 - 기타,안전운전불이행,건조,맑음,교차로 - 교차로부근,화물,남,58세,상해없음,승합,남,33세,경상
2015030200100548,2015년 3월 2일 21시,월요일,충청북도 청주시 흥덕구 봉명동,중상사고,0,1,0,0,차대차 - 기타,안전운전불이행,건조,맑음,교차로 - 교차로안,승용,여,61세,상해없음,자전거,남,56세,중상
2015030200100587,2015년 3월 2일 23시,월요일,충청북도 청주시 청원구 사천동,중상사고,0,1,1,0,차대차 - 측면직각충돌,교차로운행방법위반,건조,맑음,교차로 - 교차로안,승용,남,23세,상해없음,승용,남,43세,중상
2015030300100017,2015년 3월 3일 01시,화요일,충청북도 청주시 흥덕구 복대동,경상사고,0,0,1,0,차대사람 - 기타,안전운전불이행,건조,맑음,단일로 - 기타,승합,남,32세,상해없음,보행자,남,30세,경상
2015030300100046,2015년 3월 3일 05시,화요일,충청북도 청주시 청원구 우암동,중상사고,0,1,0,0,차대차 - 기타,안전운전불이행,건조,맑음,교차로 - 교차로부근,승용,남,41세,상해없음,자전거,남,54세,중상
2015030300100047,2015년 3월 3일 05시,화요일,충청북도 괴산군 연풍면,경상사고,0,0,3,0,차대차 - 기타,안전거리미확보,건조,맑음,단일로 - 기타,화물,남,46세,상해없음,승용,남,28세,경상
2015030300100102,2015년 3월 3일 08시,화요일,충청북도 영동군 영동읍,경상사고,0,0,1,0,차대사람 - 횡단중,안전운전불이행,건조,맑음,단일로 - 횡단보도부근,승용,남,50세,상해없음,보행자,여,48세,경상
2015030300100126,2015년 3월 3일 09시,화요일,충청북도 청주시 청원구 사천동,중상사고,0,1,0,0,차대차 - 측면직각충돌,안전운전불이행,건조,맑음,단일로 - 기타,승용,남,26세,상해없음,이륜,남,19세,중상
2015030300100148,2015년 3월 3일 10시,화요일,충청북도 청주시 청원구 우암동,경상사고,0,0,4,0,차대차 - 기타,안전운전불이행,건조,맑음,단일로 - 기타,승용,여,47세,기타불명,승합,남,56세,상해없음
2015030300100149,2015년 3월 3일 10시,화요일,충청북도 청주시 흥덕구 신촌동,경상사고,0,0,1,0,차대차 - 추돌 - 주정차중,안전운전불이행,건조,맑음,교차로 - 교차로부근,승용,남,81세,상해없음,승용,여,47세,경상
2015030300100150,2015년 3월 3일 10시,화요일,충청북도 청주시 흥덕구 강서동,경상사고,0,0,1,0,차대사람 - 차도통행중,안전운전불이행,건조,맑음,단일로 - 기타,승합,남,39세,상해없음,보행자,여,19세,경상
2015030300100228,2015년 3월 3일 13시,화요일,충청북도 청주시 흥덕구 강서동,중상사고,0,1,2,0,차대차 - 측면직각충돌,안전운전불이행,건조,맑음,교차로 - 교차로안,승용,남,65세,중상,승용,남,60세,경상
2015030300100229,2015년 3월 3일 13시,화요일,충청북도 청주시 흥덕구 복대동,경상사고,0,0,1,0,차대차 - 기타,안전운전불이행,건조,맑음,교차로 - 교차로부근,승용,남,65세,상해없음,자전거,남,73세,경상
2015030300100230,2015년 3월 3일 13시,화요일,충청북도 청주시 서원구 분평동,중상사고,0,1,0,0,차대차 - 측면직각충돌,신호위반,건조,맑음,교차로 - 교차로안,화물,남,65세,상해없음,화물,남,50세,중상
2015030300100256,2015년 3월 3일 14시,화요일,충청북도 증평군 증평읍,중상사고,0,1,0,0,차대차 - 측면직각충돌,안전거리미확보,건조,맑음,단일로 - 기타,이륜,남,78세,중상,화물,남,57세,상해없음
2015030300100396,2015년 3월 3일 18시,화요일,충청북도 충주시 칠금동,경상사고,0,0,1,0,차대사람 - 기타,안전운전불이행,습기,비,교차로 - 교차로안,기타불명,기타불명,16세,기타불명,보행자,여,16세,경상
2015030300100397,2015년 3월 3일 18시,화요일,충청북도 제천시 중앙로2가,경상사고,0,0,1,0,차대사람 - 횡단중,안전운전불이행,습기,비,단일로 - 기타,승용,남,50세,상해없음,보행자,남,11세,경상
2015030300100447,2015년 3월 3일 19시,화요일,충청북도 청주시 흥덕구 운천동,경상사고,0,0,1,0,차대차 - 기타,안전운전불이행,습기,비,단일로 - 기타,이륜,남,19세,상해없음,승용,남,25세,경상
2015030300100479,2015년 3월 3일 20시,화요일,충청북도 청주시 청원구 오창읍,경상사고,0,0,1,0,차대차 - 기타,신호위반,건조,맑음,교차로 - 교차로안,화물,남,45세,상해없음,승용,남,61세,경상
2015030300100480,2015년 3월 3일 20시,화요일,충청북도 청주시 서원구 남이면,사망사고,1,0,0,0,차대사람 - 횡단중,신호위반,습기,비,교차로 - 교차로안,승용,남,40세,상해없음,보행자,여,45세,사망
2015030300100504,2015년 3월 3일 21시,화요일,충청북도 청주시 흥덕구 강서동,경상사고,0,0,1,0,차대차 - 추돌 - 진행중,중앙선침범,습기,비,단일로 - 기타,승용,여,33세,상해없음,승용,남,40세,경상
2015030300100505,2015년 3월 3일 21시,화요일,충청북도 청주시 서원구 모충동,중상사고,0,4,0,0,차대차 - 측면직각충돌,기타,건조,맑음,교차로 - 교차로안,승용,남,45세,상해없음,승용,남,24세,중상
2015030400100010,2015년 3월 4일 00시,수요일,충청북도 청주시 서원구 사창동,경상사고,0,0,1,0,차대차 - 추돌 - 진행중,신호위반,건조,맑음,교차로 - 교차로안,승용,남,57세,상해없음,승용,남,26세,경상
2015030400100024,2015년 3월 4일 01시,수요일,충청북도 청주시 흥덕구 봉명동,경상사고,0,0,1,0,차대차 - 추돌 - 주정차중,안전운전불이행,건조,맑음,교차로 - 교차로부근,승용,남,32세,상해없음,승용,여,31세,경상
2015030400100119,2015년 3월 4일 08시,수요일,충청북도 청주시 서원구 사창동,경상사고,0,0,1,0,차대차 - 추돌 - 주정차중,안전운전불이행,건조,맑음,교차로 - 교차로안,승용,남,56세,상해없음,승용,남,50세,경상
2015030400100161,2015년 3월 4일 09시,수요일,충청북도 청주시 상당구 영동,경상사고,0,0,2,0,차대사람 - 횡단중,안전운전불이행,건조,맑음,교차로 - 교차로안,승용,여,47세,상해없음,보행자,남,78세,경상
2015030400100162,2015년 3월 4일 09시,수요일,충청북도 제천시 영천동,경상사고,0,0,2,0,차대차 - 측면직각충돌,안전거리미확보,건조,맑음,단일로 - 기타,승용,남,66세,상해없음,승용,여,55세,경상
2015030400100163,2015년 3월 4일 09시,수요일,충청북도 제천시 화산동,중상사고,0,1,0,0,차대차 - 추돌 - 진행중,안전거리미확보,건조,맑음,단일로 - 기타,승용,남,28세,상해없음,승용,여,51세,중상
2015030400100182,2015년 3월 4일 10시,수요일,충청북도 단양군 매포읍,중상사고,0,1,0,0,차대차 - 추돌 - 주정차중,안전운전불이행,건조,맑음,단일로 - 기타,승용,남,71세,상해없음,승용,여,35세,중상
2015030400100282,2015년 3월 4일 14시,수요일,충청북도 청주시 청원구 사천동,중상사고,0,1,0,0,차대차 - 측면직각충돌,안전운전불이행,건조,맑음,교차로 - 교차로안,승용,남,40세,상해없음,이륜,남,54세,중상
2015030400100342,2015년 3월 4일 16시,수요일,충청북도 충주시 금릉동,중상사고,0,1,0,0,차대차 - 기타,안전운전불이행,건조,맑음,교차로 - 교차로안,화물,남,53세,상해없음,화물,남,57세,중상
2015030400100343,2015년 3월 4일 16시,수요일,충청북도 충주시 교현동,경상사고,0,0,1,0,차대차 - 기타,안전운전불이행,건조,맑음,단일로 - 기타,화물,여,46세,상해없음,자전거,여,58세,경상
2015030400100344,2015년 3월 4일 16시,수요일,충청북도 보은군 탄부면,중상사고,0,2,2,0,차량단독 - 전도전복,안전운전불이행,건조,맑음,단일로 - 기타,화물,남,72세,경상,,,,
2015030400100376,2015년 3월 4일 17시,수요일,충청북도 청주시 서원구 사직동,경상사고,0,0,1,0,차대차 - 추돌 - 주정차중,안전운전불이행,건조,맑음,교차로 - 교차로안,화물,남,49세,상해없음,승용,여,50세,경상
2015030400100377,2015년 3월 4일 17시,수요일,충청북도 청주시 흥덕구 복대동,중상사고,0,2,0,0,차대차 - 측면직각충돌,불법유턴,건조,흐림,기타 - 기타,승용,남,60세,상해없음,승합,남,32세,중상
2015030400100378,2015년 3월 4일 17시,수요일,충청북도 청주시 상당구 용암동,경상사고,0,0,1,0,차대차 - 측면직각충돌,안전운전불이행,건조,맑음,단일로 - 기타,이륜,남,18세,상해없음,승용,남,47세,경상
2015030400100413,2015년 3월 4일 18시,수요일,충청북도 충주시 대소원면,중상사고,0,2,0,0,차대차 - 기타,안전운전불이행,건조,맑음,단일로 - 기타,승용,여,45세,상해없음,승용,여,50세,중상
2015030400100414,2015년 3월 4일 18시,수요일,충청북도 청주시 흥덕구 봉명동,경상사고,0,0,1,0,차대차 - 기타,안전운전불이행,건조,맑음,단일로 - 기타,승용,남,57세,상해없음,승용,남,55세,상해없음
2015030400100458,2015년 3월 4일 19시,수요일,충청북도 청주시 청원구 우암동,경상사고,0,0,1,1,차대차 - 추돌 - 진행중,안전운전불이행,건조,맑음,교차로 - 교차로안,원동기,남,16세,부상신고,승용,남,40세,경상
2015030400100459,2015년 3월 4일 19시,수요일,충청북도 청주시 상당구 용암동,중상사고,0,1,0,0,차대차 - 측면직각충돌,안전운전불이행,건조,맑음,교차로 - 교차로부근,승용,여,30세,상해없음,이륜,남,19세,중상
2015030400100503,2015년 3월 4일 20시,수요일,충청북도 제천시 화산동,경상사고,0,0,2,0,차대차 - 측면직각충돌,직진우회전진행방해,건조,맑음,교차로 - 교차로안,승용,남,56세,상해없음,승용,여,63세,경상
2015030400100535,2015년 3월 4일 21시,수요일,충청북도 청주시 서원구 사창동,경상사고,0,0,1,0,차대차 - 측면직각충돌,안전운전불이행,건조,맑음,교차로 - 교차로안,승용,남,26세,상해없음,자전거,남,12세,경상
2015030400100536,2015년 3월 4일 21시,수요일,충청북도 청주시 서원구 장암동,경상사고,0,0,1,0,차대차 - 측면직각충돌,안전운전불이행,건조,맑음,단일로 - 기타,승용,남,58세,상해없음,이륜,남,50세,경상
2015030400100537,2015년 3월 4일 21시,수요일,충청북도 청주시 서원구 산남동,경상사고,0,0,1,0,차대차 - 측면직각충돌,안전운전불이행,건조,맑음,단일로 - 기타,승용,여,39세,상해없음,승용,남,39세,상해없음
2015030400100570,2015년 3월 4일 22시,수요일,충청북도 청주시 청원구 우암동,경상사고,0,0,1,0,차대차 - 추돌 - 주정차중,안전운전불이행,건조,맑음,단일로 - 기타,승용,남,47세,상해없음,승용,남,47세,경상
2015030400100571,2015년 3월 4일 22시,수요일,충청북도 진천군 덕산면,경상사고,0,0,2,0,차대차 - 추돌 - 진행중,안전운전불이행,건조,맑음,단일로 - 기타,승용,남,25세,상해없음,승용,남,37세,경상
2015030400100598,2015년 3월 4일 23시,수요일,충청북도 청주시 청원구 오창읍,경상사고,0,0,1,0,차대차 - 기타,신호위반,건조,맑음,교차로 - 교차로안,승용,남,76세,상해없음,승용,남,24세,경상
2015030400100599,2015년 3월 4일 23시,수요일,충청북도 청주시 상당구 남문로1가동,중상사고,0,1,1,0,차대차 - 측면직각충돌,안전운전불이행,건조,맑음,교차로 - 교차로부근,승용,여,40세,상해없음,승용,남,31세,경상
2015030500100010,2015년 3월 5일 00시,목요일,충청북도 보은군 마로면,중상사고,0,2,1,0,차량단독 - 공작물충돌,안전운전불이행,건조,맑음,기타 - 기타,승용,남,29세,중상,,,,
2015030500100025,2015년 3월 5일 01시,목요일,충청북도 청주시 서원구 모충동,경상사고,0,0,1,0,차대차 - 측면직각충돌,안전운전불이행,건조,맑음,단일로 - 기타,승용,남,38세,상해없음,승용,여,50세,경상
2015030500100067,2015년 3월 5일 06시,목요일,충청북도 청주시 청원구 내덕동,경상사고,0,0,1,0,차대사람 - 횡단중,안전운전불이행,건조,맑음,단일로 - 기타,승합,남,41세,기타불명,보행자,여,52세,경상
2015030500100116,2015년 3월 5일 08시,목요일,충청북도 제천시 고암동,부상신고사고,0,0,0,1,차대차 - 측면직각충돌,안전운전불이행,건조,맑음,교차로 - 교차로안,승용,남,70세,상해없음,승용,여,45세,부상신고
2015030500100117,2015년 3월 5일 08시,목요일,충청북도 청주시 서원구 성화동,경상사고,0,0,1,0,차대차 - 추돌 - 주정차중,안전운전불이행,건조,맑음,단일로 - 기타,승용,여,37세,상해없음,승용,남,45세,상해없음
2015030500100161,2015년 3월 5일 09시,목요일,충청북도 청주시 흥덕구 복대동,중상사고,0,1,0,0,차대차 - 추돌 - 주정차중,안전운전불이행,건조,맑음,교차로 - 교차로안,승합,남,57세,상해없음,승용,여,32세,상해없음
2015030500100162,2015년 3월 5일 09시,목요일,충청북도 청주시 상당구 가덕면,중상사고,0,1,0,0,차대차 - 측면직각충돌,교차로운행방법위반,건조,맑음,교차로 - 교차로안,승합,남,67세,상해없음,농기계,남,83세,중상
2015030500100181,2015년 3월 5일 10시,목요일,충청북도 충주시 칠금동,경상사고,0,0,2,0,차대차 - 기타,기타,건조,맑음,교차로 - 교차로안,승용,남,57세,상해없음,이륜,여,58세,경상
2015030500100182,2015년 3월 5일 10시,목요일,충청북도 음성군 감곡면,경상사고,0,0,1,0,차대차 - 측면직각충돌,안전운전불이행,건조,맑음,교차로 - 교차로부근,건설기계,남,55세,상해없음,승합,남,62세,경상
2015030500100228,2015년 3월 5일 12시,목요일,충청북도 청주시 흥덕구 비하동,경상사고,0,0,3,0,차대차 - 측면직각충돌,안전운전불이행,건조,맑음,교차로 - 교차로부근,승용,여,34세,상해없음,승용,남,33세,경상
2015030500100260,2015년 3월 5일 13시,목요일,충청북도 제천시 청전동,경상사고,0,0,2,0,차대차 - 추돌 - 진행중,안전운전불이행,건조,맑음,교차로 - 교차로안,승용,남,37세,상해없음,승용,여,45세,경상