사고번호,사고일시,요일,시군구,사고내용,사망자수,중상자수,경상자수,부상신고자수,사고유형,법규위반,노면상태,기상상태,도로형태,가해운전자 차종,가해운전자 성별,가해운전자 연령,가해운전자 상해정도,피해운전자 차종,피해운전자 성별,피해운전자 연령,피해운전자 상해정도
2015030500100261,2015년 3월 5일 13시,목요일,충청북도 괴산군 청안면,경상사고,0,0,2,0,차대차 - 측면직각충돌,직진우회전진행방해,건조,맑음,교차로 - 교차로안,승용,남,27세,경상,승용,남,32세,경상
2015030500100262,2015년 3월 5일 13시,목요일,충청북도 청주시 서원구 산남동,중상사고,0,1,0,0,차대차 - 측면직각충돌,중앙선침범,건조,맑음,단일로 - 기타,승용,남,55세,상해없음,이륜,남,49세,중상
2015030500100337,2015년 3월 5일 15시,목요일,충청북도 청주시 청원구 북이면,경상사고,0,0,1,0,차대차 - 기타,안전운전불이행,건조,맑음,단일로 - 기타,승용,여,39세,상해없음,승용,남,29세,경상
2015030500100338,2015년 3월 5일 15시,목요일,충청북도 충주시 지현동,중상사고,0,1,0,0,차대차 - 측면직각충돌,직진우회전진행방해,건조,맑음,교차로 - 교차로안,승용,여,35세,상해없음,자전거,남,77세,중상
2015030500100431,2015년 3월 5일 18시,목요일,충청북도 청주시 흥덕구 옥산면,중상사고,0,1,0,0,차대차 - 추돌 - 진행중,안전운전불이행,건조,맑음,교차로 - 교차로부근,원동기,남,25세,상해없음,승용,남,30세,상해없음
2015030500100476,2015년 3월 5일 19시,목요일,충청북도 충주시 칠금동,경상사고,0,0,1,0,차대사람 - 기타,안전운전불이행,건조,맑음,기타 - 기타,승용,여,32세,상해없음,보행자,여,46세,경상
2015030500100477,2015년 3월 5일 19시,목요일,충청북도 제천시 중앙로1가,경상사고,0,0,1,0,차량단독 - 공작물충돌,기타,건조,맑음,교차로 - 교차로안,이륜,남,53세,경상,,,,
2015030500100528,2015년 3월 5일 20시,목요일,충청북도 충주시 연수동,경상사고,0,0,1,0,차대차 - 추돌 - 진행중,안전운전불이행,건조,맑음,단일로 - 기타,승용,남,47세,상해없음,승용,남,28세,경상
2015030500100559,2015년 3월 5일 21시,목요일,충청북도 청주시 서원구 남이면,중상사고,0,1,3,0,차대차 - 기타,안전거리미확보,건조,맑음,단일로 - 기타,기타불명,기타불명,기타불명,기타불명,승용,남,58세,중상
2015030500100580,2015년 3월 5일 22시,목요일,충청북도 옥천군 동이면,중상사고,0,1,0,0,차대차 - 기타,안전운전불이행,건조,맑음,교차로 - 교차로안,화물,남,32세,상해없음,원동기,남,54세,중상
2015030500100581,2015년 3월 5일 22시,목요일,충청북도 진천군 광혜원면,중상사고,0,1,2,0,차대차 - 측면직각충돌,안전운전불이행,건조,맑음,교차로 - 교차로안,승용,여,21세,상해없음,승용,여,29세,경상
2015030500100582,2015년 3월 5일 22시,목요일,충청북도 청주시 흥덕구 가경동,경상사고,0,0,1,0,차대차 - 측면직각충돌,신호위반,건조,맑음,교차로 - 교차로안,화물,남,50세,상해없음,승용,남,42세,경상
2015030500100611,2015년 3월 5일 23시,목요일,충청북도 청주시 서원구 사창동,중상사고,0,1,0,0,차대사람 - 횡단중,안전운전불이행,건조,맑음,단일로 - 횡단보도부근,이륜,남,32세,상해없음,보행자,남,13세,중상
2015030600100008,2015년 3월 6일 00시,금요일,충청북도 청주시 서원구 사창동,중상사고,0,1,1,0,차대사람 - 횡단중,안전운전불이행,건조,맑음,단일로 - 기타,승용,남,60세,상해없음,보행자,남,22세,중상
2015030600100018,2015년 3월 6일 01시,금요일,충청북도 청주시 서원구 성화동,경상사고,0,0,1,0,차대차 - 측면직각충돌,신호위반,건조,맑음,교차로 - 교차로안,승용,여,51세,상해없음,승용,남,26세,경상
2015030600100037,2015년 3월 6일 04시,금요일,충청북도 청주시 청원구 사천동,중상사고,0,1,0,0,차량단독 - 공작물충돌,안전운전불이행,건조,맑음,단일로 - 기타,승용,남,31세,중상,,,,
2015030600100080,2015년 3월 6일 07시,금요일,충청북도 청주시 청원구 사천동,경상사고,0,0,1,0,차대차 - 측면직각충돌,교차로운행방법위반,건조,맑음,교차로 - 교차로안,자전거,남,14세,경상,승용,남,54세,상해없음
2015030600100115,2015년 3월 6일 08시,금요일,충청북도 청주시 상당구 영운동,경상사고,0,0,1,0,차대차 - 기타,안전운전불이행,건조,맑음,단일로 - 기타,승용,여,54세,상해없음,승용,남,51세,경상
2015030600100159,2015년 3월 6일 09시,금요일,충청북도 청주시 서원구 분평동,경상사고,0,0,1,0,차대차 - 기타,신호위반,건조,맑음,교차로 - 교차로안,승용,남,56세,상해없음,승용,여,47세,경상
2015030600100205,2015년 3월 6일 11시,금요일,충청북도 청주시 서원구 남이면,경상사고,0,0,1,0,차대차 - 측면직각충돌,안전운전불이행,건조,맑음,단일로 - 기타,화물,남,34세,상해없음,승용,여,54세,경상
2015030600100255,2015년 3월 6일 13시,금요일,충청북도 청주시 서원구 개신동,경상사고,0,0,1,0,차량단독 - 기타,안전운전불이행,건조,맑음,단일로 - 기타,승합,남,53세,상해없음,,,,
2015030600100359,2015년 3월 6일 16시,금요일,충청북도 괴산군 괴산읍,경상사고,0,0,3,0,차대차 - 기타,안전운전불이행,건조,맑음,교차로 - 교차로부근,승용,남,65세,상해없음,화물,남,37세,경상
2015030600100442,2015년 3월 6일 18시,금요일,충청북도 청주시 흥덕구 비하동,경상사고,0,0,2,0,차대차 - 측면직각충돌,안전운전불이행,건조,맑음,단일로 - 기타,승용,남,58세,상해없음,승용,여,26세,경상
2015030600100443,2015년 3월 6일 18시,금요일,충청북도 청주시 흥덕구 옥산면,중상사고,0,1,1,0,차대차 - 측면직각충돌,중앙선침범,건조,맑음,단일로 - 기타,화물,남,64세,경상,승용,여,52세,중상
2015030600100482,2015년 3월 6일 19시,금요일,충청북도 청주시 청원구 율량동,경상사고,0,0,1,0,차대차 - 측면직각충돌,교차로운행방법위반,건조,맑음,교차로 - 교차로안,원동기,남,43세,경상,승용,여,45세,상해없음
2015030600100483,2015년 3월 6일 19시,금요일,충청북도 증평군 증평읍,부상신고사고,0,0,0,1,차대차 - 측면직각충돌,교차로운행방법위반,건조,맑음,교차로 - 교차로안,승용,남,28세,상해없음,자전거,남,74세,부상신고
2015030600100484,2015년 3월 6일 19시,금요일,충청북도 음성군 삼성면,중상사고,0,1,0,0,차대사람 - 기타,중앙선침범,건조,맑음,단일로 - 기타,화물,남,61세,상해없음,보행자,여,74세,중상
2015030600100518,2015년 3월 6일 20시,금요일,충청북도 청주시 청원구 내덕동,경상사고,0,0,1,0,차대차 - 측면직각충돌,안전운전불이행,건조,맑음,단일로 - 기타,승용,남,40세,상해없음,승용,남,54세,경상
2015030600100519,2015년 3월 6일 20시,금요일,충청북도 청주시 청원구 오창읍,중상사고,0,1,0,0,차대차 - 측면직각충돌,신호위반,건조,맑음,교차로 - 교차로안,승용,여,26세,상해없음,이륜,남,40세,중상
2015030600100520,2015년 3월 6일 20시,금요일,충청북도 진천군 광혜원면,경상사고,0,0,1,0,차량단독 - 전도전복,안전운전불이행,건조,맑음,단일로 - 기타,승용,남,58세,경상,,,,
2015030600100521,2015년 3월 6일 20시,금요일,충청북도 진천군 광혜원면,중상사고,0,1,0,0,차대사람 - 횡단중,교차로운행방법위반,건조,기타,교차로 - 교차로부근,승용,남,35세,상해없음,보행자,여,44세,중상
2015030600100522,2015년 3월 6일 20시,금요일,충청북도 청주시 서원구 모충동,경상사고,0,0,1,0,차대차 - 측면직각충돌,교차로운행방법위반,건조,맑음,교차로 - 교차로부근,승용,남,55세,상해없음,이륜,남,55세,경상
2015030600100523,2015년 3월 6일 20시,금요일,충청북도 청주시 서원구 수곡동,경상사고,0,0,4,0,차대차 - 측면직각충돌,안전운전불이행,건조,맑음,교차로 - 교차로안,승용,남,41세,상해없음,승용,여,43세,상해없음
2015030600100550,2015년 3월 6일 21시,금요일,충청북도 청주시 서원구 성화동,중상사고,0,1,0,0,차대사람 - 차도통행중,안전운전불이행,건조,맑음,교차로 - 교차로안,승용,남,35세,상해없음,보행자,남,56세,중상
2015030600100586,2015년 3월 6일 22시,금요일,충청북도 청주시 청원구 오창읍,경상사고,0,0,2,0,차대차 - 측면직각충돌,신호위반,건조,맑음,교차로 - 교차로안,승용,남,30세,상해없음,승용,남,49세,경상
2015030600100611,2015년 3월 6일 23시,금요일,충청북도 청주시 흥덕구 휴암동,중상사고,0,1,0,0,차대차 - 추돌 - 진행중,안전운전불이행,건조,맑음,단일로 - 기타,승용,남,37세,상해없음,승용,여,48세,중상
2015030700100017,2015년 3월 7일 00시,토요일,충청북도 청주시 상당구 수동,중상사고,0,1,2,0,차대차 - 측면직각충돌,안전운전불이행,건조,맑음,교차로 - 교차로안,승용,남,30세,경상,승용,남,54세,경상
2015030700100018,2015년 3월 7일 00시,토요일,충청북도 청주시 서원구 수곡동,경상사고,0,0,3,0,차대차 - 추돌 - 주정차중,안전운전불이행,건조,맑음,단일로 - 기타,승용,남,34세,상해없음,승용,남,68세,경상
2015030700100043,2015년 3월 7일 01시,토요일,충청북도 청주시 청원구 율량동,경상사고,0,0,1,0,차대차 - 측면직각충돌,안전운전불이행,건조,맑음,단일로 - 기타,화물,남,49세,상해없음,승용,여,46세,경상
2015030700100044,2015년 3월 7일 01시,토요일,충청북도 청주시 흥덕구 옥산면,경상사고,0,0,3,0,차대차 - 추돌 - 진행중,안전운전불이행,건조,맑음,단일로 - 기타,승용,남,36세,기타불명,승용,여,29세,경상
2015030700100045,2015년 3월 7일 01시,토요일,충청북도 청주시 흥덕구 복대동,경상사고,0,0,2,0,차대차 - 측면직각충돌,안전운전불이행,건조,맑음,교차로 - 교차로부근,승용,여,26세,상해없음,승합,여,22세,경상
2015030700100063,2015년 3월 7일 02시,토요일,충청북도 청주시 서원구 개신동,부상신고사고,0,0,0,1,차대차 - 추돌 - 주정차중,안전운전불이행,건조,맑음,교차로 - 교차로부근,승용,남,34세,부상신고,승용,남,34세,상해없음
2015030700100117,2015년 3월 7일 05시,토요일,충청북도 제천시 송학면,중상사고,0,1,0,0,차대사람 - 기타,안전운전불이행,건조,맑음,단일로 - 기타,화물,남,68세,상해없음,보행자,남,67세,중상
2015030700100178,2015년 3월 7일 09시,토요일,충청북도 충주시 칠금동,경상사고,0,0,2,0,차대차 - 기타,안전운전불이행,건조,맑음,단일로 - 기타,승용,남,38세,상해없음,승용,남,23세,경상
2015030700100204,2015년 3월 7일 10시,토요일,충청북도 청주시 서원구 분평동,경상사고,0,0,1,0,차대사람 - 기타,안전운전불이행,건조,맑음,단일로 - 기타,화물,남,41세,상해없음,보행자,남,51세,경상
2015030700100233,2015년 3월 7일 11시,토요일,충청북도 청주시 청원구 내덕동,경상사고,0,0,1,0,차대차 - 기타,교차로운행방법위반,건조,맑음,교차로 - 교차로안,승용,여,45세,상해없음,이륜,남,25세,경상
2015030700100234,2015년 3월 7일 11시,토요일,충청북도 청주시 청원구 내덕동,경상사고,0,0,2,0,차대차 - 추돌 - 진행중,안전운전불이행,건조,맑음,교차로 - 교차로안,화물,남,39세,상해없음,화물,남,38세,경상
2015030700100235,2015년 3월 7일 11시,토요일,충청북도 충주시 동량면,중상사고,0,1,6,0,차대차 - 추돌 - 주정차중,안전운전불이행,건조,맑음,교차로 - 교차로부근,화물,여,63세,중상,승용,남,42세,경상
2015030700100399,2015년 3월 7일 17시,토요일,충청북도 청주시 청원구 오창읍,경상사고,0,0,1,0,차대차 - 기타,신호위반,건조,맑음,교차로 - 교차로안,승용,남,44세,기타불명,승용,남,53세,경상
2015030700100439,2015년 3월 7일 18시,토요일,충청북도 청주시 청원구 내수읍,경상사고,0,0,1,0,차대차 - 기타,안전운전불이행,건조,맑음,기타 - 기타,승용,여,57세,경상,승용,남,27세,상해없음
2015030700100440,2015년 3월 7일 18시,토요일,충청북도 충주시 살미면,중상사고,0,1,0,0,차대차 - 기타,중앙선침범,건조,맑음,단일로 - 기타,화물,남,58세,상해없음,승용,남,60세,중상
2015030700100441,2015년 3월 7일 18시,토요일,충청북도 충주시 교현동,경상사고,0,0,1,0,차대사람 - 기타,안전운전불이행,건조,맑음,교차로 - 교차로부근,이륜,남,36세,상해없음,보행자,여,51세,경상
2015030700100482,2015년 3월 7일 19시,토요일,충청북도 청주시 서원구 사창동,중상사고,0,1,4,0,차대차 - 추돌 - 진행중,안전운전불이행,건조,맑음,단일로 - 기타,승용,남,43세,기타불명,승용,남,68세,경상
2015030700100510,2015년 3월 7일 20시,토요일,충청북도 충주시 성내동,경상사고,0,0,1,0,차대차 - 기타,안전운전불이행,건조,맑음,단일로 - 기타,승용,남,52세,상해없음,이륜,남,19세,경상
2015030700100511,2015년 3월 7일 20시,토요일,충청북도 청주시 흥덕구 신봉동,경상사고,0,0,2,0,차대차 - 측면직각충돌,중앙선침범,건조,맑음,단일로 - 기타,승용,남,55세,상해없음,승용,남,27세,경상
2015030700100512,2015년 3월 7일 20시,토요일,충청북도 청주시 흥덕구 가경동,경상사고,0,0,1,0,차대차 - 측면직각충돌,차로위반,건조,맑음,단일로 - 기타,승용,여,37세,상해없음,승용,남,54세,경상
2015030700100542,2015년 3월 7일 21시,토요일,충청북도 제천시 고암동,중상사고,0,1,0,0,차대사람 - 기타,신호위반,건조,맑음,교차로 - 교차로부근,승합,남,40세,상해없음,보행자,여,34세,중상
2015030800100052,2015년 3월 8일 02시,일요일,충청북도 청주시 흥덕구 복대동,경상사고,0,0,2,0,차대차 - 기타,신호위반,건조,맑음,단일로 - 기타,화물,남,54세,상해없음,승용,남,29세,경상
2015030800100072,2015년 3월 8일 04시,일요일,충청북도 보은군 탄부면,사망사고,1,0,0,0,차대차 - 추돌 - 진행중,안전거리미확보,건조,맑음,단일로 - 기타,화물,남,48세,상해없음,승용,남,35세,사망
2015030800100091,2015년 3월 8일 06시,일요일,충청북도 충주시 성남동,중상사고,0,1,1,1,차대차 - 기타,신호위반,건조,맑음,교차로 - 교차로안,승용,남,61세,부상신고,승용,남,65세,중상
2015030800100125,2015년 3월 8일 09시,일요일,충청북도 증평군 증평읍,중상사고,0,3,4,1,차대차 - 정면충돌,직진우회전진행방해,건조,맑음,교차로 - 교차로안,승합,남,40세,부상신고,승용,남,46세,중상
2015030800100134,2015년 3월 8일 10시,일요일,충청북도 청주시 서원구 사창동,경상사고,0,0,1,0,차대차 - 기타,안전운전불이행,건조,맑음,단일로 - 기타,화물,남,46세,상해없음,이륜,남,42세,경상
2015030800100135,2015년 3월 8일 10시,일요일,충청북도 청주시 상당구 금천동,경상사고,0,0,1,0,차대차 - 기타,안전운전불이행,건조,맑음,단일로 - 기타,승용,여,63세,상해없음,원동기,남,70세,경상
2015030800100209,2015년 3월 8일 13시,일요일,충청북도 충주시 성내동,중상사고,0,1,1,0,차대차 - 기타,안전운전불이행,건조,맑음,교차로 - 교차로부근,승용,남,57세,상해없음,승용,여,45세,경상
2015030800100237,2015년 3월 8일 14시,일요일,충청북도 제천시 금성면,경상사고,0,0,1,0,차대차 - 추돌 - 진행중,안전거리미확보,건조,맑음,단일로 - 기타,승용,남,64세,상해없음,이륜,남,41세,경상
2015030800100238,2015년 3월 8일 14시,일요일,충청북도 청주시 상당구 문의면,경상사고,0,0,4,0,차대차 - 기타,중앙선침범,건조,맑음,단일로 - 기타,이륜,남,59세,경상,승용,남,43세,경상
2015030800100264,2015년 3월 8일 15시,일요일,충청북도 제천시 청전동,경상사고,0,0,1,0,차대차 - 측면직각충돌,직진우회전진행방해,건조,맑음,교차로 - 교차로안,승용,남,49세,상해없음,승합,남,53세,상해없음
2015030800100313,2015년 3월 8일 17시,일요일,충청북도 제천시 교동,중상사고,0,1,0,0,차대차 - 측면직각충돌,안전거리미확보,건조,맑음,단일로 - 기타,화물,남,53세,상해없음,승용,여,56세,중상
2015030800100314,2015년 3월 8일 17시,일요일,충청북도 제천시 강제동,중상사고,0,1,2,0,차대차 - 추돌 - 주정차중,안전운전불이행,건조,맑음,교차로 - 교차로부근,특수,남,50세,상해없음,승합,여,52세,중상
2015030800100334,2015년 3월 8일 18시,일요일,충청북도 충주시 문화동,중상사고,0,2,0,0,차대차 - 추돌 - 진행중,안전운전불이행,건조,맑음,교차로 - 교차로부근,승용,남,37세,상해없음,승용,여,42세,중상
2015030800100377,2015년 3월 8일 19시,일요일,충청북도 청주시 상당구 용암동,경상사고,0,0,1,0,차대차 - 기타,안전운전불이행,건조,맑음,교차로 - 교차로부근,기타불명,기타불명,기타불명,기타불명,이륜,남,37세,경상
2015030800100407,2015년 3월 8일 20시,일요일,충청북도 청주시 상당구 문의면,중상사고,0,2,0,0,차대사람 - 길가장자리구역통행중,안전운전불이행,건조,맑음,단일로 - 기타,승용,남,68세,상해없음,보행자,남,50세,중상
2015030800100431,2015년 3월 8일 21시,일요일,충청북도 청주시 청원구 오창읍,경상사고,0,0,1,0,차대차 - 기타,안전운전불이행,건조,맑음,단일로 - 기타,승용,남,57세,상해없음,승용,여,38세,경상
2015030800100456,2015년 3월 8일 22시,일요일,충청북도 제천시 모산동,중상사고,0,1,0,0,차대차 - 측면직각충돌,신호위반,건조,맑음,교차로 - 교차로안,승용,남,23세,상해없음,원동기,남,16세,중상
2015030900100011,2015년 3월 9일 01시,월요일,충청북도 청주시 상당구 영운동,경상사고,0,0,2,0,차대차 - 측면직각충돌,신호위반,건조,맑음,교차로 - 교차로안,승용,남,47세,상해없음,승용,남,50세,경상
2015030900100089,2015년 3월 9일 08시,월요일,충청북도 청주시 청원구 오창읍,경상사고,0,0,2,0,차대차 - 기타,안전운전불이행,건조,맑음,교차로 - 교차로부근,승용,남,55세,상해없음,승합,남,40세,상해없음
2015030900100230,2015년 3월 9일 13시,월요일,충청북도 음성군 감곡면,중상사고,0,1,0,0,차대사람 - 기타,안전운전불이행,건조,맑음,교차로 - 교차로부근,승용,여,47세,상해없음,보행자,여,24세,중상
2015030900100260,2015년 3월 9일 14시,월요일,충청북도 청주시 청원구 우암동,경상사고,0,0,1,0,차대차 - 기타,안전운전불이행,건조,맑음,교차로 - 교차로안,승용,여,53세,상해없음,자전거,남,80세,경상
2015030900100261,2015년 3월 9일 14시,월요일,충청북도 청주시 흥덕구 복대동,중상사고,0,2,0,0,차대차 - 측면직각충돌,안전운전불이행,건조,맑음,단일로 - 기타,승용,남,70세,상해없음,승용,남,31세,중상
2015030900100262,2015년 3월 9일 14시,월요일,충청북도 청주시 흥덕구 복대동,경상사고,0,0,1,0,차대차 - 측면직각충돌,안전운전불이행,건조,맑음,단일로 - 기타,승용,남,25세,상해없음,자전거,여,10세,경상
2015030900100325,2015년 3월 9일 16시,월요일,충청북도 청주시 흥덕구 신봉동,사망사고,1,0,0,0,차대사람 - 횡단중,안전운전불이행,건조,맑음,단일로 - 기타,승용,남,74세,상해없음,보행자,남,89세,사망
2015030900100348,2015년 3월 9일 17시,월요일,충청북도 보은군 마로면,중상사고,0,1,0,1,차대차 - 측면직각충돌,교차로운행방법위반,건조,맑음,교차로 - 교차로안,화물,남,50세,중상,승용,남,51세,부상신고
2015030900100349,2015년 3월 9일 17시,월요일,충청북도 청주시 흥덕구 복대동,경상사고,0,0,1,0,차대사람 - 횡단중,보행자보호의무위반,건조,맑음,교차로 - 교차로부근,원동기,남,35세,상해없음,보행자,남,62세,경상
2015030900100377,2015년 3월 9일 18시,월요일,충청북도 청주시 청원구 우암동,중상사고,0,1,0,0,차대차 - 측면직각충돌,신호위반,건조,맑음,교차로 - 교차로안,자전거,남,72세,중상,승용,남,33세,상해없음
2015030900100378,2015년 3월 9일 18시,월요일,충청북도 제천시 송학면,경상사고,0,0,1,0,차대차 - 추돌 - 진행중,안전운전불이행,기타,맑음,단일로 - 기타,승용,남,48세,상해없음,승용,남,61세,경상
2015030900100379,2015년 3월 9일 18시,월요일,충청북도 청주시 상당구 영동,경상사고,0,0,1,0,차대사람 - 횡단중,신호위반,건조,맑음,교차로 - 교차로안,승용,여,54세,상해없음,보행자,남,53세,경상
2015030900100404,2015년 3월 9일 19시,월요일,충청북도 충주시 성내동,경상사고,0,0,2,0,차대차 - 기타,안전운전불이행,건조,맑음,교차로 - 교차로부근,승용,남,47세,상해없음,승용,남,45세,경상
2015030900100439,2015년 3월 9일 20시,월요일,충청북도 옥천군 옥천읍,경상사고,0,0,2,0,차대차 - 기타,신호위반,건조,맑음,교차로 - 교차로안,승합,남,47세,경상,화물,여,68세,경상
2015030900100466,2015년 3월 9일 21시,월요일,충청북도 청주시 청원구 오창읍,중상사고,0,1,0,0,차대차 - 기타,안전운전불이행,건조,맑음,교차로 - 교차로부근,승용,남,47세,기타불명,승용,여,61세,상해없음
2015030900100499,2015년 3월 9일 22시,월요일,충청북도 제천시 신월동,중상사고,0,1,0,0,차대사람 - 횡단중,안전운전불이행,건조,맑음,단일로 - 기타,승용,남,18세,상해없음,보행자,여,21세,중상
2015030900100500,2015년 3월 9일 22시,월요일,충청북도 보은군 보은읍,부상신고사고,0,0,0,3,차대차 - 추돌 - 주정차중,안전운전불이행,건조,맑음,교차로 - 교차로부근,승용,남,52세,상해없음,승용,여,43세,부상신고
2015030900100501,2015년 3월 9일 22시,월요일,충청북도 청주시 흥덕구 오송읍,경상사고,0,0,1,0,차대사람 - 횡단중,안전운전불이행,건조,맑음,교차로 - 교차로안,승용,남,29세,상해없음,보행자,남,41세,경상
2015030900100520,2015년 3월 9일 23시,월요일,충청북도 청주시 청원구 율량동,경상사고,0,0,2,0,차대차 - 측면직각충돌,교차로운행방법위반,건조,맑음,교차로 - 교차로안,승용,남,36세,상해없음,승용,여,40세,경상
2015031000100036,2015년 3월 10일 03시,화요일,충청북도 충주시 용관동,중상사고,0,1,0,0,차량단독 - 공작물충돌,안전운전불이행,건조,맑음,단일로 - 기타,승용,남,23세,중상,,,,
2015031000100102,2015년 3월 10일 08시,화요일,충청북도 제천시 명동,경상사고,0,0,1,0,차대차 - 측면직각충돌,신호위반,건조,맑음,교차로 - 교차로안,승용,여,46세,상해없음,승용,남,54세,경상
2015031000100103,2015년 3월 10일 08시,화요일,충청북도 청주시 흥덕구 봉명동,경상사고,0,0,1,0,차대차 - 추돌 - 진행중,안전운전불이행,건조,맑음,교차로 - 교차로부근,화물,남,49세,상해없음,승용,남,47세,경상
2015031000100104,2015년 3월 10일 08시,화요일,충청북도 청주시 상당구 남일면,중상사고,0,1,2,0,차대차 - 측면직각충돌,안전운전불이행,건조,맑음,단일로 - 기타,승용,남,51세,상해없음,승용,남,30세,중상
2015031000100141,2015년 3월 10일 09시,화요일,충청북도 청주시 서원구 사직동,경상사고,0,0,1,0,차대차 - 기타,안전운전불이행,건조,맑음,단일로 - 기타,승용,여,56세,상해없음,자전거,남,78세,경상
2015031000100163,2015년 3월 10일 10시,화요일,충청북도 단양군 가곡면,중상사고,0,1,0,0,차대차 - 측면직각충돌,중앙선침범,건조,맑음,단일로 - 기타,승용,여,49세,상해없음,이륜,남,49세,중상
2015031000100238,2015년 3월 10일 13시,화요일,충청북도 보은군 탄부면,경상사고,0,0,2,0,차대차 - 측면직각충돌,직진우회전진행방해,건조,맑음,교차로 - 교차로부근,화물,남,55세,경상,승용,여,49세,경상
2015031000100261,2015년 3월 10일 14시,화요일,충청북도 제천시 수산면,중상사고,0,2,0,0,차대차 - 측면직각충돌,직진우회전진행방해,건조,맑음,교차로 - 교차로안,승용,남,54세,상해없음,승용,여,52세,중상
2015031000100262,2015년 3월 10일 14시,화요일,충청북도 제천시 봉양읍,중상사고,0,1,0,0,차대차 - 측면직각충돌,신호위반,건조,맑음,교차로 - 교차로안,승용,남,73세,상해없음,승용,남,59세,상해없음
2015031000100288,2015년 3월 10일 15시,화요일,충청북도 충주시 앙성면,경상사고,0,0,1,0,차량단독 - 공작물충돌,안전운전불이행,건조,맑음,교차로 - 교차로부근,승용,남,54세,경상,,,,
2015031000100328,2015년 3월 10일 16시,화요일,충청북도 청주시 상당구 수동,중상사고,0,1,1,0,차대사람 - 기타,안전운전불이행,건조,맑음,교차로 - 교차로부근,승용,여,24세,상해없음,보행자,여,79세,중상
2015031000100329,2015년 3월 10일 16시,화요일,충청북도 충주시 성서동,경상사고,0,0,1,0,차대사람 - 기타,안전운전불이행,건조,맑음,기타 - 기타,승용,남,46세,상해없음,보행자,여,15세,경상
2015031000100358,2015년 3월 10일 17시,화요일,충청북도 제천시 하소동,중상사고,0,1,0,0,차대사람 - 기타,안전운전불이행,건조,맑음,단일로 - 기타,승용,남,47세,상해없음,보행자,남,10세,중상
2015031000100392,2015년 3월 10일 18시,화요일,충청북도 증평군 증평읍,중상사고,0,1,0,0,차대사람 - 횡단중,안전운전불이행,건조,맑음,교차로 - 교차로안,승용,남,18세,상해없음,보행자,남,52세,중상
2015031000100460,2015년 3월 10일 20시,화요일,충청북도 제천시 청전동,중상사고,0,1,0,0,차대사람 - 기타,안전운전불이행,건조,맑음,교차로 - 교차로안,승용,여,54세,상해없음,보행자,남,60세,중상
2015031000100461,2015년 3월 10일 20시,화요일,충청북도 제천시 송학면,경상사고,0,0,1,0,차대차 - 측면직각충돌,안전운전불이행,건조,맑음,기타 - 기타,승용,남,59세,상해없음,승용,여,52세,경상
2015031000100533,2015년 3월 10일 23시,화요일,충청북도 청주시 흥덕구 강서동,중상사고,0,1,0,0,차대차 - 추돌 - 진행중,안전운전불이행,건조,맑음,교차로 - 교차로부근,승용,여,38세,상해없음,승용,여,48세,중상
2015031100100008,2015년 3월 11일 00시,수요일,충청북도 청주시 상당구 용담동,경상사고,0,0,1,0,차대차 - 측면직각충돌,안전운전불이행,건조,맑음,교차로 - 교차로안,승용,남,51세,상해없음,승용,남,44세,상해없음
2015031100100039,2015년 3월 11일 03시,수요일,충청북도 청주시 서원구 사창동,경상사고,0,0,1,0,차대차 - 기타,중앙선침범,건조,맑음,기타 - 기타,승용,남,36세,상해없음,승용,남,49세,경상
2015031100100055,2015년 3월 11일 05시,수요일,충청북도 음성군 삼성면,중상사고,0,1,1,0,차대차 - 추돌 - 진행중,안전운전불이행,건조,맑음,단일로 - 기타,화물,남,46세,중상,화물,남,63세,경상
2015031100100068,2015년 3월 11일 06시,수요일,충청북도 청주시 청원구 사천동,사망사고,1,0,0,0,차대사람 - 기타,과속,건조,맑음,단일로 - 기타,승용,남,41세,상해없음,보행자,남,83세,사망
2015031100100115,2015년 3월 11일 08시,수요일,충청북도 영동군 영동읍,중상사고,0,1,3,0,차대차 - 추돌 - 진행중,중앙선침범,건조,맑음,단일로 - 기타,승용,남,56세,상해없음,승용,남,45세,중상
2015031100100147,2015년 3월 11일 09시,수요일,충청북도 진천군 덕산면,경상사고,0,0,1,0,차대차 - 측면직각충돌,신호위반,건조,맑음,교차로 - 교차로안,승용,남,28세,상해없음,승용,남,37세,경상
2015031100100148,2015년 3월 11일 09시,수요일,충청북도 청주시 서원구 성화동,경상사고,0,0,1,0,차대사람 - 기타,보행자보호의무위반,건조,맑음,교차로 - 교차로안,승용,남,46세,상해없음,보행자,남,63세,경상
2015031100100194,2015년 3월 11일 11시,수요일,충청북도 청주시 흥덕구 복대동,경상사고,0,0,2,0,차대차 - 기타,안전운전불이행,건조,맑음,교차로 - 교차로부근,승용,남,49세,상해없음,승용,남,41세,경상
2015031100100234,2015년 3월 11일 13시,수요일,충청북도 음성군 감곡면,경상사고,0,0,1,0,차대차 - 기타,교차로운행방법위반,건조,맑음,교차로 - 교차로안,이륜,남,60세,상해없음,이륜,남,34세,경상
2015031100100268,2015년 3월 11일 14시,수요일,충청북도 영동군 영동읍,중상사고,0,1,1,0,차대차 - 측면직각충돌,신호위반,건조,맑음,교차로 - 교차로안,건설기계,남,61세,상해없음,화물,여,64세,경상