사고번호,사고일시,요일,시군구,사고내용,사망자수,중상자수,경상자수,부상신고자수,사고유형,법규위반,노면상태,기상상태,도로형태,가해운전자 차종,가해운전자 성별,가해운전자 연령,가해운전자 상해정도,피해운전자 차종,피해운전자 성별,피해운전자 연령,피해운전자 상해정도
2015031100100294,2015년 3월 11일 15시,수요일,충청북도 청주시 상당구 북문로3가동,경상사고,0,0,1,0,차량단독 - 기타,안전운전불이행,건조,맑음,단일로 - 기타,승합,남,52세,기타불명,,,,
2015031100100295,2015년 3월 11일 15시,수요일,충청북도 청주시 흥덕구 봉명동,경상사고,0,0,1,0,차대사람 - 기타,안전운전불이행,건조,맑음,단일로 - 기타,자전거,남,13세,기타불명,보행자,여,63세,경상
2015031100100326,2015년 3월 11일 16시,수요일,충청북도 음성군 맹동면,경상사고,0,0,1,0,차대차 - 추돌 - 진행중,안전운전불이행,건조,맑음,단일로 - 기타,이륜,남,38세,경상,승용,남,41세,상해없음
2015031100100394,2015년 3월 11일 18시,수요일,충청북도 청주시 서원구 산남동,중상사고,0,1,1,0,차대차 - 기타,안전운전불이행,건조,맑음,단일로 - 기타,이륜,남,39세,중상,승용,남,55세,경상
2015031100100433,2015년 3월 11일 19시,수요일,충청북도 괴산군 괴산읍,경상사고,0,0,1,0,차대사람 - 길가장자리구역통행중,안전운전불이행,건조,맑음,단일로 - 기타,승용,남,65세,상해없음,보행자,여,23세,경상
2015031100100459,2015년 3월 11일 20시,수요일,충청북도 음성군 감곡면,중상사고,0,1,0,0,차대사람 - 차도통행중,안전운전불이행,건조,맑음,단일로 - 기타,승용,남,62세,상해없음,보행자,남,62세,중상
2015031100100460,2015년 3월 11일 20시,수요일,충청북도 진천군 진천읍,중상사고,0,1,0,0,차대사람 - 보도통행중,보행자보호의무위반,건조,맑음,단일로 - 횡단보도상,승용,남,41세,상해없음,보행자,남,62세,중상
2015031100100461,2015년 3월 11일 20시,수요일,충청북도 청주시 흥덕구 봉명동,경상사고,0,0,3,0,차대차 - 기타,안전거리미확보,건조,맑음,단일로 - 기타,승용,남,72세,경상,승용,남,47세,경상
2015031100100462,2015년 3월 11일 20시,수요일,충청북도 청주시 상당구 영운동,경상사고,0,0,1,0,차대차 - 기타,안전운전불이행,건조,맑음,교차로 - 교차로부근,승용,남,56세,상해없음,승용,남,43세,경상
2015031100100532,2015년 3월 11일 22시,수요일,충청북도 청주시 흥덕구 가경동,경상사고,0,0,1,0,차량단독 - 기타,기타,건조,맑음,단일로 - 기타,승합,남,57세,상해없음,,,,
2015031100100533,2015년 3월 11일 22시,수요일,충청북도 청주시 상당구 탑동,경상사고,0,0,1,0,차대사람 - 기타,신호위반,건조,맑음,교차로 - 교차로안,승용,여,26세,상해없음,보행자,여,66세,경상
2015031100100565,2015년 3월 11일 23시,수요일,충청북도 청주시 흥덕구 봉명동,중상사고,0,2,1,0,차대차 - 측면직각충돌,안전운전불이행,건조,맑음,단일로 - 기타,승용,남,32세,상해없음,승용,남,59세,경상
2015031200100009,2015년 3월 12일 00시,목요일,충청북도 청주시 흥덕구 가경동,경상사고,0,0,1,0,차대사람 - 기타,안전운전불이행,건조,맑음,기타 - 기타,승용,여,44세,상해없음,보행자,여,85세,경상
2015031200100099,2015년 3월 12일 07시,목요일,충청북도 청주시 청원구 율량동,경상사고,0,0,2,0,차대차 - 기타,안전운전불이행,건조,맑음,단일로 - 기타,승용,남,48세,상해없음,승용,남,22세,경상
2015031200100100,2015년 3월 12일 07시,목요일,충청북도 증평군 증평읍,중상사고,0,1,0,0,차대사람 - 기타,안전운전불이행,건조,맑음,단일로 - 기타,승용,여,46세,상해없음,보행자,남,59세,중상
2015031200100140,2015년 3월 12일 08시,목요일,충청북도 충주시 교현동,경상사고,0,0,2,0,차대차 - 측면직각충돌,안전운전불이행,건조,맑음,단일로 - 기타,승용,여,55세,상해없음,승합,여,50세,경상
2015031200100205,2015년 3월 12일 10시,목요일,충청북도 충주시 용탄동,중상사고,0,2,0,0,차대차 - 기타,직진우회전진행방해,건조,맑음,교차로 - 교차로안,화물,남,56세,상해없음,이륜,남,75세,중상
2015031200100206,2015년 3월 12일 10시,목요일,충청북도 청주시 상당구 남문로1가동,중상사고,0,1,2,0,차대차 - 정면충돌,안전운전불이행,건조,맑음,단일로 - 기타,승용,남,35세,상해없음,화물,남,34세,경상
2015031200100241,2015년 3월 12일 11시,목요일,충청북도 충주시 용산동,경상사고,0,0,2,0,차대차 - 기타,기타,건조,맑음,교차로 - 교차로안,승용,남,45세,상해없음,승용,여,33세,경상
2015031200100263,2015년 3월 12일 12시,목요일,충청북도 청주시 흥덕구 옥산면,경상사고,0,0,1,0,차대차 - 기타,차로위반,건조,맑음,단일로 - 기타,승용,여,52세,상해없음,화물,남,64세,경상
2015031200100288,2015년 3월 12일 13시,목요일,충청북도 제천시 한수면,경상사고,0,0,1,0,차량단독 - 전도전복,안전운전불이행,건조,맑음,단일로 - 기타,원동기,남,75세,경상,,,,
2015031200100289,2015년 3월 12일 13시,목요일,충청북도 청주시 서원구 분평동,중상사고,0,1,0,0,차대차 - 측면직각충돌,안전운전불이행,건조,맑음,단일로 - 기타,승용,여,53세,상해없음,원동기,남,46세,중상
2015031200100320,2015년 3월 12일 14시,목요일,충청북도 청주시 흥덕구 가경동,경상사고,0,0,1,0,차대사람 - 기타,불법유턴,건조,맑음,단일로 - 기타,승용,여,44세,상해없음,보행자,남,24세,경상
2015031200100350,2015년 3월 12일 15시,목요일,충청북도 청주시 서원구 수곡동,중상사고,0,1,0,0,차대차 - 추돌 - 진행중,안전운전불이행,건조,맑음,교차로 - 교차로부근,승용,남,76세,상해없음,승용,남,26세,중상
2015031200100410,2015년 3월 12일 17시,목요일,충청북도 증평군 증평읍,사망사고,1,0,0,0,차대사람 - 횡단중,신호위반,건조,맑음,교차로 - 교차로부근,화물,남,44세,상해없음,보행자,여,86세,사망
2015031200100445,2015년 3월 12일 18시,목요일,충청북도 충주시 앙성면,경상사고,0,0,1,0,차대차 - 기타,안전운전불이행,건조,맑음,단일로 - 기타,화물,남,52세,상해없음,자전거,남,33세,경상
2015031200100446,2015년 3월 12일 18시,목요일,충청북도 영동군 영동읍,중상사고,0,1,0,1,차대차 - 기타,직진우회전진행방해,건조,맑음,교차로 - 교차로안,승용,여,68세,부상신고,이륜,남,19세,중상
2015031200100447,2015년 3월 12일 18시,목요일,충청북도 청주시 흥덕구 복대동,중상사고,0,1,1,0,차대차 - 측면직각충돌,신호위반,건조,맑음,교차로 - 교차로안,이륜,남,19세,중상,승용,남,29세,경상
2015031200100499,2015년 3월 12일 19시,목요일,충청북도 충주시 금릉동,경상사고,0,0,4,0,차대차 - 추돌 - 진행중,안전운전불이행,건조,맑음,단일로 - 기타,승용,남,46세,상해없음,승용,남,57세,경상
2015031200100500,2015년 3월 12일 19시,목요일,충청북도 충주시 연수동,부상신고사고,0,0,0,1,차대차 - 기타,안전운전불이행,건조,맑음,단일로 - 기타,이륜,남,30세,부상신고,승용,남,26세,상해없음
2015031200100501,2015년 3월 12일 19시,목요일,충청북도 제천시 화산동,경상사고,0,0,1,1,차대차 - 측면직각충돌,직진우회전진행방해,건조,맑음,교차로 - 교차로안,승용,남,55세,부상신고,승용,남,23세,경상
2015031200100502,2015년 3월 12일 19시,목요일,충청북도 청주시 흥덕구 봉명동,중상사고,0,1,0,0,차대사람 - 기타,안전운전불이행,건조,맑음,단일로 - 기타,승용,남,47세,상해없음,보행자,남,4세,중상
2015031200100503,2015년 3월 12일 19시,목요일,충청북도 청주시 흥덕구 복대동,경상사고,0,0,2,0,차대차 - 기타,안전운전불이행,건조,맑음,교차로 - 교차로부근,승용,남,64세,상해없음,승용,여,58세,경상
2015031200100504,2015년 3월 12일 19시,목요일,충청북도 청주시 상당구 미원면,중상사고,0,1,1,0,차대차 - 기타,안전운전불이행,건조,맑음,교차로 - 교차로부근,화물,남,62세,경상,승용,여,53세,중상
2015031200100544,2015년 3월 12일 20시,목요일,충청북도 음성군 삼성면,경상사고,0,0,1,0,차량단독 - 공작물충돌,안전운전불이행,건조,맑음,단일로 - 기타,승용,남,30세,경상,,,,
2015031200100545,2015년 3월 12일 20시,목요일,충청북도 청주시 서원구 성화동,중상사고,0,1,0,0,차대사람 - 기타,보행자보호의무위반,건조,맑음,교차로 - 교차로부근,승용,남,60세,상해없음,보행자,여,11세,중상
2015031200100546,2015년 3월 12일 20시,목요일,충청북도 청주시 상당구 탑동,중상사고,0,1,1,0,차대차 - 추돌 - 진행중,안전운전불이행,건조,맑음,교차로 - 교차로부근,승용,남,68세,상해없음,승용,남,41세,중상
2015031200100577,2015년 3월 12일 21시,목요일,충청북도 충주시 교현동,경상사고,0,0,1,0,차대차 - 기타,안전거리미확보,건조,맑음,단일로 - 기타,승용,남,51세,상해없음,이륜,남,20세,경상
2015031200100618,2015년 3월 12일 22시,목요일,충청북도 충주시 단월동,부상신고사고,0,0,0,1,차대사람 - 기타,안전운전불이행,건조,맑음,단일로 - 기타,기타불명,기타불명,16세,기타불명,보행자,여,22세,부상신고
2015031300100012,2015년 3월 13일 00시,금요일,충청북도 청주시 흥덕구 송정동,경상사고,0,0,1,0,차대차 - 기타,신호위반,건조,맑음,교차로 - 교차로안,기타불명,기타불명,기타불명,기타불명,승용,남,55세,상해없음
2015031300100055,2015년 3월 13일 04시,금요일,충청북도 충주시 칠금동,중상사고,0,1,0,0,차대차 - 기타,신호위반,건조,맑음,교차로 - 교차로안,승용,남,19세,상해없음,승용,남,43세,중상
2015031300100066,2015년 3월 13일 05시,금요일,충청북도 청주시 흥덕구 복대동,경상사고,0,0,2,0,차대차 - 측면직각충돌,신호위반,습기,비,교차로 - 교차로안,승용,여,41세,상해없음,승용,남,66세,경상
2015031300100098,2015년 3월 13일 07시,금요일,충청북도 충주시 소태면,부상신고사고,0,0,0,1,차량단독 - 기타,안전운전불이행,습기,비,단일로 - 기타,승용,남,24세,부상신고,,,,
2015031300100099,2015년 3월 13일 07시,금요일,충청북도 충주시 호암동,중상사고,0,1,1,0,차대차 - 기타,신호위반,습기,비,교차로 - 교차로안,승용,남,46세,중상,승합,남,44세,경상
2015031300100134,2015년 3월 13일 08시,금요일,충청북도 충주시 용산동,경상사고,0,0,1,0,차대사람 - 기타,보행자보호의무위반,습기,비,단일로 - 기타,승용,남,36세,상해없음,보행자,남,12세,경상
2015031300100135,2015년 3월 13일 08시,금요일,충청북도 영동군 영동읍,경상사고,0,0,1,0,차대차 - 측면직각충돌,안전운전불이행,습기,흐림,교차로 - 교차로안,자전거,여,47세,경상,승용,남,53세,상해없음
2015031300100136,2015년 3월 13일 08시,금요일,충청북도 진천군 진천읍,중상사고,0,1,0,0,차대차 - 측면직각충돌,안전운전불이행,건조,맑음,교차로 - 교차로부근,승용,여,47세,상해없음,승용,남,31세,중상
2015031300100137,2015년 3월 13일 08시,금요일,충청북도 청주시 흥덕구 복대동,중상사고,0,1,0,0,차대사람 - 횡단중,안전운전불이행,습기,비,교차로 - 교차로부근,승용,남,48세,상해없음,보행자,남,15세,중상
2015031300100175,2015년 3월 13일 09시,금요일,충청북도 청주시 흥덕구 복대동,경상사고,0,0,1,0,차대차 - 측면직각충돌,안전운전불이행,습기,비,단일로 - 기타,승합,남,26세,상해없음,승용,남,69세,경상
2015031300100207,2015년 3월 13일 10시,금요일,충청북도 청주시 청원구 내덕동,경상사고,0,0,1,0,차대차 - 기타,안전운전불이행,건조,맑음,교차로 - 교차로안,원동기,남,74세,경상,화물,남,33세,상해없음
2015031300100240,2015년 3월 13일 11시,금요일,충청북도 청주시 청원구 율량동,중상사고,0,1,0,0,차대차 - 기타,안전운전불이행,건조,맑음,단일로 - 기타,자전거,남,88세,중상,승용,남,40세,상해없음
2015031300100273,2015년 3월 13일 12시,금요일,충청북도 청주시 청원구 율량동,중상사고,0,2,0,0,차대사람 - 기타,신호위반,건조,맑음,교차로 - 교차로부근,승용,남,76세,상해없음,보행자,여,54세,중상
2015031300100306,2015년 3월 13일 13시,금요일,충청북도 음성군 감곡면,경상사고,0,0,1,0,차대사람 - 기타,안전운전불이행,건조,맑음,단일로 - 기타,승용,남,21세,상해없음,보행자,남,21세,경상
2015031300100325,2015년 3월 13일 14시,금요일,충청북도 청주시 상당구 문화동,경상사고,0,0,3,0,차대차 - 기타,안전운전불이행,건조,맑음,교차로 - 교차로부근,승용,여,54세,상해없음,승용,여,22세,경상
2015031300100366,2015년 3월 13일 15시,금요일,충청북도 보은군 보은읍,중상사고,0,1,0,0,차대사람 - 기타,안전운전불이행,건조,맑음,교차로 - 교차로부근,화물,남,55세,상해없음,보행자,남,89세,중상
2015031300100367,2015년 3월 13일 15시,금요일,충청북도 청주시 상당구 월오동,중상사고,0,3,0,0,차대차 - 정면충돌,중앙선침범,건조,맑음,단일로 - 기타,승용,남,34세,중상,승용,남,70세,중상
2015031300100517,2015년 3월 13일 19시,금요일,충청북도 음성군 금왕읍,중상사고,0,1,0,0,차대사람 - 길가장자리구역통행중,안전운전불이행,건조,맑음,단일로 - 기타,승용,남,35세,상해없음,보행자,남,57세,중상
2015031300100518,2015년 3월 13일 19시,금요일,충청북도 옥천군 이원면,중상사고,0,1,0,0,차량단독 - 기타,안전운전불이행,건조,맑음,단일로 - 기타,원동기,남,70세,중상,,,,
2015031300100519,2015년 3월 13일 19시,금요일,충청북도 청주시 흥덕구 봉명동,중상사고,0,2,0,0,차대차 - 측면직각충돌,교차로운행방법위반,건조,맑음,교차로 - 교차로안,이륜,남,33세,중상,이륜,남,17세,중상
2015031300100520,2015년 3월 13일 19시,금요일,충청북도 청주시 흥덕구 외북동,경상사고,0,0,2,0,차대차 - 측면직각충돌,안전운전불이행,건조,맑음,교차로 - 교차로부근,승용,남,53세,상해없음,승용,여,31세,경상
2015031300100521,2015년 3월 13일 19시,금요일,충청북도 청주시 흥덕구 봉명동,경상사고,0,0,1,0,차대사람 - 기타,안전운전불이행,건조,맑음,기타 - 기타,승용,여,55세,기타불명,보행자,여,17세,경상
2015031300100522,2015년 3월 13일 19시,금요일,충청북도 청주시 상당구 영운동,경상사고,0,0,2,0,차대차 - 측면직각충돌,신호위반,건조,맑음,교차로 - 교차로안,승용,남,62세,상해없음,승용,남,57세,경상
2015031300100567,2015년 3월 13일 20시,금요일,충청북도 청주시 청원구 내덕동,경상사고,0,0,2,0,차대차 - 기타,안전운전불이행,건조,맑음,교차로 - 교차로부근,승용,여,32세,경상,승용,여,45세,경상
2015031300100568,2015년 3월 13일 20시,금요일,충청북도 제천시 의림동,경상사고,0,0,1,0,차대차 - 추돌 - 진행중,안전운전불이행,건조,맑음,단일로 - 기타,승용,여,39세,상해없음,승용,남,53세,상해없음
2015031300100569,2015년 3월 13일 20시,금요일,충청북도 청주시 서원구 모충동,경상사고,0,0,1,0,차대사람 - 기타,안전운전불이행,건조,맑음,단일로 - 기타,승용,남,49세,상해없음,보행자,남,55세,경상
2015031300100614,2015년 3월 13일 21시,금요일,충청북도 증평군 증평읍,중상사고,0,1,1,0,차대차 - 측면직각충돌,신호위반,건조,맑음,교차로 - 교차로안,승용,남,51세,중상,승용,남,24세,경상
2015031300100615,2015년 3월 13일 21시,금요일,충청북도 보은군 탄부면,경상사고,0,0,1,0,차대차 - 측면직각충돌,안전운전불이행,건조,맑음,단일로 - 기타,화물,남,46세,상해없음,건설기계,남,58세,경상
2015031400100043,2015년 3월 14일 01시,토요일,충청북도 청주시 흥덕구 복대동,중상사고,0,2,1,0,차대차 - 측면직각충돌,신호위반,건조,맑음,교차로 - 교차로안,승용,남,32세,경상,승용,남,36세,중상
2015031400100069,2015년 3월 14일 02시,토요일,충청북도 청주시 청원구 주중동,경상사고,0,0,1,0,차대차 - 추돌 - 주정차중,안전운전불이행,건조,맑음,교차로 - 교차로안,승용,남,42세,상해없음,승용,남,49세,경상
2015031400100123,2015년 3월 14일 06시,토요일,충청북도 음성군 대소면,경상사고,0,0,1,0,차대사람 - 횡단중,신호위반,건조,맑음,교차로 - 교차로부근,승용,여,47세,상해없음,보행자,여,30세,경상
2015031400100157,2015년 3월 14일 08시,토요일,충청북도 청주시 흥덕구 강서동,경상사고,0,0,1,0,차대차 - 추돌 - 진행중,안전운전불이행,건조,맑음,교차로 - 교차로부근,승용,남,26세,상해없음,승용,남,54세,경상
2015031400100158,2015년 3월 14일 08시,토요일,충청북도 청주시 상당구 남일면,경상사고,0,0,1,0,차대차 - 측면직각충돌,안전운전불이행,건조,맑음,단일로 - 기타,건설기계,남,53세,상해없음,화물,남,61세,경상
2015031400100218,2015년 3월 14일 10시,토요일,충청북도 청주시 흥덕구 옥산면,경상사고,0,0,1,0,차대차 - 기타,교차로운행방법위반,건조,맑음,교차로 - 교차로안,승용,남,50세,상해없음,승용,남,25세,상해없음
2015031400100246,2015년 3월 14일 11시,토요일,충청북도 제천시 금성면,경상사고,0,0,1,0,차대차 - 추돌 - 주정차중,안전운전불이행,건조,맑음,교차로 - 교차로부근,승합,남,52세,상해없음,승용,여,31세,경상
2015031400100247,2015년 3월 14일 11시,토요일,충청북도 청주시 상당구 용정동,경상사고,0,0,1,0,차대사람 - 기타,안전운전불이행,건조,맑음,교차로 - 교차로부근,승용,남,61세,상해없음,보행자,남,24세,경상
2015031400100292,2015년 3월 14일 12시,토요일,충청북도 청주시 서원구 현도면,경상사고,0,0,1,0,차대차 - 추돌 - 진행중,안전운전불이행,건조,맑음,단일로 - 기타,건설기계,남,49세,상해없음,승용,남,28세,경상
2015031400100365,2015년 3월 14일 14시,토요일,충청북도 청주시 서원구 개신동,경상사고,0,0,3,0,차대차 - 측면직각충돌,안전운전불이행,건조,맑음,교차로 - 교차로부근,승용,남,25세,상해없음,승합,남,40세,경상
2015031400100366,2015년 3월 14일 14시,토요일,충청북도 청주시 서원구 모충동,경상사고,0,0,1,0,차대차 - 측면직각충돌,안전운전불이행,건조,맑음,교차로 - 교차로안,승합,남,50세,상해없음,승용,남,59세,경상
2015031400100402,2015년 3월 14일 15시,토요일,충청북도 청주시 서원구 성화동,중상사고,0,1,1,0,차대차 - 측면직각충돌,신호위반,건조,맑음,교차로 - 교차로안,화물,남,66세,상해없음,승용,남,25세,중상
2015031400100443,2015년 3월 14일 16시,토요일,충청북도 음성군 대소면,사망사고,1,1,0,0,차대차 - 기타,신호위반,건조,맑음,교차로 - 교차로안,이륜,남,21세,중상,승용,여,32세,상해없음
2015031400100521,2015년 3월 14일 18시,토요일,충청북도 청주시 흥덕구 비하동,경상사고,0,0,1,0,차대차 - 측면직각충돌,안전운전불이행,건조,맑음,교차로 - 교차로부근,승용,남,49세,상해없음,승용,남,49세,경상
2015031400100557,2015년 3월 14일 19시,토요일,충청북도 청주시 서원구 사직동,중상사고,0,1,1,0,차대차 - 추돌 - 주정차중,안전운전불이행,건조,맑음,단일로 - 기타,승용,여,56세,상해없음,원동기,남,26세,중상
2015031400100558,2015년 3월 14일 19시,토요일,충청북도 청주시 상당구 대성동,경상사고,0,0,2,0,차대차 - 측면직각충돌,안전운전불이행,건조,맑음,단일로 - 기타,승용,남,68세,상해없음,승용,남,25세,경상
2015031400100590,2015년 3월 14일 20시,토요일,충청북도 증평군 증평읍,경상사고,0,0,1,0,차대사람 - 기타,보행자보호의무위반,건조,맑음,교차로 - 교차로부근,기타불명,기타불명,기타불명,기타불명,보행자,남,15세,경상
2015031400100591,2015년 3월 14일 20시,토요일,충청북도 단양군 단양읍,중상사고,0,1,0,0,차대차 - 측면직각충돌,안전거리미확보,건조,맑음,단일로 - 기타,승합,남,30세,상해없음,승용,여,57세,중상
2015031400100592,2015년 3월 14일 20시,토요일,충청북도 청주시 흥덕구 복대동,중상사고,0,2,0,0,차대차 - 측면직각충돌,신호위반,건조,맑음,교차로 - 교차로안,승용,남,25세,상해없음,승용,남,51세,중상
2015031400100617,2015년 3월 14일 21시,토요일,충청북도 음성군 음성읍,경상사고,0,0,1,0,차대차 - 기타,안전운전불이행,건조,맑음,교차로 - 교차로안,화물,남,53세,상해없음,이륜,남,18세,경상
2015031500100008,2015년 3월 15일 00시,일요일,충청북도 충주시 문화동,중상사고,0,1,1,0,차대차 - 추돌 - 진행중,안전운전불이행,건조,맑음,단일로 - 기타,승용,남,20세,상해없음,승용,남,47세,경상
2015031500100009,2015년 3월 15일 00시,일요일,충청북도 음성군 금왕읍,부상신고사고,0,0,0,1,차량단독 - 공작물충돌,안전운전불이행,건조,맑음,단일로 - 기타,승용,남,39세,부상신고,,,,
2015031500100010,2015년 3월 15일 00시,일요일,충청북도 청주시 흥덕구 복대동,경상사고,0,0,1,0,차대차 - 기타,안전운전불이행,건조,맑음,교차로 - 교차로부근,승용,남,37세,상해없음,승용,남,57세,경상
2015031500100011,2015년 3월 15일 00시,일요일,충청북도 청주시 상당구 수동,경상사고,0,0,2,0,차대차 - 측면직각충돌,안전운전불이행,건조,맑음,교차로 - 교차로부근,승용,남,58세,경상,승용,남,25세,경상
2015031500100032,2015년 3월 15일 01시,일요일,충청북도 청주시 청원구 내덕동,경상사고,0,0,1,0,차대차 - 기타,중앙선침범,건조,맑음,단일로 - 기타,승용,남,50세,상해없음,승용,남,57세,경상
2015031500100033,2015년 3월 15일 01시,일요일,충청북도 청주시 상당구 용정동,경상사고,0,0,1,0,차대사람 - 기타,안전운전불이행,건조,맑음,단일로 - 기타,기타불명,기타불명,기타불명,기타불명,보행자,남,22세,경상
2015031500100056,2015년 3월 15일 03시,일요일,충청북도 제천시 교동,중상사고,0,1,0,0,차대사람 - 기타,안전운전불이행,건조,맑음,교차로 - 교차로부근,승용,남,32세,상해없음,보행자,여,46세,중상
2015031500100095,2015년 3월 15일 06시,일요일,충청북도 청주시 청원구 오창읍,경상사고,0,0,1,0,차대차 - 측면직각충돌,신호위반,건조,맑음,교차로 - 교차로안,승용,남,30세,상해없음,승용,남,60세,경상
2015031500100110,2015년 3월 15일 07시,일요일,충청북도 진천군 광혜원면,경상사고,0,0,1,0,차량단독 - 공작물충돌,안전운전불이행,기타,기타,단일로 - 기타,화물,남,28세,상해없음,,,,
2015031500100146,2015년 3월 15일 09시,일요일,충청북도 괴산군 괴산읍,부상신고사고,0,0,0,1,차대차 - 측면직각충돌,안전운전불이행,건조,맑음,교차로 - 교차로안,원동기,남,46세,부상신고,승용,여,40세,상해없음
2015031500100188,2015년 3월 15일 11시,일요일,충청북도 단양군 적성면,중상사고,0,1,0,0,차대차 - 측면직각충돌,중앙선침범,건조,흐림,단일로 - 기타,화물,남,71세,상해없음,승용,남,41세,중상
2015031500100189,2015년 3월 15일 11시,일요일,충청북도 청주시 서원구 개신동,경상사고,0,0,1,0,차대차 - 측면직각충돌,중앙선침범,건조,맑음,교차로 - 교차로안,승용,여,48세,상해없음,원동기,남,48세,경상
2015031500100208,2015년 3월 15일 12시,일요일,충청북도 충주시 성남동,경상사고,0,0,1,0,차대사람 - 기타,보행자보호의무위반,건조,맑음,단일로 - 기타,화물,남,65세,상해없음,보행자,여,36세,경상
2015031500100235,2015년 3월 15일 13시,일요일,충청북도 충주시 충인동,경상사고,0,0,1,0,차대사람 - 기타,안전운전불이행,건조,맑음,단일로 - 기타,승용,여,70세,상해없음,보행자,여,66세,경상
2015031500100268,2015년 3월 15일 14시,일요일,충청북도 충주시 충인동,중상사고,0,1,0,0,차대사람 - 기타,안전운전불이행,건조,맑음,교차로 - 교차로부근,승용,여,40세,상해없음,보행자,남,57세,중상
2015031500100269,2015년 3월 15일 14시,일요일,충청북도 청주시 상당구 문의면,중상사고,0,1,0,0,차대차 - 측면직각충돌,중앙선침범,건조,맑음,단일로 - 기타,승용,여,49세,상해없음,자전거,남,32세,중상
2015031500100307,2015년 3월 15일 15시,일요일,충청북도 청주시 흥덕구 옥산면,경상사고,0,0,2,0,차대차 - 측면직각충돌,안전운전불이행,건조,맑음,교차로 - 교차로부근,화물,남,72세,상해없음,승용,남,43세,경상
2015031500100308,2015년 3월 15일 15시,일요일,충청북도 청주시 상당구 미원면,중상사고,0,1,0,0,차대차 - 기타,안전운전불이행,건조,맑음,단일로 - 기타,이륜,남,72세,중상,승용,남,48세,상해없음
2015031500100372,2015년 3월 15일 17시,일요일,충청북도 청주시 청원구 오창읍,중상사고,0,1,0,0,차대차 - 측면직각충돌,신호위반,건조,맑음,교차로 - 교차로부근,승용,남,24세,상해없음,이륜,남,30세,중상
2015031500100410,2015년 3월 15일 18시,일요일,충청북도 청주시 흥덕구 옥산면,중상사고,0,1,0,0,차대차 - 기타,안전거리미확보,건조,맑음,단일로 - 기타,승용,남,23세,상해없음,승용,남,40세,중상
2015031500100411,2015년 3월 15일 18시,일요일,충청북도 청주시 서원구 분평동,경상사고,0,0,1,0,차량단독 - 기타,안전운전불이행,건조,맑음,단일로 - 기타,승합,남,45세,상해없음,,,,
2015031500100412,2015년 3월 15일 18시,일요일,충청북도 청주시 상당구 서문동,중상사고,0,1,1,0,차대차 - 추돌 - 진행중,안전운전불이행,건조,맑음,교차로 - 교차로부근,승용,여,46세,상해없음,승용,여,26세,경상
2015031500100450,2015년 3월 15일 19시,일요일,충청북도 청주시 서원구 분평동,부상신고사고,0,0,0,1,차대차 - 기타,중앙선침범,건조,맑음,단일로 - 기타,이륜,남,28세,부상신고,승용,남,70세,상해없음
2015031500100483,2015년 3월 15일 20시,일요일,충청북도 청주시 흥덕구 봉명동,경상사고,0,0,1,0,차대사람 - 기타,안전운전불이행,건조,맑음,단일로 - 기타,승용,남,58세,상해없음,보행자,남,52세,경상
2015031500100519,2015년 3월 15일 21시,일요일,충청북도 청주시 상당구 남일면,경상사고,0,0,4,0,차대차 - 기타,안전운전불이행,건조,맑음,단일로 - 기타,승용,남,32세,상해없음,화물,남,19세,경상
2015031500100552,2015년 3월 15일 23시,일요일,충청북도 충주시 금릉동,중상사고,0,1,0,0,차대차 - 기타,신호위반,건조,맑음,교차로 - 교차로안,승용,여,28세,상해없음,승용,여,45세,중상
2015031600100098,2015년 3월 16일 08시,월요일,충청북도 충주시 칠금동,경상사고,0,0,1,0,차대차 - 기타,안전운전불이행,건조,맑음,교차로 - 교차로안,승용,여,32세,상해없음,승용,남,33세,경상
2015031600100099,2015년 3월 16일 08시,월요일,충청북도 보은군 보은읍,중상사고,0,2,1,0,차대차 - 측면직각충돌,직진우회전진행방해,건조,맑음,교차로 - 교차로안,승용,남,82세,경상,화물,남,54세,중상
2015031600100123,2015년 3월 16일 09시,월요일,충청북도 청주시 서원구 사창동,중상사고,0,1,0,0,차대차 - 기타,교차로운행방법위반,건조,맑음,교차로 - 교차로안,승용,남,68세,상해없음,승용,남,33세,중상
2015031600100124,2015년 3월 16일 09시,월요일,충청북도 청주시 청원구 오창읍,경상사고,0,0,1,0,차대차 - 기타,안전운전불이행,건조,맑음,교차로 - 교차로안,화물,남,45세,상해없음,승용,남,59세,경상
2015031600100190,2015년 3월 16일 11시,월요일,충청북도 청주시 청원구 우암동,중상사고,0,1,0,0,차대사람 - 기타,안전운전불이행,건조,맑음,교차로 - 교차로안,승용,여,49세,상해없음,보행자,여,72세,중상
2015031600100225,2015년 3월 16일 12시,월요일,충청북도 충주시 칠금동,중상사고,0,1,0,0,차대차 - 기타,안전운전불이행,건조,맑음,교차로 - 교차로안,화물,남,44세,상해없음,승용,여,33세,중상
2015031600100226,2015년 3월 16일 12시,월요일,충청북도 증평군 증평읍,경상사고,0,0,2,0,차대차 - 측면직각충돌,신호위반,건조,맑음,교차로 - 교차로안,화물,남,49세,상해없음,화물,남,55세,경상