사고번호,사고일시,요일,시군구,사고내용,사망자수,중상자수,경상자수,부상신고자수,사고유형,법규위반,노면상태,기상상태,도로형태,가해운전자 차종,가해운전자 성별,가해운전자 연령,가해운전자 상해정도,피해운전자 차종,피해운전자 성별,피해운전자 연령,피해운전자 상해정도
2015031600100227,2015년 3월 16일 12시,월요일,충청북도 청주시 흥덕구 복대동,부상신고사고,0,0,0,1,차대사람 - 길가장자리구역통행중,안전운전불이행,건조,맑음,단일로 - 기타,기타불명,기타불명,기타불명,기타불명,보행자,여,35세,부상신고
2015031600100262,2015년 3월 16일 13시,월요일,충청북도 청주시 서원구 사창동,경상사고,0,0,1,0,차대차 - 기타,신호위반,건조,맑음,교차로 - 교차로안,승용,남,51세,상해없음,승용,여,29세,경상
2015031600100288,2015년 3월 16일 14시,월요일,충청북도 보은군 보은읍,사망사고,1,0,0,0,차대사람 - 차도통행중,안전운전불이행,건조,맑음,교차로 - 교차로안,승합,남,54세,상해없음,보행자,남,45세,사망
2015031600100314,2015년 3월 16일 15시,월요일,충청북도 청주시 청원구 내덕동,경상사고,0,0,1,0,차대사람 - 길가장자리구역통행중,안전운전불이행,건조,맑음,단일로 - 기타,기타불명,기타불명,기타불명,기타불명,보행자,남,70세,경상
2015031600100315,2015년 3월 16일 15시,월요일,충청북도 충주시 중앙탑면,중상사고,0,1,0,0,차대사람 - 기타,안전운전불이행,건조,맑음,교차로 - 교차로안,화물,남,67세,상해없음,보행자,남,77세,중상
2015031600100316,2015년 3월 16일 15시,월요일,충청북도 증평군 증평읍,경상사고,0,0,1,0,차대차 - 측면직각충돌,신호위반,건조,맑음,교차로 - 교차로안,승용,남,21세,상해없음,화물,남,64세,상해없음
2015031600100351,2015년 3월 16일 16시,월요일,충청북도 청주시 청원구 우암동,경상사고,0,0,1,0,차대차 - 추돌 - 진행중,안전운전불이행,건조,맑음,단일로 - 기타,승용,남,27세,상해없음,승용,남,45세,경상
2015031600100352,2015년 3월 16일 16시,월요일,충청북도 청주시 서원구 개신동,경상사고,0,0,2,0,차대차 - 기타,안전운전불이행,건조,맑음,교차로 - 교차로부근,승용,남,70세,상해없음,승용,남,55세,경상
2015031600100384,2015년 3월 16일 17시,월요일,충청북도 음성군 삼성면,중상사고,0,1,0,0,차대차 - 기타,안전운전불이행,건조,맑음,단일로 - 기타,화물,남,54세,상해없음,원동기,남,76세,중상
2015031600100385,2015년 3월 16일 17시,월요일,충청북도 청주시 흥덕구 송정동,경상사고,0,0,2,0,차대차 - 기타,안전운전불이행,건조,맑음,교차로 - 교차로부근,승용,남,62세,상해없음,승용,남,60세,경상
2015031600100386,2015년 3월 16일 17시,월요일,충청북도 청주시 흥덕구 복대동,경상사고,0,0,1,0,차대차 - 측면직각충돌,안전운전불이행,건조,맑음,교차로 - 교차로안,승용,남,52세,상해없음,승용,남,35세,경상
2015031600100465,2015년 3월 16일 19시,월요일,충청북도 음성군 감곡면,경상사고,0,0,4,0,차대차 - 기타,교차로운행방법위반,건조,맑음,교차로 - 교차로안,승용,남,54세,상해없음,승용,여,64세,경상
2015031600100466,2015년 3월 16일 19시,월요일,충청북도 음성군 대소면,중상사고,0,1,1,0,차대차 - 기타,차로위반,건조,맑음,단일로 - 기타,원동기,남,19세,경상,승용,남,24세,상해없음
2015031600100502,2015년 3월 16일 20시,월요일,충청북도 괴산군 청안면,중상사고,0,1,0,0,차량단독 - 도로외이탈 - 추락,안전운전불이행,건조,맑음,단일로 - 기타,이륜,남,59세,중상,,,,
2015031600100503,2015년 3월 16일 20시,월요일,충청북도 청주시 서원구 산남동,경상사고,0,0,1,0,차대사람 - 횡단중,안전운전불이행,건조,맑음,단일로 - 기타,승용,남,37세,상해없음,보행자,남,46세,경상
2015031600100504,2015년 3월 16일 20시,월요일,충청북도 청주시 서원구 모충동,경상사고,0,0,1,0,차대차 - 기타,안전운전불이행,건조,맑음,단일로 - 기타,승용,여,48세,상해없음,이륜,남,18세,경상
2015031600100533,2015년 3월 16일 21시,월요일,충청북도 청주시 상당구 북문로2가동,경상사고,0,0,1,0,차대차 - 기타,안전운전불이행,건조,맑음,교차로 - 교차로안,승용,남,62세,상해없음,승합,남,37세,기타불명
2015031600100534,2015년 3월 16일 21시,월요일,충청북도 충주시 금릉동,경상사고,0,0,1,0,차대차 - 기타,신호위반,건조,맑음,교차로 - 교차로안,승용,남,33세,상해없음,승용,여,31세,경상
2015031600100535,2015년 3월 16일 21시,월요일,충청북도 청주시 상당구 금천동,중상사고,0,1,0,0,차대차 - 기타,신호위반,건조,맑음,교차로 - 교차로안,이륜,남,69세,중상,승용,남,60세,상해없음
2015031600100536,2015년 3월 16일 21시,월요일,충청북도 청주시 상당구 용암동,경상사고,0,0,5,0,차대차 - 기타,안전운전불이행,건조,맑음,교차로 - 교차로부근,승용,여,29세,상해없음,승용,남,48세,경상
2015031600100569,2015년 3월 16일 22시,월요일,충청북도 진천군 진천읍,경상사고,0,0,1,0,차대차 - 기타,신호위반,건조,기타,교차로 - 교차로안,승용,남,34세,상해없음,원동기,남,50세,경상
2015031600100570,2015년 3월 16일 22시,월요일,충청북도 청주시 상당구 용암동,경상사고,0,0,1,0,차대차 - 추돌 - 진행중,안전운전불이행,건조,맑음,교차로 - 교차로안,승용,남,36세,상해없음,승용,남,26세,상해없음
2015031600100597,2015년 3월 16일 23시,월요일,충청북도 청주시 흥덕구 봉명동,경상사고,0,0,1,0,차대사람 - 기타,신호위반,건조,맑음,교차로 - 교차로안,승용,여,29세,상해없음,보행자,남,50세,경상
2015031700100006,2015년 3월 17일 00시,화요일,충청북도 음성군 음성읍,중상사고,0,1,0,0,차량단독 - 공작물충돌,안전운전불이행,건조,맑음,단일로 - 기타,승용,남,26세,중상,,,,
2015031700100129,2015년 3월 17일 08시,화요일,충청북도 청주시 상당구 용담동,경상사고,0,0,2,0,차대차 - 측면직각충돌,안전운전불이행,건조,맑음,단일로 - 기타,승용,여,55세,상해없음,승합,남,58세,경상
2015031700100171,2015년 3월 17일 09시,화요일,충청북도 청주시 흥덕구 봉명동,경상사고,0,0,1,0,차대차 - 측면직각충돌,신호위반,건조,맑음,교차로 - 교차로안,승용,남,50세,상해없음,승용,남,52세,경상
2015031700100246,2015년 3월 17일 12시,화요일,충청북도 제천시 봉양읍,중상사고,0,2,0,0,차량단독 - 공작물충돌,안전운전불이행,건조,맑음,단일로 - 기타,이륜,남,59세,중상,,,,
2015031700100306,2015년 3월 17일 14시,화요일,충청북도 청주시 흥덕구 옥산면,경상사고,0,0,1,0,차량단독 - 공작물충돌,안전운전불이행,건조,맑음,단일로 - 기타,화물,남,67세,경상,,,,
2015031700100339,2015년 3월 17일 15시,화요일,충청북도 진천군 문백면,중상사고,0,1,0,0,차대차 - 측면직각충돌,교차로운행방법위반,건조,맑음,교차로 - 교차로안,승용,남,58세,상해없음,승용,여,56세,중상
2015031700100394,2015년 3월 17일 17시,화요일,충청북도 청주시 흥덕구 가경동,경상사고,0,0,3,0,차대차 - 측면직각충돌,중앙선침범,건조,맑음,단일로 - 기타,승합,남,58세,경상,승용,남,51세,경상
2015031800100098,2015년 3월 18일 07시,수요일,충청북도 청주시 흥덕구 복대동,경상사고,0,0,1,0,차대차 - 기타,중앙선침범,습기,비,교차로 - 교차로부근,승용,남,61세,상해없음,승용,남,37세,경상
2015031800100099,2015년 3월 18일 07시,수요일,충청북도 청주시 서원구 모충동,경상사고,0,0,1,0,차대사람 - 기타,안전운전불이행,습기,비,단일로 - 기타,기타불명,기타불명,기타불명,기타불명,보행자,여,49세,경상
2015031800100132,2015년 3월 18일 08시,수요일,충청북도 청주시 청원구 주중동,중상사고,0,1,0,0,차대차 - 기타,안전거리미확보,건조,흐림,단일로 - 기타,기타불명,기타불명,기타불명,기타불명,승용,여,36세,중상
2015031800100133,2015년 3월 18일 08시,수요일,충청북도 청주시 상당구 문의면,중상사고,0,1,0,0,차량단독 - 기타,안전운전불이행,건조,맑음,단일로 - 기타,승합,남,38세,상해없음,,,,
2015031800100166,2015년 3월 18일 09시,수요일,충청북도 단양군 매포읍,경상사고,0,0,2,0,차대차 - 기타,중앙선침범,습기,비,단일로 - 기타,화물,남,74세,경상,승용,여,59세,경상
2015031800100167,2015년 3월 18일 09시,수요일,충청북도 청주시 흥덕구 복대동,경상사고,0,0,1,0,차대차 - 기타,안전거리미확보,기타,기타,교차로 - 교차로안,승용,여,27세,경상,승용,남,60세,상해없음
2015031800100211,2015년 3월 18일 11시,수요일,충청북도 제천시 화산동,경상사고,0,0,1,0,차대사람 - 기타,안전운전불이행,습기,비,교차로 - 교차로부근,승용,남,64세,상해없음,보행자,남,76세,경상
2015031800100234,2015년 3월 18일 12시,수요일,충청북도 청주시 청원구 북이면,중상사고,0,1,1,0,차대차 - 측면직각충돌,교차로운행방법위반,습기,비,교차로 - 교차로안,화물,남,63세,경상,화물,남,54세,중상
2015031800100235,2015년 3월 18일 12시,수요일,충청북도 제천시 중앙로1가,경상사고,0,0,1,1,차대차 - 측면직각충돌,안전운전불이행,습기,비,기타 - 기타,승용,남,75세,부상신고,승용,여,47세,경상
2015031800100236,2015년 3월 18일 12시,수요일,충청북도 청주시 흥덕구 가경동,경상사고,0,0,4,0,차대차 - 측면직각충돌,교차로운행방법위반,습기,비,교차로 - 교차로안,승용,여,31세,경상,승용,여,54세,경상
2015031800100263,2015년 3월 18일 13시,수요일,충청북도 청주시 서원구 분평동,경상사고,0,0,1,0,차대차 - 측면직각충돌,안전운전불이행,건조,맑음,단일로 - 기타,화물,남,55세,상해없음,승용,남,31세,경상
2015031800100293,2015년 3월 18일 14시,수요일,충청북도 청주시 흥덕구 복대동,경상사고,0,0,3,0,차대차 - 기타,교차로운행방법위반,습기,비,교차로 - 교차로안,승용,여,27세,경상,승용,여,44세,경상
2015031800100329,2015년 3월 18일 15시,수요일,충청북도 청주시 청원구 오창읍,경상사고,0,0,4,0,차대차 - 측면직각충돌,신호위반,습기,비,교차로 - 교차로안,승용,남,53세,상해없음,승용,여,25세,경상
2015031800100330,2015년 3월 18일 15시,수요일,충청북도 청주시 서원구 사창동,경상사고,0,0,2,0,차대차 - 추돌 - 진행중,안전운전불이행,건조,맑음,단일로 - 기타,승용,남,69세,상해없음,승용,여,28세,경상
2015031800100331,2015년 3월 18일 15시,수요일,충청북도 청주시 서원구 성화동,경상사고,0,0,2,0,차대차 - 측면직각충돌,교차로운행방법위반,습기,비,교차로 - 교차로안,승용,남,58세,상해없음,승용,여,56세,경상
2015031800100412,2015년 3월 18일 17시,수요일,충청북도 청주시 서원구 사직동,경상사고,0,0,1,0,차대차 - 추돌 - 주정차중,안전운전불이행,습기,비,교차로 - 교차로부근,승용,여,35세,상해없음,자전거,여,42세,경상
2015031800100413,2015년 3월 18일 17시,수요일,충청북도 청주시 흥덕구 향정동,경상사고,0,0,1,0,차대차 - 측면직각충돌,안전운전불이행,습기,맑음,교차로 - 교차로부근,승용,남,35세,상해없음,승용,남,36세,경상
2015031800100458,2015년 3월 18일 18시,수요일,충청북도 진천군 이월면,경상사고,0,0,1,0,차대차 - 측면직각충돌,중앙선침범,습기,비,단일로 - 기타,승용,남,35세,상해없음,승용,여,44세,경상
2015031800100511,2015년 3월 18일 19시,수요일,충청북도 충주시 대소원면,중상사고,0,1,1,0,차대차 - 추돌 - 주정차중,안전운전불이행,습기,비,단일로 - 기타,승용,남,42세,경상,화물,남,48세,중상
2015031800100567,2015년 3월 18일 20시,수요일,충청북도 청주시 상당구 북문로1가동,경상사고,0,0,1,0,차대사람 - 보도통행중,보행자보호의무위반,습기,비,교차로 - 교차로안,승합,남,57세,상해없음,보행자,남,25세,경상
2015031800100607,2015년 3월 18일 21시,수요일,충청북도 충주시 연수동,부상신고사고,0,0,0,1,차대차 - 추돌 - 주정차중,중앙선침범,습기,비,단일로 - 기타,승용,남,54세,상해없음,승용,여,38세,부상신고
2015031800100608,2015년 3월 18일 21시,수요일,충청북도 진천군 진천읍,경상사고,0,0,1,0,차량단독 - 전도전복,안전운전불이행,건조,맑음,단일로 - 기타,원동기,남,35세,경상,,,,
2015031800100609,2015년 3월 18일 21시,수요일,충청북도 청주시 흥덕구 가경동,중상사고,0,1,0,0,차대사람 - 횡단중,안전운전불이행,습기,비,교차로 - 교차로부근,승용,남,25세,상해없음,보행자,남,50세,중상
2015031800100650,2015년 3월 18일 22시,수요일,충청북도 청주시 흥덕구 복대동,중상사고,0,1,0,0,차대사람 - 횡단중,안전운전불이행,습기,비,단일로 - 횡단보도상,승용,남,55세,상해없음,보행자,남,12세,중상
2015031900100038,2015년 3월 19일 01시,목요일,충청북도 괴산군 칠성면,경상사고,0,0,1,0,차량단독 - 도로외이탈 - 기타,안전운전불이행,습기,흐림,단일로 - 기타,승용,남,54세,경상,,,,
2015031900100039,2015년 3월 19일 01시,목요일,충청북도 청주시 서원구 산남동,경상사고,0,0,1,0,차대사람 - 기타,안전운전불이행,건조,맑음,단일로 - 기타,승용,남,63세,상해없음,보행자,여,37세,경상
2015031900100040,2015년 3월 19일 01시,목요일,충청북도 보은군 보은읍,경상사고,0,0,1,0,차대차 - 기타,안전운전불이행,건조,맑음,단일로 - 기타,기타불명,기타불명,기타불명,기타불명,화물,남,30세,경상
2015031900100083,2015년 3월 19일 06시,목요일,충청북도 충주시 연수동,중상사고,0,1,0,0,차대사람 - 횡단중,보행자보호의무위반,습기,맑음,교차로 - 교차로안,화물,남,44세,상해없음,보행자,남,64세,중상
2015031900100130,2015년 3월 19일 08시,목요일,충청북도 청주시 청원구 내덕동,중상사고,0,1,0,0,차량단독 - 공작물충돌,안전운전불이행,건조,맑음,단일로 - 기타,승용,남,26세,중상,,,,
2015031900100174,2015년 3월 19일 09시,목요일,충청북도 청주시 서원구 사창동,중상사고,0,1,0,0,차대차 - 추돌 - 진행중,안전운전불이행,건조,맑음,단일로 - 기타,승용,남,54세,상해없음,승용,여,44세,중상
2015031900100175,2015년 3월 19일 09시,목요일,충청북도 진천군 진천읍,부상신고사고,0,0,0,1,차대차 - 측면직각충돌,교차로운행방법위반,기타,기타,교차로 - 교차로안,화물,남,66세,부상신고,승용,남,66세,상해없음
2015031900100210,2015년 3월 19일 10시,목요일,충청북도 제천시 고암동,경상사고,0,0,1,0,차대차 - 추돌 - 진행중,안전거리미확보,건조,맑음,단일로 - 기타,이륜,남,59세,경상,화물,남,54세,상해없음
2015031900100233,2015년 3월 19일 11시,목요일,충청북도 옥천군 옥천읍,중상사고,0,1,0,0,차대사람 - 기타,안전운전불이행,습기,맑음,단일로 - 기타,화물,남,52세,상해없음,보행자,남,57세,중상
2015031900100234,2015년 3월 19일 11시,목요일,충청북도 청주시 서원구 성화동,경상사고,0,0,1,0,차대차 - 기타,안전운전불이행,건조,맑음,교차로 - 교차로안,원동기,남,57세,경상,승용,남,44세,상해없음
2015031900100299,2015년 3월 19일 13시,목요일,충청북도 청주시 청원구 사천동,부상신고사고,0,0,0,1,차량단독 - 기타,안전운전불이행,건조,맑음,단일로 - 기타,이륜,남,73세,부상신고,,,,
2015031900100339,2015년 3월 19일 14시,목요일,충청북도 제천시 중앙로2가,경상사고,0,0,1,0,차대사람 - 기타,안전운전불이행,건조,맑음,단일로 - 기타,승용,남,43세,상해없음,보행자,여,58세,경상
2015031900100340,2015년 3월 19일 14시,목요일,충청북도 증평군 증평읍,경상사고,0,0,1,0,차대사람 - 기타,안전운전불이행,건조,맑음,단일로 - 기타,승용,남,55세,상해없음,보행자,여,57세,경상
2015031900100341,2015년 3월 19일 14시,목요일,충청북도 진천군 백곡면,중상사고,0,1,0,0,차대차 - 기타,기타,기타,기타,기타 - 기타,건설기계,남,45세,상해없음,건설기계,남,40세,중상
2015031900100370,2015년 3월 19일 15시,목요일,충청북도 청주시 흥덕구 복대동,경상사고,0,0,1,0,차대사람 - 횡단중,보행자보호의무위반,건조,맑음,교차로 - 교차로안,승용,남,38세,상해없음,보행자,여,48세,경상
2015031900100408,2015년 3월 19일 16시,목요일,충청북도 청주시 청원구 내덕동,경상사고,0,0,3,0,차대차 - 기타,교차로운행방법위반,건조,맑음,교차로 - 교차로안,이륜,남,24세,경상,승용,여,47세,경상
2015031900100409,2015년 3월 19일 16시,목요일,충청북도 제천시 송학면,중상사고,0,1,0,0,차대차 - 추돌 - 진행중,안전운전불이행,건조,맑음,단일로 - 기타,건설기계,남,28세,상해없음,자전거,남,66세,중상
2015031900100443,2015년 3월 19일 17시,목요일,충청북도 충주시 산척면,경상사고,0,0,1,0,차량단독 - 공작물충돌,안전운전불이행,건조,맑음,단일로 - 기타,승용,남,60세,경상,,,,
2015031900100444,2015년 3월 19일 17시,목요일,충청북도 진천군 진천읍,경상사고,0,0,1,0,차대차 - 기타,안전운전불이행,건조,맑음,단일로 - 기타,기타불명,기타불명,기타불명,기타불명,자전거,남,58세,경상
2015031900100476,2015년 3월 19일 18시,목요일,충청북도 청주시 서원구 사직동,경상사고,0,0,1,0,차대사람 - 횡단중,안전운전불이행,건조,맑음,교차로 - 교차로안,승용,남,29세,상해없음,보행자,남,62세,경상
2015031900100514,2015년 3월 19일 19시,목요일,충청북도 제천시 왕암동,경상사고,0,0,1,0,차대차 - 측면직각충돌,안전거리미확보,건조,맑음,교차로 - 교차로부근,승합,남,59세,상해없음,승용,남,27세,경상
2015031900100515,2015년 3월 19일 19시,목요일,충청북도 진천군 진천읍,경상사고,0,0,1,0,차대사람 - 길가장자리구역통행중,안전운전불이행,건조,맑음,교차로 - 교차로안,승용,기타불명,기타불명,기타불명,보행자,여,30세,경상
2015031900100590,2015년 3월 19일 21시,목요일,충청북도 청주시 상당구 금천동,경상사고,0,0,1,0,차대사람 - 기타,안전운전불이행,건조,맑음,단일로 - 기타,승용,남,51세,상해없음,보행자,남,45세,경상
2015031900100625,2015년 3월 19일 22시,목요일,충청북도 청주시 흥덕구 복대동,경상사고,0,0,2,0,차대차 - 측면직각충돌,안전운전불이행,건조,맑음,교차로 - 교차로부근,승용,남,42세,경상,이륜,남,55세,경상
2015032000100025,2015년 3월 20일 01시,금요일,충청북도 청주시 흥덕구 봉명동,중상사고,0,1,0,0,차대차 - 측면직각충돌,교차로운행방법위반,건조,맑음,교차로 - 교차로안,승용,남,30세,상해없음,이륜,남,35세,중상
2015032000100041,2015년 3월 20일 02시,금요일,충청북도 청주시 흥덕구 휴암동,중상사고,0,1,1,0,차대차 - 추돌 - 진행중,안전운전불이행,건조,맑음,교차로 - 교차로안,승용,남,43세,상해없음,승용,남,59세,중상
2015032000100053,2015년 3월 20일 03시,금요일,충청북도 청주시 서원구 개신동,경상사고,0,0,2,0,차대차 - 추돌 - 진행중,안전운전불이행,건조,맑음,교차로 - 교차로안,승용,남,40세,상해없음,승용,남,59세,경상
2015032000100070,2015년 3월 20일 05시,금요일,충청북도 청주시 흥덕구 봉명동,경상사고,0,0,1,0,차대사람 - 횡단중,안전운전불이행,건조,맑음,단일로 - 기타,승용,여,41세,상해없음,보행자,여,32세,경상
2015032000100193,2015년 3월 20일 10시,금요일,충청북도 증평군 증평읍,중상사고,0,1,0,0,차대차 - 측면직각충돌,직진우회전진행방해,건조,맑음,교차로 - 교차로안,이륜,남,73세,중상,승용,남,31세,상해없음
2015032000100194,2015년 3월 20일 10시,금요일,충청북도 청주시 흥덕구 강서동,중상사고,0,1,0,0,차량단독 - 기타,안전운전불이행,건조,맑음,단일로 - 기타,승합,남,61세,상해없음,,,,
2015032000100220,2015년 3월 20일 11시,금요일,충청북도 충주시 금릉동,경상사고,0,0,1,0,차대차 - 기타,신호위반,건조,맑음,교차로 - 교차로안,승용,남,62세,상해없음,승용,여,41세,경상
2015032000100221,2015년 3월 20일 11시,금요일,충청북도 청주시 흥덕구 봉명동,경상사고,0,0,1,0,차대차 - 측면직각충돌,안전운전불이행,건조,맑음,단일로 - 기타,승용,남,56세,상해없음,승용,남,23세,경상
2015032000100222,2015년 3월 20일 11시,금요일,충청북도 청주시 상당구 용암동,중상사고,0,1,0,0,차량단독 - 기타,안전운전불이행,건조,맑음,교차로 - 교차로부근,승합,남,57세,상해없음,,,,
2015032000100253,2015년 3월 20일 12시,금요일,충청북도 청주시 상당구 남주동,경상사고,0,0,2,0,차대차 - 추돌 - 진행중,안전운전불이행,건조,맑음,단일로 - 기타,화물,남,61세,상해없음,승용,남,53세,경상
2015032000100281,2015년 3월 20일 13시,금요일,충청북도 청주시 상당구 북문로2가동,경상사고,0,0,1,0,차대사람 - 횡단중,안전운전불이행,건조,맑음,교차로 - 교차로안,승용,남,56세,상해없음,보행자,남,5세,경상
2015032000100282,2015년 3월 20일 13시,금요일,충청북도 청주시 흥덕구 신봉동,중상사고,0,1,0,0,차대차 - 측면직각충돌,안전운전불이행,건조,맑음,단일로 - 기타,자전거,남,81세,중상,원동기,남,52세,상해없음
2015032000100311,2015년 3월 20일 14시,금요일,충청북도 제천시 중앙로1가,경상사고,0,0,1,0,차대사람 - 기타,기타,건조,맑음,단일로 - 기타,승합,남,46세,상해없음,보행자,여,51세,경상
2015032000100312,2015년 3월 20일 14시,금요일,충청북도 청주시 상당구 방서동,경상사고,0,0,2,0,차대차 - 추돌 - 진행중,안전운전불이행,건조,맑음,교차로 - 교차로안,화물,남,60세,상해없음,승용,여,50세,경상
2015032000100350,2015년 3월 20일 15시,금요일,충청북도 음성군 원남면,경상사고,0,0,5,0,차대차 - 기타,안전운전불이행,건조,맑음,교차로 - 교차로안,승용,여,37세,경상,승용,여,34세,경상
2015032000100385,2015년 3월 20일 16시,금요일,충청북도 청주시 서원구 사창동,경상사고,0,0,2,0,차대차 - 추돌 - 주정차중,안전운전불이행,건조,맑음,단일로 - 기타,화물,남,38세,상해없음,승용,남,47세,경상
2015032000100434,2015년 3월 20일 17시,금요일,충청북도 청주시 상당구 명암동,사망사고,1,7,8,0,차대차 - 정면충돌,신호위반,건조,맑음,교차로 - 교차로안,화물,남,58세,사망,승합,여,51세,경상
2015032000100435,2015년 3월 20일 17시,금요일,충청북도 청주시 서원구 분평동,경상사고,0,0,1,0,차대사람 - 횡단중,보행자보호의무위반,건조,맑음,교차로 - 교차로부근,승용,여,50세,상해없음,보행자,남,9세,경상
2015032000100466,2015년 3월 20일 18시,금요일,충청북도 충주시 성남동,중상사고,0,1,0,0,차대차 - 기타,직진우회전진행방해,건조,맑음,교차로 - 교차로안,승용,남,22세,상해없음,이륜,남,26세,중상
2015032000100467,2015년 3월 20일 18시,금요일,충청북도 진천군 진천읍,경상사고,0,0,1,0,차대차 - 측면직각충돌,안전운전불이행,건조,맑음,교차로 - 교차로안,화물,기타불명,기타불명,기타불명,자전거,남,16세,경상
2015032000100468,2015년 3월 20일 18시,금요일,충청북도 청주시 서원구 남이면,경상사고,0,0,2,0,차대차 - 측면직각충돌,신호위반,건조,맑음,교차로 - 교차로안,원동기,남,81세,경상,승용,남,26세,상해없음
2015032000100506,2015년 3월 20일 19시,금요일,충청북도 충주시 교현동,사망사고,1,0,0,0,차대사람 - 기타,보행자보호의무위반,건조,맑음,단일로 - 기타,승용,남,48세,상해없음,보행자,여,66세,사망
2015032000100508,2015년 3월 20일 19시,금요일,충청북도 충주시 노은면,중상사고,0,1,0,0,차대차 - 기타,안전거리미확보,건조,맑음,단일로 - 기타,기타불명,기타불명,기타불명,기타불명,승용,남,44세,중상
2015032000100548,2015년 3월 20일 20시,금요일,충청북도 진천군 진천읍,경상사고,0,0,1,0,차대차 - 기타,교차로운행방법위반,건조,기타,교차로 - 교차로안,승용,남,46세,기타불명,이륜,남,18세,경상
2015032000100549,2015년 3월 20일 20시,금요일,충청북도 청주시 서원구 죽림동,경상사고,0,0,1,0,차대차 - 측면직각충돌,신호위반,건조,맑음,단일로 - 기타,승용,남,36세,상해없음,승용,남,28세,경상
2015032000100590,2015년 3월 20일 21시,금요일,충청북도 청주시 흥덕구 봉명동,경상사고,0,0,6,0,차대차 - 추돌 - 진행중,안전운전불이행,건조,맑음,단일로 - 기타,승합,남,39세,상해없음,승용,남,51세,경상
2015032000100627,2015년 3월 20일 22시,금요일,충청북도 증평군 증평읍,경상사고,0,0,1,0,차대차 - 측면직각충돌,안전거리미확보,건조,맑음,교차로 - 교차로부근,승용,여,46세,상해없음,승용,여,34세,경상
2015032100100010,2015년 3월 21일 00시,토요일,충청북도 충주시 문화동,경상사고,0,0,1,0,차대차 - 기타,안전운전불이행,건조,맑음,단일로 - 기타,승용,남,26세,기타불명,승용,남,54세,경상
2015032100100048,2015년 3월 21일 02시,토요일,충청북도 청주시 서원구 현도면,경상사고,0,0,2,0,차대차 - 기타,안전운전불이행,건조,맑음,단일로 - 기타,승용,남,34세,상해없음,승용,남,30세,경상
2015032100100126,2015년 3월 21일 08시,토요일,충청북도 청주시 청원구 주중동,중상사고,0,1,1,0,차대차 - 기타,안전운전불이행,건조,맑음,교차로 - 교차로부근,화물,남,50세,상해없음,승용,남,29세,중상
2015032100100144,2015년 3월 21일 09시,토요일,충청북도 청주시 흥덕구 가경동,중상사고,0,1,0,0,차대차 - 기타,안전운전불이행,건조,맑음,교차로 - 교차로안,승용,여,30세,상해없음,자전거,남,14세,중상
2015032100100170,2015년 3월 21일 10시,토요일,충청북도 제천시 봉양읍,중상사고,0,2,0,0,차대차 - 추돌 - 진행중,안전운전불이행,건조,맑음,단일로 - 기타,화물,남,46세,상해없음,화물,남,49세,중상
2015032100100171,2015년 3월 21일 10시,토요일,충청북도 청주시 상당구 남문로1가동,중상사고,0,1,0,0,차대차 - 기타,안전운전불이행,건조,맑음,단일로 - 기타,승용,남,64세,상해없음,자전거,남,68세,중상
2015032100100223,2015년 3월 21일 12시,토요일,충청북도 청주시 청원구 내수읍,경상사고,0,0,1,0,차대사람 - 기타,안전운전불이행,건조,맑음,단일로 - 기타,승합,남,55세,상해없음,보행자,여,86세,경상
2015032100100224,2015년 3월 21일 12시,토요일,충청북도 제천시 중앙로2가,경상사고,0,0,1,0,차대차 - 측면직각충돌,안전운전불이행,건조,맑음,교차로 - 교차로안,승용,여,43세,상해없음,승용,남,50세,경상
2015032100100288,2015년 3월 21일 14시,토요일,충청북도 충주시 칠금동,중상사고,0,2,0,0,차대차 - 측면직각충돌,직진우회전진행방해,건조,맑음,교차로 - 교차로안,승용,남,34세,상해없음,승용,남,30세,중상
2015032100100289,2015년 3월 21일 14시,토요일,충청북도 괴산군 연풍면,경상사고,0,0,1,0,차대차 - 추돌 - 진행중,안전거리미확보,건조,맑음,단일로 - 기타,이륜,남,71세,경상,승용,남,33세,상해없음
2015032100100291,2015년 3월 21일 14시,토요일,충청북도 청주시 상당구 용암동,경상사고,0,0,1,0,차대차 - 측면직각충돌,중앙선침범,건조,맑음,단일로 - 기타,승용,남,63세,상해없음,이륜,남,28세,경상
2015032100100333,2015년 3월 21일 15시,토요일,충청북도 제천시 금성면,경상사고,0,0,1,0,차대차 - 기타,안전운전불이행,건조,맑음,단일로 - 기타,원동기,여,51세,경상,화물,여,59세,상해없음
2015032100100334,2015년 3월 21일 15시,토요일,충청북도 청주시 서원구 성화동,경상사고,0,0,1,0,차대차 - 측면직각충돌,기타,건조,맑음,단일로 - 기타,승용,남,56세,상해없음,승용,남,53세,경상
2015032100100366,2015년 3월 21일 16시,토요일,충청북도 청주시 상당구 용암동,경상사고,0,0,1,0,차대사람 - 횡단중,안전운전불이행,건조,맑음,단일로 - 횡단보도상,화물,남,60세,상해없음,보행자,남,12세,경상