사고번호,사고일시,요일,시군구,사고내용,사망자수,중상자수,경상자수,부상신고자수,사고유형,법규위반,노면상태,기상상태,도로형태,가해운전자 차종,가해운전자 성별,가해운전자 연령,가해운전자 상해정도,피해운전자 차종,피해운전자 성별,피해운전자 연령,피해운전자 상해정도
2015032600100340,2015년 3월 26일 14시,목요일,충청북도 청주시 서원구 분평동,경상사고,0,0,1,0,차대차 - 측면직각충돌,안전운전불이행,건조,맑음,단일로 - 기타,화물,남,27세,상해없음,승용,남,41세,상해없음
2015032600100341,2015년 3월 26일 14시,목요일,충청북도 충주시 봉방동,중상사고,0,1,0,0,차량단독 - 전도전복,안전운전불이행,건조,맑음,단일로 - 기타,원동기,남,73세,중상,,,,
2015032600100342,2015년 3월 26일 14시,목요일,충청북도 청주시 흥덕구 비하동,중상사고,0,1,1,0,차대차 - 추돌 - 진행중,안전운전불이행,건조,맑음,단일로 - 기타,승용,남,23세,상해없음,승용,여,41세,중상
2015032600100375,2015년 3월 26일 15시,목요일,충청북도 청주시 청원구 오창읍,경상사고,0,0,3,0,차대차 - 기타,안전운전불이행,건조,맑음,단일로 - 기타,승용,여,48세,경상,승용,남,68세,경상
2015032600100420,2015년 3월 26일 16시,목요일,충청북도 청주시 서원구 개신동,중상사고,0,1,0,0,차대사람 - 기타,신호위반,건조,맑음,단일로 - 횡단보도상,승용,여,52세,상해없음,보행자,남,10세,중상
2015032600100449,2015년 3월 26일 17시,목요일,충청북도 청주시 서원구 모충동,중상사고,0,1,0,0,차대사람 - 기타,안전운전불이행,건조,맑음,단일로 - 기타,승용,남,50세,상해없음,보행자,남,62세,중상
2015032600100487,2015년 3월 26일 18시,목요일,충청북도 청주시 상당구 명암동,경상사고,0,0,1,0,차량단독 - 공작물충돌,안전운전불이행,건조,맑음,단일로 - 기타,이륜,남,21세,경상,,,,
2015032600100575,2015년 3월 26일 20시,목요일,충청북도 진천군 진천읍,경상사고,0,0,1,0,차대차 - 측면직각충돌,교차로운행방법위반,건조,맑음,교차로 - 교차로안,승용,남,39세,상해없음,원동기,남,29세,경상
2015032600100576,2015년 3월 26일 20시,목요일,충청북도 청주시 상당구 용암동,중상사고,0,1,0,0,차대사람 - 기타,안전운전불이행,건조,맑음,교차로 - 교차로안,승용,여,22세,상해없음,보행자,남,67세,중상
2015032600100609,2015년 3월 26일 21시,목요일,충청북도 진천군 진천읍,경상사고,0,0,2,0,차대차 - 측면직각충돌,신호위반,건조,맑음,교차로 - 교차로안,승합,남,58세,상해없음,승용,남,39세,경상
2015032600100643,2015년 3월 26일 22시,목요일,충청북도 진천군 진천읍,부상신고사고,0,0,0,1,차대차 - 측면직각충돌,안전운전불이행,건조,맑음,교차로 - 교차로안,원동기,남,22세,부상신고,승용,남,63세,상해없음
2015032700100009,2015년 3월 27일 00시,금요일,충청북도 청주시 흥덕구 송정동,중상사고,0,2,2,0,차대차 - 측면직각충돌,신호위반,건조,맑음,교차로 - 교차로안,승용,남,27세,상해없음,승용,남,59세,경상
2015032700100067,2015년 3월 27일 06시,금요일,충청북도 청주시 상당구 영동,경상사고,0,0,3,0,차대차 - 측면직각충돌,교차로운행방법위반,건조,맑음,교차로 - 교차로안,승용,남,55세,상해없음,승용,남,75세,경상
2015032700100090,2015년 3월 27일 07시,금요일,충청북도 충주시 수안보면,중상사고,0,2,0,1,차대차 - 기타,직진우회전진행방해,건조,맑음,교차로 - 교차로안,승용,여,24세,부상신고,승합,여,58세,중상
2015032700100091,2015년 3월 27일 07시,금요일,충청북도 청주시 흥덕구 복대동,중상사고,0,1,0,0,차대사람 - 기타,안전운전불이행,건조,맑음,단일로 - 기타,승용,여,33세,상해없음,보행자,여,63세,중상
2015032700100125,2015년 3월 27일 08시,금요일,충청북도 청주시 흥덕구 향정동,경상사고,0,0,1,0,차대차 - 기타,안전거리미확보,건조,맑음,단일로 - 기타,승용,여,32세,상해없음,화물,남,42세,경상
2015032700100158,2015년 3월 27일 09시,금요일,충청북도 제천시 봉양읍,경상사고,0,0,1,0,차대차 - 추돌 - 진행중,안전운전불이행,건조,맑음,교차로 - 교차로안,화물,남,63세,상해없음,화물,남,70세,경상
2015032700100180,2015년 3월 27일 10시,금요일,충청북도 제천시 봉양읍,경상사고,0,0,2,0,차대차 - 추돌 - 진행중,안전운전불이행,건조,맑음,단일로 - 기타,승합,남,58세,상해없음,승용,남,40세,경상
2015032700100181,2015년 3월 27일 10시,금요일,충청북도 청주시 흥덕구 가경동,경상사고,0,0,2,0,차대차 - 기타,신호위반,건조,맑음,교차로 - 교차로안,화물,남,48세,상해없음,승용,남,52세,경상
2015032700100227,2015년 3월 27일 12시,금요일,충청북도 청주시 흥덕구 휴암동,중상사고,0,1,0,0,차대차 - 측면직각충돌,안전운전불이행,건조,맑음,교차로 - 교차로안,승용,여,39세,상해없음,승합,남,54세,상해없음
2015032700100255,2015년 3월 27일 13시,금요일,충청북도 청주시 상당구 남문로1가동,경상사고,0,0,1,0,차대차 - 기타,안전거리미확보,건조,맑음,단일로 - 기타,승용,남,64세,상해없음,이륜,남,51세,경상
2015032700100256,2015년 3월 27일 13시,금요일,충청북도 청주시 서원구 산남동,중상사고,0,2,1,0,차대차 - 기타,안전거리미확보,건조,맑음,교차로 - 교차로부근,승용,여,22세,경상,승용,남,70세,중상
2015032700100290,2015년 3월 27일 14시,금요일,충청북도 제천시 영천동,경상사고,0,0,1,0,차대차 - 측면직각충돌,직진우회전진행방해,건조,맑음,교차로 - 교차로안,승용,남,48세,상해없음,승용,남,22세,경상
2015032700100291,2015년 3월 27일 14시,금요일,충청북도 청주시 흥덕구 가경동,경상사고,0,0,2,0,차대차 - 기타,안전운전불이행,건조,맑음,교차로 - 교차로부근,화물,여,40세,상해없음,승용,남,47세,경상
2015032700100329,2015년 3월 27일 15시,금요일,충청북도 청주시 청원구 북이면,경상사고,0,0,4,0,차대차 - 측면직각충돌,차로위반,건조,맑음,교차로 - 교차로부근,승용,남,55세,상해없음,승용,남,42세,경상
2015032700100330,2015년 3월 27일 15시,금요일,충청북도 보은군 보은읍,중상사고,0,1,2,0,차대차 - 정면충돌,중앙선침범,건조,맑음,단일로 - 기타,화물,남,58세,중상,화물,남,34세,경상
2015032700100365,2015년 3월 27일 16시,금요일,충청북도 청주시 흥덕구 복대동,경상사고,0,0,1,0,차대차 - 기타,신호위반,건조,맑음,교차로 - 교차로부근,화물,남,61세,상해없음,승용,여,67세,경상
2015032700100406,2015년 3월 27일 17시,금요일,충청북도 청주시 서원구 성화동,중상사고,0,1,1,0,차대차 - 기타,신호위반,건조,맑음,교차로 - 교차로안,승용,남,57세,상해없음,자전거,남,21세,중상
2015032700100407,2015년 3월 27일 17시,금요일,충청북도 청주시 상당구 서운동,경상사고,0,0,3,0,차대차 - 추돌 - 주정차중,안전운전불이행,건조,맑음,교차로 - 교차로부근,승용,여,67세,상해없음,승용,여,26세,경상
2015032700100450,2015년 3월 27일 18시,금요일,충청북도 청주시 서원구 사직동,중상사고,0,1,0,0,차대사람 - 횡단중,안전운전불이행,건조,맑음,단일로 - 기타,승용,남,28세,상해없음,보행자,남,8세,중상
2015032700100504,2015년 3월 27일 19시,금요일,충청북도 청주시 청원구 주중동,중상사고,0,1,0,0,차대차 - 추돌 - 진행중,안전운전불이행,건조,맑음,교차로 - 교차로부근,승용,남,32세,상해없음,승용,남,29세,중상
2015032700100505,2015년 3월 27일 19시,금요일,충청북도 청주시 흥덕구 봉명동,경상사고,0,0,2,0,차대차 - 추돌 - 진행중,안전운전불이행,건조,맑음,단일로 - 기타,승용,남,47세,상해없음,승용,남,30세,경상
2015032700100506,2015년 3월 27일 19시,금요일,충청북도 청주시 상당구 서문동,경상사고,0,0,1,0,차대차 - 기타,중앙선침범,건조,맑음,단일로 - 기타,승용,남,51세,상해없음,승용,남,30세,상해없음
2015032700100507,2015년 3월 27일 19시,금요일,충청북도 청주시 상당구 용암동,중상사고,0,1,0,0,차대차 - 측면직각충돌,안전운전불이행,건조,맑음,교차로 - 교차로안,이륜,남,16세,상해없음,이륜,남,54세,중상
2015032700100629,2015년 3월 27일 22시,금요일,충청북도 청주시 서원구 분평동,중상사고,0,1,1,0,차대차 - 추돌 - 주정차중,안전운전불이행,건조,맑음,단일로 - 기타,승용,남,60세,상해없음,승용,여,52세,경상
2015032700100665,2015년 3월 27일 23시,금요일,충청북도 청주시 청원구 내덕동,경상사고,0,0,1,0,차대차 - 기타,중앙선침범,건조,맑음,교차로 - 교차로부근,승용,남,29세,상해없음,승용,남,28세,경상
2015032700100666,2015년 3월 27일 23시,금요일,충청북도 청주시 서원구 분평동,경상사고,0,0,1,0,차대차 - 기타,안전운전불이행,건조,맑음,단일로 - 기타,승용,남,60세,상해없음,이륜,남,16세,경상
2015032800100014,2015년 3월 28일 00시,토요일,충청북도 청주시 상당구 석교동,경상사고,0,0,1,0,차대차 - 추돌 - 주정차중,안전운전불이행,건조,맑음,단일로 - 기타,승용,남,48세,상해없음,승용,남,38세,경상
2015032800100057,2015년 3월 28일 02시,토요일,충청북도 청주시 흥덕구 가경동,중상사고,0,1,0,0,차대차 - 측면직각충돌,안전운전불이행,건조,맑음,교차로 - 교차로부근,승용,남,28세,상해없음,승용,남,37세,중상
2015032800100074,2015년 3월 28일 03시,토요일,충청북도 제천시 청전동,중상사고,0,1,0,0,차대차 - 측면직각충돌,안전운전불이행,건조,맑음,단일로 - 기타,승용,남,23세,상해없음,승용,남,41세,중상
2015032800100117,2015년 3월 28일 06시,토요일,충청북도 청주시 청원구 내덕동,경상사고,0,0,1,0,차대차 - 기타,신호위반,건조,맑음,교차로 - 교차로안,승용,남,56세,상해없음,승용,남,37세,경상
2015032800100135,2015년 3월 28일 07시,토요일,충청북도 청주시 청원구 오창읍,경상사고,0,0,1,0,차대차 - 기타,안전운전불이행,건조,맑음,단일로 - 기타,승용,남,60세,상해없음,화물,남,57세,경상
2015032800100136,2015년 3월 28일 07시,토요일,충청북도 충주시 산척면,부상신고사고,0,0,0,1,차량단독 - 공작물충돌,안전운전불이행,건조,맑음,단일로 - 기타,화물,남,46세,부상신고,,,,
2015032800100243,2015년 3월 28일 11시,토요일,충청북도 영동군 상촌면,중상사고,0,2,0,0,차대차 - 기타,직진우회전진행방해,건조,맑음,교차로 - 교차로안,승용,남,34세,상해없음,화물,남,66세,중상
2015032800100244,2015년 3월 28일 11시,토요일,충청북도 괴산군 소수면,사망사고,1,1,4,0,차대차 - 정면충돌,직진우회전진행방해,건조,맑음,교차로 - 교차로안,승용,남,47세,경상,승합,남,37세,상해없음
2015032800100289,2015년 3월 28일 12시,토요일,충청북도 청주시 청원구 오창읍,중상사고,0,1,3,0,차대차 - 기타,교차로운행방법위반,건조,맑음,교차로 - 교차로안,승용,남,39세,경상,승용,여,27세,중상
2015032800100290,2015년 3월 28일 12시,토요일,충청북도 증평군 증평읍,부상신고사고,0,0,0,1,차대차 - 측면직각충돌,직진우회전진행방해,건조,맑음,교차로 - 교차로안,원동기,남,45세,부상신고,승용,남,69세,상해없음
2015032800100331,2015년 3월 28일 13시,토요일,충청북도 충주시 노은면,중상사고,0,1,0,0,차대차 - 측면직각충돌,중앙선침범,건조,맑음,단일로 - 기타,승용,남,64세,중상,승용,남,41세,상해없음
2015032800100332,2015년 3월 28일 13시,토요일,충청북도 청주시 서원구 사창동,경상사고,0,0,4,0,차대차 - 추돌 - 진행중,안전운전불이행,건조,맑음,단일로 - 기타,승용,남,37세,기타불명,승용,남,33세,경상
2015032800100375,2015년 3월 28일 14시,토요일,충청북도 진천군 이월면,경상사고,0,0,2,0,차대차 - 추돌 - 진행중,안전운전불이행,건조,기타,단일로 - 교량,화물,남,45세,상해없음,승용,여,48세,경상
2015032800100376,2015년 3월 28일 14시,토요일,충청북도 청주시 상당구 미원면,경상사고,0,0,2,0,차대차 - 기타,중앙선침범,건조,맑음,단일로 - 기타,승용,남,41세,상해없음,승용,남,41세,경상
2015032800100443,2015년 3월 28일 16시,토요일,충청북도 충주시 안림동,경상사고,0,0,3,0,차대차 - 측면직각충돌,신호위반,건조,맑음,교차로 - 교차로안,승용,여,43세,경상,승용,남,43세,경상
2015032800100444,2015년 3월 28일 16시,토요일,충청북도 제천시 청전동,중상사고,0,1,0,0,차대차 - 추돌 - 진행중,안전운전불이행,건조,맑음,교차로 - 교차로안,승용,남,21세,상해없음,이륜,남,24세,중상
2015032800100445,2015년 3월 28일 16시,토요일,충청북도 제천시 중앙로1가,경상사고,0,0,1,0,차대차 - 측면직각충돌,안전운전불이행,건조,맑음,교차로 - 교차로안,승용,남,38세,상해없음,승용,여,50세,경상
2015032800100446,2015년 3월 28일 16시,토요일,충청북도 괴산군 청천면,중상사고,0,1,0,0,차대차 - 기타,안전운전불이행,건조,맑음,단일로 - 기타,승용,여,32세,상해없음,원동기,남,74세,상해없음
2015032800100447,2015년 3월 28일 16시,토요일,충청북도 청주시 흥덕구 지동동,경상사고,0,0,2,0,차대차 - 측면직각충돌,직진우회전진행방해,건조,맑음,교차로 - 교차로안,승용,남,38세,상해없음,화물,남,34세,경상
2015032800100448,2015년 3월 28일 16시,토요일,충청북도 청주시 흥덕구 오송읍,부상신고사고,0,0,0,1,차량단독 - 전도전복,안전운전불이행,건조,맑음,교차로 - 교차로안,이륜,남,30세,부상신고,,,,
2015032800100531,2015년 3월 28일 18시,토요일,충청북도 청주시 청원구 주중동,경상사고,0,0,1,0,차대차 - 추돌 - 주정차중,안전운전불이행,건조,맑음,교차로 - 교차로부근,승용,남,25세,상해없음,승용,여,51세,경상
2015032800100532,2015년 3월 28일 18시,토요일,충청북도 청주시 흥덕구 신촌동,경상사고,0,0,2,0,차대차 - 측면직각충돌,신호위반,건조,맑음,교차로 - 교차로안,승용,여,51세,상해없음,승용,남,34세,경상
2015032800100566,2015년 3월 28일 19시,토요일,충청북도 충주시 문화동,중상사고,0,2,1,0,차대차 - 측면직각충돌,안전운전불이행,건조,맑음,단일로 - 기타,화물,남,55세,상해없음,승합,남,34세,경상
2015032800100567,2015년 3월 28일 19시,토요일,충청북도 영동군 영동읍,중상사고,0,1,0,0,차대사람 - 기타,안전운전불이행,건조,맑음,단일로 - 기타,승용,남,28세,상해없음,보행자,남,36세,중상
2015032800100568,2015년 3월 28일 19시,토요일,충청북도 영동군 양강면,중상사고,0,1,0,0,차대사람 - 길가장자리구역통행중,안전운전불이행,건조,맑음,단일로 - 기타,승용,남,56세,상해없음,보행자,남,42세,중상
2015032800100569,2015년 3월 28일 19시,토요일,충청북도 청주시 서원구 현도면,경상사고,0,0,2,0,차대차 - 추돌 - 주정차중,안전거리미확보,습기,흐림,교차로 - 교차로부근,이륜,남,65세,상해없음,승용,남,45세,경상
2015032800100600,2015년 3월 28일 20시,토요일,충청북도 청주시 청원구 우암동,경상사고,0,0,1,0,차대사람 - 기타,안전운전불이행,건조,맑음,단일로 - 기타,화물,남,48세,상해없음,보행자,여,71세,경상
2015032800100601,2015년 3월 28일 20시,토요일,충청북도 청주시 흥덕구 운천동,경상사고,0,0,1,0,차대차 - 측면직각충돌,교차로운행방법위반,건조,맑음,교차로 - 교차로안,승용,남,54세,상해없음,원동기,남,18세,경상
2015032800100620,2015년 3월 28일 21시,토요일,충청북도 청주시 서원구 사직동,경상사고,0,0,2,0,차대차 - 측면직각충돌,교차로운행방법위반,건조,맑음,교차로 - 교차로안,승용,여,52세,상해없음,승용,남,49세,경상
2015032800100621,2015년 3월 28일 21시,토요일,충청북도 청주시 흥덕구 가경동,중상사고,0,2,2,0,차대차 - 기타,안전운전불이행,건조,맑음,단일로 - 기타,승용,남,29세,상해없음,승용,여,44세,중상
2015032800100622,2015년 3월 28일 21시,토요일,충청북도 청주시 서원구 남이면,경상사고,0,0,1,0,차대차 - 측면직각충돌,안전운전불이행,건조,맑음,단일로 - 기타,기타불명,기타불명,기타불명,기타불명,승용,남,30세,경상
2015032800100660,2015년 3월 28일 22시,토요일,충청북도 충주시 연수동,경상사고,0,0,1,0,차대사람 - 기타,안전운전불이행,건조,맑음,기타 - 기타,승용,기타불명,16세,기타불명,보행자,남,29세,경상
2015032800100661,2015년 3월 28일 22시,토요일,충청북도 충주시 용산동,중상사고,0,2,0,0,차대차 - 기타,안전거리미확보,건조,맑음,단일로 - 기타,승용,남,23세,상해없음,승용,남,35세,중상
2015032800100662,2015년 3월 28일 22시,토요일,충청북도 청주시 상당구 금천동,중상사고,0,1,0,0,차대사람 - 기타,안전운전불이행,건조,맑음,교차로 - 교차로부근,승용,남,47세,상해없음,보행자,여,54세,중상
2015032800100688,2015년 3월 28일 23시,토요일,충청북도 청주시 흥덕구 향정동,경상사고,0,0,2,0,차대차 - 측면직각충돌,교차로운행방법위반,건조,맑음,교차로 - 교차로안,승용,남,49세,경상,승용,남,30세,경상
2015032900100051,2015년 3월 29일 02시,일요일,충청북도 청주시 서원구 사창동,경상사고,0,0,1,0,차대차 - 기타,안전운전불이행,건조,맑음,단일로 - 기타,승용,남,21세,상해없음,승용,남,56세,경상
2015032900100052,2015년 3월 29일 02시,일요일,충청북도 충주시 교현동,중상사고,0,2,0,0,차대차 - 측면직각충돌,중앙선침범,건조,맑음,단일로 - 기타,승용,남,24세,상해없음,이륜,남,17세,중상
2015032900100053,2015년 3월 29일 02시,일요일,충청북도 청주시 흥덕구 비하동,중상사고,0,1,0,0,차량단독 - 전도전복,안전운전불이행,건조,맑음,교차로 - 교차로부근,이륜,남,28세,중상,,,,
2015032900100100,2015년 3월 29일 07시,일요일,충청북도 청주시 흥덕구 비하동,경상사고,0,0,1,0,차대사람 - 기타,안전운전불이행,건조,맑음,단일로 - 기타,승용,여,39세,상해없음,보행자,여,59세,경상
2015032900100144,2015년 3월 29일 10시,일요일,충청북도 제천시 고암동,경상사고,0,0,1,0,차대차 - 추돌 - 주정차중,안전운전불이행,건조,맑음,기타 - 기타,승용,여,54세,상해없음,승용,남,37세,경상
2015032900100188,2015년 3월 29일 12시,일요일,충청북도 음성군 음성읍,경상사고,0,0,1,0,차대차 - 측면직각충돌,안전운전불이행,건조,맑음,교차로 - 교차로안,승합,여,45세,상해없음,이륜,남,22세,경상
2015032900100201,2015년 3월 29일 13시,일요일,충청북도 충주시 연수동,경상사고,0,0,1,0,차대차 - 기타,안전운전불이행,건조,맑음,단일로 - 기타,승용,남,75세,상해없음,자전거,여,16세,경상
2015032900100202,2015년 3월 29일 13시,일요일,충청북도 음성군 금왕읍,중상사고,0,5,1,0,차대차 - 측면직각충돌,신호위반,건조,맑음,교차로 - 교차로안,화물,남,58세,경상,승용,남,25세,중상
2015032900100232,2015년 3월 29일 14시,일요일,충청북도 제천시 청전동,경상사고,0,0,2,1,차대차 - 측면직각충돌,교차로운행방법위반,건조,맑음,교차로 - 교차로안,승용,여,37세,경상,이륜,남,40세,경상
2015032900100272,2015년 3월 29일 15시,일요일,충청북도 청주시 청원구 오창읍,경상사고,0,0,1,0,차대차 - 측면직각충돌,안전운전불이행,건조,맑음,교차로 - 교차로부근,승용,남,40세,상해없음,자전거,남,50세,경상
2015032900100306,2015년 3월 29일 16시,일요일,충청북도 청주시 청원구 율량동,경상사고,0,0,1,0,차대차 - 측면직각충돌,안전운전불이행,건조,맑음,교차로 - 교차로부근,기타불명,기타불명,기타불명,기타불명,자전거,남,14세,경상
2015032900100307,2015년 3월 29일 16시,일요일,충청북도 괴산군 칠성면,부상신고사고,0,0,0,1,차대차 - 추돌 - 주정차중,안전운전불이행,건조,맑음,단일로 - 기타,승용,여,56세,부상신고,승용,남,32세,상해없음
2015032900100338,2015년 3월 29일 17시,일요일,충청북도 청주시 흥덕구 운천동,중상사고,0,1,3,0,차대차 - 추돌 - 진행중,안전운전불이행,건조,맑음,교차로 - 교차로부근,승용,남,47세,상해없음,승용,남,67세,경상
2015032900100339,2015년 3월 29일 17시,일요일,충청북도 청주시 흥덕구 비하동,경상사고,0,0,2,0,차대차 - 기타,안전운전불이행,건조,맑음,교차로 - 교차로부근,승용,남,25세,상해없음,승용,남,39세,경상
2015032900100375,2015년 3월 29일 18시,일요일,충청북도 음성군 음성읍,경상사고,0,0,1,0,차대차 - 측면직각충돌,안전운전불이행,건조,맑음,교차로 - 교차로안,이륜,남,20세,경상,승합,남,36세,상해없음
2015032900100376,2015년 3월 29일 18시,일요일,충청북도 옥천군 옥천읍,경상사고,0,0,3,0,차대차 - 기타,안전운전불이행,건조,맑음,교차로 - 교차로부근,승용,남,79세,상해없음,승용,여,44세,경상
2015032900100430,2015년 3월 29일 20시,일요일,충청북도 충주시 문화동,중상사고,0,1,0,0,차대사람 - 기타,기타,건조,맑음,단일로 - 기타,승합,남,43세,상해없음,보행자,여,53세,중상
2015032900100431,2015년 3월 29일 20시,일요일,충청북도 청주시 흥덕구 향정동,중상사고,0,1,1,0,차대차 - 측면직각충돌,차로위반,건조,맑음,교차로 - 교차로부근,승용,남,57세,경상,이륜,남,23세,중상
2015033000100034,2015년 3월 30일 05시,월요일,충청북도 음성군 금왕읍,중상사고,0,1,0,0,차대차 - 측면직각충돌,안전운전불이행,건조,맑음,교차로 - 교차로안,화물,남,66세,상해없음,승용,남,77세,중상
2015033000100071,2015년 3월 30일 07시,월요일,충청북도 음성군 금왕읍,경상사고,0,0,1,0,차대차 - 측면직각충돌,안전운전불이행,건조,맑음,교차로 - 교차로안,승합,남,46세,상해없음,화물,남,57세,경상
2015033000100101,2015년 3월 30일 08시,월요일,충청북도 청주시 청원구 사천동,경상사고,0,0,1,0,차대사람 - 길가장자리구역통행중,안전운전불이행,건조,맑음,단일로 - 기타,승합,여,45세,상해없음,보행자,여,72세,경상
2015033000100102,2015년 3월 30일 08시,월요일,충청북도 충주시 안림동,중상사고,0,1,3,0,차대차 - 기타,기타,건조,맑음,교차로 - 교차로안,승용,여,51세,중상,승용,남,46세,경상
2015033000100103,2015년 3월 30일 08시,월요일,충청북도 음성군 대소면,중상사고,0,2,0,0,차대차 - 기타,안전운전불이행,건조,맑음,단일로 - 기타,승용,여,38세,상해없음,이륜,남,75세,중상
2015033000100104,2015년 3월 30일 08시,월요일,충청북도 옥천군 옥천읍,경상사고,0,0,1,0,차대차 - 측면직각충돌,안전거리미확보,건조,맑음,단일로 - 기타,승합,남,21세,상해없음,승용,남,33세,경상
2015033000100137,2015년 3월 30일 09시,월요일,충청북도 충주시 주덕읍,중상사고,0,1,0,0,차대차 - 기타,안전운전불이행,건조,맑음,교차로 - 교차로안,화물,남,63세,상해없음,승용,남,68세,중상
2015033000100138,2015년 3월 30일 09시,월요일,충청북도 충주시 칠금동,중상사고,0,1,0,1,차대차 - 기타,안전운전불이행,건조,맑음,교차로 - 교차로안,승용,여,39세,부상신고,화물,남,67세,중상
2015033000100139,2015년 3월 30일 09시,월요일,충청북도 청주시 상당구 미원면,중상사고,0,1,0,0,차대차 - 기타,중앙선침범,건조,맑음,교차로 - 교차로부근,승용,남,73세,상해없음,이륜,남,81세,중상
2015033000100167,2015년 3월 30일 10시,월요일,충청북도 충주시 동량면,중상사고,0,1,1,0,차대차 - 기타,안전운전불이행,건조,맑음,교차로 - 교차로안,승합,여,59세,경상,화물,남,70세,중상
2015033000100169,2015년 3월 30일 10시,월요일,충청북도 제천시 송학면,중상사고,0,1,0,0,차대차 - 측면직각충돌,안전운전불이행,건조,맑음,단일로 - 기타,승용,남,78세,상해없음,원동기,남,68세,중상
2015033000100204,2015년 3월 30일 11시,월요일,충청북도 청주시 청원구 율량동,경상사고,0,0,1,0,차대차 - 기타,안전운전불이행,건조,맑음,교차로 - 교차로안,승용,남,76세,상해없음,승합,남,59세,경상
2015033000100263,2015년 3월 30일 13시,월요일,충청북도 단양군 단양읍,중상사고,0,1,1,0,차대차 - 추돌 - 주정차중,안전운전불이행,건조,맑음,교차로 - 교차로부근,승용,남,46세,상해없음,승용,남,65세,중상
2015033000100303,2015년 3월 30일 14시,월요일,충청북도 충주시 산척면,중상사고,0,2,0,0,차대차 - 기타,기타,건조,맑음,교차로 - 교차로안,승용,남,74세,중상,농기계,남,56세,중상
2015033000100304,2015년 3월 30일 14시,월요일,충청북도 제천시 모산동,경상사고,0,0,1,0,차대사람 - 차도통행중,안전운전불이행,건조,맑음,단일로 - 기타,기타불명,기타불명,기타불명,기타불명,보행자,남,11세,경상
2015033000100305,2015년 3월 30일 14시,월요일,충청북도 영동군 영동읍,중상사고,0,1,0,0,차대사람 - 보도통행중,안전운전불이행,건조,맑음,교차로 - 교차로안,화물,남,45세,상해없음,보행자,여,79세,중상
2015033000100306,2015년 3월 30일 14시,월요일,충청북도 증평군 도안면,경상사고,0,0,1,0,차대차 - 기타,안전운전불이행,건조,맑음,단일로 - 기타,승용,여,68세,상해없음,승용,여,35세,경상
2015033000100384,2015년 3월 30일 16시,월요일,충청북도 청주시 서원구 남이면,경상사고,0,0,1,0,차대차 - 측면직각충돌,안전운전불이행,건조,맑음,단일로 - 기타,승용,남,42세,경상,건설기계,남,44세,상해없음
2015033000100431,2015년 3월 30일 17시,월요일,충청북도 청주시 흥덕구 오송읍,중상사고,0,1,0,0,차대차 - 측면직각충돌,교차로운행방법위반,건조,맑음,교차로 - 교차로안,승용,남,44세,상해없음,원동기,남,55세,중상
2015033000100463,2015년 3월 30일 18시,월요일,충청북도 청주시 청원구 사천동,경상사고,0,0,1,0,차대차 - 추돌 - 주정차중,안전운전불이행,건조,맑음,교차로 - 교차로부근,승용,남,49세,상해없음,승용,여,45세,경상
2015033000100506,2015년 3월 30일 19시,월요일,충청북도 청주시 청원구 오창읍,경상사고,0,0,3,0,차대차 - 기타,안전운전불이행,건조,맑음,교차로 - 교차로부근,승용,여,33세,경상,승용,남,32세,경상
2015033000100507,2015년 3월 30일 19시,월요일,충청북도 청주시 흥덕구 봉명동,중상사고,0,1,1,0,차대차 - 측면직각충돌,직진우회전진행방해,건조,맑음,교차로 - 교차로안,승용,여,37세,중상,승용,남,60세,경상
2015033000100542,2015년 3월 30일 20시,월요일,충청북도 청주시 청원구 북이면,경상사고,0,0,1,0,차량단독 - 공작물충돌,안전운전불이행,건조,맑음,단일로 - 기타,승용,남,60세,경상,,,,
2015033000100543,2015년 3월 30일 20시,월요일,충청북도 옥천군 옥천읍,중상사고,0,1,0,0,차대사람 - 차도통행중,안전운전불이행,건조,맑음,교차로 - 교차로안,승용,남,63세,상해없음,보행자,남,69세,중상
2015033000100544,2015년 3월 30일 20시,월요일,충청북도 청주시 흥덕구 복대동,경상사고,0,0,1,0,차대차 - 측면직각충돌,안전운전불이행,건조,맑음,교차로 - 교차로부근,승용,남,27세,상해없음,자전거,남,73세,경상
2015033000100575,2015년 3월 30일 21시,월요일,충청북도 청주시 청원구 율량동,중상사고,0,1,0,0,차대사람 - 기타,안전운전불이행,건조,맑음,단일로 - 기타,승용,여,31세,상해없음,보행자,남,51세,중상
2015033000100604,2015년 3월 30일 22시,월요일,충청북도 청주시 흥덕구 봉명동,경상사고,0,0,1,0,차대사람 - 길가장자리구역통행중,안전운전불이행,건조,맑음,단일로 - 기타,승합,남,65세,상해없음,보행자,남,35세,경상
2015033000100605,2015년 3월 30일 22시,월요일,충청북도 청주시 흥덕구 봉명동,경상사고,0,0,1,0,차대사람 - 횡단중,안전운전불이행,건조,맑음,단일로 - 기타,승용,남,56세,상해없음,보행자,남,28세,경상
2015033100100010,2015년 3월 31일 00시,화요일,충청북도 제천시 청전동,경상사고,0,0,3,0,차대차 - 측면직각충돌,신호위반,건조,맑음,교차로 - 교차로안,승용,남,27세,상해없음,승용,남,71세,경상