사고번호,사고일시,요일,시군구,사고내용,사망자수,중상자수,경상자수,부상신고자수,사고유형,법규위반,노면상태,기상상태,도로형태,가해운전자 차종,가해운전자 성별,가해운전자 연령,가해운전자 상해정도,피해운전자 차종,피해운전자 성별,피해운전자 연령,피해운전자 상해정도
2015033100100011,2015년 3월 31일 00시,화요일,충청북도 제천시 신백동,경상사고,0,0,1,0,차대차 - 추돌 - 주정차중,안전운전불이행,건조,맑음,교차로 - 교차로부근,승용,남,37세,경상,화물,남,50세,상해없음
2015033100100053,2015년 3월 31일 04시,화요일,충청북도 음성군 대소면,경상사고,0,0,1,0,차대차 - 측면직각충돌,중앙선침범,건조,맑음,단일로 - 기타,승용,남,49세,상해없음,화물,남,33세,경상
2015033100100141,2015년 3월 31일 09시,화요일,충청북도 청주시 서원구 사창동,경상사고,0,0,1,0,차대차 - 추돌 - 주정차중,안전운전불이행,건조,흐림,교차로 - 교차로부근,승합,남,42세,상해없음,승용,남,31세,경상
2015033100100241,2015년 3월 31일 13시,화요일,충청북도 청주시 청원구 율량동,중상사고,0,1,0,0,차대사람 - 기타,안전운전불이행,습기,비,교차로 - 교차로부근,승용,남,54세,상해없음,보행자,남,46세,중상
2015033100100278,2015년 3월 31일 14시,화요일,충청북도 청주시 서원구 사직동,경상사고,0,0,2,0,차대차 - 측면직각충돌,교차로운행방법위반,습기,비,교차로 - 교차로안,승용,여,47세,경상,승용,남,59세,경상
2015033100100316,2015년 3월 31일 15시,화요일,충청북도 청주시 청원구 율량동,경상사고,0,0,3,0,차대차 - 측면직각충돌,교차로운행방법위반,습기,비,교차로 - 교차로안,승용,여,25세,경상,승용,남,26세,경상
2015033100100343,2015년 3월 31일 16시,화요일,충청북도 충주시 교현동,중상사고,0,1,0,0,차대차 - 기타,안전거리미확보,건조,맑음,단일로 - 기타,승합,남,58세,상해없음,승용,남,49세,중상
2015033100100371,2015년 3월 31일 17시,화요일,충청북도 제천시 봉양읍,중상사고,0,5,4,0,차대차 - 추돌 - 진행중,안전운전불이행,습기,비,단일로 - 기타,승합,남,50세,중상,화물,남,54세,상해없음
2015033100100372,2015년 3월 31일 17시,화요일,충청북도 증평군 증평읍,경상사고,0,0,2,0,차대차 - 기타,안전운전불이행,건조,맑음,교차로 - 교차로부근,승용,남,54세,상해없음,승용,여,25세,경상
2015033100100373,2015년 3월 31일 17시,화요일,충청북도 청주시 흥덕구 서촌동,경상사고,0,0,2,0,차대차 - 측면직각충돌,안전운전불이행,건조,맑음,교차로 - 교차로안,승용,남,45세,상해없음,승용,남,61세,경상
2015033100100374,2015년 3월 31일 17시,화요일,충청북도 청주시 흥덕구 복대동,경상사고,0,0,2,0,차대차 - 기타,안전거리미확보,습기,비,단일로 - 기타,승용,남,18세,경상,화물,남,59세,경상
2015033100100463,2015년 3월 31일 19시,화요일,충청북도 청주시 흥덕구 외북동,중상사고,0,1,0,0,차대차 - 측면직각충돌,안전운전불이행,습기,비,단일로 - 기타,이륜,남,25세,중상,승용,남,54세,상해없음
2015033100100514,2015년 3월 31일 20시,화요일,충청북도 충주시 호암동,경상사고,0,0,1,0,차대차 - 기타,안전운전불이행,습기,비,기타 - 기타,승용,남,54세,상해없음,승용,여,32세,경상
2015033100100557,2015년 3월 31일 21시,화요일,충청북도 청주시 청원구 우암동,중상사고,0,1,0,0,차대차 - 추돌 - 진행중,안전운전불이행,습기,비,단일로 - 교량,원동기,남,52세,중상,승용,남,50세,상해없음
2015033100100558,2015년 3월 31일 21시,화요일,충청북도 제천시 영천동,경상사고,0,0,1,0,차대차 - 추돌 - 진행중,안전운전불이행,습기,비,단일로 - 기타,승용,남,36세,상해없음,승용,남,44세,경상
2015033100100559,2015년 3월 31일 21시,화요일,충청북도 청주시 흥덕구 복대동,경상사고,0,0,1,0,차대차 - 측면직각충돌,안전거리미확보,습기,비,단일로 - 기타,승용,남,25세,상해없음,승용,남,44세,경상
2015033100100615,2015년 3월 31일 22시,화요일,충청북도 충주시 앙성면,중상사고,0,1,0,0,차대차 - 기타,안전운전불이행,기타,안개,단일로 - 기타,화물,남,44세,상해없음,승용,여,48세,중상
2015033100100616,2015년 3월 31일 22시,화요일,충청북도 청주시 흥덕구 복대동,경상사고,0,0,1,0,차대차 - 측면직각충돌,신호위반,건조,맑음,교차로 - 교차로안,승용,남,31세,상해없음,승용,여,54세,경상
2015033100100617,2015년 3월 31일 22시,화요일,충청북도 청주시 흥덕구 가경동,경상사고,0,0,1,0,차대사람 - 기타,안전운전불이행,건조,맑음,단일로 - 기타,승용,남,46세,상해없음,보행자,남,20세,경상
2015033100100618,2015년 3월 31일 22시,화요일,충청북도 청주시 서원구 수곡동,경상사고,0,0,1,0,차대차 - 추돌 - 주정차중,안전운전불이행,건조,맑음,단일로 - 기타,승용,남,48세,경상,승합,남,56세,상해없음
2015040100100020,2015년 4월 1일 00시,수요일,충청북도 청주시 흥덕구 남촌동,경상사고,0,0,1,0,차대차 - 추돌 - 주정차중,안전운전불이행,건조,맑음,기타 - 기타,승용,남,31세,경상,승용,여,41세,기타불명
2015040100100051,2015년 4월 1일 02시,수요일,충청북도 증평군 증평읍,부상신고사고,0,0,0,1,차량단독 - 공작물충돌,안전운전불이행,습기,비,교차로 - 교차로부근,승용,여,35세,부상신고,,,,
2015040100100115,2015년 4월 1일 07시,수요일,충청북도 제천시 장락동,경상사고,0,0,1,0,차대차 - 측면직각충돌,기타,습기,비,교차로 - 교차로안,승합,여,38세,상해없음,승용,남,70세,경상
2015040100100116,2015년 4월 1일 07시,수요일,충청북도 증평군 증평읍,경상사고,0,0,1,0,차대차 - 추돌 - 진행중,안전거리미확보,건조,맑음,교차로 - 교차로부근,화물,남,32세,상해없음,화물,남,52세,경상
2015040100100143,2015년 4월 1일 08시,수요일,충청북도 청주시 청원구 북이면,경상사고,0,0,1,0,차대차 - 측면직각충돌,교차로운행방법위반,습기,비,교차로 - 교차로안,승용,남,37세,경상,승용,남,69세,상해없음
2015040100100144,2015년 4월 1일 08시,수요일,충청북도 청주시 청원구 내덕동,경상사고,0,0,1,0,차대차 - 추돌 - 진행중,안전운전불이행,건조,맑음,단일로 - 기타,승용,여,44세,상해없음,승합,여,53세,경상
2015040100100173,2015년 4월 1일 09시,수요일,충청북도 청주시 서원구 수곡동,경상사고,0,0,1,0,차대사람 - 횡단중,신호위반,습기,흐림,교차로 - 교차로안,승합,남,64세,상해없음,보행자,여,75세,경상
2015040100100174,2015년 4월 1일 09시,수요일,충청북도 청주시 서원구 모충동,경상사고,0,0,2,0,차대차 - 측면직각충돌,신호위반,건조,맑음,교차로 - 교차로안,승용,남,43세,경상,승용,남,43세,경상
2015040100100222,2015년 4월 1일 11시,수요일,충청북도 청주시 흥덕구 송정동,경상사고,0,0,3,0,차대차 - 측면직각충돌,교차로운행방법위반,건조,맑음,교차로 - 교차로안,승용,남,38세,경상,승용,여,55세,경상
2015040100100322,2015년 4월 1일 14시,수요일,충청북도 충주시 칠금동,경상사고,0,0,1,0,차대차 - 기타,신호위반,건조,맑음,교차로 - 교차로부근,승용,여,26세,상해없음,화물,남,51세,경상
2015040100100359,2015년 4월 1일 15시,수요일,충청북도 청주시 청원구 율량동,사망사고,1,0,0,0,차량단독 - 전도전복,안전운전불이행,건조,맑음,단일로 - 기타,이륜,남,78세,사망,,,,
2015040100100360,2015년 4월 1일 15시,수요일,충청북도 충주시 소태면,부상신고사고,0,0,0,1,차대차 - 기타,중앙선침범,건조,맑음,단일로 - 기타,이륜,남,70세,부상신고,화물,남,34세,상해없음
2015040100100361,2015년 4월 1일 15시,수요일,충청북도 청주시 상당구 남주동,경상사고,0,0,1,0,차대차 - 추돌 - 진행중,안전운전불이행,건조,맑음,교차로 - 교차로부근,승용,남,48세,상해없음,승용,여,39세,경상
2015040100100389,2015년 4월 1일 16시,수요일,충청북도 음성군 원남면,사망사고,1,1,0,0,차대차 - 측면직각충돌,중앙선침범,건조,맑음,미분류 - 미분류,화물,남,65세,사망,화물,남,50세,중상
2015040100100390,2015년 4월 1일 16시,수요일,충청북도 청주시 상당구 남주동,경상사고,0,0,4,0,차대차 - 측면직각충돌,교차로운행방법위반,건조,맑음,교차로 - 교차로안,이륜,남,55세,상해없음,승용,남,33세,경상
2015040100100465,2015년 4월 1일 18시,수요일,충청북도 충주시 성남동,경상사고,0,0,1,0,차대차 - 추돌 - 진행중,직진우회전진행방해,건조,맑음,교차로 - 교차로안,원동기,남,37세,경상,승용,여,50세,상해없음
2015040100100466,2015년 4월 1일 18시,수요일,충청북도 청주시 상당구 서문동,경상사고,0,0,2,0,차대차 - 측면직각충돌,교차로운행방법위반,건조,맑음,교차로 - 교차로안,승용,여,54세,상해없음,승용,남,46세,경상
2015040100100494,2015년 4월 1일 19시,수요일,충청북도 청주시 흥덕구 복대동,경상사고,0,0,1,0,차대차 - 기타,교차로운행방법위반,건조,맑음,교차로 - 교차로안,승용,남,49세,상해없음,자전거,남,19세,경상
2015040100100495,2015년 4월 1일 19시,수요일,충청북도 청주시 상당구 남일면,중상사고,0,1,2,0,차대차 - 측면직각충돌,신호위반,건조,맑음,교차로 - 교차로안,승합,남,37세,상해없음,승용,여,56세,중상
2015040100100496,2015년 4월 1일 19시,수요일,충청북도 청주시 상당구 금천동,경상사고,0,0,2,0,차대차 - 측면직각충돌,중앙선침범,건조,맑음,교차로 - 교차로부근,승용,남,66세,상해없음,승용,남,41세,경상
2015040100100528,2015년 4월 1일 20시,수요일,충청북도 청주시 상당구 용암동,경상사고,0,0,1,0,차대사람 - 횡단중,안전운전불이행,건조,맑음,단일로 - 기타,승합,남,68세,상해없음,보행자,남,27세,경상
2015040100100586,2015년 4월 1일 22시,수요일,충청북도 청주시 흥덕구 봉명동,경상사고,0,0,1,0,차대차 - 정면충돌,안전운전불이행,건조,맑음,교차로 - 교차로안,승용,남,46세,상해없음,승용,여,26세,경상
2015040100100587,2015년 4월 1일 22시,수요일,충청북도 청주시 흥덕구 봉명동,경상사고,0,0,1,0,차대차 - 기타,안전운전불이행,건조,맑음,교차로 - 교차로안,승용,남,23세,상해없음,자전거,남,16세,경상
2015040100100619,2015년 4월 1일 23시,수요일,충청북도 옥천군 동이면,중상사고,0,1,0,0,차량단독 - 전도전복,안전운전불이행,습기,맑음,단일로 - 기타,화물,남,42세,중상,,,,
2015040200100016,2015년 4월 2일 00시,목요일,충청북도 진천군 진천읍,경상사고,0,0,1,0,차대차 - 측면직각충돌,안전거리미확보,건조,맑음,교차로 - 교차로부근,승용,남,48세,상해없음,승용,남,27세,경상
2015040200100029,2015년 4월 2일 01시,목요일,충청북도 청주시 청원구 내덕동,경상사고,0,0,2,0,차대차 - 기타,신호위반,건조,맑음,교차로 - 교차로안,승용,남,28세,상해없음,승용,남,42세,경상
2015040200100061,2015년 4월 2일 04시,목요일,충청북도 청주시 흥덕구 가경동,경상사고,0,0,1,0,차대차 - 측면직각충돌,안전운전불이행,건조,맑음,교차로 - 교차로안,승용,남,41세,기타불명,승용,여,30세,경상
2015040200100101,2015년 4월 2일 07시,목요일,충청북도 충주시 목행동,경상사고,0,0,2,0,차대차 - 기타,신호위반,건조,맑음,교차로 - 교차로안,화물,여,30세,상해없음,승용,남,32세,경상
2015040200100124,2015년 4월 2일 08시,목요일,충청북도 청주시 흥덕구 봉명동,경상사고,0,0,1,0,차대사람 - 기타,안전운전불이행,건조,맑음,단일로 - 기타,승용,남,40세,상해없음,보행자,남,19세,경상
2015040200100151,2015년 4월 2일 09시,목요일,충청북도 제천시 장락동,경상사고,0,0,4,0,차대차 - 측면직각충돌,직진우회전진행방해,건조,맑음,교차로 - 교차로안,승용,남,28세,경상,승합,남,54세,경상
2015040200100152,2015년 4월 2일 09시,목요일,충청북도 음성군 감곡면,경상사고,0,0,2,0,차대차 - 기타,중앙선침범,건조,맑음,교차로 - 교차로안,승용,여,51세,상해없음,승용,남,56세,경상
2015040200100181,2015년 4월 2일 10시,목요일,충청북도 괴산군 괴산읍,부상신고사고,0,0,0,1,차대차 - 측면직각충돌,직진우회전진행방해,건조,맑음,교차로 - 교차로안,원동기,남,78세,부상신고,승용,여,45세,상해없음
2015040200100209,2015년 4월 2일 11시,목요일,충청북도 청주시 서원구 사창동,경상사고,0,0,1,0,차대사람 - 기타,기타,건조,맑음,단일로 - 횡단보도부근,이륜,남,67세,상해없음,보행자,여,48세,경상
2015040200100210,2015년 4월 2일 11시,목요일,충청북도 충주시 봉방동,중상사고,0,1,0,0,차대차 - 기타,중앙선침범,건조,맑음,단일로 - 기타,승용,남,27세,상해없음,이륜,남,18세,중상
2015040200100211,2015년 4월 2일 11시,목요일,충청북도 충주시 살미면,중상사고,0,1,0,0,차대차 - 기타,안전운전불이행,건조,맑음,교차로 - 교차로안,승용,남,66세,상해없음,승용,여,52세,중상
2015040200100241,2015년 4월 2일 12시,목요일,충청북도 청주시 서원구 모충동,중상사고,0,1,1,0,차대차 - 측면직각충돌,안전운전불이행,건조,맑음,교차로 - 교차로부근,이륜,남,62세,중상,승용,여,46세,경상
2015040200100260,2015년 4월 2일 13시,목요일,충청북도 청주시 상당구 용담동,중상사고,0,1,0,0,차량단독 - 전도전복,안전운전불이행,건조,맑음,단일로 - 기타,이륜,남,30세,중상,,,,
2015040200100315,2015년 4월 2일 15시,목요일,충청북도 청주시 서원구 사직동,경상사고,0,0,2,0,차대차 - 기타,교차로운행방법위반,건조,맑음,교차로 - 교차로안,화물,남,22세,경상,승용,남,51세,경상
2015040200100376,2015년 4월 2일 17시,목요일,충청북도 충주시 호암동,경상사고,0,0,1,1,차대차 - 기타,안전거리미확보,건조,맑음,단일로 - 기타,승용,여,54세,부상신고,승합,남,72세,경상
2015040200100377,2015년 4월 2일 17시,목요일,충청북도 충주시 성내동,중상사고,0,1,0,0,차대차 - 기타,직진우회전진행방해,건조,맑음,교차로 - 교차로안,승용,남,56세,상해없음,원동기,남,83세,중상
2015040200100432,2015년 4월 2일 18시,목요일,충청북도 청주시 청원구 내덕동,중상사고,0,1,0,0,차대사람 - 기타,안전운전불이행,건조,맑음,교차로 - 교차로부근,승용,여,55세,상해없음,보행자,남,57세,중상
2015040200100433,2015년 4월 2일 18시,목요일,충청북도 청주시 서원구 모충동,중상사고,0,1,0,0,차대사람 - 기타,안전운전불이행,건조,맑음,단일로 - 기타,승용,남,51세,상해없음,보행자,남,43세,중상
2015040200100473,2015년 4월 2일 19시,목요일,충청북도 청주시 상당구 금천동,중상사고,0,1,0,0,차대사람 - 횡단중,안전운전불이행,건조,맑음,단일로 - 기타,승용,남,33세,상해없음,보행자,남,39세,중상
2015040200100532,2015년 4월 2일 20시,목요일,충청북도 청주시 상당구 금천동,경상사고,0,0,1,0,차대차 - 측면직각충돌,안전거리미확보,건조,맑음,교차로 - 교차로안,승용,여,31세,상해없음,승용,남,32세,경상
2015040200100639,2015년 4월 2일 22시,목요일,충청북도 충주시 교현동,경상사고,0,0,2,0,차대차 - 기타,직진우회전진행방해,건조,흐림,단일로 - 기타,승용,남,35세,경상,이륜,남,23세,상해없음
2015040200100640,2015년 4월 2일 22시,목요일,충청북도 충주시 호암동,경상사고,0,0,1,0,차대차 - 기타,안전운전불이행,습기,비,단일로 - 기타,승용,남,57세,상해없음,승용,여,29세,경상
2015040300100029,2015년 4월 3일 00시,금요일,충청북도 청주시 흥덕구 봉명동,경상사고,0,0,1,0,차대차 - 추돌 - 주정차중,안전운전불이행,습기,비,교차로 - 교차로부근,승용,여,25세,상해없음,승용,남,48세,경상
2015040300100030,2015년 4월 3일 00시,금요일,충청북도 청주시 상당구 금천동,경상사고,0,0,2,0,차대차 - 측면직각충돌,중앙선침범,습기,비,단일로 - 기타,승용,여,38세,상해없음,승용,남,35세,경상
2015040300100056,2015년 4월 3일 01시,금요일,충청북도 청주시 서원구 분평동,중상사고,0,1,1,0,차대차 - 측면직각충돌,신호위반,습기,비,단일로 - 기타,승용,남,43세,상해없음,승용,남,42세,중상
2015040300100090,2015년 4월 3일 03시,금요일,충청북도 청주시 서원구 성화동,중상사고,0,1,2,0,차대차 - 기타,신호위반,건조,맑음,교차로 - 교차로안,승용,남,55세,상해없음,승용,남,56세,경상
2015040300100143,2015년 4월 3일 07시,금요일,충청북도 증평군 증평읍,중상사고,0,1,0,0,차대차 - 기타,교차로운행방법위반,건조,맑음,교차로 - 교차로안,승용,남,50세,상해없음,승용,여,41세,상해없음
2015040300100175,2015년 4월 3일 08시,금요일,충청북도 청주시 청원구 북이면,중상사고,0,2,0,0,차대차 - 기타,신호위반,건조,흐림,교차로 - 교차로안,화물,남,66세,중상,승용,남,33세,중상
2015040300100176,2015년 4월 3일 08시,금요일,충청북도 충주시 용산동,중상사고,0,1,0,0,차대차 - 기타,안전운전불이행,습기,흐림,교차로 - 교차로안,승용,남,63세,상해없음,자전거,남,14세,중상
2015040300100204,2015년 4월 3일 09시,금요일,충청북도 음성군 음성읍,부상신고사고,0,0,0,1,차대차 - 기타,안전운전불이행,건조,맑음,단일로 - 기타,기타불명,기타불명,기타불명,기타불명,농기계,남,76세,부상신고
2015040300100220,2015년 4월 3일 10시,금요일,충청북도 청주시 서원구 사직동,중상사고,0,1,0,0,차대사람 - 보도통행중,기타,건조,맑음,기타 - 기타,승용,남,43세,상해없음,보행자,여,79세,중상
2015040300100221,2015년 4월 3일 10시,금요일,충청북도 충주시 살미면,중상사고,0,1,1,0,차대사람 - 기타,안전운전불이행,습기,비,단일로 - 기타,화물,남,62세,상해없음,보행자,남,52세,중상
2015040300100252,2015년 4월 3일 11시,금요일,충청북도 충주시 성서동,중상사고,0,1,0,0,차대차 - 기타,안전운전불이행,건조,맑음,교차로 - 교차로부근,승용,기타불명,기타불명,기타불명,원동기,남,21세,중상
2015040300100314,2015년 4월 3일 13시,금요일,충청북도 청주시 흥덕구 복대동,경상사고,0,0,3,0,차대차 - 측면직각충돌,차로위반,건조,맑음,단일로 - 기타,화물,남,35세,경상,화물,남,53세,경상
2015040300100315,2015년 4월 3일 13시,금요일,충청북도 청주시 흥덕구 봉명동,중상사고,0,1,0,0,차대차 - 측면직각충돌,신호위반,건조,흐림,단일로 - 횡단보도상,승용,남,60세,상해없음,자전거,남,70세,중상
2015040300100343,2015년 4월 3일 14시,금요일,충청북도 제천시 화산동,경상사고,0,0,1,0,차대차 - 측면직각충돌,직진우회전진행방해,건조,맑음,교차로 - 교차로안,승합,남,43세,상해없음,승용,여,45세,경상
2015040300100344,2015년 4월 3일 14시,금요일,충청북도 옥천군 옥천읍,중상사고,0,1,0,0,차대사람 - 기타,안전운전불이행,건조,흐림,교차로 - 교차로안,승합,남,43세,상해없음,보행자,여,76세,중상
2015040300100345,2015년 4월 3일 14시,금요일,충청북도 진천군 진천읍,중상사고,0,1,0,0,차대사람 - 기타,안전운전불이행,건조,맑음,단일로 - 기타,승용,남,29세,상해없음,보행자,남,53세,중상
2015040300100346,2015년 4월 3일 14시,금요일,충청북도 진천군 진천읍,경상사고,0,0,1,0,차대차 - 추돌 - 진행중,교차로운행방법위반,건조,기타,교차로 - 교차로부근,승용,남,56세,상해없음,승용,남,50세,경상
2015040300100376,2015년 4월 3일 15시,금요일,충청북도 청주시 흥덕구 복대동,경상사고,0,0,1,0,차대사람 - 횡단중,보행자보호의무위반,건조,맑음,단일로 - 횡단보도상,승용,여,60세,상해없음,보행자,남,14세,경상
2015040300100411,2015년 4월 3일 16시,금요일,충청북도 청주시 흥덕구 가경동,경상사고,0,0,1,0,차대차 - 측면직각충돌,안전운전불이행,건조,맑음,교차로 - 교차로안,승용,남,67세,상해없음,자전거,남,21세,경상
2015040300100412,2015년 4월 3일 16시,금요일,충청북도 청주시 상당구 남일면,경상사고,0,0,3,0,차대차 - 기타,교차로운행방법위반,건조,흐림,교차로 - 교차로안,승용,여,27세,경상,승용,여,50세,경상
2015040300100413,2015년 4월 3일 16시,금요일,충청북도 청주시 상당구 문의면,경상사고,0,0,2,0,차대사람 - 기타,안전운전불이행,건조,맑음,기타 - 기타,승용,여,61세,상해없음,보행자,남,70세,경상
2015040300100452,2015년 4월 3일 17시,금요일,충청북도 제천시 명지동,경상사고,0,0,3,0,차대차 - 측면직각충돌,안전운전불이행,건조,맑음,단일로 - 기타,승용,남,67세,상해없음,농기계,남,55세,경상
2015040300100453,2015년 4월 3일 17시,금요일,충청북도 청주시 서원구 미평동,경상사고,0,0,1,0,차대차 - 기타,중앙선침범,건조,맑음,교차로 - 교차로안,승용,남,55세,상해없음,승용,남,48세,경상
2015040300100502,2015년 4월 3일 18시,금요일,충청북도 음성군 삼성면,중상사고,0,1,0,0,차대차 - 측면직각충돌,안전운전불이행,건조,맑음,교차로 - 교차로안,이륜,남,71세,중상,승용,남,34세,상해없음
2015040300100546,2015년 4월 3일 19시,금요일,충청북도 청주시 서원구 사창동,중상사고,0,1,0,0,차대차 - 기타,안전운전불이행,건조,맑음,단일로 - 기타,화물,남,55세,상해없음,이륜,남,33세,중상
2015040300100547,2015년 4월 3일 19시,금요일,충청북도 제천시 청전동,경상사고,0,0,1,0,차대차 - 측면직각충돌,직진우회전진행방해,건조,맑음,교차로 - 교차로안,승용,남,31세,상해없음,승용,남,41세,경상
2015040300100548,2015년 4월 3일 19시,금요일,충청북도 옥천군 옥천읍,경상사고,0,0,1,0,차대차 - 기타,직진우회전진행방해,건조,맑음,교차로 - 교차로안,승용,남,53세,상해없음,원동기,남,36세,경상
2015040300100580,2015년 4월 3일 20시,금요일,충청북도 충주시 교현동,중상사고,0,1,0,0,차대사람 - 기타,보행자보호의무위반,건조,흐림,교차로 - 교차로부근,승용,남,65세,상해없음,보행자,남,47세,중상
2015040300100618,2015년 4월 3일 21시,금요일,충청북도 음성군 맹동면,경상사고,0,0,1,0,차량단독 - 전도전복,안전운전불이행,건조,맑음,단일로 - 기타,승용,남,54세,경상,,,,
2015040300100619,2015년 4월 3일 21시,금요일,충청북도 단양군 매포읍,중상사고,0,1,0,0,차대사람 - 차도통행중,안전운전불이행,건조,흐림,교차로 - 교차로안,승용,남,46세,상해없음,보행자,여,53세,중상
2015040300100620,2015년 4월 3일 21시,금요일,충청북도 청주시 흥덕구 신봉동,중상사고,0,1,1,0,차대차 - 측면직각충돌,신호위반,건조,맑음,교차로 - 교차로안,이륜,남,19세,중상,승용,남,23세,경상
2015040300100621,2015년 4월 3일 21시,금요일,충청북도 청주시 흥덕구 봉명동,경상사고,0,0,1,0,차대차 - 추돌 - 진행중,안전운전불이행,건조,맑음,단일로 - 기타,승용,남,60세,기타불명,승용,남,24세,상해없음
2015040300100622,2015년 4월 3일 21시,금요일,충청북도 청주시 서원구 수곡동,경상사고,0,0,2,0,차대차 - 기타,교차로운행방법위반,건조,맑음,교차로 - 교차로안,승용,남,34세,경상,승용,여,49세,경상
2015040300100656,2015년 4월 3일 22시,금요일,충청북도 청주시 청원구 내수읍,경상사고,0,0,1,0,차대차 - 추돌 - 주정차중,안전운전불이행,건조,맑음,교차로 - 교차로부근,화물,남,53세,상해없음,승용,여,48세,경상
2015040300100657,2015년 4월 3일 22시,금요일,충청북도 청주시 상당구 남문로2가동,경상사고,0,0,1,0,차대차 - 기타,교차로운행방법위반,건조,맑음,교차로 - 교차로안,승용,남,25세,상해없음,승용,남,54세,상해없음
2015040300100658,2015년 4월 3일 22시,금요일,충청북도 청주시 상당구 미원면,중상사고,0,1,0,0,차대사람 - 기타,중앙선침범,건조,맑음,교차로 - 교차로안,승용,여,45세,상해없음,보행자,여,64세,중상
2015040300100703,2015년 4월 3일 23시,금요일,충청북도 청주시 서원구 분평동,경상사고,0,0,1,0,차대차 - 기타,안전운전불이행,건조,맑음,기타 - 기타,승용,남,48세,상해없음,이륜,남,17세,경상
2015040400100082,2015년 4월 4일 03시,토요일,충청북도 청주시 흥덕구 복대동,경상사고,0,0,1,0,차대사람 - 길가장자리구역통행중,안전운전불이행,건조,맑음,단일로 - 기타,승용,남,55세,상해없음,보행자,여,28세,경상
2015040400100107,2015년 4월 4일 05시,토요일,충청북도 청주시 흥덕구 복대동,경상사고,0,0,1,0,차대사람 - 횡단중,보행자보호의무위반,건조,맑음,단일로 - 횡단보도상,승용,남,41세,상해없음,보행자,여,42세,경상
2015040400100116,2015년 4월 4일 06시,토요일,충청북도 청주시 청원구 율량동,중상사고,0,2,1,0,차대차 - 측면직각충돌,신호위반,건조,맑음,교차로 - 교차로안,승용,남,34세,상해없음,승용,남,49세,중상
2015040400100117,2015년 4월 4일 06시,토요일,충청북도 청주시 상당구 석교동,경상사고,0,0,1,0,차대차 - 기타,안전운전불이행,건조,맑음,교차로 - 교차로안,화물,남,55세,상해없음,자전거,남,24세,경상
2015040400100150,2015년 4월 4일 08시,토요일,충청북도 충주시 봉방동,경상사고,0,0,3,1,차대차 - 기타,신호위반,건조,맑음,교차로 - 교차로안,승용,남,62세,부상신고,화물,남,73세,경상
2015040400100203,2015년 4월 4일 10시,토요일,충청북도 청주시 서원구 사직동,경상사고,0,0,2,0,차량단독 - 기타,안전운전불이행,건조,맑음,단일로 - 기타,승합,남,52세,상해없음,,,,
2015040400100204,2015년 4월 4일 10시,토요일,충청북도 영동군 영동읍,중상사고,0,1,0,0,차대차 - 기타,안전운전불이행,건조,맑음,단일로 - 기타,원동기,남,84세,중상,승용,여,47세,상해없음
2015040400100205,2015년 4월 4일 10시,토요일,충청북도 청주시 흥덕구 봉명동,경상사고,0,0,1,0,차대사람 - 횡단중,안전운전불이행,건조,맑음,교차로 - 교차로안,승용,남,62세,상해없음,보행자,여,8세,경상
2015040400100206,2015년 4월 4일 10시,토요일,충청북도 청주시 상당구 석교동,중상사고,0,1,0,0,차대차 - 측면직각충돌,안전운전불이행,건조,맑음,교차로 - 교차로부근,승용,남,66세,상해없음,자전거,남,73세,중상
2015040400100274,2015년 4월 4일 12시,토요일,충청북도 청주시 청원구 우암동,경상사고,0,0,1,0,차대차 - 측면직각충돌,교차로운행방법위반,건조,맑음,교차로 - 교차로안,승합,남,49세,상해없음,승용,여,28세,경상
2015040400100275,2015년 4월 4일 12시,토요일,충청북도 청주시 흥덕구 가경동,중상사고,0,1,0,0,차대차 - 측면직각충돌,안전운전불이행,건조,맑음,교차로 - 교차로부근,승합,남,36세,상해없음,원동기,남,28세,중상
2015040400100276,2015년 4월 4일 12시,토요일,충청북도 청주시 흥덕구 봉명동,경상사고,0,0,1,0,차대차 - 측면직각충돌,안전거리미확보,건조,맑음,단일로 - 기타,원동기,남,31세,경상,승용,남,37세,상해없음
2015040400100277,2015년 4월 4일 12시,토요일,충청북도 청주시 상당구 용정동,경상사고,0,0,2,0,차대차 - 측면직각충돌,교차로운행방법위반,건조,맑음,교차로 - 교차로안,승용,여,36세,경상,승용,여,19세,상해없음
2015040400100316,2015년 4월 4일 13시,토요일,충청북도 청주시 상당구 북문로2가동,중상사고,0,1,2,0,차량단독 - 공작물충돌,안전운전불이행,건조,맑음,단일로 - 기타,승용,남,18세,상해없음,,,,
2015040400100338,2015년 4월 4일 14시,토요일,충청북도 충주시 문화동,경상사고,0,0,2,0,차대차 - 기타,직진우회전진행방해,건조,맑음,교차로 - 교차로안,승용,여,65세,경상,승용,남,33세,경상
2015040400100339,2015년 4월 4일 14시,토요일,충청북도 영동군 심천면,중상사고,0,2,0,0,차대차 - 추돌 - 진행중,안전운전불이행,건조,흐림,단일로 - 기타,건설기계,남,50세,상해없음,승용,남,60세,중상
2015040400100340,2015년 4월 4일 14시,토요일,충청북도 영동군 용산면,경상사고,0,0,2,0,차대차 - 측면직각충돌,신호위반,건조,흐림,교차로 - 교차로안,화물,남,59세,경상,화물,남,57세,경상