사고번호,사고일시,요일,시군구,사고내용,사망자수,중상자수,경상자수,부상신고자수,사고유형,법규위반,노면상태,기상상태,도로형태,가해운전자 차종,가해운전자 성별,가해운전자 연령,가해운전자 상해정도,피해운전자 차종,피해운전자 성별,피해운전자 연령,피해운전자 상해정도
2015040900100391,2015년 4월 9일 17시,목요일,충청북도 음성군 대소면,부상신고사고,0,0,0,1,차대차 - 기타,교차로운행방법위반,건조,맑음,교차로 - 교차로안,승용,여,37세,부상신고,이륜,기타불명,61세,기타불명
2015040900100418,2015년 4월 9일 18시,목요일,충청북도 청주시 청원구 내수읍,중상사고,0,1,0,0,차대차 - 기타,신호위반,건조,맑음,교차로 - 교차로안,승합,남,55세,상해없음,승용,여,37세,중상
2015040900100419,2015년 4월 9일 18시,목요일,충청북도 제천시 청전동,경상사고,0,0,1,0,차대차 - 추돌 - 진행중,안전운전불이행,건조,맑음,교차로 - 교차로부근,승용,여,51세,상해없음,승용,여,37세,경상
2015040900100420,2015년 4월 9일 18시,목요일,충청북도 단양군 단성면,중상사고,0,1,0,0,차대차 - 기타,안전운전불이행,건조,맑음,단일로 - 기타,승용,남,76세,상해없음,이륜,남,61세,중상
2015040900100421,2015년 4월 9일 18시,목요일,충청북도 청주시 흥덕구 강내면,중상사고,0,1,1,0,차대차 - 측면직각충돌,직진우회전진행방해,건조,맑음,교차로 - 교차로안,승용,여,45세,경상,승합,남,36세,중상
2015040900100455,2015년 4월 9일 19시,목요일,충청북도 충주시 연수동,부상신고사고,0,0,0,1,차량단독 - 공작물충돌,안전운전불이행,건조,맑음,교차로 - 교차로부근,승용,남,57세,부상신고,,,,
2015040900100456,2015년 4월 9일 19시,목요일,충청북도 제천시 중앙로2가,경상사고,0,0,1,0,차대사람 - 기타,안전운전불이행,건조,맑음,단일로 - 기타,원동기,남,17세,상해없음,보행자,남,71세,경상
2015040900100518,2015년 4월 9일 21시,목요일,충청북도 청주시 흥덕구 비하동,경상사고,0,0,1,0,차대차 - 측면직각충돌,차로위반,건조,맑음,교차로 - 교차로부근,승용,남,31세,상해없음,승용,여,28세,경상
2015040900100542,2015년 4월 9일 22시,목요일,충청북도 청주시 청원구 주성동,중상사고,0,1,0,0,차대차 - 기타,안전운전불이행,건조,맑음,단일로 - 기타,기타불명,기타불명,기타불명,기타불명,자전거,남,47세,중상
2015040900100543,2015년 4월 9일 22시,목요일,충청북도 제천시 청전동,중상사고,0,1,0,0,차대차 - 기타,직진우회전진행방해,건조,맑음,교차로 - 교차로안,승용,여,50세,상해없음,원동기,남,17세,중상
2015041000100012,2015년 4월 10일 00시,금요일,충청북도 제천시 청전동,중상사고,0,1,0,0,차대차 - 측면직각충돌,안전운전불이행,건조,맑음,교차로 - 교차로부근,승용,남,30세,상해없음,승용,남,50세,중상
2015041000100047,2015년 4월 10일 02시,금요일,충청북도 청주시 상당구 석교동,경상사고,0,0,1,0,차대차 - 기타,교차로운행방법위반,건조,맑음,교차로 - 교차로안,승용,남,35세,상해없음,기타불명,여,28세,경상
2015041000100097,2015년 4월 10일 07시,금요일,충청북도 청주시 서원구 현도면,경상사고,0,0,2,0,차대차 - 추돌 - 진행중,안전거리미확보,건조,맑음,단일로 - 기타,승용,남,56세,상해없음,승용,여,49세,경상
2015041000100131,2015년 4월 10일 08시,금요일,충청북도 청주시 청원구 오창읍,경상사고,0,0,2,0,차대차 - 기타,신호위반,건조,맑음,교차로 - 교차로안,승용,여,33세,경상,건설기계,남,29세,경상
2015041000100132,2015년 4월 10일 08시,금요일,충청북도 충주시 호암동,경상사고,0,0,1,0,차대사람 - 기타,보행자보호의무위반,건조,맑음,교차로 - 교차로부근,승용,여,46세,상해없음,보행자,남,9세,경상
2015041000100133,2015년 4월 10일 08시,금요일,충청북도 청주시 흥덕구 오송읍,경상사고,0,0,2,0,차대차 - 측면직각충돌,안전운전불이행,건조,맑음,교차로 - 교차로안,승용,여,58세,경상,승용,남,39세,경상
2015041000100169,2015년 4월 10일 09시,금요일,충청북도 제천시 영천동,중상사고,0,1,0,0,차대차 - 기타,안전운전불이행,건조,맑음,교차로 - 교차로안,승용,남,60세,상해없음,자전거,남,32세,중상
2015041000100170,2015년 4월 10일 09시,금요일,충청북도 진천군 덕산면,경상사고,0,0,1,0,차대차 - 측면직각충돌,교차로운행방법위반,건조,맑음,교차로 - 교차로안,승용,남,48세,경상,건설기계,남,50세,상해없음
2015041000100237,2015년 4월 10일 12시,금요일,충청북도 청주시 상당구 금천동,경상사고,0,0,1,0,차대사람 - 기타,안전운전불이행,건조,맑음,기타 - 기타,화물,남,29세,상해없음,보행자,여,61세,경상
2015041000100345,2015년 4월 10일 15시,금요일,충청북도 제천시 청전동,경상사고,0,0,2,0,차대차 - 측면직각충돌,신호위반,건조,맑음,교차로 - 교차로안,승용,여,60세,경상,승용,남,46세,경상
2015041000100387,2015년 4월 10일 16시,금요일,충청북도 청주시 상당구 가덕면,경상사고,0,0,1,0,차대차 - 추돌 - 진행중,안전운전불이행,건조,맑음,교차로 - 교차로부근,승용,여,49세,상해없음,승용,여,43세,경상
2015041000100427,2015년 4월 10일 17시,금요일,충청북도 제천시 의림동,경상사고,0,0,1,0,차대차 - 추돌 - 진행중,안전운전불이행,건조,맑음,단일로 - 기타,승합,여,53세,상해없음,승용,여,46세,경상
2015041000100428,2015년 4월 10일 17시,금요일,충청북도 제천시 고명동,경상사고,0,0,1,0,차대차 - 추돌 - 주정차중,안전운전불이행,건조,맑음,교차로 - 교차로부근,승용,남,59세,상해없음,승용,남,45세,경상
2015041000100429,2015년 4월 10일 17시,금요일,충청북도 괴산군 괴산읍,경상사고,0,0,2,0,차대차 - 기타,교차로운행방법위반,건조,맑음,교차로 - 교차로안,승용,여,52세,경상,승용,남,52세,경상
2015041000100565,2015년 4월 10일 20시,금요일,충청북도 충주시 금릉동,경상사고,0,0,1,0,차대차 - 측면직각충돌,교차로운행방법위반,건조,맑음,교차로 - 교차로안,승용,남,49세,상해없음,승용,남,29세,경상
2015041000100605,2015년 4월 10일 21시,금요일,충청북도 진천군 진천읍,경상사고,0,0,2,0,차대차 - 측면직각충돌,교차로운행방법위반,건조,맑음,교차로 - 교차로안,승용,여,53세,상해없음,승용,여,35세,경상
2015041000100644,2015년 4월 10일 22시,금요일,충청북도 충주시 호암동,경상사고,0,0,3,1,차대차 - 추돌 - 진행중,직진우회전진행방해,건조,맑음,교차로 - 교차로안,승용,여,36세,부상신고,승용,여,41세,경상
2015041000100645,2015년 4월 10일 22시,금요일,충청북도 충주시 교현동,중상사고,0,1,0,0,차대차 - 추돌 - 진행중,신호위반,건조,맑음,교차로 - 교차로안,승용,남,37세,상해없음,이륜,남,16세,중상
2015041000100646,2015년 4월 10일 22시,금요일,충청북도 제천시 청전동,경상사고,0,0,1,0,차대차 - 측면직각충돌,안전운전불이행,건조,맑음,교차로 - 교차로안,승합,남,51세,상해없음,승용,여,45세,경상
2015041000100647,2015년 4월 10일 22시,금요일,충청북도 청주시 흥덕구 비하동,경상사고,0,0,3,0,차대차 - 측면직각충돌,안전운전불이행,건조,맑음,단일로 - 기타,승용,남,57세,상해없음,승용,남,25세,경상
2015041000100669,2015년 4월 10일 23시,금요일,충청북도 충주시 목행동,경상사고,0,0,1,1,차대차 - 추돌 - 진행중,안전운전불이행,건조,맑음,단일로 - 기타,승용,남,40세,부상신고,승용,남,58세,경상
2015041100100045,2015년 4월 11일 01시,토요일,충청북도 진천군 문백면,중상사고,0,7,2,0,차대차 - 추돌 - 진행중,안전운전불이행,건조,맑음,단일로 - 기타,승용,남,52세,중상,승용,남,58세,중상
2015041100100060,2015년 4월 11일 02시,토요일,충청북도 청주시 흥덕구 복대동,경상사고,0,0,1,0,차대차 - 측면직각충돌,차로위반,건조,맑음,단일로 - 기타,승용,남,31세,경상,승용,여,46세,상해없음
2015041100100164,2015년 4월 11일 08시,토요일,충청북도 음성군 원남면,중상사고,0,1,4,0,차대차 - 기타,안전거리미확보,건조,맑음,단일로 - 기타,승용,남,43세,중상,화물,남,53세,상해없음
2015041100100165,2015년 4월 11일 08시,토요일,충청북도 진천군 백곡면,경상사고,0,0,1,0,차대차 - 측면직각충돌,중앙선침범,건조,맑음,단일로 - 기타,이륜,남,50세,경상,승용,남,28세,상해없음
2015041100100193,2015년 4월 11일 09시,토요일,충청북도 충주시 수안보면,중상사고,0,1,0,0,차대사람 - 기타,안전운전불이행,건조,맑음,단일로 - 기타,화물,남,32세,상해없음,보행자,남,71세,중상
2015041100100251,2015년 4월 11일 11시,토요일,충청북도 청주시 흥덕구 복대동,부상신고사고,0,0,0,1,차대차 - 측면직각충돌,중앙선침범,건조,맑음,교차로 - 교차로부근,이륜,남,72세,부상신고,승용,남,56세,상해없음
2015041100100323,2015년 4월 11일 13시,토요일,충청북도 음성군 생극면,중상사고,0,1,0,0,차대차 - 기타,안전운전불이행,건조,맑음,단일로 - 기타,승용,남,49세,상해없음,자전거,남,81세,중상
2015041100100324,2015년 4월 11일 13시,토요일,충청북도 청주시 흥덕구 수의동,중상사고,0,1,0,0,차대차 - 기타,안전운전불이행,건조,맑음,단일로 - 기타,승용,남,40세,기타불명,승용,여,50세,중상
2015041100100359,2015년 4월 11일 14시,토요일,충청북도 음성군 금왕읍,경상사고,0,0,4,0,차대차 - 기타,안전운전불이행,건조,맑음,교차로 - 교차로부근,승용,여,35세,경상,승용,남,76세,경상
2015041100100360,2015년 4월 11일 14시,토요일,충청북도 청주시 서원구 수곡동,부상신고사고,0,0,0,1,차대사람 - 기타,안전운전불이행,건조,맑음,기타 - 기타,기타불명,기타불명,기타불명,기타불명,보행자,여,79세,부상신고
2015041100100407,2015년 4월 11일 15시,토요일,충청북도 충주시 교현동,중상사고,0,2,3,0,차대차 - 기타,중앙선침범,건조,맑음,교차로 - 교차로부근,승용,여,62세,상해없음,승용,남,68세,중상
2015041100100483,2015년 4월 11일 17시,토요일,충청북도 청주시 흥덕구 휴암동,경상사고,0,0,5,1,차대차 - 측면직각충돌,안전운전불이행,건조,맑음,단일로 - 기타,승용,남,43세,부상신고,승용,남,30세,경상
2015041100100484,2015년 4월 11일 17시,토요일,충청북도 청주시 상당구 금천동,경상사고,0,0,3,0,차대차 - 측면직각충돌,교차로운행방법위반,건조,맑음,교차로 - 교차로안,승용,여,48세,경상,승용,여,41세,경상
2015041100100527,2015년 4월 11일 18시,토요일,충청북도 청주시 청원구 율량동,경상사고,0,0,2,0,차대차 - 측면직각충돌,안전운전불이행,건조,맑음,교차로 - 교차로부근,승용,여,53세,상해없음,승용,남,31세,경상
2015041100100528,2015년 4월 11일 18시,토요일,충청북도 진천군 진천읍,중상사고,0,1,1,0,차대차 - 측면직각충돌,교차로운행방법위반,건조,기타,교차로 - 교차로부근,승용,여,42세,경상,승용,남,53세,중상
2015041100100571,2015년 4월 11일 19시,토요일,충청북도 청주시 청원구 율량동,경상사고,0,0,1,0,차대차 - 측면직각충돌,교차로운행방법위반,건조,맑음,교차로 - 교차로안,승용,남,41세,상해없음,이륜,남,40세,경상
2015041100100572,2015년 4월 11일 19시,토요일,충청북도 제천시 금성면,경상사고,0,0,3,0,차대차 - 추돌 - 진행중,안전거리미확보,건조,맑음,단일로 - 기타,승용,남,45세,상해없음,승용,남,53세,경상
2015041100100573,2015년 4월 11일 19시,토요일,충청북도 제천시 금성면,경상사고,0,0,2,0,차대차 - 추돌 - 진행중,안전운전불이행,건조,맑음,단일로 - 기타,승용,남,24세,상해없음,승용,남,29세,경상
2015041100100574,2015년 4월 11일 19시,토요일,충청북도 청주시 상당구 문의면,중상사고,0,3,3,0,차대차 - 측면직각충돌,중앙선침범,건조,맑음,단일로 - 기타,승용,남,63세,상해없음,승용,여,32세,경상
2015041100100575,2015년 4월 11일 19시,토요일,충청북도 청주시 서원구 산남동,경상사고,0,0,2,0,차대차 - 측면직각충돌,안전운전불이행,건조,맑음,단일로 - 기타,승용,남,31세,경상,승용,남,47세,경상
2015041100100610,2015년 4월 11일 20시,토요일,충청북도 청주시 청원구 내덕동,경상사고,0,0,1,0,차대차 - 기타,교차로운행방법위반,건조,맑음,교차로 - 교차로안,승용,여,43세,기타불명,원동기,남,17세,경상
2015041100100611,2015년 4월 11일 20시,토요일,충청북도 충주시 달천동,중상사고,0,3,1,0,차대차 - 기타,신호위반,건조,맑음,교차로 - 교차로안,승용,남,45세,상해없음,승용,여,49세,중상
2015041100100612,2015년 4월 11일 20시,토요일,충청북도 청주시 흥덕구 봉명동,경상사고,0,0,1,0,차대사람 - 기타,안전운전불이행,건조,맑음,단일로 - 기타,승용,기타불명,기타불명,기타불명,보행자,남,39세,경상
2015041200100014,2015년 4월 12일 00시,일요일,충청북도 충주시 교현동,경상사고,0,0,4,1,차대차 - 기타,신호위반,건조,맑음,교차로 - 교차로안,승용,여,50세,부상신고,승용,남,51세,경상
2015041200100015,2015년 4월 12일 00시,일요일,충청북도 청주시 흥덕구 복대동,경상사고,0,0,2,0,차대차 - 추돌 - 주정차중,안전운전불이행,건조,맑음,단일로 - 기타,승용,남,34세,상해없음,승용,여,60세,상해없음
2015041200100032,2015년 4월 12일 01시,일요일,충청북도 청주시 흥덕구 가경동,중상사고,0,1,4,0,차대차 - 기타,신호위반,건조,맑음,교차로 - 교차로안,승용,남,18세,상해없음,승용,남,47세,경상
2015041200100077,2015년 4월 12일 04시,일요일,충청북도 충주시 앙성면,중상사고,0,2,0,0,차대차 - 추돌 - 진행중,안전운전불이행,건조,맑음,단일로 - 기타,승용,남,33세,상해없음,승용,남,28세,중상
2015041200100106,2015년 4월 12일 07시,일요일,충청북도 음성군 음성읍,중상사고,0,1,1,0,차량단독 - 도로외이탈 - 추락,안전운전불이행,건조,맑음,단일로 - 기타,승용,여,23세,경상,,,,
2015041200100107,2015년 4월 12일 07시,일요일,충청북도 청주시 흥덕구 복대동,경상사고,0,0,1,0,차대차 - 기타,안전운전불이행,건조,맑음,단일로 - 기타,기타불명,기타불명,기타불명,기타불명,승용,여,55세,경상
2015041200100119,2015년 4월 12일 08시,일요일,충청북도 제천시 송학면,경상사고,0,0,2,0,차량단독 - 공작물충돌,안전운전불이행,건조,맑음,단일로 - 기타,승용,남,46세,상해없음,,,,
2015041200100120,2015년 4월 12일 08시,일요일,충청북도 청주시 흥덕구 봉명동,중상사고,0,2,1,0,차대차 - 기타,안전운전불이행,건조,맑음,교차로 - 교차로안,승용,남,45세,경상,승용,남,22세,중상
2015041200100135,2015년 4월 12일 09시,일요일,충청북도 충주시 안림동,경상사고,0,0,1,0,차대차 - 기타,안전거리미확보,건조,맑음,교차로 - 교차로부근,승용,남,53세,상해없음,승용,남,64세,경상
2015041200100136,2015년 4월 12일 09시,일요일,충청북도 제천시 백운면,부상신고사고,0,0,0,1,차대차 - 측면직각충돌,안전운전불이행,건조,맑음,교차로 - 교차로안,승용,여,46세,상해없음,화물,남,68세,부상신고
2015041200100147,2015년 4월 12일 10시,일요일,충청북도 제천시 청전동,중상사고,0,1,1,0,차대차 - 추돌 - 진행중,안전운전불이행,건조,맑음,교차로 - 교차로부근,승용,남,74세,경상,승용,여,49세,중상
2015041200100148,2015년 4월 12일 10시,일요일,충청북도 제천시 의림동,경상사고,0,0,1,0,차대차 - 측면직각충돌,차로위반,건조,흐림,단일로 - 기타,승용,남,79세,기타불명,승용,여,41세,경상
2015041200100149,2015년 4월 12일 10시,일요일,충청북도 청주시 상당구 남주동,경상사고,0,0,1,0,차대차 - 측면직각충돌,안전운전불이행,건조,맑음,교차로 - 교차로안,이륜,남,42세,경상,승용,여,30세,상해없음
2015041200100171,2015년 4월 12일 11시,일요일,충청북도 청주시 상당구 북문로2가동,경상사고,0,0,3,0,차대차 - 추돌 - 주정차중,안전운전불이행,건조,맑음,교차로 - 교차로부근,화물,남,59세,상해없음,승용,남,29세,경상
2015041200100488,2015년 4월 12일 21시,일요일,충청북도 청주시 청원구 내수읍,사망사고,1,0,0,0,차대사람 - 횡단중,안전운전불이행,건조,맑음,단일로 - 교량,승용,남,59세,상해없음,보행자,남,61세,사망
2015041200100489,2015년 4월 12일 21시,일요일,충청북도 청주시 서원구 분평동,부상신고사고,0,0,0,1,차대차 - 기타,안전운전불이행,건조,맑음,교차로 - 교차로부근,기타불명,기타불명,기타불명,기타불명,이륜,남,16세,부상신고
2015041300100067,2015년 4월 13일 07시,월요일,충청북도 진천군 진천읍,중상사고,0,1,0,0,차대차 - 측면직각충돌,안전운전불이행,건조,맑음,교차로 - 교차로안,화물,남,54세,상해없음,승용,남,33세,중상
2015041300100101,2015년 4월 13일 08시,월요일,충청북도 옥천군 옥천읍,부상신고사고,0,0,0,2,차대차 - 측면직각충돌,안전운전불이행,건조,맑음,단일로 - 기타,화물,남,61세,상해없음,승용,여,27세,상해없음
2015041300100131,2015년 4월 13일 09시,월요일,충청북도 청주시 청원구 우암동,중상사고,0,1,0,0,차대차 - 측면직각충돌,신호위반,건조,맑음,교차로 - 교차로안,승용,남,56세,상해없음,승용,여,62세,중상
2015041300100132,2015년 4월 13일 09시,월요일,충청북도 제천시 중앙로1가,경상사고,0,0,1,0,차대차 - 측면직각충돌,직진우회전진행방해,건조,맑음,교차로 - 교차로안,승용,남,52세,상해없음,이륜,여,69세,경상
2015041300100133,2015년 4월 13일 09시,월요일,충청북도 제천시 화산동,경상사고,0,0,1,0,차대차 - 측면직각충돌,중앙선침범,건조,맑음,단일로 - 기타,승합,남,63세,상해없음,승용,남,60세,경상
2015041300100134,2015년 4월 13일 09시,월요일,충청북도 청주시 상당구 용암동,경상사고,0,0,1,0,차대차 - 기타,안전운전불이행,건조,맑음,교차로 - 교차로부근,화물,남,46세,상해없음,승용,남,55세,상해없음
2015041300100158,2015년 4월 13일 10시,월요일,충청북도 청주시 상당구 남주동,경상사고,0,0,1,0,차대차 - 측면직각충돌,교차로운행방법위반,건조,맑음,교차로 - 교차로안,승용,남,58세,상해없음,승용,여,44세,경상
2015041300100287,2015년 4월 13일 15시,월요일,충청북도 청주시 서원구 모충동,경상사고,0,0,2,0,차대차 - 기타,교차로운행방법위반,건조,맑음,교차로 - 교차로안,승용,여,67세,상해없음,승용,남,59세,경상
2015041300100288,2015년 4월 13일 15시,월요일,충청북도 음성군 금왕읍,경상사고,0,0,1,0,차대차 - 측면직각충돌,안전운전불이행,습기,비,교차로 - 교차로부근,승용,남,49세,상해없음,승합,남,58세,상해없음
2015041300100289,2015년 4월 13일 15시,월요일,충청북도 청주시 상당구 용암동,경상사고,0,0,1,0,차대차 - 측면직각충돌,안전운전불이행,습기,비,단일로 - 기타,화물,남,44세,상해없음,이륜,남,51세,경상
2015041300100329,2015년 4월 13일 16시,월요일,충청북도 음성군 금왕읍,경상사고,0,0,1,0,차량단독 - 기타,안전운전불이행,건조,맑음,교차로 - 교차로부근,화물,남,57세,상해없음,,,,
2015041300100372,2015년 4월 13일 17시,월요일,충청북도 충주시 대소원면,경상사고,0,0,1,0,차대차 - 추돌 - 진행중,안전운전불이행,건조,맑음,교차로 - 교차로부근,승용,남,52세,상해없음,승용,여,51세,경상
2015041300100373,2015년 4월 13일 17시,월요일,충청북도 단양군 가곡면,사망사고,1,0,0,0,차량단독 - 도로외이탈 - 기타,안전운전불이행,건조,맑음,단일로 - 기타,이륜,여,68세,사망,,,,
2015041300100414,2015년 4월 13일 18시,월요일,충청북도 제천시 명동,경상사고,0,0,1,0,차대차 - 추돌 - 진행중,안전운전불이행,건조,맑음,기타 - 기타,승용,남,68세,상해없음,승용,여,33세,경상
2015041300100415,2015년 4월 13일 18시,월요일,충청북도 청주시 흥덕구 신전동,부상신고사고,0,0,0,1,차대차 - 측면직각충돌,교차로운행방법위반,습기,흐림,교차로 - 교차로안,승용,남,31세,상해없음,건설기계,남,56세,부상신고
2015041300100460,2015년 4월 13일 19시,월요일,충청북도 청주시 청원구 사천동,중상사고,0,1,0,0,차대차 - 측면직각충돌,안전운전불이행,습기,흐림,교차로 - 교차로안,자전거,남,58세,중상,승용,남,62세,상해없음
2015041300100461,2015년 4월 13일 19시,월요일,충청북도 충주시 대소원면,중상사고,0,1,1,0,차대차 - 추돌 - 진행중,신호위반,건조,맑음,교차로 - 교차로안,승용,남,36세,경상,승용,남,40세,중상
2015041300100500,2015년 4월 13일 20시,월요일,충청북도 청주시 서원구 개신동,중상사고,0,1,0,0,차대차 - 측면직각충돌,신호위반,습기,비,교차로 - 교차로안,이륜,남,21세,중상,승용,남,58세,상해없음
2015041300100501,2015년 4월 13일 20시,월요일,충청북도 청주시 서원구 산남동,경상사고,0,0,1,0,차대차 - 추돌 - 진행중,안전운전불이행,건조,맑음,교차로 - 교차로부근,승용,남,46세,상해없음,승용,여,44세,경상
2015041300100592,2015년 4월 13일 22시,월요일,충청북도 충주시 연수동,경상사고,0,0,1,0,차대차 - 추돌 - 진행중,신호위반,습기,비,교차로 - 교차로안,승용,남,48세,상해없음,승용,여,44세,경상
2015041300100593,2015년 4월 13일 22시,월요일,충청북도 청주시 흥덕구 강내면,사망사고,1,0,0,0,차량단독 - 공작물충돌,안전운전불이행,습기,비,단일로 - 기타,승용,남,49세,사망,,,,
2015041300100594,2015년 4월 13일 22시,월요일,충청북도 청주시 상당구 용암동,경상사고,0,0,1,0,차대차 - 기타,교차로운행방법위반,건조,맑음,교차로 - 교차로안,승용,남,60세,상해없음,승용,남,34세,경상
2015041400100019,2015년 4월 14일 00시,화요일,충청북도 충주시 연수동,경상사고,0,0,1,0,차대차 - 추돌 - 진행중,안전운전불이행,건조,맑음,단일로 - 기타,승용,남,30세,경상,화물,남,43세,상해없음
2015041400100086,2015년 4월 14일 04시,화요일,충청북도 충주시 노은면,경상사고,0,0,3,0,차대차 - 기타,안전운전불이행,건조,맑음,단일로 - 기타,화물,남,59세,경상,화물,남,54세,상해없음
2015041400100128,2015년 4월 14일 07시,화요일,충청북도 청주시 청원구 오창읍,경상사고,0,0,1,0,차대차 - 측면직각충돌,교차로운행방법위반,습기,흐림,교차로 - 교차로안,승용,남,38세,상해없음,화물,남,48세,경상
2015041400100129,2015년 4월 14일 07시,화요일,충청북도 청주시 서원구 현도면,중상사고,0,1,0,0,차대차 - 기타,안전운전불이행,습기,비,단일로 - 기타,승용,남,44세,상해없음,승용,남,34세,중상
2015041400100161,2015년 4월 14일 08시,화요일,충청북도 청주시 서원구 사창동,경상사고,0,0,2,0,차대차 - 기타,안전운전불이행,습기,비,교차로 - 교차로안,승용,여,35세,상해없음,승용,여,54세,경상
2015041400100162,2015년 4월 14일 08시,화요일,충청북도 충주시 교현동,경상사고,0,0,3,0,차대차 - 기타,중앙선침범,습기,비,단일로 - 기타,승용,여,41세,상해없음,승용,여,33세,경상
2015041400100163,2015년 4월 14일 08시,화요일,충청북도 영동군 영동읍,중상사고,0,1,1,0,차대차 - 추돌 - 주정차중,안전거리미확보,습기,비,단일로 - 기타,승용,남,22세,상해없음,승용,여,32세,경상
2015041400100203,2015년 4월 14일 09시,화요일,충청북도 음성군 맹동면,사망사고,1,4,0,0,차대차 - 측면직각충돌,신호위반,건조,흐림,교차로 - 교차로안,화물,남,61세,중상,승합,남,52세,중상
2015041400100234,2015년 4월 14일 10시,화요일,충청북도 영동군 영동읍,중상사고,0,1,0,0,차량단독 - 전도전복,안전운전불이행,습기,흐림,교차로 - 교차로안,이륜,남,69세,중상,,,,
2015041400100256,2015년 4월 14일 11시,화요일,충청북도 청주시 청원구 내수읍,경상사고,0,0,1,0,차대차 - 측면직각충돌,신호위반,건조,맑음,교차로 - 교차로안,승용,남,39세,상해없음,승용,남,51세,경상
2015041400100339,2015년 4월 14일 14시,화요일,충청북도 청주시 흥덕구 복대동,경상사고,0,0,1,0,차대차 - 측면직각충돌,안전운전불이행,건조,흐림,단일로 - 기타,승용,남,54세,상해없음,자전거,남,74세,경상
2015041400100381,2015년 4월 14일 16시,화요일,충청북도 증평군 증평읍,경상사고,0,0,4,0,차대차 - 기타,안전운전불이행,건조,맑음,교차로 - 교차로부근,승합,남,54세,상해없음,승합,남,53세,상해없음
2015041400100406,2015년 4월 14일 17시,화요일,충청북도 청주시 서원구 사직동,경상사고,0,0,1,0,차대차 - 측면직각충돌,안전운전불이행,건조,맑음,교차로 - 교차로부근,화물,남,28세,상해없음,이륜,남,33세,경상
2015041400100407,2015년 4월 14일 17시,화요일,충청북도 청주시 서원구 미평동,중상사고,0,1,0,0,차대차 - 측면직각충돌,신호위반,건조,맑음,단일로 - 기타,이륜,남,19세,중상,승용,남,49세,상해없음
2015041400100408,2015년 4월 14일 17시,화요일,충청북도 제천시 신백동,중상사고,0,1,0,0,차대사람 - 기타,안전운전불이행,건조,맑음,교차로 - 교차로부근,농기계,남,53세,상해없음,보행자,여,12세,중상
2015041400100409,2015년 4월 14일 17시,화요일,충청북도 청주시 서원구 성화동,중상사고,0,1,1,0,차대차 - 추돌 - 주정차중,중앙선침범,건조,맑음,단일로 - 기타,승용,여,60세,중상,승용,남,30세,경상
2015041400100439,2015년 4월 14일 18시,화요일,충청북도 청주시 서원구 모충동,경상사고,0,0,1,0,차대차 - 측면직각충돌,안전운전불이행,건조,맑음,단일로 - 기타,승합,남,67세,상해없음,자전거,남,57세,경상
2015041400100475,2015년 4월 14일 19시,화요일,충청북도 청주시 청원구 주성동,중상사고,0,1,2,0,차대차 - 정면충돌,신호위반,건조,맑음,교차로 - 교차로안,승용,남,54세,경상,승용,남,51세,중상
2015041400100519,2015년 4월 14일 20시,화요일,충청북도 제천시 청전동,경상사고,0,0,1,0,차대차 - 추돌 - 진행중,안전운전불이행,건조,맑음,단일로 - 기타,승용,남,57세,상해없음,승용,여,39세,경상
2015041400100520,2015년 4월 14일 20시,화요일,충청북도 영동군 양강면,사망사고,1,0,0,0,차대사람 - 차도통행중,안전운전불이행,습기,비,단일로 - 기타,승용,남,25세,상해없음,보행자,남,62세,사망
2015041400100521,2015년 4월 14일 20시,화요일,충청북도 음성군 감곡면,중상사고,0,1,2,0,차대사람 - 길가장자리구역통행중,안전운전불이행,습기,흐림,단일로 - 기타,승용,남,34세,상해없음,보행자,여,18세,중상
2015041400100522,2015년 4월 14일 20시,화요일,충청북도 청주시 상당구 용암동,중상사고,0,3,1,0,차대차 - 추돌 - 주정차중,안전운전불이행,건조,맑음,단일로 - 기타,승용,남,37세,상해없음,승용,남,35세,경상
2015041400100597,2015년 4월 14일 22시,화요일,충청북도 충주시 연수동,경상사고,0,0,3,0,차대차 - 기타,안전운전불이행,건조,흐림,교차로 - 교차로부근,승용,남,28세,상해없음,승용,여,47세,경상
2015041400100598,2015년 4월 14일 22시,화요일,충청북도 청주시 서원구 수곡동,경상사고,0,0,1,0,차대차 - 추돌 - 주정차중,안전운전불이행,건조,맑음,단일로 - 기타,승용,남,54세,상해없음,승용,남,53세,경상
2015041400100628,2015년 4월 14일 23시,화요일,충청북도 청주시 흥덕구 운천동,경상사고,0,0,2,0,차대차 - 추돌 - 진행중,안전운전불이행,건조,맑음,단일로 - 기타,승용,남,41세,상해없음,승용,남,35세,경상
2015041400100629,2015년 4월 14일 23시,화요일,충청북도 청주시 서원구 모충동,경상사고,0,0,1,0,차대차 - 기타,안전운전불이행,건조,맑음,교차로 - 교차로안,이륜,남,39세,경상,승용,남,29세,상해없음
2015041500100012,2015년 4월 15일 00시,수요일,충청북도 청주시 청원구 우암동,경상사고,0,0,2,0,차대차 - 측면직각충돌,안전운전불이행,건조,맑음,교차로 - 교차로부근,화물,남,45세,상해없음,승용,남,55세,경상
2015041500100013,2015년 4월 15일 00시,수요일,충청북도 음성군 대소면,부상신고사고,0,0,0,1,차대차 - 기타,안전운전불이행,건조,맑음,단일로 - 기타,승용,남,27세,부상신고,승용,남,57세,상해없음