사고번호,사고일시,요일,시군구,사고내용,사망자수,중상자수,경상자수,부상신고자수,사고유형,법규위반,노면상태,기상상태,도로형태,가해운전자 차종,가해운전자 성별,가해운전자 연령,가해운전자 상해정도,피해운전자 차종,피해운전자 성별,피해운전자 연령,피해운전자 상해정도
2015041500100029,2015년 4월 15일 01시,수요일,충청북도 제천시 화산동,경상사고,0,0,2,0,차대차 - 추돌 - 진행중,안전운전불이행,건조,맑음,교차로 - 교차로부근,승용,남,52세,상해없음,승용,여,52세,경상
2015041500100030,2015년 4월 15일 01시,수요일,충청북도 음성군 소이면,중상사고,0,1,0,0,차량단독 - 공작물충돌,안전운전불이행,습기,비,단일로 - 기타,승용,남,30세,중상,,,,
2015041500100051,2015년 4월 15일 02시,수요일,충청북도 청주시 흥덕구 복대동,경상사고,0,0,1,0,차대차 - 측면직각충돌,안전운전불이행,습기,비,단일로 - 기타,기타불명,기타불명,기타불명,기타불명,승용,남,29세,경상
2015041500100076,2015년 4월 15일 04시,수요일,충청북도 청주시 흥덕구 강서동,중상사고,0,1,0,0,차대차 - 기타,안전운전불이행,건조,맑음,단일로 - 기타,화물,남,37세,상해없음,승용,남,28세,상해없음
2015041500100124,2015년 4월 15일 07시,수요일,충청북도 음성군 음성읍,경상사고,0,0,1,0,차대차 - 측면직각충돌,안전운전불이행,습기,흐림,교차로 - 교차로부근,승합,남,26세,상해없음,승합,남,34세,경상
2015041500100152,2015년 4월 15일 08시,수요일,충청북도 진천군 덕산면,중상사고,0,1,0,0,차대차 - 정면충돌,안전운전불이행,건조,맑음,단일로 - 기타,원동기,남,28세,중상,화물,남,41세,상해없음
2015041500100153,2015년 4월 15일 08시,수요일,충청북도 청주시 흥덕구 가경동,경상사고,0,0,2,0,차대차 - 측면직각충돌,교차로운행방법위반,건조,맑음,교차로 - 교차로안,승용,여,23세,상해없음,승용,여,57세,경상
2015041500100154,2015년 4월 15일 08시,수요일,충청북도 청주시 흥덕구 복대동,경상사고,0,0,1,0,차대차 - 측면직각충돌,안전운전불이행,건조,맑음,단일로 - 기타,기타불명,기타불명,기타불명,기타불명,이륜,여,68세,경상
2015041500100193,2015년 4월 15일 09시,수요일,충청북도 보은군 보은읍,경상사고,0,0,3,0,차대차 - 측면직각충돌,교차로운행방법위반,건조,맑음,교차로 - 교차로안,승용,여,58세,경상,승용,남,39세,경상
2015041500100244,2015년 4월 15일 11시,수요일,충청북도 옥천군 옥천읍,경상사고,0,0,3,0,차대차 - 측면직각충돌,교차로운행방법위반,건조,맑음,교차로 - 교차로안,승용,남,63세,경상,승용,여,58세,경상
2015041500100273,2015년 4월 15일 12시,수요일,충청북도 청주시 서원구 모충동,경상사고,0,0,1,0,차대차 - 기타,안전운전불이행,건조,맑음,단일로 - 기타,승용,여,54세,상해없음,자전거,남,72세,경상
2015041500100307,2015년 4월 15일 13시,수요일,충청북도 충주시 충의동,중상사고,0,1,0,0,차대사람 - 기타,안전운전불이행,건조,맑음,기타 - 기타,승용,남,64세,상해없음,보행자,남,83세,중상
2015041500100308,2015년 4월 15일 13시,수요일,충청북도 괴산군 청안면,경상사고,0,0,1,0,차량단독 - 공작물충돌,안전운전불이행,건조,맑음,단일로 - 기타,이륜,남,68세,경상,,,,
2015041500100309,2015년 4월 15일 13시,수요일,충청북도 진천군 진천읍,경상사고,0,0,1,0,차대차 - 측면직각충돌,안전운전불이행,건조,기타,기타 - 기타,승용,남,44세,상해없음,승용,여,39세,경상
2015041500100377,2015년 4월 15일 15시,수요일,충청북도 제천시 금성면,부상신고사고,0,0,0,1,차대차 - 측면직각충돌,중앙선침범,건조,맑음,단일로 - 기타,승용,남,60세,부상신고,승합,남,62세,상해없음
2015041500100416,2015년 4월 15일 16시,수요일,충청북도 청주시 서원구 사직동,경상사고,0,0,1,0,차량단독 - 기타,안전운전불이행,건조,맑음,단일로 - 기타,승용,남,65세,상해없음,,,,
2015041500100417,2015년 4월 15일 16시,수요일,충청북도 충주시 충인동,중상사고,0,1,0,0,차대차 - 기타,기타,건조,맑음,교차로 - 교차로안,승용,남,60세,상해없음,자전거,여,76세,중상
2015041500100418,2015년 4월 15일 16시,수요일,충청북도 충주시 금릉동,경상사고,0,0,1,0,차대차 - 기타,안전운전불이행,건조,맑음,교차로 - 교차로안,승용,여,31세,상해없음,승용,여,44세,경상
2015041500100419,2015년 4월 15일 16시,수요일,충청북도 청주시 서원구 모충동,경상사고,0,0,1,0,차대차 - 측면직각충돌,안전운전불이행,건조,맑음,교차로 - 교차로부근,승용,남,72세,상해없음,승용,남,26세,경상
2015041500100420,2015년 4월 15일 16시,수요일,충청북도 청주시 서원구 수곡동,중상사고,0,1,0,0,차량단독 - 기타,기타,건조,맑음,단일로 - 기타,승합,남,53세,상해없음,,,,
2015041500100450,2015년 4월 15일 17시,수요일,충청북도 제천시 중앙로1가,경상사고,0,0,1,0,차대차 - 측면직각충돌,안전거리미확보,건조,맑음,단일로 - 기타,원동기,남,22세,상해없음,승용,남,59세,경상
2015041500100451,2015년 4월 15일 17시,수요일,충청북도 진천군 초평면,중상사고,0,1,0,0,차대차 - 측면직각충돌,안전운전불이행,건조,맑음,단일로 - 기타,화물,남,23세,상해없음,원동기,남,67세,중상
2015041500100527,2015년 4월 15일 19시,수요일,충청북도 음성군 음성읍,경상사고,0,0,1,0,차대차 - 정면충돌,신호위반,건조,맑음,교차로 - 교차로안,이륜,남,84세,경상,승용,남,33세,상해없음
2015041500100528,2015년 4월 15일 19시,수요일,충청북도 청주시 상당구 서운동,경상사고,0,0,1,0,차대차 - 기타,안전운전불이행,건조,맑음,단일로 - 기타,승용,여,46세,상해없음,승용,남,46세,경상
2015041500100552,2015년 4월 15일 20시,수요일,충청북도 제천시 남천동,사망사고,1,0,0,0,차대사람 - 기타,과속,건조,맑음,교차로 - 교차로안,승합,남,63세,상해없음,보행자,남,71세,사망
2015041500100598,2015년 4월 15일 21시,수요일,충청북도 괴산군 칠성면,중상사고,0,1,0,0,차대사람 - 기타,안전운전불이행,건조,맑음,단일로 - 기타,승용,여,48세,상해없음,보행자,남,58세,중상
2015041500100599,2015년 4월 15일 21시,수요일,충청북도 옥천군 옥천읍,중상사고,0,1,0,0,차대차 - 기타,안전운전불이행,건조,맑음,교차로 - 교차로안,기타불명,기타불명,기타불명,기타불명,원동기,남,17세,중상
2015041500100628,2015년 4월 15일 22시,수요일,충청북도 청주시 흥덕구 복대동,경상사고,0,0,1,0,차대사람 - 횡단중,안전운전불이행,건조,맑음,교차로 - 교차로부근,승용,여,43세,상해없음,보행자,여,15세,경상
2015041500100629,2015년 4월 15일 22시,수요일,충청북도 청주시 서원구 개신동,중상사고,0,1,0,0,차대차 - 기타,안전운전불이행,건조,맑음,교차로 - 교차로안,승용,남,46세,상해없음,자전거,남,17세,중상
2015041600100022,2015년 4월 16일 01시,목요일,충청북도 청주시 흥덕구 복대동,경상사고,0,0,2,0,차대차 - 측면직각충돌,교차로운행방법위반,건조,맑음,교차로 - 교차로안,승용,여,39세,경상,승용,남,51세,경상
2015041600100046,2015년 4월 16일 03시,목요일,충청북도 청주시 흥덕구 봉명동,부상신고사고,0,0,0,1,차량단독 - 공작물충돌,안전운전불이행,건조,맑음,단일로 - 기타,승용,남,35세,부상신고,,,,
2015041600100100,2015년 4월 16일 07시,목요일,충청북도 보은군 마로면,경상사고,0,0,2,0,차대차 - 측면직각충돌,안전거리미확보,건조,맑음,교차로 - 교차로부근,승용,남,58세,상해없음,승합,남,49세,상해없음
2015041600100101,2015년 4월 16일 07시,목요일,충청북도 청주시 서원구 개신동,경상사고,0,0,5,0,차대차 - 측면직각충돌,안전운전불이행,건조,맑음,교차로 - 교차로부근,승용,남,35세,상해없음,승용,여,34세,경상
2015041600100142,2015년 4월 16일 08시,목요일,충청북도 청주시 청원구 내덕동,중상사고,0,2,0,0,차대차 - 측면직각충돌,교차로운행방법위반,건조,맑음,교차로 - 교차로안,승용,남,25세,중상,승용,남,54세,중상
2015041600100194,2015년 4월 16일 10시,목요일,충청북도 제천시 중앙로2가,경상사고,0,0,2,0,차대차 - 측면직각충돌,안전운전불이행,건조,맑음,교차로 - 교차로부근,승용,여,53세,상해없음,승용,남,42세,경상
2015041600100217,2015년 4월 16일 11시,목요일,충청북도 제천시 봉양읍,중상사고,0,1,1,0,차대차 - 추돌 - 진행중,안전거리미확보,건조,맑음,단일로 - 기타,화물,여,50세,중상,화물,남,61세,경상
2015041600100218,2015년 4월 16일 11시,목요일,충청북도 청주시 서원구 현도면,경상사고,0,0,2,0,차대차 - 측면직각충돌,안전운전불이행,건조,맑음,단일로 - 기타,승용,여,55세,상해없음,승용,남,39세,상해없음
2015041600100268,2015년 4월 16일 13시,목요일,충청북도 음성군 금왕읍,경상사고,0,0,1,0,차대차 - 측면직각충돌,안전운전불이행,건조,맑음,교차로 - 교차로부근,승용,여,41세,상해없음,승용,남,46세,경상
2015041600100335,2015년 4월 16일 15시,목요일,충청북도 괴산군 불정면,경상사고,0,0,1,0,차대차 - 추돌 - 진행중,안전운전불이행,습기,비,단일로 - 기타,건설기계,남,40세,상해없음,화물,남,44세,경상
2015041600100336,2015년 4월 16일 15시,목요일,충청북도 청주시 상당구 낭성면,중상사고,0,1,3,0,차대차 - 기타,교차로운행방법위반,습기,비,교차로 - 교차로안,승합,남,49세,상해없음,승용,남,76세,중상
2015041600100377,2015년 4월 16일 16시,목요일,충청북도 청주시 서원구 사직동,경상사고,0,0,1,0,차대차 - 측면직각충돌,교차로운행방법위반,습기,흐림,교차로 - 교차로안,승용,여,60세,상해없음,원동기,여,40세,경상
2015041600100414,2015년 4월 16일 17시,목요일,충청북도 충주시 봉방동,부상신고사고,0,0,0,1,차대차 - 기타,신호위반,건조,맑음,교차로 - 교차로안,자전거,남,49세,부상신고,승용,여,57세,상해없음
2015041600100461,2015년 4월 16일 18시,목요일,충청북도 청주시 청원구 오창읍,경상사고,0,0,1,0,차대차 - 측면직각충돌,교차로운행방법위반,건조,맑음,교차로 - 교차로안,승용,남,66세,상해없음,승합,남,62세,상해없음
2015041600100462,2015년 4월 16일 18시,목요일,충청북도 제천시 신월동,경상사고,0,0,3,0,차대차 - 측면직각충돌,직진우회전진행방해,건조,맑음,교차로 - 교차로안,승합,여,38세,경상,승용,남,63세,경상
2015041600100490,2015년 4월 16일 19시,목요일,충청북도 충주시 칠금동,경상사고,0,0,1,0,차대사람 - 횡단중,안전운전불이행,건조,맑음,단일로 - 기타,승용,남,54세,상해없음,보행자,여,21세,경상
2015041600100520,2015년 4월 16일 20시,목요일,충청북도 청주시 청원구 북이면,중상사고,0,1,0,0,차대사람 - 기타,안전운전불이행,습기,흐림,기타 - 기타,승용,남,53세,상해없음,보행자,남,21세,중상
2015041600100577,2015년 4월 16일 22시,목요일,충청북도 청주시 흥덕구 복대동,중상사고,0,1,0,0,차대사람 - 기타,안전운전불이행,건조,맑음,단일로 - 기타,승용,남,53세,상해없음,보행자,남,62세,중상
2015041600100605,2015년 4월 16일 23시,목요일,충청북도 청주시 흥덕구 복대동,경상사고,0,0,1,0,차대차 - 측면직각충돌,중앙선침범,건조,맑음,교차로 - 교차로안,승용,남,23세,상해없음,자전거,남,14세,경상
2015041700100035,2015년 4월 17일 02시,금요일,충청북도 청주시 상당구 수동,중상사고,0,1,3,0,차대차 - 측면직각충돌,교차로운행방법위반,건조,맑음,교차로 - 교차로안,승용,남,40세,상해없음,승용,남,21세,중상
2015041700100126,2015년 4월 17일 08시,금요일,충청북도 음성군 생극면,경상사고,0,0,1,0,차대사람 - 기타,안전운전불이행,건조,맑음,단일로 - 기타,승용,남,62세,상해없음,보행자,남,80세,경상
2015041700100231,2015년 4월 17일 10시,금요일,충청북도 충주시 용탄동,경상사고,0,0,1,0,차대차 - 기타,직진우회전진행방해,건조,맑음,교차로 - 교차로안,화물,남,46세,상해없음,승용,남,25세,경상
2015041700100232,2015년 4월 17일 10시,금요일,충청북도 괴산군 연풍면,경상사고,0,0,1,0,차대차 - 기타,안전운전불이행,건조,맑음,단일로 - 기타,이륜,여,62세,경상,승용,여,58세,상해없음
2015041700100261,2015년 4월 17일 11시,금요일,충청북도 청주시 청원구 내수읍,중상사고,0,2,0,0,차대차 - 측면직각충돌,안전운전불이행,건조,맑음,단일로 - 기타,승용,남,72세,상해없음,원동기,남,72세,중상
2015041700100262,2015년 4월 17일 11시,금요일,충청북도 옥천군 군북면,중상사고,0,1,0,0,차대차 - 측면직각충돌,안전거리미확보,건조,맑음,단일로 - 기타,화물,남,49세,상해없음,승용,남,70세,중상
2015041700100263,2015년 4월 17일 11시,금요일,충청북도 청주시 흥덕구 가경동,경상사고,0,0,1,0,차대차 - 측면직각충돌,안전거리미확보,건조,맑음,단일로 - 기타,화물,남,44세,상해없음,승용,여,46세,경상
2015041700100264,2015년 4월 17일 11시,금요일,충청북도 청주시 상당구 금천동,경상사고,0,0,2,0,차대차 - 정면충돌,중앙선침범,건조,맑음,단일로 - 기타,화물,남,55세,상해없음,승용,남,68세,경상
2015041700100288,2015년 4월 17일 12시,금요일,충청북도 청주시 흥덕구 오송읍,경상사고,0,0,2,0,차대차 - 측면직각충돌,교차로운행방법위반,건조,맑음,교차로 - 교차로안,승합,여,70세,경상,화물,남,50세,경상
2015041700100309,2015년 4월 17일 13시,금요일,충청북도 제천시 수산면,경상사고,0,0,1,0,차대차 - 기타,직진우회전진행방해,건조,맑음,교차로 - 교차로안,승용,남,57세,상해없음,승합,남,43세,상해없음
2015041700100384,2015년 4월 17일 15시,금요일,충청북도 충주시 충의동,경상사고,0,0,1,0,차대차 - 기타,안전운전불이행,건조,맑음,교차로 - 교차로부근,승합,남,58세,상해없음,승용,남,38세,경상
2015041700100385,2015년 4월 17일 15시,금요일,충청북도 제천시 장락동,중상사고,0,1,0,0,차대차 - 측면직각충돌,안전운전불이행,건조,맑음,단일로 - 횡단보도상,승용,남,63세,상해없음,자전거,여,41세,중상
2015041700100386,2015년 4월 17일 15시,금요일,충청북도 청주시 서원구 산남동,중상사고,0,1,0,0,차대차 - 기타,교차로운행방법위반,건조,맑음,교차로 - 교차로안,승용,남,63세,상해없음,이륜,남,33세,중상
2015041700100431,2015년 4월 17일 16시,금요일,충청북도 청주시 청원구 내덕동,경상사고,0,0,1,0,차대차 - 기타,중앙선침범,건조,맑음,단일로 - 기타,승용,남,50세,상해없음,이륜,남,51세,경상
2015041700100432,2015년 4월 17일 16시,금요일,충청북도 충주시 지현동,경상사고,0,0,2,0,차대사람 - 기타,안전운전불이행,건조,맑음,단일로 - 기타,승용,남,58세,상해없음,보행자,여,27세,경상
2015041700100433,2015년 4월 17일 16시,금요일,충청북도 음성군 감곡면,부상신고사고,0,0,0,1,차대사람 - 횡단중,안전운전불이행,건조,맑음,단일로 - 기타,화물,남,76세,상해없음,보행자,여,11세,부상신고
2015041700100434,2015년 4월 17일 16시,금요일,충청북도 청주시 흥덕구 가경동,경상사고,0,0,1,0,차대차 - 정면충돌,신호위반,건조,맑음,교차로 - 교차로안,자전거,남,35세,경상,승용,여,25세,상해없음
2015041700100435,2015년 4월 17일 16시,금요일,충청북도 청주시 상당구 명암동,중상사고,0,4,1,0,차대차 - 기타,중앙선침범,건조,맑음,교차로 - 교차로안,승용,여,39세,상해없음,승용,남,46세,중상
2015041700100478,2015년 4월 17일 17시,금요일,충청북도 진천군 백곡면,경상사고,0,0,2,0,차대차 - 측면직각충돌,안전운전불이행,건조,맑음,교차로 - 교차로부근,승용,남,41세,상해없음,승용,남,45세,경상
2015041700100479,2015년 4월 17일 17시,금요일,충청북도 진천군 진천읍,경상사고,0,0,1,0,차대차 - 추돌 - 진행중,안전운전불이행,건조,맑음,단일로 - 터널,승용,남,30세,상해없음,화물,남,50세,상해없음
2015041700100480,2015년 4월 17일 17시,금요일,충청북도 청주시 상당구 금천동,경상사고,0,0,1,0,차대차 - 측면직각충돌,신호위반,건조,맑음,교차로 - 교차로안,승용,여,33세,상해없음,원동기,남,16세,경상
2015041700100527,2015년 4월 17일 18시,금요일,충청북도 청주시 흥덕구 봉명동,경상사고,0,0,1,0,차대차 - 측면직각충돌,교차로운행방법위반,건조,맑음,교차로 - 교차로안,화물,남,50세,상해없음,승용,남,49세,경상
2015041700100528,2015년 4월 17일 18시,금요일,충청북도 청주시 상당구 북문로1가동,경상사고,0,0,1,0,차대차 - 기타,교차로운행방법위반,건조,맑음,교차로 - 교차로안,이륜,남,46세,경상,승용,여,44세,상해없음
2015041700100574,2015년 4월 17일 19시,금요일,충청북도 충주시 성내동,경상사고,0,0,1,0,차대사람 - 기타,기타,건조,맑음,단일로 - 기타,승용,여,44세,상해없음,보행자,여,61세,경상
2015041700100575,2015년 4월 17일 19시,금요일,충청북도 청주시 흥덕구 가경동,경상사고,0,0,2,0,차대차 - 기타,안전운전불이행,건조,맑음,단일로 - 기타,승용,남,67세,상해없음,승용,남,53세,경상
2015041700100609,2015년 4월 17일 20시,금요일,충청북도 진천군 진천읍,경상사고,0,0,2,0,차대차 - 추돌 - 진행중,안전운전불이행,건조,맑음,기타 - 기타,화물,남,47세,상해없음,승용,남,25세,경상
2015041700100610,2015년 4월 17일 20시,금요일,충청북도 청주시 서원구 분평동,중상사고,0,1,0,0,차대사람 - 기타,안전운전불이행,건조,맑음,단일로 - 기타,승용,남,34세,상해없음,보행자,남,20세,중상
2015041700100643,2015년 4월 17일 21시,금요일,충청북도 충주시 대소원면,경상사고,0,0,1,0,차대사람 - 기타,중앙선침범,건조,맑음,단일로 - 기타,승용,남,36세,상해없음,보행자,남,51세,경상
2015041700100644,2015년 4월 17일 21시,금요일,충청북도 제천시 봉양읍,중상사고,0,1,1,0,차대차 - 기타,안전거리미확보,건조,맑음,단일로 - 기타,승용,남,56세,상해없음,승합,남,50세,상해없음
2015041700100645,2015년 4월 17일 21시,금요일,충청북도 영동군 학산면,중상사고,0,1,0,1,차량단독 - 도로외이탈 - 추락,안전운전불이행,건조,맑음,단일로 - 기타,승용,남,14세,부상신고,,,,
2015041700100710,2015년 4월 17일 23시,금요일,충청북도 제천시 서부동,경상사고,0,0,2,0,차대차 - 추돌 - 진행중,안전운전불이행,건조,맑음,교차로 - 교차로부근,승합,남,66세,상해없음,승용,남,64세,경상
2015041700100711,2015년 4월 17일 23시,금요일,충청북도 제천시 청전동,경상사고,0,0,2,0,차대차 - 측면직각충돌,안전운전불이행,건조,맑음,교차로 - 교차로안,승용,남,46세,상해없음,승용,남,22세,경상
2015041700100712,2015년 4월 17일 23시,금요일,충청북도 청주시 상당구 금천동,중상사고,0,1,2,0,차대차 - 기타,교차로운행방법위반,건조,맑음,교차로 - 교차로안,승용,남,53세,중상,승용,여,58세,경상
2015041800100047,2015년 4월 18일 01시,토요일,충청북도 청주시 상당구 금천동,중상사고,0,1,1,0,차대차 - 측면직각충돌,중앙선침범,건조,맑음,단일로 - 기타,승용,남,56세,상해없음,승용,남,52세,중상
2015041800100142,2015년 4월 18일 07시,토요일,충청북도 청주시 흥덕구 봉명동,경상사고,0,0,1,0,차대차 - 측면직각충돌,안전운전불이행,건조,맑음,단일로 - 기타,승용,남,29세,상해없음,승용,남,54세,경상
2015041800100143,2015년 4월 18일 07시,토요일,충청북도 청주시 서원구 성화동,경상사고,0,0,1,0,차량단독 - 공작물충돌,기타,건조,맑음,단일로 - 기타,승용,남,21세,경상,,,,
2015041800100144,2015년 4월 18일 07시,토요일,충청북도 청주시 서원구 분평동,중상사고,0,1,0,0,차대차 - 측면직각충돌,신호위반,건조,맑음,교차로 - 교차로안,건설기계,남,46세,상해없음,승용,남,27세,중상
2015041800100166,2015년 4월 18일 08시,토요일,충청북도 청주시 흥덕구 가경동,경상사고,0,0,1,0,차대차 - 측면직각충돌,안전운전불이행,건조,맑음,단일로 - 횡단보도상,승용,남,51세,상해없음,자전거,여,22세,경상
2015041800100167,2015년 4월 18일 08시,토요일,충청북도 청주시 상당구 남일면,중상사고,0,1,2,0,차대차 - 측면직각충돌,안전운전불이행,건조,맑음,단일로 - 기타,승용,남,50세,상해없음,승용,남,40세,경상
2015041800100255,2015년 4월 18일 11시,토요일,충청북도 제천시 신동,중상사고,0,1,0,0,차대사람 - 기타,안전운전불이행,건조,맑음,단일로 - 기타,승합,여,59세,상해없음,보행자,여,5세,중상
2015041800100256,2015년 4월 18일 11시,토요일,충청북도 제천시 화산동,경상사고,0,0,2,0,차대차 - 측면직각충돌,안전운전불이행,건조,맑음,단일로 - 기타,승용,남,57세,상해없음,승용,남,31세,경상
2015041800100292,2015년 4월 18일 12시,토요일,충청북도 청주시 상당구 용암동,경상사고,0,0,1,0,차량단독 - 기타,안전운전불이행,건조,맑음,단일로 - 기타,승합,기타불명,60세,기타불명,,,,
2015041800100325,2015년 4월 18일 13시,토요일,충청북도 청주시 청원구 오창읍,경상사고,0,0,4,0,차대차 - 기타,안전운전불이행,건조,맑음,단일로 - 기타,승용,여,33세,상해없음,승용,여,42세,경상
2015041800100326,2015년 4월 18일 13시,토요일,충청북도 충주시 엄정면,경상사고,0,0,2,0,차대차 - 추돌 - 진행중,안전운전불이행,건조,맑음,단일로 - 기타,승용,남,50세,상해없음,승용,여,47세,경상
2015041800100361,2015년 4월 18일 14시,토요일,충청북도 청주시 흥덕구 봉명동,중상사고,0,1,0,0,차대차 - 측면직각충돌,중앙선침범,건조,맑음,단일로 - 기타,승용,남,45세,상해없음,이륜,남,34세,중상
2015041800100400,2015년 4월 18일 15시,토요일,충청북도 충주시 수안보면,중상사고,0,1,0,0,차대차 - 기타,안전운전불이행,건조,맑음,교차로 - 교차로부근,승용,남,65세,상해없음,승용,여,60세,중상
2015041800100425,2015년 4월 18일 16시,토요일,충청북도 제천시 중앙로2가,중상사고,0,1,0,0,차대차 - 측면직각충돌,신호위반,건조,맑음,교차로 - 교차로안,승합,남,54세,상해없음,원동기,남,79세,중상
2015041800100426,2015년 4월 18일 16시,토요일,충청북도 음성군 생극면,중상사고,0,2,1,0,차대차 - 측면직각충돌,신호위반,건조,맑음,교차로 - 교차로안,화물,남,62세,상해없음,승용,여,55세,경상
2015041800100427,2015년 4월 18일 16시,토요일,충청북도 진천군 덕산면,중상사고,0,1,0,0,차대차 - 측면직각충돌,교차로운행방법위반,건조,맑음,교차로 - 교차로안,원동기,남,59세,중상,화물,남,28세,상해없음
2015041800100459,2015년 4월 18일 17시,토요일,충청북도 청주시 청원구 우암동,중상사고,0,2,2,0,차대차 - 추돌 - 주정차중,안전운전불이행,건조,맑음,교차로 - 교차로부근,승용,남,60세,상해없음,승용,남,26세,상해없음
2015041800100460,2015년 4월 18일 17시,토요일,충청북도 청주시 서원구 분평동,중상사고,0,2,1,0,차대차 - 측면직각충돌,안전운전불이행,건조,맑음,단일로 - 기타,승용,남,46세,상해없음,승용,여,38세,중상
2015041800100501,2015년 4월 18일 18시,토요일,충청북도 음성군 대소면,중상사고,0,1,2,0,차대차 - 추돌 - 주정차중,안전운전불이행,건조,맑음,교차로 - 교차로부근,승용,남,51세,상해없음,승용,여,28세,중상
2015041800100537,2015년 4월 18일 19시,토요일,충청북도 충주시 문화동,경상사고,0,0,1,0,차대차 - 추돌 - 진행중,신호위반,습기,비,교차로 - 교차로부근,승용,남,56세,상해없음,승용,남,52세,경상
2015041800100538,2015년 4월 18일 19시,토요일,충청북도 제천시 수산면,경상사고,0,0,3,0,차대차 - 추돌 - 주정차중,안전운전불이행,건조,맑음,단일로 - 기타,승용,남,49세,상해없음,화물,남,55세,경상
2015041800100539,2015년 4월 18일 19시,토요일,충청북도 증평군 증평읍,중상사고,0,1,0,0,차대차 - 측면직각충돌,신호위반,건조,맑음,교차로 - 교차로안,승용,남,41세,상해없음,화물,남,67세,중상
2015041800100579,2015년 4월 18일 20시,토요일,충청북도 청주시 청원구 주중동,경상사고,0,0,1,0,차대차 - 기타,불법유턴,건조,맑음,교차로 - 교차로안,승용,남,29세,기타불명,승용,남,47세,경상
2015041800100580,2015년 4월 18일 20시,토요일,충청북도 청주시 흥덕구 오송읍,중상사고,0,1,0,0,차대사람 - 횡단중,안전운전불이행,건조,흐림,단일로 - 기타,승용,남,44세,상해없음,보행자,여,74세,중상
2015041800100672,2015년 4월 18일 23시,토요일,충청북도 음성군 음성읍,경상사고,0,0,1,0,차대차 - 추돌 - 진행중,안전운전불이행,건조,흐림,단일로 - 기타,승용,남,25세,경상,승합,남,43세,상해없음
2015041900100019,2015년 4월 19일 00시,일요일,충청북도 청주시 흥덕구 오송읍,경상사고,0,0,2,0,차대차 - 측면직각충돌,신호위반,습기,비,교차로 - 교차로안,승용,여,34세,경상,승용,남,37세,경상
2015041900100052,2015년 4월 19일 01시,일요일,충청북도 충주시 수안보면,경상사고,0,0,3,0,차량단독 - 공작물충돌,안전운전불이행,습기,비,단일로 - 기타,승용,남,63세,상해없음,,,,
2015041900100096,2015년 4월 19일 03시,일요일,충청북도 청주시 상당구 용암동,경상사고,0,0,1,0,차대차 - 측면직각충돌,안전운전불이행,건조,맑음,교차로 - 교차로부근,승용,남,23세,상해없음,승용,남,43세,경상
2015041900100134,2015년 4월 19일 06시,일요일,충청북도 충주시 대소원면,중상사고,0,1,0,0,차량단독 - 기타,안전운전불이행,습기,안개,단일로 - 기타,승용,남,23세,중상,,,,
2015041900100135,2015년 4월 19일 06시,일요일,충청북도 청주시 서원구 죽림동,사망사고,2,0,1,0,차대차 - 기타,신호위반,건조,맑음,교차로 - 교차로안,승용,남,30세,사망,승용,남,70세,사망
2015041900100171,2015년 4월 19일 09시,일요일,충청북도 청주시 서원구 사직동,경상사고,0,0,1,0,차대차 - 추돌 - 진행중,안전운전불이행,습기,비,교차로 - 교차로부근,승용,남,43세,상해없음,승용,여,36세,경상
2015041900100172,2015년 4월 19일 09시,일요일,충청북도 충주시 달천동,경상사고,0,0,1,0,차대차 - 추돌 - 진행중,안전운전불이행,습기,비,교차로 - 교차로부근,승합,남,54세,상해없음,승용,남,48세,경상
2015041900100173,2015년 4월 19일 09시,일요일,충청북도 증평군 증평읍,경상사고,0,0,3,0,차대차 - 기타,직진우회전진행방해,습기,비,교차로 - 교차로안,승용,남,76세,상해없음,승용,여,54세,경상
2015041900100174,2015년 4월 19일 09시,일요일,충청북도 음성군 금왕읍,경상사고,0,0,1,0,차량단독 - 공작물충돌,안전운전불이행,습기,비,단일로 - 기타,승합,남,25세,경상,,,,
2015041900100343,2015년 4월 19일 15시,일요일,충청북도 제천시 영천동,중상사고,0,1,2,0,차대차 - 추돌 - 진행중,직진우회전진행방해,건조,맑음,교차로 - 교차로안,승합,남,53세,상해없음,승용,남,48세,상해없음
2015041900100344,2015년 4월 19일 15시,일요일,충청북도 제천시 고암동,경상사고,0,0,2,0,차대차 - 측면직각충돌,안전운전불이행,습기,비,교차로 - 교차로안,승용,남,73세,상해없음,승용,여,39세,경상
2015041900100347,2015년 4월 19일 15시,일요일,충청북도 청주시 서원구 현도면,경상사고,0,0,1,0,차대차 - 기타,안전운전불이행,습기,비,단일로 - 기타,승용,기타불명,기타불명,기타불명,승용,남,37세,경상
2015041900100383,2015년 4월 19일 16시,일요일,충청북도 청주시 청원구 오창읍,경상사고,0,0,3,0,차대차 - 기타,신호위반,습기,흐림,교차로 - 교차로안,승용,남,49세,상해없음,화물,남,33세,경상
2015041900100384,2015년 4월 19일 16시,일요일,충청북도 제천시 화산동,경상사고,0,0,1,0,차대차 - 추돌 - 진행중,안전운전불이행,습기,비,단일로 - 기타,승용,여,50세,기타불명,승용,남,45세,기타불명