사고번호,사고일시,요일,시군구,사고내용,사망자수,중상자수,경상자수,부상신고자수,사고유형,법규위반,노면상태,기상상태,도로형태,가해운전자 차종,가해운전자 성별,가해운전자 연령,가해운전자 상해정도,피해운전자 차종,피해운전자 성별,피해운전자 연령,피해운전자 상해정도
2015041900100430,2015년 4월 19일 18시,일요일,충청북도 청주시 청원구 내덕동,경상사고,0,0,2,0,차대차 - 기타,교차로운행방법위반,습기,비,교차로 - 교차로안,이륜,남,39세,경상,이륜,남,61세,경상
2015041900100472,2015년 4월 19일 19시,일요일,충청북도 제천시 송학면,경상사고,0,0,4,0,차대차 - 추돌 - 진행중,안전거리미확보,습기,비,단일로 - 기타,승용,남,56세,상해없음,승용,남,31세,경상
2015041900100520,2015년 4월 19일 20시,일요일,충청북도 제천시 동현동,경상사고,0,0,3,0,차대차 - 추돌 - 진행중,안전운전불이행,습기,맑음,교차로 - 교차로부근,승용,남,52세,상해없음,승용,남,57세,경상
2015041900100521,2015년 4월 19일 20시,일요일,충청북도 단양군 단양읍,중상사고,0,1,0,0,차대사람 - 횡단중,보행자보호의무위반,습기,비,교차로 - 교차로안,승용,남,51세,상해없음,보행자,남,58세,중상
2015041900100522,2015년 4월 19일 20시,일요일,충청북도 청주시 서원구 개신동,경상사고,0,0,1,0,차대차 - 측면직각충돌,안전운전불이행,건조,흐림,교차로 - 교차로안,승용,남,54세,상해없음,원동기,남,56세,경상
2015041900100523,2015년 4월 19일 20시,일요일,충청북도 청주시 서원구 산남동,경상사고,0,0,1,0,차대사람 - 기타,안전운전불이행,건조,맑음,단일로 - 기타,기타불명,기타불명,기타불명,기타불명,보행자,남,20세,경상
2015041900100619,2015년 4월 19일 23시,일요일,충청북도 청주시 흥덕구 가경동,경상사고,0,0,1,0,차대차 - 측면직각충돌,직진우회전진행방해,습기,비,교차로 - 교차로안,승용,여,51세,상해없음,원동기,남,55세,경상
2015042000100008,2015년 4월 20일 00시,월요일,충청북도 청주시 청원구 내덕동,중상사고,0,2,3,0,차대차 - 측면직각충돌,중앙선침범,습기,비,단일로 - 기타,승용,남,56세,경상,화물,남,42세,경상
2015042000100042,2015년 4월 20일 04시,월요일,충청북도 청주시 흥덕구 복대동,사망사고,1,0,0,0,차대사람 - 횡단중,보행자보호의무위반,습기,비,단일로 - 횡단보도상,화물,남,36세,상해없음,보행자,남,69세,사망
2015042000100117,2015년 4월 20일 08시,월요일,충청북도 청주시 상당구 용암동,경상사고,0,0,1,0,차대차 - 측면직각충돌,신호위반,건조,맑음,교차로 - 교차로안,승합,남,58세,상해없음,화물,남,57세,상해없음
2015042000100118,2015년 4월 20일 08시,월요일,충청북도 청주시 서원구 미평동,경상사고,0,0,2,0,차대차 - 기타,신호위반,건조,맑음,교차로 - 교차로안,승용,여,57세,상해없음,승용,여,57세,경상
2015042000100160,2015년 4월 20일 09시,월요일,충청북도 제천시 봉양읍,중상사고,0,1,0,0,차량단독 - 공작물충돌,안전운전불이행,건조,맑음,단일로 - 기타,승합,남,46세,상해없음,,,,
2015042000100188,2015년 4월 20일 10시,월요일,충청북도 청주시 흥덕구 옥산면,경상사고,0,0,2,0,차대차 - 측면직각충돌,교차로운행방법위반,습기,비,교차로 - 교차로안,건설기계,남,53세,경상,화물,남,53세,경상
2015042000100211,2015년 4월 20일 11시,월요일,충청북도 충주시 문화동,경상사고,0,0,1,0,차대차 - 기타,안전거리미확보,습기,비,단일로 - 기타,승용,여,48세,상해없음,승용,남,59세,상해없음
2015042000100229,2015년 4월 20일 12시,월요일,충청북도 충주시 충의동,중상사고,0,1,0,0,차대사람 - 기타,안전운전불이행,습기,비,단일로 - 기타,승합,남,59세,상해없음,보행자,여,74세,중상
2015042000100230,2015년 4월 20일 12시,월요일,충청북도 제천시 대랑동,중상사고,0,1,1,0,차대차 - 추돌 - 진행중,안전운전불이행,습기,비,단일로 - 기타,승합,남,66세,중상,화물,남,61세,경상
2015042000100258,2015년 4월 20일 13시,월요일,충청북도 옥천군 옥천읍,경상사고,0,0,2,0,차대차 - 측면직각충돌,교차로운행방법위반,습기,비,교차로 - 교차로안,승용,여,60세,경상,승용,남,39세,경상
2015042000100289,2015년 4월 20일 14시,월요일,충청북도 청주시 청원구 내덕동,경상사고,0,0,1,0,차대차 - 추돌 - 진행중,안전운전불이행,습기,비,단일로 - 기타,승용,남,56세,상해없음,이륜,남,57세,상해없음
2015042000100324,2015년 4월 20일 15시,월요일,충청북도 제천시 중앙로1가,중상사고,0,3,1,0,차대차 - 측면직각충돌,안전운전불이행,습기,맑음,교차로 - 교차로부근,화물,남,50세,상해없음,승용,남,29세,중상
2015042000100325,2015년 4월 20일 15시,월요일,충청북도 진천군 덕산면,중상사고,0,1,0,0,차대차 - 측면직각충돌,교차로운행방법위반,건조,맑음,교차로 - 교차로안,승용,여,55세,상해없음,이륜,남,83세,중상
2015042000100326,2015년 4월 20일 15시,월요일,충청북도 청주시 흥덕구 가경동,중상사고,0,1,0,0,차대차 - 추돌 - 진행중,교차로운행방법위반,습기,비,교차로 - 교차로안,승용,여,32세,상해없음,이륜,남,33세,중상
2015042000100327,2015년 4월 20일 15시,월요일,충청북도 청주시 상당구 금천동,경상사고,0,0,1,0,차대차 - 추돌 - 주정차중,기타,습기,비,단일로 - 기타,승용,남,61세,상해없음,승용,남,54세,경상
2015042000100356,2015년 4월 20일 16시,월요일,충청북도 청주시 흥덕구 가경동,경상사고,0,0,1,0,차대차 - 추돌 - 진행중,안전운전불이행,건조,맑음,교차로 - 교차로안,승용,남,37세,상해없음,이륜,남,32세,경상
2015042000100427,2015년 4월 20일 18시,월요일,충청북도 청주시 청원구 오동동,경상사고,0,0,2,0,차대차 - 추돌 - 진행중,안전운전불이행,건조,맑음,교차로 - 교차로부근,화물,남,46세,상해없음,승용,남,69세,경상
2015042000100428,2015년 4월 20일 18시,월요일,충청북도 제천시 청전동,경상사고,0,0,2,0,차대차 - 측면직각충돌,안전운전불이행,건조,맑음,교차로 - 교차로부근,승용,남,71세,상해없음,승용,남,33세,경상
2015042000100470,2015년 4월 20일 19시,월요일,충청북도 청주시 청원구 내수읍,중상사고,0,1,0,0,차대차 - 추돌 - 진행중,안전운전불이행,건조,맑음,교차로 - 교차로부근,승용,남,56세,상해없음,승합,남,53세,중상
2015042000100471,2015년 4월 20일 19시,월요일,충청북도 청주시 상당구 남문로2가동,경상사고,0,0,3,0,차대차 - 기타,교차로운행방법위반,건조,흐림,교차로 - 교차로안,승용,여,36세,경상,승용,남,28세,경상
2015042000100530,2015년 4월 20일 21시,월요일,충청북도 영동군 영동읍,중상사고,0,1,1,0,차대차 - 추돌 - 진행중,안전운전불이행,건조,맑음,단일로 - 기타,승용,남,28세,경상,이륜,남,44세,중상
2015042000100562,2015년 4월 20일 22시,월요일,충청북도 청주시 흥덕구 비하동,중상사고,0,2,2,0,차대차 - 정면충돌,중앙선침범,건조,맑음,단일로 - 기타,승용,남,48세,중상,승용,남,52세,경상
2015042000100590,2015년 4월 20일 23시,월요일,충청북도 청주시 흥덕구 복대동,중상사고,0,1,0,0,차대차 - 추돌 - 진행중,신호위반,건조,맑음,교차로 - 교차로부근,승용,남,48세,상해없음,승용,여,40세,중상
2015042100100041,2015년 4월 21일 01시,화요일,충청북도 청주시 서원구 성화동,경상사고,0,0,2,0,차대차 - 측면직각충돌,신호위반,건조,맑음,교차로 - 교차로안,승용,남,27세,경상,화물,남,55세,경상
2015042100100049,2015년 4월 21일 02시,화요일,충청북도 청주시 상당구 용암동,중상사고,0,2,0,0,차대사람 - 기타,보행자보호의무위반,건조,맑음,단일로 - 횡단보도상,승용,남,54세,상해없음,보행자,여,49세,중상
2015042100100054,2015년 4월 21일 03시,화요일,충청북도 청주시 흥덕구 봉명동,중상사고,0,2,1,0,차대차 - 측면직각충돌,신호위반,건조,맑음,교차로 - 교차로안,승용,남,21세,중상,화물,남,47세,경상
2015042100100059,2015년 4월 21일 04시,화요일,충청북도 청주시 서원구 현도면,중상사고,0,1,0,0,차량단독 - 공작물충돌,안전운전불이행,습기,안개,교차로 - 교차로부근,화물,남,49세,중상,,,,
2015042100100136,2015년 4월 21일 08시,화요일,충청북도 옥천군 이원면,중상사고,0,2,0,0,차대차 - 기타,안전운전불이행,습기,안개,단일로 - 기타,화물,남,73세,중상,화물,남,31세,중상
2015042100100137,2015년 4월 21일 08시,화요일,충청북도 청주시 흥덕구 비하동,경상사고,0,0,1,0,차대차 - 측면직각충돌,안전운전불이행,건조,맑음,교차로 - 교차로부근,승용,여,25세,상해없음,이륜,남,45세,경상
2015042100100178,2015년 4월 21일 09시,화요일,충청북도 충주시 달천동,경상사고,0,0,1,0,차대차 - 기타,안전운전불이행,건조,맑음,교차로 - 교차로부근,승합,남,46세,상해없음,화물,여,57세,경상
2015042100100179,2015년 4월 21일 09시,화요일,충청북도 제천시 장락동,중상사고,0,1,2,0,차대차 - 측면직각충돌,직진우회전진행방해,건조,맑음,교차로 - 교차로안,승용,여,34세,중상,승용,남,33세,경상
2015042100100180,2015년 4월 21일 09시,화요일,충청북도 증평군 증평읍,경상사고,0,0,2,0,차대차 - 측면직각충돌,직진우회전진행방해,건조,맑음,교차로 - 교차로안,승용,남,44세,경상,승용,남,48세,경상
2015042100100181,2015년 4월 21일 09시,화요일,충청북도 보은군 마로면,중상사고,0,1,0,0,차대차 - 측면직각충돌,교차로운행방법위반,건조,맑음,교차로 - 교차로안,특수,남,30세,상해없음,원동기,여,72세,중상
2015042100100239,2015년 4월 21일 11시,화요일,충청북도 충주시 동량면,사망사고,1,0,0,0,차대사람 - 기타,안전운전불이행,건조,맑음,단일로 - 기타,화물,남,56세,상해없음,보행자,여,77세,사망
2015042100100261,2015년 4월 21일 12시,화요일,충청북도 제천시 신동,중상사고,0,1,1,0,차대차 - 추돌 - 진행중,안전운전불이행,건조,맑음,단일로 - 기타,화물,남,53세,경상,화물,남,29세,중상
2015042100100363,2015년 4월 21일 15시,화요일,충청북도 청주시 청원구 오창읍,중상사고,0,1,0,0,차대차 - 기타,안전운전불이행,건조,맑음,단일로 - 교량,승용,남,22세,상해없음,승용,남,51세,중상
2015042100100364,2015년 4월 21일 15시,화요일,충청북도 증평군 증평읍,경상사고,0,0,3,0,차대차 - 기타,신호위반,건조,맑음,교차로 - 교차로안,승용,여,44세,상해없음,승용,여,57세,경상
2015042100100365,2015년 4월 21일 15시,화요일,충청북도 청주시 흥덕구 가경동,경상사고,0,0,1,0,차대차 - 측면직각충돌,안전거리미확보,건조,맑음,단일로 - 기타,승용,남,45세,기타불명,이륜,남,33세,경상
2015042100100366,2015년 4월 21일 15시,화요일,충청북도 청주시 상당구 용담동,경상사고,0,0,1,0,차대사람 - 횡단중,안전운전불이행,건조,맑음,교차로 - 교차로부근,승용,남,66세,상해없음,보행자,남,6세,경상
2015042100100444,2015년 4월 21일 17시,화요일,충청북도 진천군 문백면,중상사고,0,1,0,0,차대사람 - 기타,안전운전불이행,건조,맑음,단일로 - 기타,원동기,남,76세,중상,보행자,남,20세,상해없음
2015042100100445,2015년 4월 21일 17시,화요일,충청북도 청주시 흥덕구 강내면,경상사고,0,0,1,0,차대차 - 측면직각충돌,교차로운행방법위반,건조,맑음,교차로 - 교차로안,승용,남,52세,상해없음,자전거,남,32세,경상
2015042100100446,2015년 4월 21일 17시,화요일,충청북도 청주시 서원구 현도면,경상사고,0,0,2,0,차대차 - 기타,안전거리미확보,건조,맑음,교차로 - 교차로부근,승용,남,56세,경상,승용,여,54세,경상
2015042100100526,2015년 4월 21일 19시,화요일,충청북도 청주시 청원구 오창읍,중상사고,0,1,0,0,차대차 - 기타,신호위반,건조,맑음,교차로 - 교차로안,승용,남,32세,상해없음,이륜,남,32세,중상
2015042100100527,2015년 4월 21일 19시,화요일,충청북도 청주시 서원구 개신동,경상사고,0,0,1,0,차대차 - 측면직각충돌,안전운전불이행,건조,맑음,단일로 - 기타,승용,여,64세,상해없음,자전거,남,45세,경상
2015042100100528,2015년 4월 21일 19시,화요일,충청북도 청주시 상당구 서문동,경상사고,0,0,2,0,차대차 - 측면직각충돌,안전운전불이행,건조,맑음,단일로 - 기타,승용,여,28세,상해없음,승용,남,26세,경상
2015042100100552,2015년 4월 21일 20시,화요일,충청북도 제천시 고암동,중상사고,0,1,1,0,차대차 - 추돌 - 진행중,안전운전불이행,건조,맑음,단일로 - 기타,승용,남,33세,경상,승용,남,67세,중상
2015042100100658,2015년 4월 21일 23시,화요일,충청북도 청주시 청원구 오창읍,사망사고,1,0,0,0,차량단독 - 공작물충돌,안전운전불이행,건조,맑음,단일로 - 기타,승용,남,49세,사망,,,,
2015042100100659,2015년 4월 21일 23시,화요일,충청북도 제천시 고명동,중상사고,0,1,0,0,차량단독 - 공작물충돌,안전운전불이행,건조,맑음,단일로 - 기타,승용,여,33세,중상,,,,
2015042200100010,2015년 4월 22일 00시,수요일,충청북도 청주시 서원구 수곡동,경상사고,0,0,1,0,차대차 - 정면충돌,교차로운행방법위반,건조,맑음,교차로 - 교차로안,기타불명,기타불명,기타불명,기타불명,승용,남,47세,상해없음
2015042200100084,2015년 4월 22일 07시,수요일,충청북도 청주시 서원구 남이면,경상사고,0,0,4,0,차대차 - 추돌 - 진행중,안전운전불이행,건조,맑음,교차로 - 교차로부근,화물,남,31세,상해없음,승용,여,50세,경상
2015042200100110,2015년 4월 22일 08시,수요일,충청북도 청주시 청원구 내덕동,경상사고,0,0,3,0,차대차 - 추돌 - 주정차중,안전운전불이행,건조,맑음,단일로 - 기타,승용,남,56세,상해없음,승용,남,51세,경상
2015042200100111,2015년 4월 22일 08시,수요일,충청북도 제천시 화산동,중상사고,0,1,1,0,차대차 - 기타,안전운전불이행,건조,맑음,교차로 - 교차로안,승용,여,35세,상해없음,자전거,남,76세,중상
2015042200100112,2015년 4월 22일 08시,수요일,충청북도 제천시 하소동,경상사고,0,0,2,0,차대차 - 측면직각충돌,기타,건조,맑음,교차로 - 교차로안,승용,남,56세,경상,승용,남,43세,경상
2015042200100113,2015년 4월 22일 08시,수요일,충청북도 진천군 진천읍,경상사고,0,0,2,0,차대차 - 정면충돌,안전운전불이행,건조,맑음,단일로 - 기타,화물,남,45세,상해없음,승용,여,34세,경상
2015042200100114,2015년 4월 22일 08시,수요일,충청북도 청주시 흥덕구 휴암동,중상사고,0,1,1,0,차대차 - 기타,신호위반,건조,맑음,교차로 - 교차로안,승용,남,75세,경상,승용,여,34세,중상
2015042200100115,2015년 4월 22일 08시,수요일,충청북도 청주시 서원구 분평동,중상사고,0,1,0,0,차대차 - 기타,안전운전불이행,건조,맑음,교차로 - 교차로안,승용,남,32세,상해없음,승용,여,37세,중상
2015042200100141,2015년 4월 22일 09시,수요일,충청북도 청주시 청원구 내수읍,경상사고,0,0,1,0,차대차 - 기타,안전운전불이행,건조,맑음,단일로 - 기타,승용,남,52세,상해없음,자전거,남,77세,경상
2015042200100171,2015년 4월 22일 10시,수요일,충청북도 청주시 흥덕구 봉명동,경상사고,0,0,2,0,차대차 - 기타,안전거리미확보,건조,맑음,단일로 - 기타,승용,남,45세,상해없음,승용,여,37세,경상
2015042200100172,2015년 4월 22일 10시,수요일,충청북도 청주시 흥덕구 송절동,경상사고,0,0,1,0,차대차 - 측면직각충돌,교차로운행방법위반,건조,맑음,교차로 - 교차로안,승용,남,60세,상해없음,화물,남,23세,경상
2015042200100173,2015년 4월 22일 10시,수요일,충청북도 청주시 서원구 모충동,경상사고,0,0,1,0,차대차 - 기타,안전운전불이행,건조,맑음,단일로 - 기타,승용,남,33세,상해없음,자전거,남,15세,경상
2015042200100198,2015년 4월 22일 11시,수요일,충청북도 보은군 삼승면,경상사고,0,0,1,0,차대차 - 추돌 - 진행중,중앙선침범,건조,맑음,단일로 - 기타,승용,남,56세,상해없음,승합,여,44세,경상
2015042200100229,2015년 4월 22일 12시,수요일,충청북도 충주시 목행동,경상사고,0,0,2,0,차대차 - 기타,안전운전불이행,건조,맑음,교차로 - 교차로부근,승용,남,74세,상해없음,승용,남,57세,경상
2015042200100230,2015년 4월 22일 12시,수요일,충청북도 충주시 연수동,경상사고,0,0,1,0,차대차 - 기타,안전거리미확보,건조,맑음,단일로 - 기타,승용,남,45세,상해없음,승용,남,28세,경상
2015042200100262,2015년 4월 22일 13시,수요일,충청북도 청주시 흥덕구 복대동,경상사고,0,0,2,0,차대차 - 기타,안전운전불이행,건조,맑음,단일로 - 기타,승용,남,43세,상해없음,승합,남,59세,경상
2015042200100278,2015년 4월 22일 14시,수요일,충청북도 옥천군 군북면,중상사고,0,1,0,0,차대사람 - 기타,안전운전불이행,건조,맑음,단일로 - 기타,화물,남,64세,상해없음,보행자,남,53세,중상
2015042200100314,2015년 4월 22일 15시,수요일,충청북도 청주시 청원구 내덕동,경상사고,0,0,1,0,차대사람 - 기타,안전운전불이행,건조,맑음,단일로 - 기타,기타불명,기타불명,기타불명,기타불명,보행자,남,28세,경상
2015042200100315,2015년 4월 22일 15시,수요일,충청북도 증평군 증평읍,경상사고,0,0,3,0,차대사람 - 기타,안전운전불이행,건조,맑음,단일로 - 기타,원동기,남,14세,경상,보행자,여,13세,경상
2015042200100316,2015년 4월 22일 15시,수요일,충청북도 옥천군 안남면,중상사고,0,1,0,0,차대사람 - 기타,안전운전불이행,건조,맑음,단일로 - 기타,화물,남,51세,상해없음,보행자,여,80세,중상
2015042200100317,2015년 4월 22일 15시,수요일,충청북도 진천군 진천읍,경상사고,0,0,1,0,차대차 - 측면직각충돌,안전운전불이행,건조,맑음,교차로 - 교차로안,원동기,여,71세,경상,화물,남,55세,기타불명
2015042200100350,2015년 4월 22일 16시,수요일,충청북도 청주시 흥덕구 가경동,경상사고,0,0,1,0,차대차 - 측면직각충돌,안전거리미확보,건조,맑음,단일로 - 기타,승용,여,53세,상해없음,승용,여,44세,경상
2015042200100351,2015년 4월 22일 16시,수요일,충청북도 청주시 상당구 문화동,중상사고,0,2,0,0,차대차 - 기타,안전운전불이행,건조,맑음,교차로 - 교차로안,승용,남,55세,상해없음,승용,여,41세,중상
2015042200100387,2015년 4월 22일 17시,수요일,충청북도 충주시 교현동,중상사고,0,1,0,0,차대사람 - 횡단중,보행자보호의무위반,건조,맑음,교차로 - 교차로안,승용,여,58세,상해없음,보행자,남,76세,중상
2015042200100388,2015년 4월 22일 17시,수요일,충청북도 청주시 흥덕구 신봉동,경상사고,0,0,1,0,차대차 - 측면직각충돌,안전운전불이행,건조,맑음,단일로 - 기타,승용,여,54세,상해없음,자전거,남,6세,경상
2015042200100389,2015년 4월 22일 17시,수요일,충청북도 청주시 흥덕구 현암동,경상사고,0,0,1,0,차대차 - 기타,중앙선침범,건조,맑음,단일로 - 기타,승용,남,41세,상해없음,승용,남,35세,경상
2015042200100433,2015년 4월 22일 18시,수요일,충청북도 단양군 단양읍,경상사고,0,0,1,0,차대차 - 측면직각충돌,안전거리미확보,건조,맑음,교차로 - 교차로부근,승용,여,48세,상해없음,화물,남,60세,경상
2015042200100434,2015년 4월 22일 18시,수요일,충청북도 청주시 흥덕구 운천동,경상사고,0,0,3,0,차대차 - 추돌 - 진행중,안전거리미확보,건조,맑음,교차로 - 교차로안,승용,남,32세,상해없음,승용,여,57세,경상
2015042200100435,2015년 4월 22일 18시,수요일,충청북도 청주시 상당구 용암동,중상사고,0,1,0,0,차대사람 - 횡단중,보행자보호의무위반,건조,맑음,교차로 - 교차로부근,승용,여,59세,상해없음,보행자,여,56세,중상
2015042200100526,2015년 4월 22일 21시,수요일,충청북도 청주시 청원구 사천동,경상사고,0,0,1,0,차대사람 - 기타,안전운전불이행,건조,맑음,교차로 - 교차로안,승용,남,48세,상해없음,보행자,여,19세,경상
2015042200100527,2015년 4월 22일 21시,수요일,충청북도 충주시 문화동,중상사고,0,2,0,1,차대차 - 추돌 - 진행중,신호위반,건조,맑음,교차로 - 교차로안,승용,남,54세,부상신고,승용,남,65세,중상
2015042200100528,2015년 4월 22일 21시,수요일,충청북도 제천시 청전동,경상사고,0,0,1,0,차대차 - 측면직각충돌,안전운전불이행,건조,맑음,단일로 - 기타,승용,남,57세,상해없음,승용,남,37세,상해없음
2015042200100529,2015년 4월 22일 21시,수요일,충청북도 진천군 이월면,경상사고,0,0,1,0,차대사람 - 기타,안전운전불이행,건조,맑음,단일로 - 기타,화물,남,37세,상해없음,보행자,남,33세,경상
2015042200100567,2015년 4월 22일 22시,수요일,충청북도 청주시 청원구 오창읍,경상사고,0,0,1,0,차대차 - 기타,기타,건조,맑음,단일로 - 기타,승용,남,26세,상해없음,승합,남,53세,상해없음
2015042200100568,2015년 4월 22일 22시,수요일,충청북도 충주시 문화동,중상사고,0,1,0,0,차대사람 - 횡단중,안전운전불이행,건조,맑음,교차로 - 교차로부근,승용,남,23세,상해없음,보행자,여,74세,중상
2015042200100591,2015년 4월 22일 23시,수요일,충청북도 충주시 교현동,중상사고,0,1,0,0,차대차 - 추돌 - 진행중,안전운전불이행,건조,맑음,단일로 - 기타,승용,남,58세,상해없음,자전거,남,49세,중상
2015042300100148,2015년 4월 23일 08시,목요일,충청북도 청주시 서원구 사창동,경상사고,0,0,2,0,차대차 - 측면직각충돌,안전운전불이행,건조,맑음,단일로 - 기타,승용,여,60세,경상,승용,여,34세,경상
2015042300100149,2015년 4월 23일 08시,목요일,충청북도 청주시 청원구 사천동,경상사고,0,0,1,0,차대차 - 추돌 - 진행중,안전운전불이행,건조,맑음,단일로 - 기타,승용,남,55세,상해없음,승용,여,33세,경상
2015042300100150,2015년 4월 23일 08시,목요일,충청북도 청주시 흥덕구 복대동,경상사고,0,0,1,0,차대차 - 측면직각충돌,안전운전불이행,건조,맑음,교차로 - 교차로부근,자전거,남,75세,경상,승용,여,34세,상해없음
2015042300100151,2015년 4월 23일 08시,목요일,충청북도 청주시 흥덕구 강내면,경상사고,0,0,1,0,차대차 - 추돌 - 진행중,안전운전불이행,건조,맑음,단일로 - 기타,승용,남,21세,상해없음,승용,남,30세,경상
2015042300100186,2015년 4월 23일 09시,목요일,충청북도 제천시 신백동,경상사고,0,0,1,0,차대차 - 측면직각충돌,안전운전불이행,건조,맑음,단일로 - 기타,화물,남,64세,상해없음,화물,남,46세,경상
2015042300100187,2015년 4월 23일 09시,목요일,충청북도 제천시 장락동,중상사고,0,3,0,0,차대차 - 측면직각충돌,안전운전불이행,건조,맑음,교차로 - 교차로부근,승용,여,33세,상해없음,원동기,여,63세,중상
2015042300100188,2015년 4월 23일 09시,목요일,충청북도 진천군 광혜원면,중상사고,0,1,0,0,차대차 - 기타,교차로운행방법위반,건조,맑음,교차로 - 교차로안,승합,남,42세,상해없음,이륜,남,67세,중상
2015042300100219,2015년 4월 23일 10시,목요일,충청북도 제천시 명동,경상사고,0,0,1,0,차대차 - 측면직각충돌,직진우회전진행방해,건조,맑음,교차로 - 교차로안,승용,남,38세,상해없음,화물,남,44세,경상
2015042300100220,2015년 4월 23일 10시,목요일,충청북도 청주시 상당구 북문로1가동,경상사고,0,0,1,0,차대차 - 기타,안전운전불이행,건조,맑음,교차로 - 교차로안,승용,남,50세,상해없음,승용,남,31세,경상
2015042300100249,2015년 4월 23일 11시,목요일,충청북도 청주시 청원구 주성동,경상사고,0,0,1,0,차량단독 - 공작물충돌,안전운전불이행,건조,맑음,단일로 - 기타,승용,여,27세,경상,,,,
2015042300100250,2015년 4월 23일 11시,목요일,충청북도 청주시 흥덕구 복대동,중상사고,0,1,1,0,차대차 - 추돌 - 진행중,차로위반,건조,맑음,단일로 - 기타,승용,여,55세,경상,이륜,남,39세,중상
2015042300100277,2015년 4월 23일 12시,목요일,충청북도 충주시 연수동,경상사고,0,0,1,0,차대사람 - 기타,안전운전불이행,건조,맑음,단일로 - 기타,승용,여,33세,상해없음,보행자,남,46세,경상
2015042300100278,2015년 4월 23일 12시,목요일,충청북도 옥천군 청성면,중상사고,0,1,0,0,차대차 - 측면직각충돌,교차로운행방법위반,건조,맑음,교차로 - 교차로안,화물,남,37세,상해없음,원동기,남,75세,중상
2015042300100279,2015년 4월 23일 12시,목요일,충청북도 청주시 흥덕구 봉명동,중상사고,0,1,0,0,차대사람 - 횡단중,안전운전불이행,건조,맑음,교차로 - 교차로안,화물,남,35세,상해없음,보행자,남,81세,중상
2015042300100304,2015년 4월 23일 13시,목요일,충청북도 진천군 덕산면,중상사고,0,1,0,0,차대차 - 측면직각충돌,신호위반,건조,기타,교차로 - 교차로안,화물,남,67세,상해없음,승용,남,32세,중상
2015042300100332,2015년 4월 23일 14시,목요일,충청북도 충주시 중앙탑면,중상사고,0,1,1,0,차대차 - 추돌 - 진행중,안전운전불이행,건조,맑음,단일로 - 기타,화물,남,47세,중상,화물,남,58세,경상
2015042300100367,2015년 4월 23일 15시,목요일,충청북도 제천시 고명동,중상사고,0,1,1,0,차대차 - 측면직각충돌,중앙선침범,건조,맑음,교차로 - 교차로안,승용,남,62세,중상,승용,남,22세,경상
2015042300100402,2015년 4월 23일 16시,목요일,충청북도 제천시 장락동,중상사고,0,1,1,0,차대차 - 측면직각충돌,신호위반,건조,맑음,교차로 - 교차로안,승용,남,62세,경상,승용,남,58세,중상
2015042300100403,2015년 4월 23일 16시,목요일,충청북도 옥천군 옥천읍,중상사고,0,1,0,0,차대차 - 기타,안전운전불이행,건조,맑음,교차로 - 교차로안,원동기,여,73세,중상,화물,여,48세,상해없음
2015042300100448,2015년 4월 23일 17시,목요일,충청북도 충주시 금릉동,경상사고,0,0,1,0,차대차 - 기타,안전거리미확보,건조,맑음,단일로 - 기타,화물,남,52세,상해없음,승합,남,23세,상해없음
2015042300100449,2015년 4월 23일 17시,목요일,충청북도 청주시 흥덕구 복대동,경상사고,0,0,1,0,차대차 - 측면직각충돌,중앙선침범,건조,맑음,교차로 - 교차로부근,승용,여,53세,상해없음,이륜,남,20세,경상
2015042300100485,2015년 4월 23일 18시,목요일,충청북도 청주시 서원구 사창동,경상사고,0,0,1,0,차대차 - 추돌 - 주정차중,안전운전불이행,건조,맑음,단일로 - 기타,승용,남,62세,상해없음,승합,남,49세,기타불명
2015042300100486,2015년 4월 23일 18시,목요일,충청북도 진천군 진천읍,경상사고,0,0,1,0,차대차 - 추돌 - 진행중,안전운전불이행,건조,맑음,단일로 - 기타,승용,여,43세,상해없음,승용,여,38세,경상
2015042300100487,2015년 4월 23일 18시,목요일,충청북도 청주시 상당구 용담동,경상사고,0,0,1,0,차대차 - 기타,안전운전불이행,건조,맑음,교차로 - 교차로부근,승용,남,72세,상해없음,승용,여,38세,경상
2015042300100530,2015년 4월 23일 19시,목요일,충청북도 청주시 서원구 사창동,중상사고,0,1,2,0,차대차 - 기타,신호위반,건조,맑음,교차로 - 교차로부근,승용,남,53세,상해없음,이륜,남,33세,중상
2015042300100569,2015년 4월 23일 20시,목요일,충청북도 청주시 청원구 내수읍,중상사고,0,1,1,0,차대사람 - 기타,안전운전불이행,건조,맑음,단일로 - 기타,승용,여,60세,상해없음,보행자,남,44세,중상
2015042300100607,2015년 4월 23일 21시,목요일,충청북도 청주시 흥덕구 옥산면,경상사고,0,0,1,0,차대차 - 추돌 - 주정차중,안전운전불이행,건조,맑음,교차로 - 교차로부근,승용,남,29세,상해없음,승용,남,33세,경상
2015042300100642,2015년 4월 23일 22시,목요일,충청북도 청주시 청원구 율량동,경상사고,0,0,1,0,차대사람 - 길가장자리구역통행중,안전운전불이행,건조,맑음,단일로 - 기타,승용,남,29세,상해없음,보행자,남,31세,경상