사고번호,사고일시,요일,시군구,사고내용,사망자수,중상자수,경상자수,부상신고자수,사고유형,법규위반,노면상태,기상상태,도로형태,가해운전자 차종,가해운전자 성별,가해운전자 연령,가해운전자 상해정도,피해운전자 차종,피해운전자 성별,피해운전자 연령,피해운전자 상해정도
2015042300100667,2015년 4월 23일 23시,목요일,충청북도 진천군 덕산면,중상사고,0,1,0,0,차대차 - 추돌 - 진행중,안전운전불이행,건조,맑음,단일로 - 기타,승용,남,33세,상해없음,자전거,남,46세,중상
2015042400100020,2015년 4월 24일 01시,금요일,충청북도 청주시 상당구 수동,경상사고,0,0,2,0,차량단독 - 도로외이탈 - 추락,안전운전불이행,건조,맑음,단일로 - 기타,승용,남,18세,경상,,,,
2015042400100021,2015년 4월 24일 01시,금요일,충청북도 청주시 청원구 율량동,경상사고,0,0,1,1,차대차 - 측면직각충돌,신호위반,건조,맑음,교차로 - 교차로안,승용,여,34세,부상신고,화물,남,36세,경상
2015042400100022,2015년 4월 24일 01시,금요일,충청북도 청주시 흥덕구 복대동,경상사고,0,0,1,0,차대차 - 측면직각충돌,중앙선침범,건조,맑음,단일로 - 기타,승용,남,43세,상해없음,승용,남,36세,경상
2015042400100023,2015년 4월 24일 01시,금요일,충청북도 청주시 서원구 성화동,중상사고,0,1,0,0,차대사람 - 횡단중,보행자보호의무위반,건조,맑음,교차로 - 교차로안,승용,남,55세,상해없음,보행자,여,44세,중상
2015042400100029,2015년 4월 24일 02시,금요일,충청북도 음성군 금왕읍,경상사고,0,0,2,0,차량단독 - 공작물충돌,안전운전불이행,건조,맑음,단일로 - 기타,승용,남,27세,경상,,,,
2015042400100038,2015년 4월 24일 03시,금요일,충청북도 음성군 음성읍,경상사고,0,0,1,0,차대차 - 추돌 - 주정차중,안전운전불이행,건조,맑음,교차로 - 교차로안,승용,남,43세,경상,승용,남,62세,상해없음
2015042400100092,2015년 4월 24일 07시,금요일,충청북도 청주시 청원구 주성동,경상사고,0,0,1,0,차대차 - 기타,신호위반,건조,맑음,교차로 - 교차로안,화물,여,64세,상해없음,자전거,여,54세,경상
2015042400100093,2015년 4월 24일 07시,금요일,충청북도 보은군 보은읍,경상사고,0,0,1,0,차대차 - 정면충돌,중앙선침범,건조,맑음,단일로 - 기타,승용,여,58세,상해없음,승용,여,48세,경상
2015042400100095,2015년 4월 24일 07시,금요일,충청북도 청주시 서원구 남이면,경상사고,0,0,1,0,차대차 - 추돌 - 진행중,안전운전불이행,건조,맑음,단일로 - 기타,승용,남,23세,기타불명,승용,남,29세,경상
2015042400100120,2015년 4월 24일 08시,금요일,충청북도 음성군 금왕읍,경상사고,0,0,1,0,차대사람 - 길가장자리구역통행중,안전운전불이행,건조,맑음,교차로 - 교차로안,승용,여,54세,상해없음,보행자,여,8세,경상
2015042400100154,2015년 4월 24일 09시,금요일,충청북도 제천시 의림동,경상사고,0,0,2,0,차대차 - 측면직각충돌,직진우회전진행방해,건조,맑음,교차로 - 교차로안,승용,여,40세,경상,이륜,남,75세,경상
2015042400100155,2015년 4월 24일 09시,금요일,충청북도 제천시 송학면,중상사고,0,1,0,0,차대차 - 측면직각충돌,직진우회전진행방해,건조,맑음,교차로 - 교차로안,건설기계,남,54세,상해없음,화물,남,54세,중상
2015042400100156,2015년 4월 24일 09시,금요일,충청북도 청주시 흥덕구 복대동,중상사고,0,1,0,0,차대차 - 기타,안전거리미확보,건조,맑음,단일로 - 기타,승용,남,58세,상해없음,승합,남,52세,상해없음
2015042400100194,2015년 4월 24일 10시,금요일,충청북도 충주시 칠금동,중상사고,0,1,1,1,차대차 - 기타,안전거리미확보,건조,맑음,교차로 - 교차로부근,특수,남,42세,상해없음,건설기계,남,47세,부상신고
2015042400100229,2015년 4월 24일 11시,금요일,충청북도 청주시 흥덕구 봉명동,경상사고,0,0,1,0,차대차 - 측면직각충돌,중앙선침범,건조,맑음,교차로 - 교차로안,승용,여,44세,상해없음,승용,여,29세,경상
2015042400100230,2015년 4월 24일 11시,금요일,충청북도 청주시 상당구 평촌동,중상사고,0,1,1,0,차대차 - 기타,안전운전불이행,건조,맑음,교차로 - 교차로부근,이륜,남,58세,상해없음,승용,남,63세,경상
2015042400100231,2015년 4월 24일 11시,금요일,충청북도 청주시 서원구 수곡동,중상사고,0,1,0,0,차량단독 - 기타,기타,건조,맑음,단일로 - 기타,승합,남,46세,상해없음,,,,
2015042400100271,2015년 4월 24일 12시,금요일,충청북도 청주시 청원구 주중동,경상사고,0,0,1,0,차대차 - 추돌 - 진행중,안전운전불이행,건조,맑음,단일로 - 기타,화물,남,18세,상해없음,승용,여,27세,경상
2015042400100272,2015년 4월 24일 12시,금요일,충청북도 충주시 안림동,경상사고,0,0,1,0,차대차 - 기타,중앙선침범,건조,맑음,단일로 - 기타,승용,남,61세,상해없음,승용,여,29세,경상
2015042400100327,2015년 4월 24일 14시,금요일,충청북도 진천군 진천읍,경상사고,0,0,2,0,차대차 - 기타,안전운전불이행,건조,맑음,단일로 - 기타,승용,남,39세,상해없음,이륜,남,15세,경상
2015042400100448,2015년 4월 24일 17시,금요일,충청북도 청주시 흥덕구 옥산면,중상사고,0,1,1,0,차대차 - 정면충돌,안전운전불이행,건조,맑음,단일로 - 기타,승용,남,37세,중상,특수,남,58세,경상
2015042400100502,2015년 4월 24일 18시,금요일,충청북도 음성군 음성읍,중상사고,0,1,0,0,차대차 - 추돌 - 주정차중,안전운전불이행,건조,맑음,단일로 - 기타,이륜,남,38세,중상,화물,남,40세,상해없음
2015042400100503,2015년 4월 24일 18시,금요일,충청북도 진천군 진천읍,중상사고,0,1,0,0,차대차 - 측면직각충돌,보행자보호의무위반,건조,맑음,교차로 - 교차로안,승용,여,40세,상해없음,자전거,남,11세,중상
2015042400100504,2015년 4월 24일 18시,금요일,충청북도 청주시 흥덕구 비하동,경상사고,0,0,1,0,차대사람 - 기타,교차로운행방법위반,건조,맑음,교차로 - 교차로안,승용,남,41세,상해없음,보행자,남,35세,경상
2015042400100505,2015년 4월 24일 18시,금요일,충청북도 청주시 흥덕구 가경동,중상사고,0,2,0,0,차대차 - 측면직각충돌,신호위반,건조,맑음,교차로 - 교차로부근,승용,남,50세,중상,승용,여,46세,중상
2015042400100555,2015년 4월 24일 19시,금요일,충청북도 청주시 청원구 내덕동,중상사고,0,2,3,0,차대차 - 측면직각충돌,안전거리미확보,건조,맑음,단일로 - 기타,승용,여,25세,상해없음,승용,여,65세,중상
2015042400100556,2015년 4월 24일 19시,금요일,충청북도 음성군 금왕읍,경상사고,0,0,2,0,차대차 - 측면직각충돌,안전운전불이행,건조,맑음,교차로 - 교차로안,승용,남,51세,경상,화물,남,34세,경상
2015042400100557,2015년 4월 24일 19시,금요일,충청북도 청주시 서원구 개신동,경상사고,0,0,1,0,차대차 - 기타,신호위반,건조,맑음,교차로 - 교차로안,승용,남,41세,상해없음,승용,여,38세,상해없음
2015042400100603,2015년 4월 24일 20시,금요일,충청북도 청주시 청원구 오창읍,중상사고,0,4,1,0,차대차 - 기타,신호위반,건조,맑음,교차로 - 교차로안,승용,여,50세,중상,승용,남,52세,경상
2015042400100604,2015년 4월 24일 20시,금요일,충청북도 청주시 청원구 율량동,중상사고,0,1,0,0,차대사람 - 기타,안전운전불이행,건조,맑음,단일로 - 기타,승용,여,48세,상해없음,보행자,남,7세,중상
2015042400100605,2015년 4월 24일 20시,금요일,충청북도 청주시 흥덕구 신봉동,경상사고,0,0,1,0,차대차 - 측면직각충돌,안전거리미확보,건조,맑음,단일로 - 기타,승용,남,64세,상해없음,승용,남,64세,경상
2015042500100047,2015년 4월 25일 01시,토요일,충청북도 청주시 청원구 오창읍,경상사고,0,0,3,0,차대차 - 정면충돌,중앙선침범,건조,맑음,교차로 - 교차로부근,승용,남,24세,경상,승용,남,41세,경상
2015042500100073,2015년 4월 25일 03시,토요일,충청북도 증평군 증평읍,경상사고,0,0,2,0,차대차 - 측면직각충돌,신호위반,건조,맑음,교차로 - 교차로안,승용,여,54세,경상,화물,남,54세,경상
2015042500100110,2015년 4월 25일 06시,토요일,충청북도 단양군 매포읍,경상사고,0,0,2,0,차량단독 - 공작물충돌,안전운전불이행,건조,맑음,단일로 - 기타,승용,남,24세,상해없음,,,,
2015042500100129,2015년 4월 25일 07시,토요일,충청북도 진천군 문백면,중상사고,0,1,1,0,차대차 - 측면직각충돌,교차로운행방법위반,건조,기타,교차로 - 교차로부근,승용,여,26세,중상,승용,남,48세,경상
2015042500100130,2015년 4월 25일 07시,토요일,충청북도 청주시 흥덕구 비하동,경상사고,0,0,1,0,차대차 - 측면직각충돌,신호위반,건조,맑음,교차로 - 교차로안,승용,남,64세,상해없음,승용,남,34세,경상
2015042500100183,2015년 4월 25일 09시,토요일,충청북도 충주시 산척면,중상사고,0,1,0,0,차대차 - 기타,안전운전불이행,건조,맑음,단일로 - 기타,화물,남,42세,상해없음,승용,남,49세,중상
2015042500100184,2015년 4월 25일 09시,토요일,충청북도 충주시 봉방동,중상사고,0,1,0,0,차대사람 - 횡단중,신호위반,건조,맑음,교차로 - 교차로안,승용,남,53세,상해없음,보행자,여,14세,중상
2015042500100227,2015년 4월 25일 10시,토요일,충청북도 청주시 상당구 미원면,경상사고,0,0,4,0,차대차 - 추돌 - 진행중,안전거리미확보,건조,맑음,단일로 - 기타,화물,남,58세,상해없음,승용,남,57세,경상
2015042500100270,2015년 4월 25일 11시,토요일,충청북도 청주시 서원구 남이면,중상사고,0,1,3,0,차대차 - 측면직각충돌,안전운전불이행,건조,맑음,단일로 - 기타,승용,여,28세,중상,승합,남,60세,경상
2015042500100310,2015년 4월 25일 12시,토요일,충청북도 청주시 서원구 사창동,경상사고,0,0,1,0,차대차 - 측면직각충돌,교차로운행방법위반,건조,맑음,교차로 - 교차로안,승용,여,28세,상해없음,승용,여,55세,경상
2015042500100311,2015년 4월 25일 12시,토요일,충청북도 청주시 흥덕구 비하동,중상사고,0,1,0,0,차대차 - 추돌 - 진행중,기타,건조,맑음,단일로 - 기타,승용,남,49세,상해없음,이륜,남,17세,중상
2015042500100353,2015년 4월 25일 13시,토요일,충청북도 청주시 흥덕구 강내면,중상사고,0,1,0,0,차대사람 - 횡단중,안전운전불이행,건조,맑음,단일로 - 기타,승용,여,35세,상해없음,보행자,여,45세,중상
2015042500100431,2015년 4월 25일 15시,토요일,충청북도 제천시 고암동,경상사고,0,0,1,0,차대차 - 측면직각충돌,안전운전불이행,건조,맑음,교차로 - 교차로안,건설기계,남,59세,상해없음,승용,남,21세,경상
2015042500100432,2015년 4월 25일 15시,토요일,충청북도 제천시 중앙로2가,중상사고,0,1,0,0,차대차 - 기타,신호위반,건조,맑음,교차로 - 교차로안,승용,여,46세,상해없음,원동기,남,20세,중상
2015042500100433,2015년 4월 25일 15시,토요일,충청북도 음성군 맹동면,경상사고,0,0,3,0,차대차 - 추돌 - 주정차중,안전운전불이행,건조,맑음,교차로 - 교차로안,승용,남,53세,경상,승용,남,57세,경상
2015042500100434,2015년 4월 25일 15시,토요일,충청북도 청주시 흥덕구 봉명동,경상사고,0,0,1,0,차대사람 - 횡단중,안전운전불이행,건조,맑음,단일로 - 기타,화물,남,24세,상해없음,보행자,여,59세,경상
2015042500100435,2015년 4월 25일 15시,토요일,충청북도 청주시 상당구 북문로1가동,경상사고,0,0,1,0,차대차 - 기타,기타,건조,맑음,단일로 - 기타,승용,남,40세,상해없음,이륜,남,32세,경상
2015042500100464,2015년 4월 25일 16시,토요일,충청북도 충주시 엄정면,경상사고,0,0,1,0,차대사람 - 기타,안전운전불이행,건조,맑음,단일로 - 기타,승용,남,61세,상해없음,보행자,여,80세,경상
2015042500100515,2015년 4월 25일 17시,토요일,충청북도 청주시 흥덕구 복대동,경상사고,0,0,1,0,차대차 - 측면직각충돌,신호위반,건조,맑음,단일로 - 횡단보도상,이륜,남,32세,상해없음,자전거,남,10세,경상
2015042500100516,2015년 4월 25일 17시,토요일,충청북도 청주시 흥덕구 문암동,중상사고,0,1,0,0,차대차 - 측면직각충돌,기타,건조,맑음,교차로 - 교차로안,화물,남,45세,상해없음,자전거,남,57세,중상
2015042500100517,2015년 4월 25일 17시,토요일,충청북도 청주시 흥덕구 복대동,경상사고,0,0,1,0,차대차 - 측면직각충돌,신호위반,건조,맑음,교차로 - 교차로안,승용,남,44세,상해없음,승용,남,29세,경상
2015042500100614,2015년 4월 25일 19시,토요일,충청북도 제천시 청전동,부상신고사고,0,0,0,1,차대차 - 측면직각충돌,안전운전불이행,건조,맑음,단일로 - 횡단보도부근,원동기,남,16세,상해없음,자전거,남,71세,부상신고
2015042500100615,2015년 4월 25일 19시,토요일,충청북도 청주시 서원구 남이면,경상사고,0,0,1,0,차대차 - 추돌 - 진행중,안전운전불이행,건조,맑음,단일로 - 기타,승합,남,50세,상해없음,승용,여,59세,경상
2015042500100695,2015년 4월 25일 21시,토요일,충청북도 충주시 연수동,경상사고,0,0,1,0,차대차 - 기타,중앙선침범,건조,맑음,단일로 - 기타,화물,남,25세,상해없음,이륜,남,16세,경상
2015042500100737,2015년 4월 25일 22시,토요일,충청북도 충주시 교현동,중상사고,0,1,0,0,차대차 - 기타,직진우회전진행방해,건조,맑음,교차로 - 교차로안,승용,남,35세,상해없음,이륜,남,41세,중상
2015042500100738,2015년 4월 25일 22시,토요일,충청북도 증평군 증평읍,중상사고,0,1,0,1,차대차 - 측면직각충돌,신호위반,건조,맑음,교차로 - 교차로안,이륜,남,16세,부상신고,이륜,남,21세,중상
2015042500100739,2015년 4월 25일 22시,토요일,충청북도 청주시 흥덕구 신봉동,경상사고,0,0,1,0,차대사람 - 횡단중,안전운전불이행,건조,맑음,교차로 - 교차로부근,화물,남,52세,상해없음,보행자,남,57세,경상
2015042500100774,2015년 4월 25일 23시,토요일,충청북도 청주시 흥덕구 복대동,경상사고,0,0,1,0,차대차 - 추돌 - 주정차중,기타,건조,맑음,단일로 - 기타,승용,남,60세,상해없음,이륜,남,30세,경상
2015042600100012,2015년 4월 26일 00시,일요일,충청북도 충주시 수안보면,사망사고,1,0,0,0,차량단독 - 공작물충돌,안전운전불이행,건조,맑음,단일로 - 기타,화물,남,55세,사망,,,,
2015042600100013,2015년 4월 26일 00시,일요일,충청북도 청주시 흥덕구 봉명동,경상사고,0,0,1,0,차대사람 - 기타,안전운전불이행,건조,맑음,단일로 - 기타,승용,남,40세,상해없음,보행자,남,27세,경상
2015042600100033,2015년 4월 26일 01시,일요일,충청북도 청주시 청원구 북이면,중상사고,0,1,0,0,차량단독 - 공작물충돌,안전운전불이행,건조,맑음,단일로 - 기타,승용,남,49세,중상,,,,
2015042600100034,2015년 4월 26일 01시,일요일,충청북도 진천군 덕산면,중상사고,0,1,0,0,차량단독 - 공작물충돌,안전운전불이행,건조,맑음,단일로 - 기타,화물,남,42세,중상,,,,
2015042600100035,2015년 4월 26일 01시,일요일,충청북도 청주시 흥덕구 복대동,경상사고,0,0,3,0,차대차 - 추돌 - 진행중,안전운전불이행,건조,맑음,단일로 - 기타,승용,여,44세,상해없음,승용,남,18세,경상
2015042600100099,2015년 4월 26일 06시,일요일,충청북도 청주시 청원구 사천동,경상사고,0,0,3,0,차대차 - 측면직각충돌,신호위반,건조,맑음,교차로 - 교차로안,화물,남,77세,상해없음,승용,남,46세,경상
2015042600100100,2015년 4월 26일 06시,일요일,충청북도 충주시 금릉동,경상사고,0,0,2,1,차대차 - 기타,안전운전불이행,건조,맑음,교차로 - 교차로안,승용,여,69세,부상신고,승용,남,58세,경상
2015042600100159,2015년 4월 26일 10시,일요일,충청북도 음성군 금왕읍,경상사고,0,0,2,0,차대차 - 측면직각충돌,신호위반,건조,맑음,교차로 - 교차로안,화물,남,44세,상해없음,승용,남,29세,경상
2015042600100160,2015년 4월 26일 10시,일요일,충청북도 음성군 감곡면,중상사고,0,1,0,0,차량단독 - 기타,안전운전불이행,건조,맑음,단일로 - 기타,이륜,남,59세,중상,,,,
2015042600100210,2015년 4월 26일 12시,일요일,충청북도 청주시 상당구 석교동,중상사고,0,1,0,0,차대사람 - 기타,안전운전불이행,건조,맑음,단일로 - 기타,승용,여,57세,상해없음,보행자,여,58세,중상
2015042600100242,2015년 4월 26일 13시,일요일,충청북도 제천시 봉양읍,중상사고,0,1,0,0,차량단독 - 공작물충돌,안전운전불이행,건조,맑음,단일로 - 기타,승용,남,40세,중상,,,,
2015042600100266,2015년 4월 26일 14시,일요일,충청북도 청주시 서원구 사창동,경상사고,0,0,1,0,차대차 - 추돌 - 진행중,안전거리미확보,건조,맑음,교차로 - 교차로부근,승용,남,60세,상해없음,승용,남,55세,경상
2015042600100267,2015년 4월 26일 14시,일요일,충청북도 청주시 상당구 금천동,경상사고,0,0,1,0,차대차 - 측면직각충돌,안전운전불이행,건조,맑음,교차로 - 교차로부근,이륜,남,31세,경상,승용,남,60세,상해없음
2015042600100308,2015년 4월 26일 15시,일요일,충청북도 청주시 흥덕구 석소동,경상사고,0,0,1,0,차대차 - 추돌 - 진행중,안전거리미확보,건조,맑음,단일로 - 기타,승용,남,31세,상해없음,승용,남,39세,상해없음
2015042600100390,2015년 4월 26일 17시,일요일,충청북도 충주시 연수동,경상사고,0,0,1,0,차대차 - 기타,중앙선침범,건조,맑음,단일로 - 기타,승합,남,42세,상해없음,승용,남,42세,상해없음
2015042600100425,2015년 4월 26일 18시,일요일,충청북도 청주시 청원구 율량동,경상사고,0,0,1,0,차대차 - 기타,교차로운행방법위반,건조,맑음,교차로 - 교차로안,이륜,남,16세,상해없음,승용,남,61세,경상
2015042600100459,2015년 4월 26일 19시,일요일,충청북도 음성군 음성읍,중상사고,0,5,0,0,차대차 - 측면직각충돌,안전운전불이행,건조,맑음,교차로 - 교차로부근,승용,여,23세,상해없음,승용,여,22세,중상
2015042600100494,2015년 4월 26일 20시,일요일,충청북도 청주시 흥덕구 복대동,중상사고,0,1,1,0,차대차 - 측면직각충돌,교차로운행방법위반,건조,맑음,교차로 - 교차로안,승용,남,56세,상해없음,승용,남,42세,경상
2015042600100495,2015년 4월 26일 20시,일요일,충청북도 청주시 흥덕구 가경동,중상사고,0,1,0,0,차대차 - 측면직각충돌,안전운전불이행,건조,맑음,단일로 - 기타,승용,남,42세,상해없음,승합,남,47세,상해없음
2015042600100532,2015년 4월 26일 21시,일요일,충청북도 청주시 상당구 용담동,경상사고,0,0,2,0,차대차 - 기타,신호위반,건조,맑음,교차로 - 교차로안,승합,남,67세,상해없음,승용,남,42세,경상
2015042600100561,2015년 4월 26일 22시,일요일,충청북도 청주시 서원구 산남동,중상사고,0,2,0,0,차대차 - 측면직각충돌,안전운전불이행,건조,맑음,교차로 - 교차로안,승용,남,48세,상해없음,승용,남,27세,중상
2015042600100590,2015년 4월 26일 23시,일요일,충청북도 청주시 서원구 분평동,중상사고,0,2,2,0,차대차 - 측면직각충돌,중앙선침범,건조,맑음,단일로 - 기타,승용,여,54세,중상,승용,남,52세,경상
2015042700100033,2015년 4월 27일 03시,월요일,충청북도 청주시 서원구 수곡동,중상사고,0,2,1,0,차대차 - 측면직각충돌,신호위반,건조,맑음,교차로 - 교차로안,승용,남,24세,중상,승용,남,54세,중상
2015042700100044,2015년 4월 27일 05시,월요일,충청북도 청주시 흥덕구 가경동,중상사고,0,2,1,0,차대차 - 측면직각충돌,신호위반,건조,맑음,교차로 - 교차로안,승용,여,55세,중상,승용,남,47세,중상
2015042700100045,2015년 4월 27일 05시,월요일,충청북도 영동군 황간면,중상사고,0,1,0,0,차대차 - 기타,안전거리미확보,건조,맑음,단일로 - 기타,승용,남,41세,상해없음,승용,남,48세,중상
2015042700100068,2015년 4월 27일 07시,월요일,충청북도 청주시 흥덕구 봉명동,경상사고,0,0,1,0,차대차 - 측면직각충돌,신호위반,건조,맑음,교차로 - 교차로안,승용,여,50세,상해없음,승용,남,31세,경상
2015042700100069,2015년 4월 27일 07시,월요일,충청북도 청주시 흥덕구 송정동,경상사고,0,0,1,0,차대차 - 측면직각충돌,안전운전불이행,건조,맑음,교차로 - 교차로안,건설기계,남,49세,상해없음,승용,남,22세,경상
2015042700100110,2015년 4월 27일 08시,월요일,충청북도 제천시 신월동,경상사고,0,0,1,0,차대차 - 측면직각충돌,안전거리미확보,건조,맑음,단일로 - 기타,승용,여,51세,상해없음,승용,남,46세,경상
2015042700100111,2015년 4월 27일 08시,월요일,충청북도 옥천군 옥천읍,중상사고,0,1,0,0,차대차 - 측면직각충돌,안전거리미확보,건조,맑음,단일로 - 기타,승용,남,47세,상해없음,이륜,여,67세,중상
2015042700100112,2015년 4월 27일 08시,월요일,충청북도 진천군 문백면,중상사고,0,1,0,0,차대차 - 측면직각충돌,교차로운행방법위반,기타,맑음,교차로 - 교차로안,승용,남,54세,상해없음,원동기,남,70세,중상
2015042700100181,2015년 4월 27일 10시,월요일,충청북도 옥천군 옥천읍,중상사고,0,1,0,0,차대차 - 기타,교차로운행방법위반,건조,맑음,교차로 - 교차로안,화물,남,68세,상해없음,원동기,여,59세,중상
2015042700100211,2015년 4월 27일 11시,월요일,충청북도 충주시 연수동,경상사고,0,0,1,0,차대차 - 기타,안전거리미확보,건조,맑음,단일로 - 기타,화물,여,44세,상해없음,승용,남,49세,경상
2015042700100212,2015년 4월 27일 11시,월요일,충청북도 충주시 주덕읍,경상사고,0,0,1,0,차대차 - 추돌 - 진행중,안전거리미확보,건조,맑음,단일로 - 기타,승용,남,69세,상해없음,승용,남,48세,경상
2015042700100213,2015년 4월 27일 11시,월요일,충청북도 충주시 문화동,중상사고,0,1,0,0,차대사람 - 기타,보행자보호의무위반,건조,맑음,교차로 - 교차로부근,승용,남,73세,상해없음,보행자,남,79세,중상
2015042700100241,2015년 4월 27일 12시,월요일,충청북도 충주시 봉방동,부상신고사고,0,0,0,1,차량단독 - 기타,안전운전불이행,건조,맑음,교차로 - 교차로안,이륜,남,65세,부상신고,,,,
2015042700100242,2015년 4월 27일 12시,월요일,충청북도 청주시 상당구 가덕면,중상사고,0,2,1,0,차대차 - 측면직각충돌,교차로운행방법위반,건조,맑음,교차로 - 교차로안,승용,남,49세,경상,승용,남,58세,상해없음
2015042700100283,2015년 4월 27일 13시,월요일,충청북도 청주시 청원구 율량동,경상사고,0,0,1,0,차대사람 - 횡단중,안전운전불이행,건조,맑음,단일로 - 기타,승용,남,26세,상해없음,보행자,남,6세,경상
2015042700100325,2015년 4월 27일 14시,월요일,충청북도 괴산군 사리면,중상사고,0,1,0,0,차량단독 - 기타,안전운전불이행,건조,맑음,단일로 - 기타,농기계,남,71세,중상,,,,
2015042700100358,2015년 4월 27일 15시,월요일,충청북도 청주시 서원구 사직동,중상사고,0,1,0,0,차대차 - 추돌 - 진행중,교차로운행방법위반,건조,맑음,교차로 - 교차로안,자전거,남,74세,중상,승용,여,29세,상해없음
2015042700100400,2015년 4월 27일 16시,월요일,충청북도 청주시 청원구 우암동,경상사고,0,0,1,0,차대차 - 기타,차로위반,건조,맑음,교차로 - 교차로안,승용,남,68세,상해없음,승용,여,57세,경상
2015042700100401,2015년 4월 27일 16시,월요일,충청북도 충주시 봉방동,중상사고,0,1,0,0,차대사람 - 기타,안전운전불이행,건조,맑음,단일로 - 기타,승용,남,37세,상해없음,보행자,남,65세,중상
2015042700100402,2015년 4월 27일 16시,월요일,충청북도 제천시 송학면,중상사고,0,1,1,0,차대차 - 측면직각충돌,안전운전불이행,건조,맑음,단일로 - 기타,승용,남,64세,상해없음,승용,남,61세,중상
2015042700100403,2015년 4월 27일 16시,월요일,충청북도 청주시 흥덕구 오송읍,중상사고,0,1,0,0,차대사람 - 길가장자리구역통행중,안전운전불이행,건조,맑음,교차로 - 교차로안,승용,여,28세,상해없음,보행자,남,47세,중상
2015042700100404,2015년 4월 27일 16시,월요일,충청북도 청주시 상당구 용암동,중상사고,0,1,0,0,차대사람 - 횡단중,보행자보호의무위반,건조,맑음,교차로 - 교차로부근,승용,남,54세,상해없음,보행자,여,70세,중상
2015042700100449,2015년 4월 27일 17시,월요일,충청북도 청주시 청원구 내덕동,경상사고,0,0,1,0,차대사람 - 기타,보행자보호의무위반,건조,맑음,단일로 - 기타,승용,여,32세,상해없음,보행자,여,7세,경상
2015042700100450,2015년 4월 27일 17시,월요일,충청북도 청주시 상당구 금천동,중상사고,0,1,0,0,차대사람 - 횡단중,안전운전불이행,건조,맑음,교차로 - 교차로부근,승용,남,62세,상해없음,보행자,여,12세,중상
2015042700100495,2015년 4월 27일 18시,월요일,충청북도 제천시 영천동,경상사고,0,0,1,0,차대사람 - 기타,보행자보호의무위반,건조,맑음,교차로 - 교차로부근,승합,남,55세,상해없음,보행자,여,55세,경상
2015042700100536,2015년 4월 27일 19시,월요일,충청북도 청주시 흥덕구 복대동,경상사고,0,0,1,0,차대차 - 측면직각충돌,안전거리미확보,건조,맑음,단일로 - 기타,승용,남,63세,기타불명,승합,남,52세,상해없음
2015042700100578,2015년 4월 27일 20시,월요일,충청북도 청주시 서원구 사창동,경상사고,0,0,1,0,차대사람 - 기타,안전운전불이행,건조,맑음,단일로 - 기타,승용,남,67세,상해없음,보행자,여,55세,경상
2015042700100579,2015년 4월 27일 20시,월요일,충청북도 청주시 흥덕구 봉명동,중상사고,0,1,0,0,차대차 - 측면직각충돌,신호위반,건조,맑음,교차로 - 교차로안,승용,남,28세,상해없음,이륜,남,45세,중상
2015042700100580,2015년 4월 27일 20시,월요일,충청북도 청주시 상당구 석교동,경상사고,0,0,1,0,차대차 - 기타,안전운전불이행,건조,맑음,단일로 - 기타,승용,여,58세,상해없음,자전거,남,46세,경상
2015042700100619,2015년 4월 27일 21시,월요일,충청북도 청주시 청원구 오창읍,중상사고,0,2,0,0,차대차 - 측면직각충돌,차로위반,건조,맑음,단일로 - 기타,승용,여,43세,상해없음,승용,남,39세,중상
2015042800100083,2015년 4월 28일 06시,화요일,충청북도 괴산군 감물면,중상사고,0,1,1,0,차대차 - 기타,교차로운행방법위반,건조,맑음,교차로 - 교차로안,승용,남,53세,경상,화물,남,54세,중상
2015042800100109,2015년 4월 28일 07시,화요일,충청북도 음성군 감곡면,경상사고,0,0,2,0,차대차 - 측면직각충돌,안전운전불이행,건조,맑음,단일로 - 기타,승합,남,48세,상해없음,화물,남,67세,경상
2015042800100110,2015년 4월 28일 07시,화요일,충청북도 청주시 서원구 성화동,경상사고,0,0,1,0,차대차 - 측면직각충돌,신호위반,건조,맑음,교차로 - 교차로안,이륜,남,21세,경상,승용,남,41세,상해없음
2015042800100155,2015년 4월 28일 08시,화요일,충청북도 진천군 문백면,경상사고,0,0,2,0,차대차 - 추돌 - 진행중,안전운전불이행,건조,맑음,단일로 - 기타,승용,남,50세,상해없음,승용,남,30세,경상
2015042800100156,2015년 4월 28일 08시,화요일,충청북도 청주시 상당구 석교동,중상사고,0,1,0,0,차대사람 - 횡단중,안전운전불이행,건조,맑음,단일로 - 기타,승용,남,37세,상해없음,보행자,남,16세,중상
2015042800100229,2015년 4월 28일 10시,화요일,충청북도 옥천군 옥천읍,경상사고,0,0,1,0,차대차 - 측면직각충돌,신호위반,건조,맑음,교차로 - 교차로안,원동기,여,62세,경상,승용,남,61세,상해없음
2015042800100256,2015년 4월 28일 11시,화요일,충청북도 충주시 봉방동,경상사고,0,0,1,0,차대차 - 기타,신호위반,건조,맑음,교차로 - 교차로안,화물,남,41세,상해없음,승용,남,54세,경상
2015042800100257,2015년 4월 28일 11시,화요일,충청북도 충주시 연수동,부상신고사고,0,0,0,1,차대차 - 기타,안전운전불이행,건조,맑음,단일로 - 기타,이륜,남,65세,부상신고,승용,남,58세,상해없음