사고번호,사고일시,요일,시군구,사고내용,사망자수,중상자수,경상자수,부상신고자수,사고유형,법규위반,노면상태,기상상태,도로형태,가해운전자 차종,가해운전자 성별,가해운전자 연령,가해운전자 상해정도,피해운전자 차종,피해운전자 성별,피해운전자 연령,피해운전자 상해정도
2015042800100318,2015년 4월 28일 13시,화요일,충청북도 충주시 대소원면,중상사고,0,1,4,0,차대차 - 추돌 - 진행중,안전거리미확보,건조,맑음,단일로 - 터널,승용,남,28세,상해없음,승용,남,34세,경상
2015042800100353,2015년 4월 28일 14시,화요일,충청북도 청주시 청원구 내수읍,경상사고,0,0,3,0,차대차 - 기타,중앙선침범,건조,맑음,단일로 - 기타,승용,여,51세,상해없음,승용,남,54세,경상
2015042800100354,2015년 4월 28일 14시,화요일,충청북도 충주시 지현동,경상사고,0,0,1,0,차대차 - 기타,안전운전불이행,건조,맑음,교차로 - 교차로부근,승용,남,46세,상해없음,승용,여,44세,경상
2015042800100355,2015년 4월 28일 14시,화요일,충청북도 제천시 의림동,경상사고,0,0,1,0,차대차 - 측면직각충돌,안전운전불이행,건조,맑음,교차로 - 교차로안,승용,여,37세,상해없음,자전거,여,65세,경상
2015042800100356,2015년 4월 28일 14시,화요일,충청북도 보은군 회인면,중상사고,0,1,0,0,차대차 - 측면직각충돌,신호위반,건조,맑음,교차로 - 교차로안,승용,남,62세,상해없음,승용,여,58세,중상
2015042800100399,2015년 4월 28일 15시,화요일,충청북도 충주시 앙성면,중상사고,0,1,0,0,차대차 - 추돌 - 진행중,기타,기타,맑음,기타 - 기타,화물,남,31세,상해없음,자전거,남,84세,중상
2015042800100400,2015년 4월 28일 15시,화요일,충청북도 제천시 의림동,중상사고,0,1,0,0,차대사람 - 기타,안전운전불이행,건조,맑음,단일로 - 기타,승용,여,40세,상해없음,보행자,여,56세,중상
2015042800100401,2015년 4월 28일 15시,화요일,충청북도 제천시 봉양읍,경상사고,0,0,2,0,차대차 - 측면직각충돌,안전거리미확보,건조,맑음,단일로 - 기타,화물,남,56세,상해없음,승용,남,67세,경상
2015042800100437,2015년 4월 28일 16시,화요일,충청북도 충주시 교현동,중상사고,0,1,0,0,차대사람 - 기타,보행자보호의무위반,건조,맑음,단일로 - 기타,승용,남,40세,상해없음,보행자,여,15세,중상
2015042800100438,2015년 4월 28일 16시,화요일,충청북도 충주시 단월동,중상사고,0,6,4,1,차대차 - 추돌 - 진행중,안전거리미확보,건조,맑음,단일로 - 기타,승합,남,72세,부상신고,승용,남,52세,경상
2015042800100439,2015년 4월 28일 16시,화요일,충청북도 청주시 흥덕구 봉명동,경상사고,0,0,1,0,차대차 - 측면직각충돌,안전운전불이행,건조,맑음,교차로 - 교차로안,승용,남,48세,상해없음,승용,여,32세,경상
2015042800100514,2015년 4월 28일 18시,화요일,충청북도 제천시 봉양읍,중상사고,0,1,0,0,차대사람 - 횡단중,안전운전불이행,건조,맑음,단일로 - 기타,승용,여,55세,상해없음,보행자,여,60세,중상
2015042800100515,2015년 4월 28일 18시,화요일,충청북도 청주시 상당구 방서동,경상사고,0,0,1,0,차대차 - 측면직각충돌,중앙선침범,건조,맑음,교차로 - 교차로부근,승용,남,53세,상해없음,승용,남,28세,경상
2015042800100551,2015년 4월 28일 19시,화요일,충청북도 진천군 덕산면,경상사고,0,0,1,0,차대차 - 측면직각충돌,교차로운행방법위반,건조,맑음,교차로 - 교차로부근,승용,여,63세,경상,화물,남,55세,상해없음
2015042800100615,2015년 4월 28일 21시,화요일,충청북도 청주시 청원구 주중동,경상사고,0,0,1,0,차대차 - 측면직각충돌,신호위반,건조,맑음,교차로 - 교차로안,승용,여,59세,상해없음,승용,남,27세,경상
2015042800100616,2015년 4월 28일 21시,화요일,충청북도 충주시 호암동,경상사고,0,0,2,0,차대차 - 추돌 - 진행중,신호위반,건조,맑음,교차로 - 교차로안,이륜,남,16세,상해없음,승용,여,56세,경상
2015042800100617,2015년 4월 28일 21시,화요일,충청북도 음성군 감곡면,경상사고,0,0,1,0,차대사람 - 길가장자리구역통행중,안전운전불이행,건조,맑음,단일로 - 기타,승용,남,59세,상해없음,보행자,남,63세,경상
2015042800100618,2015년 4월 28일 21시,화요일,충청북도 청주시 상당구 서문동,경상사고,0,0,2,0,차대차 - 추돌 - 주정차중,안전운전불이행,건조,맑음,단일로 - 기타,승용,남,33세,상해없음,승용,여,33세,경상
2015042800100619,2015년 4월 28일 21시,화요일,충청북도 청주시 상당구 미원면,중상사고,0,1,0,0,차대사람 - 횡단중,안전운전불이행,건조,맑음,단일로 - 기타,승용,남,55세,상해없음,보행자,여,70세,중상
2015042800100649,2015년 4월 28일 22시,화요일,충청북도 청주시 서원구 현도면,중상사고,0,1,0,0,차대차 - 기타,안전운전불이행,습기,비,단일로 - 기타,승용,여,40세,상해없음,승용,남,47세,중상
2015042800100680,2015년 4월 28일 23시,화요일,충청북도 음성군 대소면,중상사고,0,2,1,0,차대사람 - 길가장자리구역통행중,안전운전불이행,건조,맑음,단일로 - 기타,이륜,남,16세,경상,보행자,여,41세,중상
2015042800100681,2015년 4월 28일 23시,화요일,충청북도 청주시 흥덕구 복대동,중상사고,0,1,0,0,차대차 - 기타,교차로운행방법위반,건조,맑음,교차로 - 교차로안,승용,남,18세,상해없음,자전거,남,19세,중상
2015042900100009,2015년 4월 29일 00시,수요일,충청북도 청주시 흥덕구 오송읍,경상사고,0,0,1,0,차대차 - 측면직각충돌,신호위반,건조,맑음,교차로 - 교차로안,승용,여,41세,기타불명,승용,남,35세,경상
2015042900100043,2015년 4월 29일 02시,수요일,충청북도 충주시 연수동,경상사고,0,0,2,0,차대차 - 추돌 - 진행중,안전운전불이행,건조,맑음,교차로 - 교차로부근,승용,남,58세,상해없음,승용,남,52세,경상
2015042900100053,2015년 4월 29일 03시,수요일,충청북도 청주시 청원구 우암동,경상사고,0,0,2,0,차대차 - 기타,안전운전불이행,습기,비,단일로 - 기타,승용,남,41세,상해없음,화물,남,58세,경상
2015042900100080,2015년 4월 29일 06시,수요일,충청북도 제천시 영천동,중상사고,0,4,1,0,차대차 - 추돌 - 진행중,신호위반,습기,비,교차로 - 교차로안,승용,남,25세,중상,화물,남,52세,경상
2015042900100101,2015년 4월 29일 07시,수요일,충청북도 청주시 흥덕구 향정동,중상사고,0,1,0,0,차대차 - 측면직각충돌,중앙선침범,건조,맑음,교차로 - 교차로부근,승용,남,41세,상해없음,승용,여,29세,중상
2015042900100138,2015년 4월 29일 08시,수요일,충청북도 청주시 청원구 오창읍,경상사고,0,0,1,0,차대차 - 측면직각충돌,안전거리미확보,습기,비,단일로 - 기타,승용,남,54세,상해없음,승용,남,56세,경상
2015042900100139,2015년 4월 29일 08시,수요일,충청북도 청주시 청원구 사천동,경상사고,0,0,1,0,차대차 - 측면직각충돌,안전운전불이행,습기,비,교차로 - 교차로부근,승용,여,41세,상해없음,승용,남,27세,경상
2015042900100177,2015년 4월 29일 09시,수요일,충청북도 진천군 진천읍,경상사고,0,0,4,0,차대차 - 측면직각충돌,안전거리미확보,습기,비,단일로 - 터널,승용,남,54세,경상,승용,남,37세,경상
2015042900100214,2015년 4월 29일 10시,수요일,충청북도 진천군 진천읍,경상사고,0,0,2,0,차대차 - 측면직각충돌,신호위반,습기,비,교차로 - 교차로안,화물,남,26세,상해없음,화물,남,63세,상해없음
2015042900100254,2015년 4월 29일 11시,수요일,충청북도 충주시 교현동,경상사고,0,0,1,1,차대차 - 기타,직진우회전진행방해,습기,비,교차로 - 교차로안,승용,여,39세,부상신고,승용,남,47세,경상
2015042900100255,2015년 4월 29일 11시,수요일,충청북도 음성군 음성읍,경상사고,0,0,1,0,차량단독 - 공작물충돌,안전운전불이행,습기,비,단일로 - 기타,화물,남,56세,경상,,,,
2015042900100256,2015년 4월 29일 11시,수요일,충청북도 청주시 상당구 석교동,중상사고,0,1,0,0,차대차 - 기타,안전운전불이행,습기,비,교차로 - 교차로부근,승용,여,58세,상해없음,승용,여,56세,중상
2015042900100361,2015년 4월 29일 14시,수요일,충청북도 제천시 백운면,경상사고,0,0,1,0,차대차 - 측면직각충돌,중앙선침범,습기,비,단일로 - 기타,승용,남,57세,상해없음,화물,남,28세,경상
2015042900100403,2015년 4월 29일 15시,수요일,충청북도 제천시 장락동,부상신고사고,0,0,0,1,차대차 - 측면직각충돌,안전운전불이행,건조,맑음,기타 - 기타,승용,남,45세,상해없음,승용,여,31세,부상신고
2015042900100431,2015년 4월 29일 16시,수요일,충청북도 청주시 서원구 개신동,중상사고,0,1,0,0,차대사람 - 횡단중,안전운전불이행,건조,맑음,단일로 - 횡단보도부근,승용,남,26세,상해없음,보행자,여,72세,중상
2015042900100432,2015년 4월 29일 16시,수요일,충청북도 청주시 상당구 용암동,중상사고,0,2,0,0,차대사람 - 기타,안전운전불이행,건조,맑음,단일로 - 기타,승용,남,35세,상해없음,보행자,남,62세,중상
2015042900100433,2015년 4월 29일 16시,수요일,충청북도 음성군 감곡면,경상사고,0,0,1,0,차대차 - 기타,안전거리미확보,건조,맑음,단일로 - 기타,화물,남,56세,상해없음,승용,남,51세,경상
2015042900100456,2015년 4월 29일 17시,수요일,충청북도 증평군 증평읍,경상사고,0,0,2,1,차대차 - 측면직각충돌,직진우회전진행방해,건조,맑음,교차로 - 교차로안,화물,남,68세,부상신고,화물,남,48세,경상
2015042900100508,2015년 4월 29일 18시,수요일,충청북도 충주시 산척면,중상사고,0,1,0,0,차량단독 - 기타,안전운전불이행,건조,맑음,단일로 - 기타,승합,남,59세,상해없음,,,,
2015042900100546,2015년 4월 29일 19시,수요일,충청북도 충주시 문화동,경상사고,0,0,1,0,차대차 - 기타,안전운전불이행,건조,맑음,교차로 - 교차로안,승용,남,20세,상해없음,승용,남,57세,경상
2015042900100643,2015년 4월 29일 22시,수요일,충청북도 청주시 청원구 사천동,경상사고,0,0,1,0,차대차 - 추돌 - 주정차중,안전운전불이행,건조,맑음,단일로 - 기타,승용,남,35세,상해없음,승용,남,33세,상해없음
2015042900100644,2015년 4월 29일 22시,수요일,충청북도 청주시 청원구 오창읍,경상사고,0,0,2,0,차대차 - 측면직각충돌,안전운전불이행,건조,맑음,단일로 - 기타,승용,남,33세,상해없음,승용,남,27세,경상
2015042900100645,2015년 4월 29일 22시,수요일,충청북도 청주시 흥덕구 복대동,부상신고사고,0,0,0,1,차대차 - 추돌 - 주정차중,안전운전불이행,습기,흐림,교차로 - 교차로부근,승용,남,41세,상해없음,승합,남,53세,부상신고
2015042900100668,2015년 4월 29일 23시,수요일,충청북도 충주시 단월동,경상사고,0,0,1,0,차대차 - 기타,기타,건조,맑음,기타 - 기타,승용,남,41세,상해없음,이륜,남,41세,경상
2015042900100669,2015년 4월 29일 23시,수요일,충청북도 청주시 상당구 영운동,경상사고,0,0,1,0,차대차 - 기타,안전운전불이행,건조,맑음,교차로 - 교차로부근,승용,여,52세,상해없음,승합,여,44세,경상
2015043000100040,2015년 4월 30일 01시,목요일,충청북도 제천시 서부동,경상사고,0,0,2,0,차대차 - 측면직각충돌,안전운전불이행,건조,맑음,교차로 - 교차로부근,승용,남,29세,상해없음,승용,남,32세,경상
2015043000100062,2015년 4월 30일 03시,목요일,충청북도 청주시 상당구 용암동,중상사고,0,1,1,0,차대차 - 기타,안전운전불이행,건조,맑음,교차로 - 교차로부근,화물,남,47세,상해없음,승용,남,40세,중상
2015043000100069,2015년 4월 30일 04시,목요일,충청북도 청주시 상당구 용암동,경상사고,0,0,2,0,차대차 - 기타,신호위반,건조,맑음,교차로 - 교차로안,승용,남,25세,상해없음,승합,남,69세,경상
2015043000100139,2015년 4월 30일 08시,목요일,충청북도 충주시 봉방동,중상사고,0,3,0,0,차대차 - 기타,안전운전불이행,건조,맑음,단일로 - 기타,승용,여,39세,중상,승용,남,53세,상해없음
2015043000100140,2015년 4월 30일 08시,목요일,충청북도 단양군 단성면,경상사고,0,0,1,0,차대차 - 추돌 - 주정차중,안전운전불이행,건조,맑음,교차로 - 교차로안,승용,남,54세,상해없음,승용,남,73세,경상
2015043000100141,2015년 4월 30일 08시,목요일,충청북도 청주시 흥덕구 오송읍,중상사고,0,1,0,0,차대차 - 추돌 - 진행중,불법유턴,건조,맑음,교차로 - 교차로부근,이륜,남,58세,중상,화물,남,55세,상해없음
2015043000100142,2015년 4월 30일 08시,목요일,충청북도 청주시 상당구 용담동,경상사고,0,0,2,0,차량단독 - 기타,기타,건조,맑음,단일로 - 기타,승용,여,33세,경상,,,,
2015043000100178,2015년 4월 30일 09시,목요일,충청북도 음성군 원남면,경상사고,0,0,4,0,차대차 - 추돌 - 주정차중,안전거리미확보,건조,맑음,단일로 - 기타,승용,남,81세,경상,승합,남,33세,경상
2015043000100179,2015년 4월 30일 09시,목요일,충청북도 청주시 흥덕구 복대동,경상사고,0,0,1,0,차대차 - 추돌 - 진행중,안전운전불이행,건조,맑음,교차로 - 교차로안,승용,남,25세,상해없음,승용,남,38세,경상
2015043000100180,2015년 4월 30일 09시,목요일,충청북도 청주시 상당구 명암동,경상사고,0,0,2,0,차대차 - 측면직각충돌,안전운전불이행,건조,맑음,교차로 - 교차로부근,화물,남,56세,상해없음,화물,남,39세,경상
2015043000100237,2015년 4월 30일 11시,목요일,충청북도 청주시 흥덕구 송정동,중상사고,0,1,1,0,차대차 - 추돌 - 진행중,안전운전불이행,건조,맑음,교차로 - 교차로부근,승용,남,61세,상해없음,승용,남,66세,경상
2015043000100262,2015년 4월 30일 12시,목요일,충청북도 청주시 흥덕구 가경동,경상사고,0,0,1,0,차대차 - 추돌 - 진행중,안전운전불이행,건조,맑음,단일로 - 기타,자전거,남,18세,경상,승용,여,45세,상해없음
2015043000100296,2015년 4월 30일 13시,목요일,충청북도 단양군 단양읍,중상사고,0,3,3,0,차대차 - 추돌 - 진행중,안전거리미확보,건조,맑음,단일로 - 기타,승용,남,63세,상해없음,화물,남,42세,중상
2015043000100331,2015년 4월 30일 14시,목요일,충청북도 청주시 청원구 주중동,경상사고,0,0,1,0,차대차 - 측면직각충돌,기타,건조,맑음,단일로 - 기타,승용,남,48세,상해없음,승용,여,36세,경상
2015043000100332,2015년 4월 30일 14시,목요일,충청북도 제천시 중앙로2가,경상사고,0,0,1,0,차대차 - 측면직각충돌,안전운전불이행,건조,맑음,교차로 - 교차로안,승용,남,75세,상해없음,승합,남,23세,경상
2015043000100333,2015년 4월 30일 14시,목요일,충청북도 단양군 가곡면,중상사고,0,1,1,0,차대차 - 정면충돌,중앙선침범,건조,맑음,단일로 - 기타,승용,남,70세,상해없음,화물,남,63세,경상
2015043000100385,2015년 4월 30일 15시,목요일,충청북도 증평군 증평읍,경상사고,0,0,1,1,차대차 - 측면직각충돌,신호위반,건조,맑음,교차로 - 교차로안,화물,남,62세,부상신고,승용,남,30세,경상
2015043000100386,2015년 4월 30일 15시,목요일,충청북도 진천군 진천읍,중상사고,0,1,1,0,차대차 - 측면직각충돌,신호위반,건조,맑음,교차로 - 교차로안,승용,남,32세,경상,승용,남,48세,상해없음
2015043000100387,2015년 4월 30일 15시,목요일,충청북도 진천군 문백면,경상사고,0,0,1,0,차대차 - 측면직각충돌,안전거리미확보,건조,맑음,단일로 - 기타,건설기계,남,45세,상해없음,화물,남,35세,경상
2015043000100388,2015년 4월 30일 15시,목요일,충청북도 청주시 흥덕구 지동동,경상사고,0,0,1,0,차대차 - 측면직각충돌,신호위반,건조,맑음,교차로 - 교차로안,화물,남,37세,상해없음,승용,남,66세,경상
2015043000100389,2015년 4월 30일 15시,목요일,충청북도 청주시 상당구 남일면,경상사고,0,0,1,0,차대차 - 측면직각충돌,중앙선침범,건조,맑음,교차로 - 교차로부근,승용,여,62세,상해없음,화물,남,34세,경상
2015043000100481,2015년 4월 30일 17시,목요일,충청북도 충주시 성내동,경상사고,0,0,1,0,차대차 - 기타,기타,건조,맑음,기타 - 기타,승용,남,47세,상해없음,자전거,여,62세,경상
2015043000100482,2015년 4월 30일 17시,목요일,충청북도 청주시 흥덕구 옥산면,중상사고,0,1,0,0,차대차 - 추돌 - 진행중,안전운전불이행,건조,맑음,단일로 - 기타,화물,남,54세,상해없음,화물,남,58세,중상
2015043000100518,2015년 4월 30일 18시,목요일,충청북도 충주시 문화동,중상사고,0,1,0,0,차대사람 - 기타,안전운전불이행,건조,맑음,단일로 - 기타,승용,남,52세,상해없음,보행자,남,29세,중상
2015043000100519,2015년 4월 30일 18시,목요일,충청북도 청주시 서원구 현도면,중상사고,0,1,0,0,차대차 - 측면직각충돌,신호위반,건조,맑음,교차로 - 교차로안,이륜,남,66세,중상,승용,여,63세,상해없음
2015043000100520,2015년 4월 30일 18시,목요일,충청북도 청주시 흥덕구 오송읍,경상사고,0,0,2,0,차대차 - 기타,안전운전불이행,건조,맑음,교차로 - 교차로부근,승용,여,44세,경상,승용,남,54세,경상
2015043000100521,2015년 4월 30일 18시,목요일,충청북도 청주시 상당구 용암동,중상사고,0,1,5,0,차대사람 - 기타,안전운전불이행,건조,맑음,단일로 - 기타,승용,여,58세,상해없음,보행자,남,16세,경상
2015043000100641,2015년 4월 30일 21시,목요일,충청북도 충주시 앙성면,경상사고,0,0,1,0,차대사람 - 기타,보행자보호의무위반,건조,맑음,단일로 - 기타,승용,남,52세,상해없음,보행자,남,56세,경상
2015043000100642,2015년 4월 30일 21시,목요일,충청북도 증평군 증평읍,경상사고,0,0,1,1,차대차 - 측면직각충돌,신호위반,건조,맑음,교차로 - 교차로안,원동기,남,28세,부상신고,승용,남,27세,경상
2015043000100680,2015년 4월 30일 22시,목요일,충청북도 제천시 의림동,경상사고,0,0,1,0,차대차 - 측면직각충돌,직진우회전진행방해,건조,맑음,교차로 - 교차로안,승용,여,38세,상해없음,원동기,남,18세,경상
2015043000100681,2015년 4월 30일 22시,목요일,충청북도 청주시 서원구 분평동,경상사고,0,0,1,0,차대차 - 측면직각충돌,안전운전불이행,건조,맑음,단일로 - 기타,승용,남,42세,상해없음,승용,남,28세,경상
2015050100100018,2015년 5월 1일 00시,금요일,충청북도 청주시 청원구 사천동,중상사고,0,1,1,0,차대차 - 기타,신호위반,건조,맑음,교차로 - 교차로안,승용,남,27세,상해없음,승용,남,54세,중상
2015050100100019,2015년 5월 1일 00시,금요일,충청북도 청주시 서원구 모충동,경상사고,0,0,1,0,차대차 - 측면직각충돌,신호위반,건조,맑음,교차로 - 교차로안,승용,여,49세,상해없음,승용,남,39세,경상
2015050100100048,2015년 5월 1일 01시,금요일,충청북도 청주시 청원구 우암동,중상사고,0,1,2,0,차대차 - 추돌 - 주정차중,안전운전불이행,건조,맑음,교차로 - 교차로부근,승용,남,74세,경상,승용,남,53세,중상
2015050100100064,2015년 5월 1일 02시,금요일,충청북도 청주시 청원구 오창읍,경상사고,0,0,1,0,차대차 - 기타,차로위반,건조,맑음,단일로 - 기타,승용,남,48세,상해없음,승용,남,38세,경상
2015050100100098,2015년 5월 1일 05시,금요일,충청북도 청주시 청원구 율량동,중상사고,0,1,2,0,차대차 - 측면직각충돌,신호위반,건조,맑음,교차로 - 교차로안,승용,여,54세,상해없음,승용,여,42세,중상
2015050100100110,2015년 5월 1일 06시,금요일,충청북도 진천군 덕산면,경상사고,0,0,1,0,차대차 - 측면직각충돌,안전운전불이행,건조,맑음,단일로 - 기타,화물,남,52세,상해없음,승용,남,25세,경상
2015050100100126,2015년 5월 1일 07시,금요일,충청북도 단양군 대강면,사망사고,1,0,1,0,차대차 - 추돌 - 진행중,안전거리미확보,건조,맑음,기타 - 기타,승용,남,48세,사망,화물,남,52세,경상
2015050100100127,2015년 5월 1일 07시,금요일,충청북도 진천군 이월면,중상사고,0,1,0,0,차대차 - 추돌 - 주정차중,안전운전불이행,건조,맑음,단일로 - 기타,자전거,남,14세,중상,승용,남,80세,기타불명
2015050100100151,2015년 5월 1일 08시,금요일,충청북도 제천시 중앙로2가,중상사고,0,1,1,0,차대차 - 추돌 - 진행중,안전거리미확보,건조,맑음,단일로 - 기타,승용,여,45세,상해없음,승용,남,58세,경상
2015050100100152,2015년 5월 1일 08시,금요일,충청북도 청주시 흥덕구 오송읍,중상사고,0,1,0,0,차대차 - 측면직각충돌,신호위반,건조,맑음,교차로 - 교차로안,승용,남,59세,상해없음,승용,여,54세,중상
2015050100100186,2015년 5월 1일 09시,금요일,충청북도 청주시 흥덕구 강서동,경상사고,0,0,2,0,차대차 - 측면직각충돌,안전거리미확보,건조,맑음,단일로 - 기타,화물,남,40세,경상,승용,남,47세,경상
2015050100100187,2015년 5월 1일 09시,금요일,충청북도 청주시 상당구 금천동,중상사고,0,1,0,0,차대차 - 측면직각충돌,안전운전불이행,건조,맑음,교차로 - 교차로안,이륜,여,55세,중상,이륜,남,58세,상해없음
2015050100100188,2015년 5월 1일 09시,금요일,충청북도 진천군 진천읍,중상사고,0,1,1,0,차대차 - 추돌 - 진행중,안전거리미확보,건조,맑음,단일로 - 기타,승합,남,44세,상해없음,승용,남,51세,중상
2015050100100260,2015년 5월 1일 11시,금요일,충청북도 제천시 백운면,경상사고,0,0,1,1,차대차 - 추돌 - 진행중,안전거리미확보,건조,맑음,단일로 - 기타,화물,남,23세,부상신고,승용,남,44세,경상
2015050100100261,2015년 5월 1일 11시,금요일,충청북도 제천시 금성면,경상사고,0,0,1,0,차대차 - 기타,중앙선침범,건조,맑음,단일로 - 기타,화물,남,53세,상해없음,승합,남,40세,경상
2015050100100338,2015년 5월 1일 13시,금요일,충청북도 청주시 서원구 개신동,중상사고,0,1,0,0,차대사람 - 횡단중,안전운전불이행,건조,맑음,단일로 - 기타,승용,남,52세,상해없음,보행자,남,6세,중상
2015050100100339,2015년 5월 1일 13시,금요일,충청북도 청주시 서원구 수곡동,중상사고,0,1,0,0,차대차 - 측면직각충돌,교차로운행방법위반,건조,맑음,교차로 - 교차로안,이륜,남,44세,중상,승용,남,57세,상해없음
2015050100100386,2015년 5월 1일 14시,금요일,충청북도 청주시 청원구 율량동,경상사고,0,0,2,1,차대차 - 기타,안전운전불이행,건조,맑음,단일로 - 기타,승용,여,43세,부상신고,승용,남,29세,상해없음
2015050100100428,2015년 5월 1일 15시,금요일,충청북도 충주시 대소원면,중상사고,0,2,0,0,차대차 - 기타,안전운전불이행,건조,맑음,교차로 - 교차로안,승용,남,65세,상해없음,승용,남,48세,중상
2015050100100429,2015년 5월 1일 15시,금요일,충청북도 음성군 감곡면,부상신고사고,0,0,0,1,차대사람 - 기타,안전운전불이행,건조,맑음,교차로 - 교차로부근,승용,여,45세,상해없음,보행자,남,18세,부상신고
2015050100100430,2015년 5월 1일 15시,금요일,충청북도 충주시 대소원면,중상사고,0,1,4,0,차대차 - 추돌 - 진행중,안전거리미확보,건조,맑음,단일로 - 기타,승용,남,45세,상해없음,승용,여,45세,중상
2015050100100453,2015년 5월 1일 16시,금요일,충청북도 청주시 서원구 사창동,중상사고,0,1,0,0,차대사람 - 기타,안전운전불이행,건조,맑음,단일로 - 기타,승용,남,39세,상해없음,보행자,여,63세,중상
2015050100100454,2015년 5월 1일 16시,금요일,충청북도 제천시 서부동,부상신고사고,0,0,0,1,차대차 - 기타,중앙선침범,건조,맑음,단일로 - 기타,자전거,남,14세,부상신고,승용,남,45세,상해없음
2015050100100600,2015년 5월 1일 19시,금요일,충청북도 청주시 청원구 오창읍,경상사고,0,0,1,0,차대차 - 측면직각충돌,중앙선침범,건조,맑음,교차로 - 교차로부근,승용,남,56세,상해없음,승용,남,37세,상해없음
2015050100100660,2015년 5월 1일 21시,금요일,충청북도 진천군 광혜원면,경상사고,0,0,1,0,차대차 - 측면직각충돌,안전운전불이행,건조,맑음,교차로 - 교차로안,원동기,남,18세,경상,승용,남,34세,상해없음
2015050100100693,2015년 5월 1일 22시,금요일,충청북도 증평군 증평읍,중상사고,0,1,0,0,차대차 - 기타,불법유턴,건조,맑음,기타 - 기타,승용,남,28세,상해없음,원동기,남,16세,중상
2015050200100118,2015년 5월 2일 08시,토요일,충청북도 제천시 영천동,중상사고,0,1,0,0,차대차 - 추돌 - 진행중,신호위반,건조,맑음,교차로 - 교차로안,승용,여,61세,상해없음,승용,남,61세,상해없음
2015050200100119,2015년 5월 2일 08시,토요일,충청북도 청주시 서원구 개신동,중상사고,0,1,0,0,차대사람 - 기타,교차로운행방법위반,건조,맑음,교차로 - 교차로안,승용,남,48세,상해없음,보행자,남,12세,중상
2015050200100148,2015년 5월 2일 09시,토요일,충청북도 충주시 대소원면,중상사고,0,1,2,0,차대차 - 기타,신호위반,건조,맑음,교차로 - 교차로안,승용,남,24세,상해없음,승용,여,23세,경상
2015050200100149,2015년 5월 2일 09시,토요일,충청북도 충주시 살미면,중상사고,0,2,1,0,차대차 - 기타,안전운전불이행,건조,맑음,단일로 - 기타,승용,남,54세,상해없음,승용,남,36세,경상
2015050200100218,2015년 5월 2일 11시,토요일,충청북도 제천시 의림동,경상사고,0,0,3,0,차대차 - 측면직각충돌,직진우회전진행방해,건조,맑음,교차로 - 교차로안,승용,여,60세,상해없음,승용,여,46세,경상
2015050200100290,2015년 5월 2일 13시,토요일,충청북도 청주시 청원구 율량동,부상신고사고,0,0,0,1,차량단독 - 기타,안전운전불이행,건조,맑음,교차로 - 교차로부근,승합,남,54세,상해없음,,,,
2015050200100291,2015년 5월 2일 13시,토요일,충청북도 청주시 상당구 북문로1가동,경상사고,0,0,1,0,차대차 - 기타,안전운전불이행,건조,맑음,단일로 - 기타,승용,남,30세,상해없음,화물,남,43세,경상
2015050200100329,2015년 5월 2일 14시,토요일,충청북도 충주시 안림동,중상사고,0,1,1,0,차대차 - 기타,기타,건조,맑음,단일로 - 기타,승용,여,63세,상해없음,특수,남,47세,중상
2015050200100330,2015년 5월 2일 14시,토요일,충청북도 청주시 상당구 금천동,중상사고,0,1,1,0,차대차 - 추돌 - 주정차중,안전운전불이행,건조,맑음,단일로 - 기타,승용,여,49세,경상,승용,여,55세,기타불명
2015050200100331,2015년 5월 2일 14시,토요일,충청북도 청주시 상당구 용담동,경상사고,0,0,1,0,차량단독 - 전도전복,안전운전불이행,건조,맑음,단일로 - 기타,화물,남,55세,경상,,,,
2015050200100418,2015년 5월 2일 16시,토요일,충청북도 청주시 청원구 우암동,중상사고,0,3,0,0,차대차 - 측면직각충돌,과속,건조,맑음,교차로 - 교차로안,승용,남,24세,중상,승용,남,52세,중상
2015050200100419,2015년 5월 2일 16시,토요일,충청북도 충주시 신니면,경상사고,0,0,1,0,차량단독 - 공작물충돌,안전운전불이행,건조,맑음,단일로 - 기타,승용,남,67세,경상,,,,
2015050200100420,2015년 5월 2일 16시,토요일,충청북도 제천시 서부동,경상사고,0,0,1,0,차대차 - 측면직각충돌,신호위반,건조,맑음,교차로 - 교차로안,승용,남,48세,상해없음,승용,남,45세,경상
2015050200100457,2015년 5월 2일 17시,토요일,충청북도 음성군 원남면,경상사고,0,0,1,0,차대차 - 기타,안전운전불이행,건조,맑음,단일로 - 기타,화물,남,53세,상해없음,승용,여,49세,경상
2015050200100458,2015년 5월 2일 17시,토요일,충청북도 옥천군 옥천읍,경상사고,0,0,1,0,차대차 - 기타,안전운전불이행,건조,맑음,교차로 - 교차로안,승용,남,54세,상해없음,승용,남,47세,상해없음
2015050200100459,2015년 5월 2일 17시,토요일,충청북도 청주시 흥덕구 운천동,경상사고,0,0,1,0,차대차 - 측면직각충돌,안전운전불이행,건조,맑음,단일로 - 기타,승합,남,46세,상해없음,승합,남,41세,경상