사고번호,사고일시,요일,시군구,사고내용,사망자수,중상자수,경상자수,부상신고자수,사고유형,법규위반,노면상태,기상상태,도로형태,가해운전자 차종,가해운전자 성별,가해운전자 연령,가해운전자 상해정도,피해운전자 차종,피해운전자 성별,피해운전자 연령,피해운전자 상해정도
2015050200100460,2015년 5월 2일 17시,토요일,충청북도 청주시 서원구 분평동,중상사고,0,1,2,0,차대차 - 측면직각충돌,신호위반,건조,맑음,교차로 - 교차로안,승합,남,59세,상해없음,승합,남,44세,경상
2015050200100537,2015년 5월 2일 19시,토요일,충청북도 청주시 흥덕구 강내면,중상사고,0,1,0,0,차대사람 - 기타,보행자보호의무위반,건조,맑음,단일로 - 횡단보도상,승용,남,39세,상해없음,보행자,여,15세,중상
2015050200100583,2015년 5월 2일 20시,토요일,충청북도 제천시 하소동,중상사고,0,1,1,1,차대차 - 측면직각충돌,신호위반,건조,맑음,교차로 - 교차로안,승용,남,48세,부상신고,승용,남,57세,경상
2015050200100656,2015년 5월 2일 22시,토요일,충청북도 청주시 서원구 사창동,경상사고,0,0,1,0,차대사람 - 길가장자리구역통행중,안전운전불이행,건조,맑음,단일로 - 기타,승용,남,22세,상해없음,보행자,남,22세,경상
2015050200100657,2015년 5월 2일 22시,토요일,충청북도 청주시 청원구 오창읍,중상사고,0,2,0,1,차대차 - 측면직각충돌,신호위반,건조,맑음,교차로 - 교차로안,승용,남,42세,상해없음,승용,남,52세,중상
2015050200100658,2015년 5월 2일 22시,토요일,충청북도 충주시 단월동,중상사고,0,1,0,0,차대차 - 기타,안전운전불이행,건조,맑음,교차로 - 교차로안,화물,남,34세,상해없음,승용,남,56세,중상
2015050200100700,2015년 5월 2일 23시,토요일,충청북도 보은군 보은읍,경상사고,0,0,1,0,차대차 - 측면직각충돌,안전운전불이행,건조,맑음,교차로 - 교차로부근,승용,남,22세,상해없음,자전거,여,54세,경상
2015050300100112,2015년 5월 3일 04시,일요일,충청북도 충주시 소태면,사망사고,1,1,1,1,차량단독 - 공작물충돌,안전운전불이행,습기,흐림,단일로 - 기타,승용,남,16세,부상신고,,,,
2015050300100126,2015년 5월 3일 05시,일요일,충청북도 충주시 교현동,중상사고,0,1,2,0,차대차 - 기타,신호위반,건조,맑음,교차로 - 교차로안,승용,여,44세,상해없음,승합,남,63세,상해없음
2015050300100127,2015년 5월 3일 05시,일요일,충청북도 청주시 흥덕구 복대동,경상사고,0,0,1,0,차대차 - 추돌 - 진행중,안전운전불이행,습기,비,단일로 - 기타,기타불명,기타불명,기타불명,기타불명,승용,남,64세,경상
2015050300100172,2015년 5월 3일 09시,일요일,충청북도 청주시 흥덕구 복대동,경상사고,0,0,1,0,차대차 - 측면직각충돌,안전거리미확보,습기,비,단일로 - 기타,화물,남,37세,상해없음,승용,여,33세,경상
2015050300100189,2015년 5월 3일 10시,일요일,충청북도 충주시 엄정면,중상사고,0,1,0,0,차대차 - 기타,기타,건조,맑음,단일로 - 기타,승용,남,50세,상해없음,원동기,남,68세,중상
2015050300100190,2015년 5월 3일 10시,일요일,충청북도 충주시 교현동,경상사고,0,0,1,0,차대차 - 기타,안전운전불이행,건조,맑음,교차로 - 교차로안,화물,남,54세,상해없음,원동기,남,78세,경상
2015050300100191,2015년 5월 3일 10시,일요일,충청북도 단양군 적성면,중상사고,0,2,1,0,차량단독 - 공작물충돌,안전운전불이행,습기,비,단일로 - 기타,승용,남,40세,상해없음,,,,
2015050300100259,2015년 5월 3일 13시,일요일,충청북도 보은군 탄부면,중상사고,0,5,3,0,차대차 - 측면직각충돌,교차로운행방법위반,건조,맑음,교차로 - 교차로안,화물,남,63세,중상,승합,남,65세,중상
2015050300100260,2015년 5월 3일 13시,일요일,충청북도 옥천군 이원면,경상사고,0,0,2,0,차대차 - 기타,안전거리미확보,건조,맑음,단일로 - 기타,화물,남,57세,상해없음,승용,남,34세,상해없음
2015050300100272,2015년 5월 3일 14시,일요일,충청북도 청주시 청원구 내덕동,경상사고,0,0,1,0,차대차 - 추돌 - 진행중,안전운전불이행,건조,맑음,교차로 - 교차로안,승용,남,59세,상해없음,승합,남,49세,상해없음
2015050300100273,2015년 5월 3일 14시,일요일,충청북도 청주시 서원구 수곡동,경상사고,0,0,1,0,차대차 - 기타,안전운전불이행,건조,맑음,교차로 - 교차로부근,승용,남,50세,상해없음,승용,남,50세,경상
2015050300100333,2015년 5월 3일 16시,일요일,충청북도 청주시 서원구 개신동,중상사고,0,2,0,0,차대차 - 기타,안전운전불이행,건조,맑음,단일로 - 기타,승용,여,55세,상해없음,이륜,남,49세,중상
2015050300100368,2015년 5월 3일 17시,일요일,충청북도 충주시 주덕읍,경상사고,0,0,3,0,차대차 - 측면직각충돌,안전운전불이행,건조,맑음,단일로 - 기타,화물,남,54세,상해없음,승용,남,35세,경상
2015050300100402,2015년 5월 3일 18시,일요일,충청북도 청주시 흥덕구 복대동,경상사고,0,0,2,0,차대차 - 측면직각충돌,안전운전불이행,건조,맑음,단일로 - 기타,승용,남,57세,경상,승용,남,21세,경상
2015050300100425,2015년 5월 3일 19시,일요일,충청북도 청주시 청원구 율량동,중상사고,0,1,5,0,차대차 - 기타,교차로운행방법위반,건조,맑음,교차로 - 교차로안,승용,여,31세,상해없음,승용,남,46세,중상
2015050300100426,2015년 5월 3일 19시,일요일,충청북도 청주시 상당구 명암동,중상사고,0,2,1,0,차대사람 - 기타,안전운전불이행,건조,맑음,교차로 - 교차로안,이륜,남,20세,경상,보행자,남,13세,중상
2015050300100466,2015년 5월 3일 20시,일요일,충청북도 청주시 청원구 내수읍,경상사고,0,0,1,0,차대차 - 기타,중앙선침범,건조,맑음,단일로 - 기타,화물,남,59세,상해없음,승합,남,44세,경상
2015050300100523,2015년 5월 3일 22시,일요일,충청북도 청주시 서원구 성화동,경상사고,0,0,1,0,차대차 - 측면직각충돌,차로위반,건조,맑음,교차로 - 교차로부근,승용,남,37세,상해없음,승용,남,29세,경상
2015050300100524,2015년 5월 3일 22시,일요일,충청북도 청주시 서원구 모충동,경상사고,0,0,1,0,차대차 - 기타,교차로운행방법위반,습기,비,교차로 - 교차로안,이륜,남,16세,경상,승용,여,49세,상해없음
2015050400100035,2015년 5월 4일 05시,월요일,충청북도 청주시 흥덕구 복대동,경상사고,0,0,1,0,차대차 - 추돌 - 주정차중,안전운전불이행,건조,맑음,교차로 - 교차로부근,승용,남,19세,상해없음,승용,남,50세,경상
2015050400100036,2015년 5월 4일 05시,월요일,충청북도 청주시 흥덕구 강내면,중상사고,0,2,0,0,차량단독 - 공작물충돌,안전운전불이행,건조,맑음,단일로 - 기타,승용,남,20세,상해없음,,,,
2015050400100066,2015년 5월 4일 07시,월요일,충청북도 청주시 청원구 내덕동,중상사고,0,1,0,0,차대차 - 측면직각충돌,중앙선침범,건조,맑음,교차로 - 교차로안,자전거,남,64세,중상,승합,남,65세,상해없음
2015050400100067,2015년 5월 4일 07시,월요일,충청북도 충주시 대소원면,중상사고,0,1,0,1,차대차 - 기타,직진우회전진행방해,건조,맑음,교차로 - 교차로안,승용,남,34세,부상신고,승용,남,55세,중상
2015050400100099,2015년 5월 4일 08시,월요일,충청북도 제천시 백운면,중상사고,0,2,1,0,차대차 - 추돌 - 진행중,안전운전불이행,건조,맑음,단일로 - 터널,승용,남,72세,상해없음,화물,남,75세,경상
2015050400100128,2015년 5월 4일 09시,월요일,충청북도 청주시 청원구 우암동,중상사고,0,1,0,0,차대사람 - 횡단중,보행자보호의무위반,건조,맑음,단일로 - 횡단보도상,승용,여,61세,상해없음,보행자,여,44세,중상
2015050400100129,2015년 5월 4일 09시,월요일,충청북도 제천시 서부동,중상사고,0,1,0,0,차대차 - 추돌 - 진행중,교차로운행방법위반,건조,맑음,교차로 - 교차로안,화물,여,62세,상해없음,승용,여,42세,중상
2015050400100130,2015년 5월 4일 09시,월요일,충청북도 청주시 흥덕구 복대동,중상사고,0,1,0,0,차대사람 - 횡단중,보행자보호의무위반,건조,맑음,교차로 - 교차로안,승용,남,63세,상해없음,보행자,여,65세,중상
2015050400100158,2015년 5월 4일 10시,월요일,충청북도 청주시 흥덕구 오송읍,경상사고,0,0,3,0,차대차 - 측면직각충돌,신호위반,건조,맑음,교차로 - 교차로안,승용,여,54세,경상,승용,남,55세,경상
2015050400100202,2015년 5월 4일 11시,월요일,충청북도 청주시 청원구 오창읍,경상사고,0,0,4,0,차대차 - 추돌 - 주정차중,안전운전불이행,건조,맑음,단일로 - 기타,승용,여,33세,상해없음,승용,남,51세,경상
2015050400100203,2015년 5월 4일 11시,월요일,충청북도 충주시 성남동,경상사고,0,0,1,0,차대차 - 기타,안전운전불이행,건조,맑음,단일로 - 기타,이륜,남,37세,경상,화물,남,56세,상해없음
2015050400100204,2015년 5월 4일 11시,월요일,충청북도 음성군 음성읍,부상신고사고,0,0,0,1,차량단독 - 전도전복,안전운전불이행,건조,맑음,단일로 - 기타,승용,여,38세,부상신고,,,,
2015050400100205,2015년 5월 4일 11시,월요일,충청북도 청주시 흥덕구 운천동,중상사고,0,1,0,0,차대차 - 측면직각충돌,불법유턴,건조,맑음,교차로 - 교차로안,자전거,남,64세,중상,승용,여,49세,상해없음
2015050400100299,2015년 5월 4일 13시,월요일,충청북도 청주시 청원구 주성동,경상사고,0,0,1,1,차대차 - 측면직각충돌,안전운전불이행,건조,맑음,교차로 - 교차로안,승용,남,64세,부상신고,승용,남,38세,경상
2015050400100345,2015년 5월 4일 14시,월요일,충청북도 청주시 상당구 북문로2가동,경상사고,0,0,4,0,차대차 - 측면직각충돌,신호위반,건조,맑음,교차로 - 교차로안,승용,남,30세,상해없음,승합,남,58세,상해없음
2015050400100389,2015년 5월 4일 15시,월요일,충청북도 청주시 상당구 수동,경상사고,0,0,1,0,차대차 - 기타,중앙선침범,건조,맑음,교차로 - 교차로안,자전거,여,76세,경상,승용,여,46세,상해없음
2015050400100390,2015년 5월 4일 15시,월요일,충청북도 청주시 흥덕구 봉명동,경상사고,0,0,3,0,차대차 - 측면직각충돌,교차로운행방법위반,건조,맑음,교차로 - 교차로안,승용,남,33세,경상,승용,남,54세,경상
2015050400100391,2015년 5월 4일 15시,월요일,충청북도 청주시 서원구 수곡동,경상사고,0,0,2,0,차대차 - 측면직각충돌,안전운전불이행,건조,맑음,교차로 - 교차로안,승용,남,56세,상해없음,화물,남,31세,경상
2015050400100434,2015년 5월 4일 16시,월요일,충청북도 진천군 진천읍,중상사고,0,1,0,0,차대차 - 측면직각충돌,중앙선침범,건조,맑음,단일로 - 기타,자전거,남,63세,중상,승용,남,45세,상해없음
2015050400100435,2015년 5월 4일 16시,월요일,충청북도 청주시 상당구 영운동,경상사고,0,0,1,0,차대차 - 기타,신호위반,건조,맑음,단일로 - 기타,승용,여,56세,상해없음,승용,여,45세,경상
2015050400100465,2015년 5월 4일 17시,월요일,충청북도 청주시 흥덕구 복대동,경상사고,0,0,1,0,차대차 - 측면직각충돌,교차로운행방법위반,건조,맑음,교차로 - 교차로안,승용,남,60세,상해없음,자전거,남,7세,경상
2015050400100513,2015년 5월 4일 18시,월요일,충청북도 충주시 연수동,중상사고,0,1,0,0,차대차 - 기타,신호위반,건조,맑음,교차로 - 교차로안,승용,남,50세,상해없음,이륜,남,44세,중상
2015050400100514,2015년 5월 4일 18시,월요일,충청북도 충주시 목행동,경상사고,0,0,6,0,차대차 - 기타,안전운전불이행,건조,맑음,단일로 - 교량,승용,여,35세,상해없음,승용,여,42세,경상
2015050400100571,2015년 5월 4일 19시,월요일,충청북도 청주시 흥덕구 복대동,경상사고,0,0,2,0,차대차 - 측면직각충돌,안전거리미확보,건조,맑음,단일로 - 기타,승용,여,63세,상해없음,화물,남,46세,경상
2015050400100572,2015년 5월 4일 19시,월요일,충청북도 청주시 상당구 용암동,경상사고,0,0,1,0,차대차 - 기타,안전운전불이행,건조,맑음,교차로 - 교차로안,승용,여,51세,상해없음,원동기,남,17세,경상
2015050400100610,2015년 5월 4일 20시,월요일,충청북도 청주시 서원구 죽림동,경상사고,0,0,2,0,차대차 - 추돌 - 주정차중,안전운전불이행,건조,맑음,교차로 - 교차로부근,승용,남,32세,상해없음,승용,여,41세,경상
2015050400100611,2015년 5월 4일 20시,월요일,충청북도 청주시 상당구 용암동,경상사고,0,0,1,0,차대차 - 기타,신호위반,건조,맑음,교차로 - 교차로안,승용,여,52세,상해없음,원동기,남,33세,경상
2015050400100635,2015년 5월 4일 21시,월요일,충청북도 충주시 문화동,중상사고,0,1,0,0,차대차 - 기타,안전운전불이행,건조,맑음,단일로 - 기타,승용,남,47세,상해없음,자전거,남,50세,중상
2015050400100636,2015년 5월 4일 21시,월요일,충청북도 청주시 상당구 남일면,중상사고,0,2,2,0,차대차 - 기타,안전운전불이행,건조,맑음,단일로 - 기타,승용,남,28세,상해없음,승용,남,36세,중상
2015050400100691,2015년 5월 4일 23시,월요일,충청북도 청주시 흥덕구 복대동,부상신고사고,0,0,0,1,차대차 - 측면직각충돌,안전운전불이행,건조,맑음,교차로 - 교차로안,원동기,남,16세,부상신고,승합,남,24세,상해없음
2015050500100064,2015년 5월 5일 03시,화요일,충청북도 음성군 금왕읍,경상사고,0,0,1,0,차대차 - 추돌 - 진행중,안전운전불이행,건조,맑음,단일로 - 기타,승용,남,48세,상해없음,화물,남,60세,경상
2015050500100065,2015년 5월 5일 03시,화요일,충청북도 옥천군 군북면,경상사고,0,0,2,0,차대차 - 기타,안전운전불이행,건조,맑음,단일로 - 기타,승용,남,32세,상해없음,승용,여,47세,경상
2015050500100110,2015년 5월 5일 07시,화요일,충청북도 청주시 상당구 남일면,경상사고,0,0,3,0,차대차 - 측면직각충돌,신호위반,건조,맑음,교차로 - 교차로안,승합,남,70세,경상,승용,남,56세,경상
2015050500100139,2015년 5월 5일 09시,화요일,충청북도 충주시 칠금동,중상사고,0,2,0,0,차대차 - 기타,안전거리미확보,기타,맑음,단일로 - 기타,승용,남,59세,상해없음,승용,남,40세,중상
2015050500100140,2015년 5월 5일 09시,화요일,충청북도 청주시 흥덕구 복대동,중상사고,0,1,0,0,차대사람 - 기타,보행자보호의무위반,건조,맑음,단일로 - 횡단보도상,승용,남,50세,상해없음,보행자,여,88세,중상
2015050500100154,2015년 5월 5일 10시,화요일,충청북도 청주시 흥덕구 복대동,경상사고,0,0,1,0,차대차 - 추돌 - 진행중,안전운전불이행,건조,맑음,교차로 - 교차로부근,승용,남,74세,상해없음,승용,남,43세,경상
2015050500100183,2015년 5월 5일 11시,화요일,충청북도 증평군 증평읍,부상신고사고,0,0,0,1,차대차 - 기타,안전운전불이행,건조,맑음,단일로 - 기타,승용,남,38세,상해없음,승용,여,27세,부상신고
2015050500100222,2015년 5월 5일 12시,화요일,충청북도 청주시 상당구 명암동,경상사고,0,0,6,0,차대차 - 기타,안전운전불이행,건조,맑음,단일로 - 기타,승용,남,32세,경상,승용,남,37세,상해없음
2015050500100292,2015년 5월 5일 14시,화요일,충청북도 충주시 문화동,경상사고,0,0,1,0,차대차 - 기타,교차로운행방법위반,건조,맑음,교차로 - 교차로안,승용,남,43세,상해없음,승용,여,63세,경상
2015050500100320,2015년 5월 5일 15시,화요일,충청북도 청주시 흥덕구 오송읍,중상사고,0,1,2,0,차대차 - 측면직각충돌,교차로운행방법위반,건조,맑음,교차로 - 교차로안,화물,남,35세,중상,승용,남,40세,상해없음
2015050500100367,2015년 5월 5일 16시,화요일,충청북도 제천시 신백동,경상사고,0,0,1,0,차대차 - 측면직각충돌,직진우회전진행방해,건조,맑음,교차로 - 교차로안,승용,남,54세,상해없음,화물,남,71세,경상
2015050500100401,2015년 5월 5일 17시,화요일,충청북도 충주시 봉방동,중상사고,0,1,0,0,차대사람 - 기타,안전운전불이행,건조,맑음,단일로 - 기타,승용,남,58세,상해없음,보행자,남,65세,중상
2015050500100402,2015년 5월 5일 17시,화요일,충청북도 음성군 삼성면,중상사고,0,1,0,0,차대차 - 측면직각충돌,안전운전불이행,건조,맑음,교차로 - 교차로안,화물,남,51세,상해없음,이륜,남,79세,중상
2015050500100403,2015년 5월 5일 17시,화요일,충청북도 청주시 흥덕구 봉명동,부상신고사고,0,0,0,1,차대차 - 측면직각충돌,교차로운행방법위반,건조,맑음,교차로 - 교차로안,이륜,남,20세,부상신고,승용,남,47세,상해없음
2015050500100404,2015년 5월 5일 17시,화요일,충청북도 청주시 흥덕구 비하동,경상사고,0,0,1,0,차대사람 - 기타,안전운전불이행,건조,맑음,단일로 - 기타,승용,여,40세,상해없음,보행자,남,44세,경상
2015050500100441,2015년 5월 5일 18시,화요일,충청북도 청주시 흥덕구 신봉동,경상사고,0,0,9,0,차대차 - 추돌 - 진행중,안전운전불이행,건조,맑음,단일로 - 기타,화물,남,63세,상해없음,승합,남,40세,경상
2015050500100442,2015년 5월 5일 18시,화요일,충청북도 청주시 흥덕구 복대동,경상사고,0,0,2,1,차대차 - 추돌 - 주정차중,안전운전불이행,건조,맑음,교차로 - 교차로부근,승용,남,47세,상해없음,승용,남,32세,경상
2015050500100534,2015년 5월 5일 21시,화요일,충청북도 청주시 서원구 분평동,경상사고,0,0,1,0,차대차 - 기타,교차로운행방법위반,건조,맑음,교차로 - 교차로안,이륜,남,42세,경상,승용,남,54세,상해없음
2015050500100560,2015년 5월 5일 22시,화요일,충청북도 진천군 진천읍,경상사고,0,0,1,0,차대차 - 측면직각충돌,신호위반,건조,기타,교차로 - 교차로안,승용,남,35세,상해없음,이륜,남,25세,경상
2015050600100078,2015년 5월 6일 07시,수요일,충청북도 청주시 청원구 사천동,중상사고,0,1,0,0,차대차 - 기타,안전거리미확보,건조,맑음,단일로 - 기타,승용,남,42세,상해없음,승용,남,22세,중상
2015050600100118,2015년 5월 6일 08시,수요일,충청북도 청주시 청원구 내덕동,경상사고,0,0,1,0,차대차 - 기타,안전운전불이행,건조,맑음,단일로 - 기타,승용,남,68세,상해없음,승용,남,34세,경상
2015050600100119,2015년 5월 6일 08시,수요일,충청북도 충주시 용산동,경상사고,0,0,1,0,차대차 - 기타,직진우회전진행방해,건조,맑음,교차로 - 교차로안,승용,여,36세,상해없음,승용,남,48세,경상
2015050600100120,2015년 5월 6일 08시,수요일,충청북도 충주시 목행동,경상사고,0,0,1,0,차대차 - 기타,안전운전불이행,건조,맑음,교차로 - 교차로안,승용,남,28세,상해없음,자전거,남,23세,경상
2015050600100121,2015년 5월 6일 08시,수요일,충청북도 제천시 청전동,경상사고,0,0,2,0,차대차 - 추돌 - 진행중,안전거리미확보,건조,맑음,단일로 - 기타,승용,여,44세,상해없음,승용,여,60세,경상
2015050600100122,2015년 5월 6일 08시,수요일,충청북도 청주시 흥덕구 석곡동,경상사고,0,0,2,0,차대차 - 기타,안전운전불이행,건조,맑음,단일로 - 기타,승용,남,50세,상해없음,승용,남,56세,경상
2015050600100123,2015년 5월 6일 08시,수요일,충청북도 청주시 흥덕구 강내면,경상사고,0,0,2,0,차대차 - 기타,안전운전불이행,건조,맑음,교차로 - 교차로부근,승용,남,26세,상해없음,승용,여,44세,경상
2015050600100184,2015년 5월 6일 10시,수요일,충청북도 청주시 서원구 사창동,중상사고,0,1,0,0,차대사람 - 횡단중,안전운전불이행,건조,맑음,단일로 - 기타,화물,남,51세,상해없음,보행자,남,24세,중상
2015050600100185,2015년 5월 6일 10시,수요일,충청북도 충주시 목행동,중상사고,0,1,2,0,차대차 - 기타,안전운전불이행,건조,맑음,단일로 - 기타,화물,남,72세,경상,승용,여,56세,경상
2015050600100186,2015년 5월 6일 10시,수요일,충청북도 진천군 진천읍,경상사고,0,0,9,0,차대차 - 추돌 - 진행중,안전운전불이행,건조,맑음,교차로 - 교차로안,화물,남,45세,상해없음,승합,남,33세,경상
2015050600100209,2015년 5월 6일 11시,수요일,충청북도 청주시 흥덕구 지동동,경상사고,0,0,1,0,차대차 - 기타,교차로운행방법위반,건조,맑음,교차로 - 교차로안,승용,여,51세,상해없음,승용,여,44세,경상
2015050600100243,2015년 5월 6일 12시,수요일,충청북도 보은군 내북면,중상사고,0,4,13,0,차량단독 - 공작물충돌,안전운전불이행,건조,맑음,교차로 - 교차로부근,승합,남,49세,상해없음,,,,
2015050600100273,2015년 5월 6일 13시,수요일,충청북도 충주시 동량면,부상신고사고,0,0,0,1,차량단독 - 공작물충돌,안전운전불이행,건조,맑음,단일로 - 기타,이륜,남,86세,부상신고,,,,
2015050600100274,2015년 5월 6일 13시,수요일,충청북도 청주시 흥덕구 옥산면,경상사고,0,0,2,0,차대차 - 측면직각충돌,안전거리미확보,건조,맑음,단일로 - 기타,화물,남,52세,경상,승용,여,41세,경상
2015050600100275,2015년 5월 6일 13시,수요일,충청북도 청주시 서원구 모충동,경상사고,0,0,2,0,차대차 - 기타,직진우회전진행방해,건조,맑음,교차로 - 교차로안,승용,남,43세,상해없음,이륜,남,23세,경상
2015050600100342,2015년 5월 6일 15시,수요일,충청북도 충주시 앙성면,중상사고,0,1,0,0,차대차 - 기타,안전운전불이행,건조,맑음,교차로 - 교차로안,승용,여,52세,상해없음,이륜,남,75세,중상
2015050600100343,2015년 5월 6일 15시,수요일,충청북도 청주시 청원구 내덕동,중상사고,0,1,0,0,차대차 - 기타,교차로운행방법위반,건조,맑음,교차로 - 교차로안,승용,남,64세,상해없음,자전거,남,45세,중상
2015050600100383,2015년 5월 6일 16시,수요일,충청북도 청주시 흥덕구 가경동,중상사고,0,1,0,0,차대사람 - 기타,보행자보호의무위반,건조,맑음,기타 - 기타,승용,여,39세,상해없음,보행자,여,56세,중상
2015050600100384,2015년 5월 6일 16시,수요일,충청북도 청주시 흥덕구 비하동,경상사고,0,0,2,0,차대차 - 측면직각충돌,안전운전불이행,건조,맑음,교차로 - 교차로안,승용,남,47세,상해없음,승용,남,31세,경상
2015050600100415,2015년 5월 6일 17시,수요일,충청북도 단양군 단양읍,중상사고,0,3,0,0,차대차 - 추돌 - 주정차중,안전운전불이행,건조,맑음,단일로 - 기타,화물,남,49세,상해없음,승용,남,57세,중상
2015050600100451,2015년 5월 6일 18시,수요일,충청북도 제천시 영천동,중상사고,0,1,0,0,차대차 - 기타,안전운전불이행,건조,맑음,단일로 - 기타,화물,여,63세,상해없음,자전거,남,88세,중상
2015050600100493,2015년 5월 6일 19시,수요일,충청북도 영동군 영동읍,중상사고,0,1,0,0,차대차 - 측면직각충돌,신호위반,건조,맑음,교차로 - 교차로안,원동기,남,49세,중상,화물,남,57세,상해없음
2015050600100564,2015년 5월 6일 21시,수요일,충청북도 청주시 청원구 내덕동,중상사고,0,1,2,0,차대차 - 추돌 - 진행중,안전운전불이행,건조,맑음,단일로 - 기타,승용,남,43세,상해없음,승용,남,63세,중상
2015050600100622,2015년 5월 6일 23시,수요일,충청북도 청주시 서원구 사창동,경상사고,0,0,2,0,차대차 - 측면직각충돌,교차로운행방법위반,건조,맑음,교차로 - 교차로안,승용,남,26세,상해없음,원동기,남,27세,경상
2015050700100065,2015년 5월 7일 05시,목요일,충청북도 충주시 대소원면,중상사고,0,1,1,1,차대차 - 기타,교차로운행방법위반,건조,맑음,교차로 - 교차로부근,승용,남,23세,부상신고,화물,남,25세,경상
2015050700100100,2015년 5월 7일 07시,목요일,충청북도 진천군 진천읍,경상사고,0,0,1,0,차대차 - 측면직각충돌,교차로운행방법위반,건조,맑음,교차로 - 교차로안,승용,여,35세,상해없음,승용,여,48세,경상
2015050700100130,2015년 5월 7일 08시,목요일,충청북도 영동군 황간면,중상사고,0,1,0,0,차대차 - 기타,안전운전불이행,건조,맑음,단일로 - 기타,원동기,남,79세,중상,화물,남,43세,상해없음
2015050700100131,2015년 5월 7일 08시,목요일,충청북도 진천군 덕산면,중상사고,0,2,0,0,차대차 - 기타,안전운전불이행,건조,맑음,교차로 - 교차로부근,건설기계,남,41세,상해없음,화물,남,77세,중상
2015050700100132,2015년 5월 7일 08시,목요일,충청북도 청주시 흥덕구 강서동,경상사고,0,0,1,0,차대차 - 기타,신호위반,건조,맑음,교차로 - 교차로안,승용,여,37세,상해없음,승용,여,46세,경상
2015050700100164,2015년 5월 7일 09시,목요일,충청북도 진천군 초평면,경상사고,0,0,1,0,차대차 - 측면직각충돌,교차로운행방법위반,건조,맑음,교차로 - 교차로안,승용,남,77세,상해없음,화물,남,42세,경상
2015050700100190,2015년 5월 7일 10시,목요일,충청북도 청주시 청원구 내덕동,중상사고,0,1,0,0,차대차 - 기타,안전운전불이행,건조,맑음,교차로 - 교차로부근,승용,남,50세,상해없음,화물,남,48세,중상
2015050700100191,2015년 5월 7일 10시,목요일,충청북도 청주시 서원구 사창동,경상사고,0,0,1,0,차대사람 - 기타,안전운전불이행,건조,맑음,단일로 - 기타,화물,남,54세,상해없음,보행자,여,54세,경상
2015050700100192,2015년 5월 7일 10시,목요일,충청북도 음성군 삼성면,중상사고,0,1,0,0,차량단독 - 공작물충돌,안전운전불이행,건조,맑음,단일로 - 기타,승용,남,77세,중상,,,,
2015050700100193,2015년 5월 7일 10시,목요일,충청북도 청주시 흥덕구 강내면,중상사고,0,1,0,0,차대사람 - 기타,보행자보호의무위반,건조,맑음,단일로 - 횡단보도상,화물,남,58세,상해없음,보행자,여,22세,중상
2015050700100221,2015년 5월 7일 11시,목요일,충청북도 제천시 중앙로2가,경상사고,0,0,1,0,차대차 - 측면직각충돌,안전거리미확보,건조,맑음,단일로 - 기타,화물,남,63세,상해없음,승합,남,76세,상해없음
2015050700100247,2015년 5월 7일 12시,목요일,충청북도 제천시 명동,중상사고,0,1,1,0,차대사람 - 기타,안전운전불이행,건조,맑음,단일로 - 기타,승용,여,33세,상해없음,보행자,남,81세,경상
2015050700100248,2015년 5월 7일 12시,목요일,충청북도 청주시 흥덕구 운천동,중상사고,0,1,0,0,차대차 - 측면직각충돌,교차로운행방법위반,건조,맑음,교차로 - 교차로안,승용,여,58세,상해없음,승용,남,38세,중상
2015050700100315,2015년 5월 7일 14시,목요일,충청북도 청주시 흥덕구 비하동,경상사고,0,0,3,0,차대차 - 추돌 - 주정차중,안전운전불이행,건조,맑음,교차로 - 교차로부근,승용,남,24세,상해없음,승용,남,52세,경상
2015050700100341,2015년 5월 7일 15시,목요일,충청북도 단양군 매포읍,경상사고,0,0,1,0,차대사람 - 기타,안전운전불이행,건조,맑음,기타 - 기타,화물,남,32세,상해없음,보행자,남,58세,경상
2015050700100342,2015년 5월 7일 15시,목요일,충청북도 청주시 상당구 방서동,경상사고,0,0,1,0,차량단독 - 기타,기타,건조,맑음,단일로 - 기타,승합,남,56세,상해없음,,,,
2015050700100388,2015년 5월 7일 16시,목요일,충청북도 진천군 진천읍,중상사고,0,1,0,0,차대차 - 추돌 - 진행중,차로위반,건조,맑음,단일로 - 기타,원동기,남,69세,중상,승용,남,71세,상해없음
2015050700100389,2015년 5월 7일 16시,목요일,충청북도 청주시 흥덕구 가경동,경상사고,0,0,1,0,차대차 - 측면직각충돌,교차로운행방법위반,건조,맑음,교차로 - 교차로안,승용,남,35세,상해없음,이륜,남,17세,경상
2015050700100476,2015년 5월 7일 18시,목요일,충청북도 청주시 청원구 율량동,중상사고,0,1,4,0,차대차 - 기타,안전운전불이행,건조,맑음,단일로 - 기타,화물,남,44세,상해없음,화물,남,49세,경상
2015050700100477,2015년 5월 7일 18시,목요일,충청북도 충주시 문화동,경상사고,0,0,1,0,차대차 - 추돌 - 진행중,안전운전불이행,건조,맑음,교차로 - 교차로부근,자전거,남,70세,경상,화물,남,63세,상해없음
2015050700100478,2015년 5월 7일 18시,목요일,충청북도 옥천군 안남면,중상사고,0,1,0,0,차대사람 - 기타,안전운전불이행,건조,맑음,단일로 - 기타,승용,여,26세,상해없음,보행자,여,69세,중상
2015050700100479,2015년 5월 7일 18시,목요일,충청북도 청주시 흥덕구 강서동,경상사고,0,0,1,0,차대차 - 측면직각충돌,안전거리미확보,건조,맑음,단일로 - 기타,승용,남,44세,상해없음,이륜,남,47세,경상