사고번호,사고일시,요일,시군구,사고내용,사망자수,중상자수,경상자수,부상신고자수,사고유형,법규위반,노면상태,기상상태,도로형태,가해운전자 차종,가해운전자 성별,가해운전자 연령,가해운전자 상해정도,피해운전자 차종,피해운전자 성별,피해운전자 연령,피해운전자 상해정도
2015050700100480,2015년 5월 7일 18시,목요일,충청북도 청주시 흥덕구 복대동,부상신고사고,0,0,0,1,차대사람 - 기타,안전운전불이행,건조,맑음,단일로 - 기타,승용,남,42세,상해없음,보행자,남,30세,부상신고
2015050700100519,2015년 5월 7일 19시,목요일,충청북도 충주시 문화동,경상사고,0,0,1,0,차대차 - 기타,안전운전불이행,건조,맑음,단일로 - 기타,화물,남,45세,상해없음,승용,여,59세,경상
2015050700100581,2015년 5월 7일 21시,목요일,충청북도 음성군 감곡면,중상사고,0,1,0,0,차대사람 - 길가장자리구역통행중,안전운전불이행,건조,맑음,교차로 - 교차로부근,승합,남,49세,상해없음,보행자,여,55세,중상
2015050800100012,2015년 5월 8일 00시,금요일,충청북도 청주시 상당구 용암동,중상사고,0,2,1,0,차대차 - 측면직각충돌,신호위반,건조,맑음,교차로 - 교차로안,승용,여,46세,상해없음,승용,남,47세,중상
2015050800100047,2015년 5월 8일 03시,금요일,충청북도 청주시 서원구 사창동,경상사고,0,0,1,0,차대사람 - 기타,안전운전불이행,건조,맑음,교차로 - 교차로안,화물,남,53세,상해없음,보행자,남,23세,경상
2015050800100048,2015년 5월 8일 03시,금요일,충청북도 제천시 백운면,경상사고,0,0,1,0,차량단독 - 공작물충돌,안전운전불이행,건조,맑음,교차로 - 교차로안,승용,남,49세,경상,,,,
2015050800100049,2015년 5월 8일 03시,금요일,충청북도 청주시 흥덕구 복대동,중상사고,0,1,2,0,차대차 - 측면직각충돌,신호위반,건조,맑음,교차로 - 교차로안,승용,남,16세,상해없음,승용,남,61세,경상
2015050800100078,2015년 5월 8일 06시,금요일,충청북도 충주시 소태면,중상사고,0,1,0,0,차대차 - 기타,안전운전불이행,건조,맑음,단일로 - 기타,화물,남,60세,상해없음,승용,여,61세,중상
2015050800100079,2015년 5월 8일 06시,금요일,충청북도 음성군 원남면,경상사고,0,0,2,0,차대차 - 측면직각충돌,신호위반,건조,맑음,교차로 - 교차로안,화물,남,62세,경상,승용,남,39세,경상
2015050800100098,2015년 5월 8일 07시,금요일,충청북도 청주시 상당구 영동,경상사고,0,0,2,0,차대차 - 측면직각충돌,교차로운행방법위반,건조,맑음,교차로 - 교차로안,승용,남,39세,경상,자전거,남,52세,경상
2015050800100128,2015년 5월 8일 08시,금요일,충청북도 청주시 흥덕구 복대동,중상사고,0,1,2,0,차대차 - 측면직각충돌,교차로운행방법위반,건조,맑음,교차로 - 교차로안,승용,남,57세,경상,승용,남,31세,경상
2015050800100129,2015년 5월 8일 08시,금요일,충청북도 청주시 상당구 용암동,경상사고,0,0,1,0,차대사람 - 기타,안전운전불이행,건조,맑음,단일로 - 기타,자전거,남,16세,상해없음,보행자,여,72세,경상
2015050800100174,2015년 5월 8일 09시,금요일,충청북도 청주시 상당구 수동,중상사고,0,1,0,0,차대차 - 측면직각충돌,신호위반,건조,맑음,단일로 - 횡단보도부근,승용,남,54세,상해없음,자전거,여,73세,중상
2015050800100175,2015년 5월 8일 09시,금요일,충청북도 증평군 도안면,중상사고,0,1,0,0,차대차 - 기타,불법유턴,건조,맑음,단일로 - 기타,화물,남,56세,상해없음,이륜,남,81세,중상
2015050800100208,2015년 5월 8일 10시,금요일,충청북도 충주시 단월동,중상사고,0,1,0,0,차대차 - 기타,안전운전불이행,건조,맑음,교차로 - 교차로안,화물,남,55세,상해없음,이륜,남,45세,중상
2015050800100209,2015년 5월 8일 10시,금요일,충청북도 제천시 덕산면,사망사고,1,0,0,0,차량단독 - 도로외이탈 - 추락,안전운전불이행,건조,맑음,교차로 - 교차로부근,농기계,남,75세,사망,,,,
2015050800100210,2015년 5월 8일 10시,금요일,충청북도 음성군 삼성면,중상사고,0,1,0,0,차대차 - 측면직각충돌,안전운전불이행,건조,맑음,교차로 - 교차로안,승합,여,26세,상해없음,원동기,남,59세,중상
2015050800100292,2015년 5월 8일 13시,금요일,충청북도 진천군 백곡면,경상사고,0,0,2,0,차대차 - 정면충돌,중앙선침범,건조,맑음,단일로 - 기타,화물,남,63세,상해없음,화물,남,43세,경상
2015050800100293,2015년 5월 8일 13시,금요일,충청북도 청주시 흥덕구 정봉동,중상사고,0,1,1,0,차대차 - 추돌 - 진행중,안전운전불이행,건조,맑음,단일로 - 기타,승용,남,55세,상해없음,화물,남,69세,중상
2015050800100294,2015년 5월 8일 13시,금요일,충청북도 청주시 흥덕구 정봉동,중상사고,0,2,1,0,차대차 - 추돌 - 주정차중,안전운전불이행,건조,맑음,교차로 - 교차로부근,승용,남,67세,경상,승용,여,46세,중상
2015050800100354,2015년 5월 8일 15시,금요일,충청북도 청주시 청원구 오창읍,경상사고,0,0,1,0,차대사람 - 횡단중,안전운전불이행,건조,맑음,교차로 - 교차로부근,승용,남,41세,기타불명,보행자,여,9세,경상
2015050800100355,2015년 5월 8일 15시,금요일,충청북도 충주시 주덕읍,중상사고,0,2,0,0,차대차 - 기타,안전거리미확보,건조,맑음,단일로 - 기타,화물,남,57세,상해없음,승용,남,73세,중상
2015050800100477,2015년 5월 8일 18시,금요일,충청북도 청주시 청원구 율량동,중상사고,0,1,2,0,차대차 - 추돌 - 주정차중,안전운전불이행,건조,맑음,단일로 - 기타,화물,남,48세,상해없음,승용,남,39세,중상
2015050800100478,2015년 5월 8일 18시,금요일,충청북도 청주시 흥덕구 옥산면,경상사고,0,0,1,0,차대차 - 측면직각충돌,안전운전불이행,건조,맑음,단일로 - 기타,승용,남,32세,상해없음,승용,남,24세,경상
2015050800100479,2015년 5월 8일 18시,금요일,충청북도 청주시 흥덕구 운천동,경상사고,0,0,2,0,차대차 - 기타,안전운전불이행,건조,맑음,단일로 - 기타,승합,남,39세,상해없음,승용,남,62세,경상
2015050800100580,2015년 5월 8일 20시,금요일,충청북도 제천시 청전동,경상사고,0,0,1,0,차대차 - 기타,신호위반,건조,맑음,교차로 - 교차로안,승용,여,48세,상해없음,자전거,남,15세,경상
2015050800100581,2015년 5월 8일 20시,금요일,충청북도 괴산군 청천면,사망사고,1,0,0,0,차대사람 - 길가장자리구역통행중,안전운전불이행,습기,흐림,교차로 - 교차로부근,승합,남,60세,상해없음,보행자,남,55세,사망
2015050800100582,2015년 5월 8일 20시,금요일,충청북도 보은군 내북면,중상사고,0,1,0,0,차량단독 - 도로외이탈 - 추락,안전운전불이행,건조,맑음,단일로 - 기타,승용,남,70세,중상,,,,
2015050800100583,2015년 5월 8일 20시,금요일,충청북도 청주시 서원구 미평동,경상사고,0,0,1,0,차대차 - 측면직각충돌,신호위반,건조,맑음,단일로 - 기타,승용,남,45세,상해없음,승용,남,41세,경상
2015050800100623,2015년 5월 8일 21시,금요일,충청북도 진천군 진천읍,경상사고,0,0,1,0,차대차 - 측면직각충돌,신호위반,건조,맑음,교차로 - 교차로안,승용,남,24세,상해없음,승용,여,32세,경상
2015050800100624,2015년 5월 8일 21시,금요일,충청북도 청주시 흥덕구 복대동,경상사고,0,0,1,0,차대차 - 추돌 - 주정차중,안전운전불이행,건조,맑음,단일로 - 기타,승용,남,27세,상해없음,승용,남,40세,경상
2015050800100643,2015년 5월 8일 22시,금요일,충청북도 청주시 청원구 율량동,중상사고,0,1,0,0,차대차 - 측면직각충돌,교차로운행방법위반,건조,맑음,교차로 - 교차로안,화물,여,40세,상해없음,이륜,남,20세,중상
2015050800100644,2015년 5월 8일 22시,금요일,충청북도 청주시 서원구 사창동,경상사고,0,0,1,0,차대차 - 측면직각충돌,안전운전불이행,건조,맑음,교차로 - 교차로부근,화물,여,27세,상해없음,승용,남,22세,경상
2015050800100677,2015년 5월 8일 23시,금요일,충청북도 청주시 흥덕구 복대동,중상사고,0,1,0,0,차대사람 - 횡단중,안전운전불이행,건조,맑음,단일로 - 기타,승용,남,48세,상해없음,보행자,남,35세,중상
2015050800100678,2015년 5월 8일 23시,금요일,충청북도 청주시 서원구 모충동,중상사고,0,1,3,0,차대차 - 측면직각충돌,안전운전불이행,건조,맑음,교차로 - 교차로부근,승용,여,53세,상해없음,승용,남,53세,경상
2015050900100041,2015년 5월 9일 01시,토요일,충청북도 단양군 대강면,중상사고,0,1,0,0,차대차 - 추돌 - 진행중,안전운전불이행,건조,맑음,단일로 - 기타,화물,남,53세,상해없음,승용,남,49세,중상
2015050900100068,2015년 5월 9일 04시,토요일,충청북도 청주시 흥덕구 가경동,중상사고,0,2,0,0,차대차 - 측면직각충돌,신호위반,건조,맑음,교차로 - 교차로안,승용,여,26세,중상,승용,남,41세,중상
2015050900100108,2015년 5월 9일 07시,토요일,충청북도 청주시 청원구 율량동,중상사고,0,1,0,0,차대사람 - 기타,안전운전불이행,건조,맑음,교차로 - 교차로안,승용,남,43세,상해없음,보행자,여,57세,중상
2015050900100109,2015년 5월 9일 07시,토요일,충청북도 청주시 청원구 내덕동,중상사고,0,1,0,0,차대차 - 기타,중앙선침범,건조,맑음,교차로 - 교차로안,승용,남,25세,상해없음,승용,남,45세,중상
2015050900100110,2015년 5월 9일 07시,토요일,충청북도 청주시 서원구 미평동,중상사고,0,1,0,0,차대차 - 측면직각충돌,안전운전불이행,건조,맑음,교차로 - 교차로안,자전거,여,57세,중상,승용,남,55세,상해없음
2015050900100162,2015년 5월 9일 09시,토요일,충청북도 충주시 신니면,부상신고사고,0,0,0,1,차량단독 - 공작물충돌,안전운전불이행,건조,맑음,기타 - 기타,화물,여,59세,부상신고,,,,
2015050900100163,2015년 5월 9일 09시,토요일,충청북도 청주시 상당구 영운동,경상사고,0,0,1,0,차대차 - 측면직각충돌,안전운전불이행,건조,맑음,교차로 - 교차로부근,화물,남,39세,상해없음,이륜,여,51세,경상
2015050900100195,2015년 5월 9일 10시,토요일,충청북도 청주시 상당구 용암동,경상사고,0,0,2,0,차대차 - 측면직각충돌,안전거리미확보,건조,맑음,단일로 - 기타,승용,남,53세,상해없음,화물,남,59세,경상
2015050900100230,2015년 5월 9일 11시,토요일,충청북도 청주시 청원구 주중동,중상사고,0,1,0,0,차대차 - 기타,안전운전불이행,건조,맑음,교차로 - 교차로부근,승용,남,34세,기타불명,승용,여,44세,중상
2015050900100231,2015년 5월 9일 11시,토요일,충청북도 청주시 상당구 영운동,경상사고,0,0,1,0,차대차 - 측면직각충돌,교차로운행방법위반,건조,맑음,교차로 - 교차로안,승용,남,72세,상해없음,이륜,남,66세,경상
2015050900100266,2015년 5월 9일 12시,토요일,충청북도 청주시 청원구 내수읍,경상사고,0,0,1,0,차대차 - 기타,안전운전불이행,건조,맑음,교차로 - 교차로부근,화물,남,69세,기타불명,승용,여,57세,경상
2015050900100267,2015년 5월 9일 12시,토요일,충청북도 영동군 용산면,중상사고,0,1,0,0,차대사람 - 기타,안전운전불이행,건조,맑음,단일로 - 기타,건설기계,남,43세,상해없음,보행자,남,86세,중상
2015050900100268,2015년 5월 9일 12시,토요일,충청북도 청주시 흥덕구 봉명동,경상사고,0,0,1,0,차대차 - 측면직각충돌,중앙선침범,건조,맑음,단일로 - 기타,화물,남,30세,상해없음,승용,여,29세,경상
2015050900100269,2015년 5월 9일 12시,토요일,충청북도 청주시 서원구 분평동,경상사고,0,0,1,0,차대차 - 기타,교차로운행방법위반,건조,맑음,교차로 - 교차로안,화물,남,61세,상해없음,승용,여,44세,경상
2015050900100270,2015년 5월 9일 12시,토요일,충청북도 청주시 서원구 미평동,경상사고,0,0,1,0,차대차 - 기타,안전운전불이행,건조,맑음,단일로 - 기타,승용,남,43세,상해없음,승합,남,35세,상해없음
2015050900100318,2015년 5월 9일 13시,토요일,충청북도 청주시 상당구 문화동,경상사고,0,0,1,0,차대차 - 측면직각충돌,중앙선침범,건조,맑음,단일로 - 기타,승용,남,67세,상해없음,이륜,남,49세,경상
2015050900100361,2015년 5월 9일 14시,토요일,충청북도 청주시 청원구 우암동,경상사고,0,0,1,0,차대차 - 기타,안전운전불이행,건조,맑음,단일로 - 기타,승용,남,33세,상해없음,승용,남,42세,경상
2015050900100362,2015년 5월 9일 14시,토요일,충청북도 제천시 백운면,부상신고사고,0,0,0,1,차대차 - 기타,안전운전불이행,건조,맑음,단일로 - 기타,자전거,남,35세,부상신고,농기계,남,63세,상해없음
2015050900100398,2015년 5월 9일 15시,토요일,충청북도 진천군 진천읍,중상사고,0,1,1,0,차대차 - 측면직각충돌,차로위반,건조,맑음,미분류 - 미분류,승용,여,48세,경상,승용,여,51세,중상
2015050900100399,2015년 5월 9일 15시,토요일,충청북도 청주시 흥덕구 복대동,경상사고,0,0,1,0,차대차 - 추돌 - 진행중,안전거리미확보,건조,맑음,교차로 - 교차로부근,승용,남,29세,상해없음,승용,여,48세,경상
2015050900100440,2015년 5월 9일 16시,토요일,충청북도 청주시 흥덕구 복대동,경상사고,0,0,1,0,차대차 - 기타,안전운전불이행,건조,맑음,교차로 - 교차로부근,승용,남,40세,상해없음,자전거,남,11세,경상
2015050900100601,2015년 5월 9일 20시,토요일,충청북도 청주시 청원구 율량동,경상사고,0,0,4,0,차대차 - 기타,안전운전불이행,건조,맑음,교차로 - 교차로부근,승용,여,51세,상해없음,승용,남,33세,경상
2015050900100602,2015년 5월 9일 20시,토요일,충청북도 제천시 명동,중상사고,0,1,0,0,차대차 - 기타,안전운전불이행,건조,맑음,단일로 - 기타,승용,남,20세,상해없음,승용,여,57세,중상
2015050900100603,2015년 5월 9일 20시,토요일,충청북도 청주시 흥덕구 가경동,경상사고,0,0,10,0,차대차 - 추돌 - 주정차중,안전운전불이행,건조,맑음,교차로 - 교차로부근,화물,남,54세,상해없음,승용,남,29세,경상
2015050900100649,2015년 5월 9일 21시,토요일,충청북도 진천군 광혜원면,경상사고,0,0,2,0,차대차 - 측면직각충돌,신호위반,건조,기타,교차로 - 교차로안,승용,남,26세,경상,화물,남,44세,경상
2015050900100650,2015년 5월 9일 21시,토요일,충청북도 청주시 상당구 문화동,경상사고,0,0,2,0,차대차 - 기타,안전운전불이행,건조,맑음,단일로 - 기타,승용,남,55세,상해없음,승용,남,54세,경상
2015050900100651,2015년 5월 9일 21시,토요일,충청북도 청주시 서원구 모충동,경상사고,0,0,2,0,차대차 - 기타,중앙선침범,건조,맑음,단일로 - 기타,승용,남,56세,상해없음,승용,남,49세,경상
2015050900100652,2015년 5월 9일 21시,토요일,충청북도 청주시 서원구 수곡동,경상사고,0,0,1,0,차대차 - 기타,안전운전불이행,건조,맑음,단일로 - 기타,승용,남,55세,상해없음,승용,남,51세,경상
2015050900100682,2015년 5월 9일 22시,토요일,충청북도 청주시 청원구 북이면,경상사고,0,0,2,0,차대차 - 측면직각충돌,중앙선침범,건조,맑음,단일로 - 기타,승용,남,28세,상해없음,승용,여,31세,경상
2015050900100683,2015년 5월 9일 22시,토요일,충청북도 제천시 청전동,경상사고,0,0,2,1,차대차 - 기타,직진우회전진행방해,건조,맑음,교차로 - 교차로안,승용,여,34세,부상신고,승용,여,45세,경상
2015050900100684,2015년 5월 9일 22시,토요일,충청북도 청주시 상당구 용암동,경상사고,0,0,1,0,차대차 - 기타,안전운전불이행,건조,맑음,단일로 - 기타,승용,남,54세,상해없음,이륜,남,17세,경상
2015050900100715,2015년 5월 9일 23시,토요일,충청북도 청주시 상당구 용정동,경상사고,0,0,1,0,차대차 - 기타,안전운전불이행,건조,맑음,단일로 - 교량,승용,남,35세,상해없음,승용,여,51세,경상
2015051000100012,2015년 5월 10일 00시,일요일,충청북도 청주시 상당구 용암동,경상사고,0,0,1,0,차대차 - 기타,안전운전불이행,건조,맑음,교차로 - 교차로안,승합,남,40세,상해없음,승용,남,25세,경상
2015051000100033,2015년 5월 10일 01시,일요일,충청북도 청주시 상당구 금천동,경상사고,0,0,2,0,차대차 - 측면직각충돌,교차로운행방법위반,건조,맑음,교차로 - 교차로안,승용,남,29세,경상,승용,남,67세,경상
2015051000100051,2015년 5월 10일 02시,일요일,충청북도 청주시 서원구 성화동,경상사고,0,0,1,0,차대차 - 기타,신호위반,건조,맑음,교차로 - 교차로안,승용,남,57세,상해없음,자전거,여,20세,경상
2015051000100105,2015년 5월 10일 07시,일요일,충청북도 진천군 진천읍,경상사고,0,0,1,0,차량단독 - 기타,안전운전불이행,건조,맑음,단일로 - 기타,원동기,남,26세,경상,,,,
2015051000100106,2015년 5월 10일 07시,일요일,충청북도 청주시 흥덕구 강서동,경상사고,0,0,1,0,차대차 - 측면직각충돌,안전거리미확보,건조,맑음,교차로 - 교차로안,승용,남,59세,기타불명,승용,남,44세,경상
2015051000100145,2015년 5월 10일 09시,일요일,충청북도 청주시 청원구 내덕동,중상사고,0,1,0,0,차대차 - 측면직각충돌,안전운전불이행,건조,맑음,교차로 - 교차로부근,승용,남,32세,상해없음,승용,여,52세,중상
2015051000100166,2015년 5월 10일 10시,일요일,충청북도 음성군 금왕읍,중상사고,0,2,0,0,차대차 - 측면직각충돌,안전운전불이행,건조,맑음,교차로 - 교차로안,승합,남,52세,상해없음,승합,남,54세,상해없음
2015051000100167,2015년 5월 10일 10시,일요일,충청북도 단양군 매포읍,중상사고,0,1,0,0,차대차 - 측면직각충돌,직진우회전진행방해,건조,맑음,교차로 - 교차로안,승용,남,22세,상해없음,승용,남,60세,중상
2015051000100231,2015년 5월 10일 12시,일요일,충청북도 청주시 흥덕구 가경동,중상사고,0,1,7,0,차대차 - 측면직각충돌,안전운전불이행,건조,맑음,단일로 - 기타,승용,남,21세,상해없음,승용,여,28세,경상
2015051000100254,2015년 5월 10일 13시,일요일,충청북도 옥천군 동이면,중상사고,0,1,3,0,차대차 - 측면직각충돌,신호위반,건조,맑음,교차로 - 교차로안,승용,여,50세,경상,승용,남,61세,중상
2015051000100255,2015년 5월 10일 13시,일요일,충청북도 청주시 서원구 미평동,경상사고,0,0,4,0,차대차 - 측면직각충돌,안전운전불이행,건조,맑음,단일로 - 기타,건설기계,남,45세,경상,승용,남,43세,경상
2015051000100298,2015년 5월 10일 14시,일요일,충청북도 충주시 살미면,중상사고,0,3,3,0,차대차 - 기타,신호위반,건조,맑음,교차로 - 교차로안,승용,남,48세,경상,승용,남,58세,경상
2015051000100299,2015년 5월 10일 14시,일요일,충청북도 청주시 상당구 용암동,경상사고,0,0,1,0,차대차 - 기타,교차로운행방법위반,건조,맑음,교차로 - 교차로안,승용,여,51세,상해없음,자전거,남,82세,경상
2015051000100368,2015년 5월 10일 16시,일요일,충청북도 진천군 문백면,경상사고,0,0,4,0,차대차 - 측면직각충돌,안전거리미확보,건조,맑음,단일로 - 기타,승용,여,48세,상해없음,승용,남,51세,경상
2015051000100369,2015년 5월 10일 16시,일요일,충청북도 청주시 상당구 용정동,중상사고,0,2,1,0,차대차 - 기타,안전거리미확보,건조,맑음,교차로 - 교차로부근,승용,여,58세,중상,승용,여,44세,중상
2015051000100370,2015년 5월 10일 16시,일요일,충청북도 청주시 상당구 남일면,중상사고,0,1,0,0,차대차 - 기타,안전거리미확보,기타,맑음,단일로 - 기타,자전거,남,65세,중상,자전거,남,26세,상해없음
2015051000100408,2015년 5월 10일 17시,일요일,충청북도 청주시 청원구 내수읍,경상사고,0,0,1,0,차대차 - 기타,기타,건조,맑음,교차로 - 교차로안,승용,남,24세,상해없음,화물,남,50세,경상
2015051000100409,2015년 5월 10일 17시,일요일,충청북도 충주시 주덕읍,경상사고,0,0,1,0,차대차 - 추돌 - 진행중,안전운전불이행,건조,맑음,교차로 - 교차로부근,승용,남,30세,상해없음,자전거,남,57세,경상
2015051000100410,2015년 5월 10일 17시,일요일,충청북도 제천시 중앙로1가,경상사고,0,0,5,0,차대차 - 추돌 - 주정차중,안전운전불이행,건조,맑음,단일로 - 기타,승용,남,54세,상해없음,승용,남,44세,경상
2015051000100411,2015년 5월 10일 17시,일요일,충청북도 청주시 흥덕구 송정동,경상사고,0,0,5,0,차대차 - 측면직각충돌,교차로운행방법위반,건조,맑음,교차로 - 교차로안,승용,남,41세,경상,승용,남,26세,경상
2015051000100412,2015년 5월 10일 17시,일요일,충청북도 청주시 흥덕구 가경동,경상사고,0,0,1,0,차대차 - 추돌 - 진행중,안전거리미확보,건조,맑음,단일로 - 기타,승용,남,33세,상해없음,이륜,남,33세,경상
2015051000100413,2015년 5월 10일 17시,일요일,충청북도 청주시 흥덕구 복대동,경상사고,0,0,3,0,차대차 - 추돌 - 진행중,안전운전불이행,건조,맑음,단일로 - 기타,건설기계,남,59세,상해없음,승용,남,33세,경상
2015051000100414,2015년 5월 10일 17시,일요일,충청북도 청주시 흥덕구 복대동,경상사고,0,0,1,0,차대차 - 추돌 - 주정차중,안전운전불이행,건조,맑음,교차로 - 교차로부근,승용,여,50세,상해없음,승용,남,22세,상해없음
2015051000100415,2015년 5월 10일 17시,일요일,충청북도 괴산군 연풍면,경상사고,0,0,5,0,차대차 - 추돌 - 진행중,안전거리미확보,건조,맑음,단일로 - 기타,승용,남,31세,상해없음,승용,남,41세,경상
2015051000100447,2015년 5월 10일 18시,일요일,충청북도 청주시 서원구 사창동,중상사고,0,1,1,0,차대차 - 측면직각충돌,교차로운행방법위반,건조,맑음,교차로 - 교차로안,승용,남,25세,상해없음,승용,여,24세,경상
2015051000100448,2015년 5월 10일 18시,일요일,충청북도 진천군 덕산면,중상사고,0,1,0,0,차대사람 - 횡단중,안전운전불이행,건조,기타,기타 - 기타,승합,여,58세,상해없음,보행자,여,55세,중상
2015051000100489,2015년 5월 10일 19시,일요일,충청북도 충주시 호암동,경상사고,0,0,2,0,차대차 - 추돌 - 진행중,신호위반,건조,맑음,교차로 - 교차로안,승용,여,47세,상해없음,승용,남,40세,경상
2015051000100546,2015년 5월 10일 21시,일요일,충청북도 제천시 중앙로2가,경상사고,0,0,1,0,차대차 - 기타,안전운전불이행,건조,맑음,교차로 - 교차로부근,승용,남,30세,상해없음,승용,남,59세,경상
2015051000100547,2015년 5월 10일 21시,일요일,충청북도 청주시 흥덕구 봉명동,중상사고,0,1,0,0,차대차 - 측면직각충돌,교차로운행방법위반,건조,맑음,교차로 - 교차로안,승용,남,60세,상해없음,승용,여,61세,중상
2015051000100567,2015년 5월 10일 22시,일요일,충청북도 청주시 청원구 오창읍,경상사고,0,0,1,0,차대차 - 측면직각충돌,중앙선침범,건조,맑음,교차로 - 교차로부근,승용,남,33세,상해없음,승용,남,36세,경상
2015051000100594,2015년 5월 10일 23시,일요일,충청북도 청주시 청원구 내덕동,중상사고,0,1,0,0,차대사람 - 기타,안전운전불이행,건조,맑음,교차로 - 교차로안,승용,남,62세,상해없음,보행자,남,33세,중상
2015051100100069,2015년 5월 11일 06시,월요일,충청북도 음성군 원남면,경상사고,0,0,1,0,차량단독 - 도로외이탈 - 기타,안전운전불이행,건조,맑음,단일로 - 기타,승용,남,39세,경상,,,,
2015051100100092,2015년 5월 11일 07시,월요일,충청북도 충주시 안림동,경상사고,0,0,4,0,차대차 - 기타,안전거리미확보,건조,맑음,단일로 - 기타,승용,남,45세,상해없음,원동기,남,61세,경상
2015051100100093,2015년 5월 11일 07시,월요일,충청북도 음성군 금왕읍,경상사고,0,0,1,0,차대차 - 측면직각충돌,안전운전불이행,건조,맑음,교차로 - 교차로안,승합,남,44세,상해없음,승용,여,37세,경상
2015051100100124,2015년 5월 11일 08시,월요일,충청북도 청주시 청원구 내수읍,경상사고,0,0,1,0,차대사람 - 기타,안전운전불이행,건조,맑음,단일로 - 기타,기타불명,기타불명,기타불명,기타불명,보행자,남,23세,경상
2015051100100125,2015년 5월 11일 08시,월요일,충청북도 증평군 증평읍,중상사고,0,3,1,0,차대차 - 기타,교차로운행방법위반,건조,맑음,교차로 - 교차로안,승용,남,52세,상해없음,승용,여,36세,중상
2015051100100167,2015년 5월 11일 09시,월요일,충청북도 보은군 보은읍,경상사고,0,0,1,0,차대차 - 기타,안전운전불이행,건조,맑음,단일로 - 기타,화물,남,55세,상해없음,이륜,남,77세,경상
2015051100100205,2015년 5월 11일 10시,월요일,충청북도 청주시 서원구 개신동,경상사고,0,0,2,0,차대차 - 측면직각충돌,교차로운행방법위반,건조,맑음,교차로 - 교차로안,승용,남,48세,경상,승용,여,59세,경상
2015051100100240,2015년 5월 11일 11시,월요일,충청북도 충주시 신니면,중상사고,0,1,1,1,차대차 - 기타,직진우회전진행방해,건조,맑음,교차로 - 교차로안,승용,남,75세,부상신고,화물,남,59세,경상
2015051100100241,2015년 5월 11일 11시,월요일,충청북도 청주시 서원구 성화동,경상사고,0,0,1,0,차대차 - 정면충돌,중앙선침범,건조,맑음,교차로 - 교차로부근,승용,남,31세,상해없음,승용,남,57세,경상
2015051100100300,2015년 5월 11일 13시,월요일,충청북도 충주시 용산동,경상사고,0,0,1,1,차대차 - 기타,안전운전불이행,건조,맑음,교차로 - 교차로부근,승용,여,49세,부상신고,승용,남,57세,경상
2015051100100301,2015년 5월 11일 13시,월요일,충청북도 진천군 백곡면,중상사고,0,1,0,0,차대사람 - 차도통행중,안전운전불이행,건조,맑음,단일로 - 기타,승합,남,73세,상해없음,보행자,여,70세,중상
2015051100100302,2015년 5월 11일 13시,월요일,충청북도 청주시 서원구 사창동,경상사고,0,0,2,0,차대차 - 추돌 - 주정차중,안전운전불이행,건조,맑음,교차로 - 교차로부근,승용,여,54세,상해없음,승용,남,30세,경상
2015051100100345,2015년 5월 11일 14시,월요일,충청북도 청주시 청원구 오창읍,중상사고,0,1,0,0,차량단독 - 전도전복,안전운전불이행,건조,맑음,단일로 - 기타,승용,남,57세,중상,,,,
2015051100100346,2015년 5월 11일 14시,월요일,충청북도 음성군 금왕읍,중상사고,0,1,0,0,차대사람 - 횡단중,안전운전불이행,건조,맑음,교차로 - 교차로안,승용,남,49세,상해없음,보행자,남,67세,중상
2015051100100382,2015년 5월 11일 15시,월요일,충청북도 제천시 청전동,중상사고,0,1,0,0,차대사람 - 기타,중앙선침범,건조,맑음,단일로 - 기타,승용,여,52세,상해없음,보행자,남,56세,중상
2015051100100414,2015년 5월 11일 16시,월요일,충청북도 청주시 청원구 우암동,중상사고,0,1,0,0,차대차 - 추돌 - 주정차중,안전운전불이행,건조,맑음,교차로 - 교차로부근,이륜,남,18세,중상,승용,남,60세,상해없음
2015051100100415,2015년 5월 11일 16시,월요일,충청북도 청주시 청원구 오창읍,경상사고,0,0,1,0,차대차 - 측면직각충돌,안전운전불이행,건조,맑음,단일로 - 횡단보도상,승용,남,24세,상해없음,자전거,남,11세,경상
2015051100100416,2015년 5월 11일 16시,월요일,충청북도 청주시 흥덕구 복대동,경상사고,0,0,1,0,차대차 - 측면직각충돌,중앙선침범,건조,맑음,단일로 - 기타,승용,남,45세,상해없음,이륜,남,22세,경상
2015051100100458,2015년 5월 11일 17시,월요일,충청북도 충주시 연수동,경상사고,0,0,2,0,차대차 - 측면직각충돌,직진우회전진행방해,건조,맑음,교차로 - 교차로안,화물,남,42세,경상,승용,여,30세,경상
2015051100100459,2015년 5월 11일 17시,월요일,충청북도 청주시 흥덕구 복대동,경상사고,0,0,1,0,차대차 - 기타,안전운전불이행,습기,비,단일로 - 기타,승용,남,22세,상해없음,승용,여,56세,경상
2015051100100510,2015년 5월 11일 18시,월요일,충청북도 청주시 서원구 사창동,중상사고,0,1,0,0,차대차 - 측면직각충돌,안전운전불이행,습기,비,단일로 - 기타,승용,남,24세,상해없음,이륜,남,19세,중상
2015051100100511,2015년 5월 11일 18시,월요일,충청북도 옥천군 옥천읍,경상사고,0,0,2,0,차대차 - 기타,직진우회전진행방해,건조,흐림,교차로 - 교차로안,승용,여,34세,경상,승용,남,59세,경상