사고번호,사고일시,요일,시군구,사고내용,사망자수,중상자수,경상자수,부상신고자수,사고유형,법규위반,노면상태,기상상태,도로형태,가해운전자 차종,가해운전자 성별,가해운전자 연령,가해운전자 상해정도,피해운전자 차종,피해운전자 성별,피해운전자 연령,피해운전자 상해정도
2015051600100271,2015년 5월 16일 11시,토요일,충청북도 증평군 증평읍,중상사고,0,1,0,0,차대차 - 추돌 - 진행중,안전운전불이행,건조,맑음,단일로 - 기타,자전거,남,21세,중상,승용,남,72세,상해없음
2015051600100323,2015년 5월 16일 12시,토요일,충청북도 청주시 청원구 내덕동,중상사고,0,3,0,0,차량단독 - 도로외이탈 - 기타,안전운전불이행,건조,맑음,교차로 - 교차로부근,승용,남,63세,중상,,,,
2015051600100324,2015년 5월 16일 12시,토요일,충청북도 청주시 청원구 오창읍,중상사고,0,1,0,0,차대차 - 측면직각충돌,교차로운행방법위반,건조,맑음,교차로 - 교차로안,승용,여,39세,중상,승용,남,45세,상해없음
2015051600100325,2015년 5월 16일 12시,토요일,충청북도 괴산군 청천면,경상사고,0,0,1,1,차대차 - 추돌 - 주정차중,안전운전불이행,건조,맑음,단일로 - 기타,승용,남,47세,부상신고,승합,남,68세,경상
2015051600100326,2015년 5월 16일 12시,토요일,충청북도 옥천군 동이면,중상사고,0,3,0,0,차대차 - 기타,안전운전불이행,건조,맑음,교차로 - 교차로안,승용,남,66세,중상,승용,남,35세,중상
2015051600100327,2015년 5월 16일 12시,토요일,충청북도 청주시 흥덕구 가경동,경상사고,0,0,3,0,차대차 - 기타,직진우회전진행방해,건조,맑음,교차로 - 교차로안,승용,남,22세,경상,승용,남,31세,경상
2015051600100328,2015년 5월 16일 12시,토요일,충청북도 청주시 흥덕구 옥산면,경상사고,0,0,1,0,차대사람 - 길가장자리구역통행중,안전운전불이행,건조,맑음,단일로 - 기타,화물,남,57세,상해없음,보행자,남,66세,경상
2015051600100358,2015년 5월 16일 13시,토요일,충청북도 청주시 흥덕구 옥산면,경상사고,0,0,3,0,차대차 - 추돌 - 진행중,교차로운행방법위반,건조,맑음,교차로 - 교차로안,승용,남,49세,경상,승합,남,36세,상해없음
2015051600100401,2015년 5월 16일 14시,토요일,충청북도 제천시 청전동,중상사고,0,1,0,0,차대차 - 측면직각충돌,안전거리미확보,건조,맑음,단일로 - 기타,승용,남,44세,상해없음,승용,여,52세,중상
2015051600100402,2015년 5월 16일 14시,토요일,충청북도 단양군 단양읍,중상사고,0,1,2,0,차대차 - 추돌 - 주정차중,안전운전불이행,건조,맑음,단일로 - 기타,화물,남,70세,상해없음,승용,남,62세,중상
2015051600100442,2015년 5월 16일 15시,토요일,충청북도 청주시 상당구 남일면,경상사고,0,0,1,0,차대차 - 기타,교차로운행방법위반,건조,맑음,교차로 - 교차로안,승용,남,61세,상해없음,자전거,남,12세,경상
2015051600100491,2015년 5월 16일 16시,토요일,충청북도 청주시 서원구 사직동,경상사고,0,0,1,0,차대차 - 기타,안전운전불이행,건조,맑음,교차로 - 교차로부근,승용,남,55세,상해없음,승용,남,58세,상해없음
2015051600100492,2015년 5월 16일 16시,토요일,충청북도 옥천군 옥천읍,경상사고,0,0,1,0,차대차 - 기타,기타,건조,맑음,교차로 - 교차로부근,승용,남,27세,상해없음,승용,여,46세,경상
2015051600100543,2015년 5월 16일 17시,토요일,충청북도 충주시 칠금동,중상사고,0,1,0,0,차대차 - 기타,안전운전불이행,건조,맑음,단일로 - 기타,승용,남,67세,상해없음,자전거,남,10세,중상
2015051600100544,2015년 5월 16일 17시,토요일,충청북도 괴산군 불정면,경상사고,0,0,1,0,차량단독 - 공작물충돌,안전운전불이행,건조,맑음,단일로 - 기타,이륜,남,58세,경상,,,,
2015051600100545,2015년 5월 16일 17시,토요일,충청북도 청주시 서원구 개신동,경상사고,0,0,5,0,차대차 - 기타,기타,건조,맑음,단일로 - 기타,승합,남,50세,상해없음,승용,여,56세,경상
2015051600100609,2015년 5월 16일 18시,토요일,충청북도 청주시 청원구 율량동,경상사고,0,0,1,0,차대차 - 기타,안전거리미확보,건조,맑음,단일로 - 기타,화물,남,57세,상해없음,승용,남,42세,경상
2015051600100646,2015년 5월 16일 19시,토요일,충청북도 청주시 서원구 사창동,중상사고,0,1,0,0,차대차 - 기타,신호위반,건조,맑음,교차로 - 교차로안,승용,남,23세,상해없음,승용,남,34세,중상
2015051600100647,2015년 5월 16일 19시,토요일,충청북도 진천군 진천읍,중상사고,0,1,0,0,차대차 - 기타,안전운전불이행,건조,맑음,교차로 - 교차로부근,자전거,여,76세,중상,승용,여,20세,상해없음
2015051600100683,2015년 5월 16일 20시,토요일,충청북도 청주시 서원구 개신동,중상사고,0,1,1,0,차대차 - 기타,안전운전불이행,건조,맑음,단일로 - 기타,승용,남,46세,상해없음,승용,남,54세,경상
2015051600100746,2015년 5월 16일 22시,토요일,충청북도 충주시 성서동,경상사고,0,0,1,0,차대사람 - 기타,안전운전불이행,건조,맑음,단일로 - 기타,승용,여,20세,상해없음,보행자,남,17세,경상
2015051600100764,2015년 5월 16일 23시,토요일,충청북도 옥천군 옥천읍,중상사고,0,1,5,0,차대차 - 추돌 - 주정차중,안전운전불이행,건조,맑음,교차로 - 교차로부근,승용,남,54세,경상,승용,여,19세,중상
2015051700100053,2015년 5월 17일 02시,일요일,충청북도 청주시 상당구 용암동,경상사고,0,0,2,0,차대차 - 측면직각충돌,교차로운행방법위반,건조,맑음,교차로 - 교차로안,승용,남,26세,상해없음,승용,남,56세,경상
2015051700100094,2015년 5월 17일 05시,일요일,충청북도 청주시 서원구 사직동,경상사고,0,0,3,0,차대차 - 측면직각충돌,교차로운행방법위반,건조,맑음,교차로 - 교차로안,승용,남,52세,경상,승용,여,60세,경상
2015051700100095,2015년 5월 17일 05시,일요일,충청북도 충주시 금릉동,경상사고,0,0,3,0,차대차 - 기타,신호위반,건조,맑음,교차로 - 교차로안,승용,여,48세,경상,승용,여,31세,경상
2015051700100109,2015년 5월 17일 06시,일요일,충청북도 청주시 흥덕구 강서동,경상사고,0,0,1,0,차대차 - 추돌 - 진행중,안전운전불이행,건조,맑음,단일로 - 기타,승용,여,24세,상해없음,승용,남,59세,경상
2015051700100165,2015년 5월 17일 09시,일요일,충청북도 청주시 서원구 사창동,경상사고,0,0,2,0,차대차 - 측면직각충돌,신호위반,건조,맑음,교차로 - 교차로안,승용,남,24세,상해없음,승용,남,55세,경상
2015051700100166,2015년 5월 17일 09시,일요일,충청북도 청주시 흥덕구 봉명동,중상사고,0,1,0,0,차대차 - 측면직각충돌,교차로운행방법위반,건조,맑음,교차로 - 교차로안,이륜,남,25세,중상,화물,남,40세,상해없음
2015051700100194,2015년 5월 17일 10시,일요일,충청북도 청주시 청원구 내덕동,중상사고,0,1,0,0,차대차 - 측면직각충돌,안전운전불이행,건조,맑음,교차로 - 교차로부근,화물,남,66세,상해없음,승용,여,28세,중상
2015051700100195,2015년 5월 17일 10시,일요일,충청북도 청주시 흥덕구 운천동,경상사고,0,0,1,0,차대차 - 추돌 - 진행중,안전거리미확보,건조,맑음,교차로 - 교차로안,승용,남,58세,상해없음,승용,남,58세,경상
2015051700100254,2015년 5월 17일 12시,일요일,충청북도 제천시 청전동,중상사고,0,1,0,0,차대차 - 측면직각충돌,직진우회전진행방해,건조,맑음,교차로 - 교차로안,승용,남,57세,상해없음,원동기,남,18세,중상
2015051700100255,2015년 5월 17일 12시,일요일,충청북도 음성군 금왕읍,경상사고,0,0,1,0,차대차 - 기타,중앙선침범,건조,맑음,단일로 - 기타,승용,남,32세,상해없음,승용,여,55세,경상
2015051700100281,2015년 5월 17일 13시,일요일,충청북도 괴산군 청천면,중상사고,0,1,1,0,차대차 - 추돌 - 진행중,기타,건조,맑음,교차로 - 교차로안,이륜,남,30세,중상,승용,여,38세,상해없음
2015051700100282,2015년 5월 17일 13시,일요일,충청북도 옥천군 안내면,사망사고,1,0,0,0,차량단독 - 공작물충돌,안전운전불이행,건조,맑음,단일로 - 기타,자전거,남,45세,사망,,,,
2015051700100316,2015년 5월 17일 14시,일요일,충청북도 충주시 가주동,중상사고,0,1,0,0,차대사람 - 기타,안전운전불이행,건조,맑음,단일로 - 기타,승용,여,57세,상해없음,보행자,남,58세,중상
2015051700100317,2015년 5월 17일 14시,일요일,충청북도 청주시 서원구 수곡동,경상사고,0,0,1,0,차대차 - 추돌 - 주정차중,신호위반,건조,맑음,교차로 - 교차로안,승용,여,52세,상해없음,이륜,남,25세,경상
2015051700100348,2015년 5월 17일 15시,일요일,충청북도 충주시 성내동,경상사고,0,0,1,0,차대사람 - 기타,안전운전불이행,건조,맑음,단일로 - 기타,승용,남,65세,상해없음,보행자,남,2세,경상
2015051700100382,2015년 5월 17일 16시,일요일,충청북도 충주시 중앙탑면,사망사고,1,0,0,0,차대사람 - 기타,안전운전불이행,건조,맑음,단일로 - 기타,승용,남,66세,상해없음,보행자,남,74세,사망
2015051700100383,2015년 5월 17일 16시,일요일,충청북도 음성군 삼성면,경상사고,0,0,1,0,차대차 - 측면직각충돌,교차로운행방법위반,건조,맑음,교차로 - 교차로안,승용,남,72세,경상,승용,남,52세,상해없음
2015051700100384,2015년 5월 17일 16시,일요일,충청북도 청주시 흥덕구 봉명동,경상사고,0,0,1,0,차대사람 - 횡단중,신호위반,건조,맑음,교차로 - 교차로안,승용,남,37세,상해없음,보행자,여,11세,경상
2015051700100430,2015년 5월 17일 17시,일요일,충청북도 청주시 서원구 사직동,중상사고,0,1,0,0,차대차 - 측면직각충돌,안전운전불이행,건조,맑음,단일로 - 기타,승용,남,46세,상해없음,자전거,남,72세,중상
2015051700100431,2015년 5월 17일 17시,일요일,충청북도 충주시 금릉동,경상사고,0,0,1,1,차대차 - 기타,안전거리미확보,건조,맑음,단일로 - 기타,승용,여,28세,부상신고,승용,여,45세,경상
2015051700100432,2015년 5월 17일 17시,일요일,충청북도 청주시 흥덕구 지동동,중상사고,0,1,0,0,차대사람 - 횡단중,보행자보호의무위반,건조,맑음,단일로 - 기타,승용,남,59세,상해없음,보행자,남,5세,중상
2015051700100433,2015년 5월 17일 17시,일요일,충청북도 청주시 흥덕구 복대동,경상사고,0,0,1,0,차대차 - 기타,안전거리미확보,건조,맑음,단일로 - 기타,승용,남,24세,상해없음,이륜,남,47세,경상
2015051700100480,2015년 5월 17일 18시,일요일,충청북도 충주시 산척면,경상사고,0,0,1,0,차대차 - 기타,안전운전불이행,건조,맑음,단일로 - 기타,화물,남,57세,상해없음,이륜,남,42세,경상
2015051700100481,2015년 5월 17일 18시,일요일,충청북도 제천시 하소동,경상사고,0,0,1,0,차대차 - 측면직각충돌,안전운전불이행,건조,맑음,교차로 - 교차로안,원동기,남,18세,경상,승용,남,53세,상해없음
2015051700100503,2015년 5월 17일 19시,일요일,충청북도 청주시 청원구 율량동,중상사고,0,4,1,0,차대차 - 측면직각충돌,신호위반,건조,맑음,교차로 - 교차로안,승용,남,47세,상해없음,승용,남,48세,중상
2015051700100504,2015년 5월 17일 19시,일요일,충청북도 청주시 청원구 오창읍,경상사고,0,0,3,0,차대차 - 측면직각충돌,안전운전불이행,건조,맑음,교차로 - 교차로안,승용,남,22세,상해없음,승용,남,23세,경상
2015051700100529,2015년 5월 17일 20시,일요일,충청북도 진천군 광혜원면,중상사고,0,1,0,0,차대사람 - 기타,안전운전불이행,건조,맑음,단일로 - 기타,화물,남,49세,상해없음,보행자,남,53세,중상
2015051700100568,2015년 5월 17일 21시,일요일,충청북도 충주시 칠금동,경상사고,0,0,2,0,차대차 - 기타,안전운전불이행,건조,맑음,단일로 - 기타,승용,남,36세,경상,승용,남,44세,상해없음
2015051700100569,2015년 5월 17일 21시,일요일,충청북도 진천군 진천읍,중상사고,0,1,0,0,차대차 - 측면직각충돌,교차로운행방법위반,건조,맑음,교차로 - 교차로부근,승용,남,49세,상해없음,원동기,남,28세,중상
2015051700100585,2015년 5월 17일 22시,일요일,충청북도 청주시 서원구 개신동,경상사고,0,0,1,0,차대차 - 측면직각충돌,안전거리미확보,건조,맑음,교차로 - 교차로안,승용,남,47세,상해없음,승용,여,45세,경상
2015051700100607,2015년 5월 17일 23시,일요일,충청북도 청주시 청원구 오창읍,중상사고,0,1,0,0,차대차 - 측면직각충돌,신호위반,건조,맑음,교차로 - 교차로안,승용,남,20세,상해없음,승용,남,53세,중상
2015051800100010,2015년 5월 18일 00시,월요일,충청북도 충주시 교현동,중상사고,0,1,1,0,차대차 - 기타,직진우회전진행방해,건조,맑음,교차로 - 교차로안,승용,남,22세,상해없음,승용,여,31세,경상
2015051800100034,2015년 5월 18일 03시,월요일,충청북도 제천시 봉양읍,중상사고,0,1,0,0,차대차 - 측면직각충돌,중앙선침범,건조,맑음,단일로 - 기타,농기계,남,43세,기타불명,승용,남,36세,중상
2015051800100081,2015년 5월 18일 07시,월요일,충청북도 음성군 생극면,경상사고,0,0,2,0,차대차 - 측면직각충돌,안전운전불이행,건조,맑음,교차로 - 교차로안,승용,여,62세,경상,승용,남,32세,경상
2015051800100158,2015년 5월 18일 09시,월요일,충청북도 괴산군 청천면,중상사고,0,1,1,0,차대차 - 추돌 - 진행중,안전운전불이행,건조,맑음,교차로 - 교차로안,화물,남,49세,상해없음,화물,남,56세,경상
2015051800100159,2015년 5월 18일 09시,월요일,충청북도 옥천군 동이면,경상사고,0,0,2,0,차대차 - 측면직각충돌,교차로운행방법위반,건조,맑음,교차로 - 교차로안,화물,남,49세,상해없음,승용,남,60세,경상
2015051800100160,2015년 5월 18일 09시,월요일,충청북도 청주시 상당구 석교동,중상사고,0,1,0,0,차대사람 - 기타,안전운전불이행,건조,맑음,단일로 - 기타,승용,남,51세,상해없음,보행자,남,48세,중상
2015051800100192,2015년 5월 18일 10시,월요일,충청북도 제천시 고암동,중상사고,0,1,1,0,차대차 - 측면직각충돌,신호위반,건조,맑음,교차로 - 교차로안,승용,남,43세,경상,승용,여,53세,중상
2015051800100219,2015년 5월 18일 11시,월요일,충청북도 청주시 서원구 사창동,경상사고,0,0,2,0,차대차 - 측면직각충돌,안전운전불이행,건조,맑음,교차로 - 교차로안,승용,남,29세,상해없음,승용,여,60세,상해없음
2015051800100220,2015년 5월 18일 11시,월요일,충청북도 청주시 서원구 모충동,경상사고,0,0,2,0,차대차 - 기타,안전운전불이행,건조,맑음,교차로 - 교차로안,승용,남,55세,상해없음,승용,여,54세,경상
2015051800100293,2015년 5월 18일 13시,월요일,충청북도 진천군 진천읍,경상사고,0,0,1,0,차대사람 - 길가장자리구역통행중,안전운전불이행,건조,기타,기타 - 기타,승용,여,42세,상해없음,보행자,남,7세,경상
2015051800100294,2015년 5월 18일 13시,월요일,충청북도 청주시 상당구 북문로1가동,경상사고,0,0,1,0,차대차 - 기타,신호위반,건조,맑음,교차로 - 교차로안,기타불명,기타불명,기타불명,기타불명,승합,남,59세,상해없음
2015051800100323,2015년 5월 18일 14시,월요일,충청북도 청주시 서원구 남이면,경상사고,0,0,2,0,차대차 - 추돌 - 진행중,안전운전불이행,건조,맑음,교차로 - 교차로안,화물,남,37세,상해없음,화물,남,68세,경상
2015051800100360,2015년 5월 18일 15시,월요일,충청북도 청주시 청원구 사천동,경상사고,0,0,1,0,차대사람 - 기타,안전운전불이행,건조,맑음,단일로 - 기타,승용,여,53세,상해없음,보행자,여,31세,경상
2015051800100361,2015년 5월 18일 15시,월요일,충청북도 청주시 흥덕구 복대동,중상사고,0,1,0,0,차대사람 - 기타,안전운전불이행,건조,맑음,단일로 - 기타,기타불명,기타불명,기타불명,기타불명,보행자,남,56세,중상
2015051800100362,2015년 5월 18일 15시,월요일,충청북도 청주시 서원구 수곡동,경상사고,0,0,1,0,차대사람 - 기타,기타,건조,맑음,교차로 - 교차로부근,화물,남,44세,상해없음,보행자,여,53세,경상
2015051800100498,2015년 5월 18일 18시,월요일,충청북도 청주시 청원구 내수읍,경상사고,0,0,4,0,차대차 - 기타,안전거리미확보,건조,맑음,교차로 - 교차로부근,승용,남,23세,경상,화물,남,51세,경상
2015051800100499,2015년 5월 18일 18시,월요일,충청북도 제천시 장락동,중상사고,0,1,0,0,차대사람 - 기타,기타,건조,맑음,단일로 - 기타,승용,여,47세,상해없음,보행자,여,10세,중상
2015051800100534,2015년 5월 18일 19시,월요일,충청북도 청주시 흥덕구 봉명동,경상사고,0,0,1,0,차대차 - 기타,안전운전불이행,건조,맑음,단일로 - 기타,승용,남,34세,상해없음,승용,남,74세,상해없음
2015051800100573,2015년 5월 18일 20시,월요일,충청북도 충주시 연수동,중상사고,0,1,0,0,차대차 - 측면직각충돌,안전거리미확보,건조,맑음,단일로 - 기타,승용,남,46세,상해없음,원동기,남,59세,중상
2015051800100574,2015년 5월 18일 20시,월요일,충청북도 영동군 영동읍,경상사고,0,0,1,0,차대사람 - 차도통행중,안전운전불이행,건조,맑음,교차로 - 교차로안,이륜,남,53세,상해없음,보행자,남,72세,경상
2015051800100575,2015년 5월 18일 20시,월요일,충청북도 음성군 금왕읍,경상사고,0,0,1,0,차대사람 - 기타,안전운전불이행,건조,맑음,교차로 - 교차로안,기타불명,기타불명,기타불명,기타불명,보행자,남,40세,경상
2015051800100606,2015년 5월 18일 21시,월요일,충청북도 청주시 서원구 모충동,중상사고,0,1,0,0,차대사람 - 횡단중,안전운전불이행,건조,맑음,단일로 - 기타,승용,남,29세,기타불명,보행자,남,43세,중상
2015051800100607,2015년 5월 18일 21시,월요일,충청북도 옥천군 옥천읍,중상사고,0,1,0,0,차대사람 - 기타,안전운전불이행,건조,맑음,단일로 - 기타,화물,남,36세,상해없음,보행자,남,71세,중상
2015051800100608,2015년 5월 18일 21시,월요일,충청북도 청주시 서원구 수곡동,경상사고,0,0,2,0,차대차 - 기타,교차로운행방법위반,건조,맑음,교차로 - 교차로부근,승용,여,55세,경상,승용,여,46세,경상
2015051900100008,2015년 5월 19일 00시,화요일,충청북도 청주시 상당구 용암동,경상사고,0,0,1,0,차대사람 - 횡단중,보행자보호의무위반,건조,맑음,단일로 - 횡단보도상,승용,남,30세,상해없음,보행자,남,23세,경상
2015051900100032,2015년 5월 19일 01시,화요일,충청북도 음성군 맹동면,중상사고,0,4,0,0,차대차 - 기타,신호위반,건조,맑음,교차로 - 교차로안,승용,남,49세,중상,승용,남,34세,중상
2015051900100054,2015년 5월 19일 03시,화요일,충청북도 괴산군 장연면,경상사고,0,0,1,0,차대차 - 추돌 - 진행중,안전운전불이행,건조,맑음,단일로 - 기타,화물,남,45세,상해없음,화물,남,32세,경상
2015051900100078,2015년 5월 19일 05시,화요일,충청북도 제천시 왕암동,중상사고,0,1,1,1,차대차 - 정면충돌,신호위반,건조,맑음,교차로 - 교차로안,승용,남,48세,기타불명,화물,남,47세,중상
2015051900100088,2015년 5월 19일 06시,화요일,충청북도 청주시 서원구 사창동,경상사고,0,0,1,0,차대차 - 기타,안전운전불이행,건조,맑음,단일로 - 기타,승용,남,21세,상해없음,화물,남,52세,경상
2015051900100103,2015년 5월 19일 07시,화요일,충청북도 충주시 대소원면,경상사고,0,0,1,1,차대차 - 기타,직진우회전진행방해,건조,맑음,교차로 - 교차로안,승용,남,44세,부상신고,승용,남,31세,경상
2015051900100104,2015년 5월 19일 07시,화요일,충청북도 제천시 봉양읍,경상사고,0,0,2,0,차대차 - 추돌 - 주정차중,안전운전불이행,건조,맑음,단일로 - 기타,화물,남,66세,상해없음,화물,남,44세,경상
2015051900100105,2015년 5월 19일 07시,화요일,충청북도 괴산군 괴산읍,중상사고,0,1,0,0,차대차 - 추돌 - 진행중,안전운전불이행,건조,맑음,단일로 - 교량,승용,남,31세,상해없음,화물,남,60세,중상
2015051900100106,2015년 5월 19일 07시,화요일,충청북도 진천군 광혜원면,중상사고,0,1,0,0,차대사람 - 차도통행중,안전운전불이행,건조,맑음,단일로 - 기타,승용,여,52세,상해없음,보행자,여,35세,중상
2015051900100107,2015년 5월 19일 07시,화요일,충청북도 청주시 흥덕구 오송읍,경상사고,0,0,1,0,차대차 - 측면직각충돌,안전운전불이행,건조,맑음,단일로 - 기타,승용,여,56세,상해없음,승용,남,57세,경상
2015051900100108,2015년 5월 19일 07시,화요일,충청북도 청주시 상당구 방서동,경상사고,0,0,1,0,차대차 - 기타,안전운전불이행,건조,맑음,단일로 - 기타,승용,남,40세,상해없음,승용,남,40세,경상
2015051900100142,2015년 5월 19일 08시,화요일,충청북도 보은군 내북면,중상사고,0,2,1,0,차대차 - 측면직각충돌,안전운전불이행,건조,맑음,단일로 - 기타,승용,남,48세,중상,화물,남,56세,경상
2015051900100242,2015년 5월 19일 11시,화요일,충청북도 청주시 청원구 내덕동,중상사고,0,1,0,0,차대차 - 기타,안전운전불이행,건조,맑음,교차로 - 교차로안,자전거,남,69세,중상,승용,남,32세,상해없음
2015051900100243,2015년 5월 19일 11시,화요일,충청북도 청주시 청원구 내수읍,경상사고,0,0,2,0,차대차 - 기타,교차로운행방법위반,건조,맑음,교차로 - 교차로안,승용,남,40세,상해없음,화물,남,60세,경상
2015051900100244,2015년 5월 19일 11시,화요일,충청북도 영동군 용산면,경상사고,0,0,1,0,차량단독 - 전도전복,안전운전불이행,건조,맑음,단일로 - 기타,자전거,남,70세,경상,,,,
2015051900100245,2015년 5월 19일 11시,화요일,충청북도 청주시 흥덕구 정봉동,경상사고,0,0,1,0,차대차 - 추돌 - 진행중,안전운전불이행,건조,맑음,교차로 - 교차로부근,이륜,남,23세,경상,승용,남,22세,상해없음
2015051900100271,2015년 5월 19일 12시,화요일,충청북도 제천시 고암동,경상사고,0,0,1,0,차대차 - 기타,안전운전불이행,건조,맑음,교차로 - 교차로부근,농기계,남,71세,경상,승합,남,49세,상해없음
2015051900100272,2015년 5월 19일 12시,화요일,충청북도 옥천군 군북면,부상신고사고,0,0,0,3,차대차 - 측면직각충돌,안전운전불이행,건조,맑음,단일로 - 기타,농기계,남,75세,상해없음,승용,남,58세,부상신고
2015051900100273,2015년 5월 19일 12시,화요일,충청북도 진천군 진천읍,경상사고,0,0,1,0,차대차 - 측면직각충돌,교차로운행방법위반,건조,맑음,교차로 - 교차로안,승합,여,50세,상해없음,승용,여,48세,상해없음
2015051900100274,2015년 5월 19일 12시,화요일,충청북도 청주시 흥덕구 강서동,중상사고,0,2,0,0,차대차 - 측면직각충돌,안전거리미확보,건조,맑음,교차로 - 교차로안,화물,남,50세,중상,승용,여,39세,중상
2015051900100346,2015년 5월 19일 14시,화요일,충청북도 충주시 엄정면,중상사고,0,1,0,0,차대차 - 기타,안전운전불이행,건조,맑음,단일로 - 기타,화물,남,62세,상해없음,이륜,남,53세,중상
2015051900100347,2015년 5월 19일 14시,화요일,충청북도 청주시 서원구 분평동,중상사고,0,1,0,0,차대사람 - 기타,보행자보호의무위반,건조,맑음,교차로 - 교차로부근,건설기계,남,45세,상해없음,보행자,여,36세,중상
2015051900100372,2015년 5월 19일 15시,화요일,충청북도 충주시 수안보면,경상사고,0,0,1,0,차대차 - 기타,안전운전불이행,건조,맑음,단일로 - 기타,승용,여,48세,상해없음,승용,여,66세,상해없음
2015051900100414,2015년 5월 19일 16시,화요일,충청북도 청주시 상당구 용담동,경상사고,0,0,1,0,차대차 - 측면직각충돌,안전운전불이행,건조,맑음,단일로 - 기타,승용,여,21세,상해없음,승용,남,55세,경상
2015051900100450,2015년 5월 19일 17시,화요일,충청북도 청주시 청원구 율량동,경상사고,0,0,1,0,차대차 - 추돌 - 주정차중,안전운전불이행,건조,맑음,교차로 - 교차로부근,승용,여,46세,상해없음,승용,여,46세,경상
2015051900100451,2015년 5월 19일 17시,화요일,충청북도 충주시 대소원면,중상사고,0,2,0,1,차대차 - 기타,직진우회전진행방해,건조,맑음,교차로 - 교차로안,승용,남,47세,부상신고,승용,남,47세,중상
2015051900100452,2015년 5월 19일 17시,화요일,충청북도 충주시 노은면,중상사고,0,1,0,0,차대차 - 추돌 - 진행중,안전거리미확보,건조,맑음,단일로 - 기타,승용,남,34세,상해없음,승용,여,47세,중상
2015051900100492,2015년 5월 19일 18시,화요일,충청북도 제천시 봉양읍,중상사고,0,1,1,0,차대차 - 기타,과속,습기,비,단일로 - 기타,화물,남,45세,기타불명,승용,여,67세,중상
2015051900100493,2015년 5월 19일 18시,화요일,충청북도 청주시 서원구 모충동,경상사고,0,0,1,0,차대사람 - 기타,안전운전불이행,건조,맑음,단일로 - 기타,승용,남,55세,상해없음,보행자,남,19세,경상
2015051900100522,2015년 5월 19일 19시,화요일,충청북도 옥천군 옥천읍,경상사고,0,0,1,0,차대사람 - 기타,안전운전불이행,건조,맑음,교차로 - 교차로부근,기타불명,기타불명,기타불명,기타불명,보행자,여,28세,경상
2015051900100523,2015년 5월 19일 19시,화요일,충청북도 단양군 매포읍,중상사고,0,1,0,0,차대차 - 정면충돌,중앙선침범,습기,비,단일로 - 기타,화물,남,43세,상해없음,승용,여,53세,중상
2015051900100524,2015년 5월 19일 19시,화요일,충청북도 청주시 흥덕구 복대동,경상사고,0,0,2,0,차대차 - 추돌 - 주정차중,안전운전불이행,건조,맑음,교차로 - 교차로부근,승용,남,44세,경상,승용,남,47세,경상
2015051900100552,2015년 5월 19일 20시,화요일,충청북도 증평군 증평읍,경상사고,0,0,1,0,차대사람 - 횡단중,안전운전불이행,습기,비,교차로 - 교차로부근,승용,여,59세,상해없음,보행자,남,37세,경상
2015051900100553,2015년 5월 19일 20시,화요일,충청북도 청주시 흥덕구 봉명동,중상사고,0,1,0,0,차대사람 - 횡단중,안전운전불이행,습기,비,교차로 - 교차로안,승용,남,60세,상해없음,보행자,남,13세,중상
2015051900100554,2015년 5월 19일 20시,화요일,충청북도 청주시 흥덕구 비하동,경상사고,0,0,1,0,차대차 - 추돌 - 진행중,안전운전불이행,건조,맑음,교차로 - 교차로부근,승용,여,40세,상해없음,승용,여,44세,경상
2015051900100588,2015년 5월 19일 21시,화요일,충청북도 청주시 상당구 영운동,중상사고,0,1,0,0,차대차 - 측면직각충돌,신호위반,습기,비,교차로 - 교차로안,승합,남,51세,상해없음,승용,남,25세,중상
2015051900100589,2015년 5월 19일 21시,화요일,충청북도 청주시 서원구 분평동,경상사고,0,0,1,0,차대차 - 기타,안전운전불이행,습기,비,단일로 - 기타,승용,여,48세,기타불명,이륜,남,18세,경상
2015051900100643,2015년 5월 19일 23시,화요일,충청북도 청주시 상당구 문화동,경상사고,0,0,2,0,차대차 - 기타,안전운전불이행,건조,맑음,단일로 - 기타,승용,남,32세,상해없음,승용,남,55세,경상
2015052000100075,2015년 5월 20일 06시,수요일,충청북도 제천시 고명동,중상사고,0,1,0,0,차대차 - 측면직각충돌,안전운전불이행,건조,맑음,단일로 - 기타,승용,남,52세,상해없음,화물,남,53세,상해없음
2015052000100144,2015년 5월 20일 08시,수요일,충청북도 청주시 서원구 개신동,경상사고,0,0,1,0,차대차 - 기타,안전운전불이행,건조,맑음,단일로 - 기타,승용,남,62세,기타불명,승용,남,46세,경상
2015052000100145,2015년 5월 20일 08시,수요일,충청북도 충주시 교현동,경상사고,0,0,3,0,차대차 - 기타,안전거리미확보,건조,맑음,교차로 - 교차로안,화물,남,52세,상해없음,화물,여,56세,경상
2015052000100208,2015년 5월 20일 10시,수요일,충청북도 청주시 청원구 오창읍,경상사고,0,0,1,0,차대차 - 기타,안전운전불이행,건조,맑음,단일로 - 기타,이륜,남,78세,경상,승용,여,33세,상해없음
2015052000100209,2015년 5월 20일 10시,수요일,충청북도 충주시 봉방동,중상사고,0,3,1,0,차대차 - 기타,안전운전불이행,건조,맑음,단일로 - 기타,승용,남,52세,상해없음,승용,남,74세,중상