사고번호,사고일시,요일,시군구,사고내용,사망자수,중상자수,경상자수,부상신고자수,사고유형,법규위반,노면상태,기상상태,도로형태,가해운전자 차종,가해운전자 성별,가해운전자 연령,가해운전자 상해정도,피해운전자 차종,피해운전자 성별,피해운전자 연령,피해운전자 상해정도
2015060300100463,2015년 6월 3일 17시,수요일,충청북도 충주시 산척면,부상신고사고,0,0,0,1,차량단독 - 공작물충돌,안전운전불이행,건조,맑음,단일로 - 기타,화물,남,47세,부상신고,,,,
2015060300100464,2015년 6월 3일 17시,수요일,충청북도 충주시 수안보면,중상사고,0,1,1,0,차대차 - 기타,안전운전불이행,건조,맑음,단일로 - 기타,승용,여,40세,상해없음,화물,남,56세,중상
2015060300100465,2015년 6월 3일 17시,수요일,충청북도 보은군 보은읍,사망사고,1,0,0,0,차대차 - 측면직각충돌,안전운전불이행,건조,맑음,교차로 - 교차로안,승용,여,29세,상해없음,원동기,남,53세,사망
2015060300100466,2015년 6월 3일 17시,수요일,충청북도 음성군 음성읍,경상사고,0,0,1,0,차대차 - 추돌 - 주정차중,안전운전불이행,건조,맑음,단일로 - 기타,자전거,남,15세,경상,승용,여,61세,상해없음
2015060300100467,2015년 6월 3일 17시,수요일,충청북도 청주시 흥덕구 봉명동,중상사고,0,1,0,0,차대사람 - 기타,안전운전불이행,건조,맑음,단일로 - 기타,승용,남,29세,상해없음,보행자,남,74세,중상
2015060300100468,2015년 6월 3일 17시,수요일,충청북도 청주시 상당구 용암동,경상사고,0,0,1,0,차대차 - 추돌 - 진행중,안전운전불이행,건조,맑음,교차로 - 교차로부근,승용,남,59세,상해없음,승용,남,64세,상해없음
2015060300100527,2015년 6월 3일 18시,수요일,충청북도 청주시 서원구 사직동,경상사고,0,0,1,0,차대사람 - 기타,안전운전불이행,건조,맑음,교차로 - 교차로안,승용,남,58세,상해없음,보행자,여,8세,경상
2015060300100528,2015년 6월 3일 18시,수요일,충청북도 충주시 교현동,중상사고,0,1,0,0,차대차 - 기타,신호위반,건조,맑음,단일로 - 기타,승용,여,54세,상해없음,자전거,여,57세,중상
2015060300100529,2015년 6월 3일 18시,수요일,충청북도 청주시 상당구 영운동,경상사고,0,0,2,0,차대차 - 정면충돌,중앙선침범,건조,맑음,교차로 - 교차로안,승용,여,50세,상해없음,승용,여,38세,경상
2015060300100565,2015년 6월 3일 19시,수요일,충청북도 괴산군 청안면,경상사고,0,0,1,0,차대차 - 측면직각충돌,직진우회전진행방해,건조,맑음,교차로 - 교차로안,승용,남,53세,상해없음,화물,남,49세,경상
2015060300100566,2015년 6월 3일 19시,수요일,충청북도 청주시 상당구 금천동,경상사고,0,0,1,0,차대차 - 기타,안전운전불이행,건조,맑음,단일로 - 기타,화물,남,23세,상해없음,승용,남,53세,경상
2015060300100598,2015년 6월 3일 20시,수요일,충청북도 충주시 대소원면,경상사고,0,0,3,0,차대차 - 기타,안전거리미확보,건조,맑음,교차로 - 교차로부근,화물,남,54세,상해없음,승용,남,66세,경상
2015060300100599,2015년 6월 3일 20시,수요일,충청북도 청주시 흥덕구 복대동,경상사고,0,0,1,0,차대사람 - 횡단중,안전운전불이행,건조,맑음,단일로 - 기타,승용,여,24세,상해없음,보행자,남,33세,경상
2015060300100600,2015년 6월 3일 20시,수요일,충청북도 청주시 서원구 수곡동,경상사고,0,0,1,0,차대사람 - 보도통행중,안전운전불이행,건조,맑음,교차로 - 교차로부근,이륜,남,24세,상해없음,보행자,남,72세,경상
2015060300100627,2015년 6월 3일 21시,수요일,충청북도 충주시 문화동,경상사고,0,0,1,0,차대차 - 기타,안전운전불이행,건조,맑음,교차로 - 교차로부근,승용,여,64세,상해없음,승용,여,50세,경상
2015060300100628,2015년 6월 3일 21시,수요일,충청북도 충주시 봉방동,경상사고,0,0,1,0,차대차 - 기타,안전운전불이행,건조,맑음,단일로 - 기타,승용,남,39세,상해없음,이륜,남,20세,경상
2015060300100657,2015년 6월 3일 22시,수요일,충청북도 청주시 서원구 모충동,경상사고,0,0,1,0,차대차 - 측면직각충돌,안전운전불이행,건조,맑음,단일로 - 기타,승용,남,46세,상해없음,자전거,여,53세,경상
2015060300100685,2015년 6월 3일 23시,수요일,충청북도 청주시 상당구 용담동,경상사고,0,0,1,0,차대차 - 측면직각충돌,안전운전불이행,건조,맑음,단일로 - 기타,승용,여,42세,상해없음,승합,남,51세,상해없음
2015060400100031,2015년 6월 4일 01시,목요일,충청북도 제천시 모산동,경상사고,0,0,1,0,차대차 - 추돌 - 주정차중,안전운전불이행,건조,맑음,단일로 - 기타,승용,남,26세,경상,승용,남,55세,기타불명
2015060400100046,2015년 6월 4일 03시,목요일,충청북도 청주시 흥덕구 옥산면,중상사고,0,1,0,0,차대차 - 기타,안전운전불이행,건조,맑음,단일로 - 기타,화물,남,46세,중상,화물,남,51세,상해없음
2015060400100060,2015년 6월 4일 05시,목요일,충청북도 충주시 교현동,경상사고,0,0,1,0,차대차 - 기타,안전거리미확보,건조,맑음,단일로 - 기타,화물,남,49세,상해없음,승용,남,82세,경상
2015060400100106,2015년 6월 4일 07시,목요일,충청북도 영동군 용산면,중상사고,0,2,1,0,차대차 - 정면충돌,기타,건조,맑음,단일로 - 기타,승용,남,31세,경상,승용,여,50세,중상
2015060400100107,2015년 6월 4일 07시,목요일,충청북도 괴산군 사리면,경상사고,0,0,1,0,차대차 - 기타,안전운전불이행,건조,맑음,교차로 - 교차로안,건설기계,남,51세,상해없음,승합,여,54세,경상
2015060400100108,2015년 6월 4일 07시,목요일,충청북도 청주시 서원구 모충동,경상사고,0,0,1,0,차대사람 - 기타,안전운전불이행,건조,맑음,단일로 - 기타,기타불명,기타불명,기타불명,기타불명,보행자,여,17세,경상
2015060400100140,2015년 6월 4일 08시,목요일,충청북도 청주시 청원구 오창읍,경상사고,0,0,4,0,차대차 - 측면직각충돌,교차로운행방법위반,건조,맑음,교차로 - 교차로안,승용,여,40세,경상,승용,여,49세,경상
2015060400100141,2015년 6월 4일 08시,목요일,충청북도 청주시 청원구 우암동,경상사고,0,0,1,0,차량단독 - 기타,안전운전불이행,건조,맑음,단일로 - 기타,승합,남,56세,상해없음,,,,
2015060400100142,2015년 6월 4일 08시,목요일,충청북도 청주시 흥덕구 강내면,경상사고,0,0,1,0,차대차 - 추돌 - 주정차중,안전운전불이행,건조,맑음,교차로 - 교차로부근,특수,남,52세,상해없음,이륜,남,83세,경상
2015060400100180,2015년 6월 4일 09시,목요일,충청북도 청주시 청원구 사천동,중상사고,0,1,4,0,차대차 - 추돌 - 주정차중,안전운전불이행,건조,맑음,단일로 - 기타,화물,남,53세,경상,화물,남,39세,중상
2015060400100181,2015년 6월 4일 09시,목요일,충청북도 영동군 영동읍,경상사고,0,0,1,0,차대사람 - 횡단중,안전운전불이행,건조,맑음,단일로 - 기타,승용,남,68세,상해없음,보행자,여,33세,경상
2015060400100210,2015년 6월 4일 10시,목요일,충청북도 괴산군 연풍면,경상사고,0,0,1,0,차대차 - 기타,안전거리미확보,건조,맑음,단일로 - 기타,화물,남,55세,상해없음,화물,남,51세,경상
2015060400100240,2015년 6월 4일 11시,목요일,충청북도 영동군 황간면,중상사고,0,3,0,0,차대차 - 기타,불법유턴,건조,맑음,단일로 - 기타,건설기계,남,49세,상해없음,화물,남,58세,중상
2015060400100271,2015년 6월 4일 12시,목요일,충청북도 충주시 문화동,경상사고,0,0,2,0,차대차 - 기타,안전거리미확보,건조,맑음,단일로 - 기타,승용,남,52세,상해없음,승용,남,50세,경상
2015060400100308,2015년 6월 4일 13시,목요일,충청북도 청주시 청원구 율량동,경상사고,0,0,5,0,차대차 - 측면직각충돌,교차로운행방법위반,건조,맑음,교차로 - 교차로안,승용,여,32세,경상,승용,여,25세,경상
2015060400100309,2015년 6월 4일 13시,목요일,충청북도 청주시 흥덕구 비하동,부상신고사고,0,0,0,1,차대차 - 기타,안전운전불이행,건조,맑음,교차로 - 교차로안,이륜,남,32세,부상신고,승용,남,21세,상해없음
2015060400100310,2015년 6월 4일 13시,목요일,충청북도 청주시 상당구 영운동,경상사고,0,0,2,0,차대차 - 추돌 - 진행중,안전운전불이행,건조,맑음,교차로 - 교차로부근,승용,남,53세,상해없음,승용,여,23세,경상
2015060400100375,2015년 6월 4일 15시,목요일,충청북도 충주시 주덕읍,중상사고,0,1,0,0,차대차 - 기타,교차로운행방법위반,건조,맑음,교차로 - 교차로부근,화물,남,53세,상해없음,승용,여,32세,중상
2015060400100376,2015년 6월 4일 15시,목요일,충청북도 충주시 금가면,중상사고,0,1,0,0,차량단독 - 도로외이탈 - 추락,안전운전불이행,건조,맑음,단일로 - 기타,이륜,여,52세,중상,,,,
2015060400100460,2015년 6월 4일 17시,목요일,충청북도 음성군 삼성면,경상사고,0,0,1,0,차대차 - 측면직각충돌,안전운전불이행,건조,맑음,교차로 - 교차로안,이륜,남,55세,경상,화물,남,51세,상해없음
2015060400100501,2015년 6월 4일 18시,목요일,충청북도 청주시 흥덕구 강내면,경상사고,0,0,2,0,차대차 - 측면직각충돌,안전운전불이행,건조,맑음,교차로 - 교차로부근,승용,여,59세,경상,승합,남,43세,경상
2015060400100568,2015년 6월 4일 20시,목요일,충청북도 청주시 서원구 산남동,경상사고,0,0,5,0,차대차 - 기타,안전운전불이행,건조,맑음,교차로 - 교차로부근,승용,남,63세,상해없음,승용,남,30세,경상
2015060400100593,2015년 6월 4일 21시,목요일,충청북도 진천군 진천읍,경상사고,0,0,1,0,차대차 - 측면직각충돌,교차로운행방법위반,건조,맑음,교차로 - 교차로안,원동기,남,75세,경상,승용,남,32세,상해없음
2015060400100635,2015년 6월 4일 22시,목요일,충청북도 괴산군 연풍면,경상사고,0,0,1,0,차대사람 - 횡단중,안전운전불이행,건조,맑음,교차로 - 교차로안,승용,여,48세,상해없음,보행자,여,27세,경상
2015060500100013,2015년 6월 5일 00시,금요일,충청북도 청주시 흥덕구 복대동,경상사고,0,0,1,0,차대차 - 측면직각충돌,신호위반,건조,맑음,교차로 - 교차로안,승용,남,49세,상해없음,자전거,남,46세,경상
2015060500100014,2015년 6월 5일 00시,금요일,충청북도 청주시 흥덕구 봉명동,경상사고,0,0,3,0,차대차 - 측면직각충돌,교차로운행방법위반,건조,맑음,교차로 - 교차로안,승용,여,61세,상해없음,승용,남,20세,경상
2015060500100033,2015년 6월 5일 01시,금요일,충청북도 청주시 서원구 남이면,중상사고,0,1,0,0,차대차 - 기타,안전운전불이행,건조,맑음,단일로 - 기타,건설기계,남,46세,중상,화물,남,45세,상해없음
2015060500100045,2015년 6월 5일 02시,금요일,충청북도 청주시 흥덕구 가경동,중상사고,0,1,0,0,차대차 - 측면직각충돌,신호위반,건조,맑음,교차로 - 교차로안,승용,남,31세,상해없음,승용,남,44세,중상
2015060500100096,2015년 6월 5일 06시,금요일,충청북도 괴산군 청안면,경상사고,0,0,1,0,차대차 - 기타,중앙선침범,습기,비,단일로 - 기타,승용,남,55세,상해없음,특수,남,47세,상해없음
2015060500100122,2015년 6월 5일 07시,금요일,충청북도 청주시 흥덕구 복대동,중상사고,0,1,0,0,차대사람 - 횡단중,보행자보호의무위반,건조,맑음,교차로 - 교차로안,승용,남,32세,상해없음,보행자,여,48세,중상
2015060500100123,2015년 6월 5일 07시,금요일,충청북도 청주시 흥덕구 옥산면,경상사고,0,0,2,0,차대차 - 기타,교차로운행방법위반,건조,맑음,교차로 - 교차로안,화물,남,69세,경상,승용,남,52세,경상
2015060500100124,2015년 6월 5일 07시,금요일,충청북도 청주시 흥덕구 가경동,경상사고,0,0,2,0,차대차 - 기타,안전운전불이행,건조,맑음,교차로 - 교차로부근,승용,남,56세,상해없음,승용,남,61세,경상
2015060500100162,2015년 6월 5일 08시,금요일,충청북도 청주시 서원구 모충동,경상사고,0,0,1,0,차대차 - 기타,안전운전불이행,건조,맑음,교차로 - 교차로안,승용,남,66세,상해없음,자전거,남,18세,경상
2015060500100163,2015년 6월 5일 08시,금요일,충청북도 청주시 상당구 금천동,경상사고,0,0,1,0,차대사람 - 기타,안전운전불이행,건조,맑음,단일로 - 기타,기타불명,기타불명,기타불명,기타불명,보행자,여,73세,경상
2015060500100212,2015년 6월 5일 09시,금요일,충청북도 청주시 서원구 남이면,경상사고,0,0,1,0,차대차 - 측면직각충돌,신호위반,건조,맑음,교차로 - 교차로안,승용,남,77세,상해없음,승용,남,23세,경상
2015060500100275,2015년 6월 5일 11시,금요일,충청북도 충주시 충인동,사망사고,1,0,0,0,차대차 - 기타,중앙선침범,건조,맑음,교차로 - 교차로부근,이륜,남,78세,사망,승용,남,50세,상해없음
2015060500100276,2015년 6월 5일 11시,금요일,충청북도 청주시 흥덕구 오송읍,중상사고,0,1,0,0,차대차 - 기타,중앙선침범,건조,맑음,단일로 - 기타,승용,남,53세,상해없음,이륜,남,33세,중상
2015060500100306,2015년 6월 5일 12시,금요일,충청북도 음성군 금왕읍,경상사고,0,0,4,0,차대차 - 측면직각충돌,안전운전불이행,건조,맑음,단일로 - 기타,승용,남,52세,상해없음,승용,남,69세,경상
2015060500100337,2015년 6월 5일 13시,금요일,충청북도 옥천군 옥천읍,사망사고,1,1,1,0,차대차 - 기타,신호위반,건조,맑음,교차로 - 교차로안,원동기,남,72세,사망,승용,남,43세,중상
2015060500100389,2015년 6월 5일 15시,금요일,충청북도 청주시 청원구 주중동,경상사고,0,0,1,0,차대차 - 기타,안전운전불이행,건조,맑음,단일로 - 기타,승용,남,62세,기타불명,승용,여,34세,기타불명
2015060500100415,2015년 6월 5일 16시,금요일,충청북도 제천시 중앙로1가,경상사고,0,0,1,0,차대차 - 측면직각충돌,안전운전불이행,건조,맑음,단일로 - 기타,승용,남,55세,상해없음,원동기,남,28세,경상
2015060500100416,2015년 6월 5일 16시,금요일,충청북도 증평군 증평읍,경상사고,0,0,1,0,차대차 - 추돌 - 주정차중,안전운전불이행,건조,맑음,단일로 - 기타,원동기,남,75세,경상,승용,남,36세,기타불명
2015060500100417,2015년 6월 5일 16시,금요일,충청북도 청주시 흥덕구 비하동,경상사고,0,0,1,0,차대차 - 추돌 - 진행중,안전운전불이행,건조,맑음,교차로 - 교차로부근,승용,남,49세,상해없음,승용,남,41세,경상
2015060500100455,2015년 6월 5일 17시,금요일,충청북도 청주시 청원구 내덕동,경상사고,0,0,3,0,차대차 - 기타,신호위반,건조,맑음,교차로 - 교차로부근,승용,남,28세,경상,승용,남,47세,경상
2015060500100456,2015년 6월 5일 17시,금요일,충청북도 증평군 증평읍,경상사고,0,0,2,0,차대차 - 기타,안전운전불이행,건조,맑음,단일로 - 기타,건설기계,남,57세,상해없음,승용,여,28세,경상
2015060500100457,2015년 6월 5일 17시,금요일,충청북도 청주시 흥덕구 봉명동,중상사고,0,1,0,0,차대차 - 측면직각충돌,안전운전불이행,건조,맑음,단일로 - 기타,승용,남,73세,상해없음,자전거,남,57세,중상
2015060500100501,2015년 6월 5일 18시,금요일,충청북도 청주시 청원구 오창읍,중상사고,0,1,1,0,차대차 - 기타,교차로운행방법위반,건조,맑음,교차로 - 교차로안,승용,남,60세,기타불명,승용,남,27세,경상
2015060500100535,2015년 6월 5일 19시,금요일,충청북도 음성군 생극면,중상사고,0,1,0,0,차대사람 - 횡단중,안전운전불이행,건조,맑음,단일로 - 기타,승용,여,49세,상해없음,보행자,남,60세,중상
2015060500100605,2015년 6월 5일 21시,금요일,충청북도 충주시 엄정면,부상신고사고,0,0,0,1,차량단독 - 공작물충돌,안전운전불이행,건조,맑음,단일로 - 기타,승용,남,53세,부상신고,,,,
2015060500100606,2015년 6월 5일 21시,금요일,충청북도 제천시 봉양읍,중상사고,0,1,0,0,차대사람 - 기타,안전운전불이행,건조,맑음,단일로 - 기타,기타불명,기타불명,기타불명,기타불명,보행자,여,50세,중상
2015060500100646,2015년 6월 5일 22시,금요일,충청북도 청주시 흥덕구 복대동,경상사고,0,0,1,0,차대차 - 기타,중앙선침범,건조,맑음,단일로 - 기타,승용,남,31세,상해없음,승용,남,70세,경상
2015060500100671,2015년 6월 5일 23시,금요일,충청북도 청주시 청원구 내덕동,경상사고,0,0,2,0,차대차 - 기타,중앙선침범,건조,맑음,단일로 - 기타,승용,남,42세,상해없음,승용,여,22세,경상
2015060600100015,2015년 6월 6일 00시,토요일,충청북도 청주시 흥덕구 복대동,경상사고,0,0,1,0,차대차 - 측면직각충돌,안전거리미확보,건조,맑음,단일로 - 기타,승용,남,46세,상해없음,승용,남,44세,경상
2015060600100047,2015년 6월 6일 01시,토요일,충청북도 청주시 상당구 용정동,중상사고,0,1,2,0,차대차 - 기타,신호위반,건조,맑음,교차로 - 교차로안,승용,남,32세,상해없음,승용,여,39세,경상
2015060600100073,2015년 6월 6일 02시,토요일,충청북도 음성군 금왕읍,중상사고,0,2,0,0,차량단독 - 공작물충돌,안전운전불이행,건조,흐림,단일로 - 기타,승용,남,26세,중상,,,,
2015060600100074,2015년 6월 6일 02시,토요일,충청북도 청주시 흥덕구 봉명동,중상사고,0,1,0,0,차대사람 - 길가장자리구역통행중,안전운전불이행,건조,맑음,단일로 - 기타,승용,남,51세,상해없음,보행자,남,33세,중상
2015060600100135,2015년 6월 6일 07시,토요일,충청북도 충주시 대소원면,경상사고,0,0,7,0,차대차 - 기타,안전운전불이행,건조,맑음,단일로 - 기타,승용,남,45세,상해없음,승용,남,30세,상해없음
2015060600100154,2015년 6월 6일 08시,토요일,충청북도 청주시 서원구 수곡동,경상사고,0,0,1,0,차대사람 - 기타,안전운전불이행,건조,맑음,단일로 - 기타,승용,남,35세,상해없음,보행자,여,59세,경상
2015060600100271,2015년 6월 6일 12시,토요일,충청북도 청주시 흥덕구 비하동,중상사고,0,1,0,0,차대차 - 추돌 - 주정차중,안전운전불이행,건조,맑음,교차로 - 교차로부근,승용,남,30세,상해없음,승용,남,36세,중상
2015060600100272,2015년 6월 6일 12시,토요일,충청북도 청주시 상당구 방서동,경상사고,0,0,1,0,차대차 - 측면직각충돌,안전거리미확보,건조,맑음,단일로 - 기타,승용,남,68세,상해없음,화물,남,50세,경상
2015060600100299,2015년 6월 6일 13시,토요일,충청북도 제천시 강제동,경상사고,0,0,5,0,차대차 - 측면직각충돌,안전거리미확보,건조,맑음,단일로 - 기타,건설기계,남,57세,상해없음,승용,남,40세,경상
2015060600100300,2015년 6월 6일 13시,토요일,충청북도 제천시 대랑동,경상사고,0,0,2,0,차대차 - 측면직각충돌,안전거리미확보,건조,맑음,단일로 - 기타,건설기계,남,40세,상해없음,승용,여,45세,경상
2015060600100339,2015년 6월 6일 14시,토요일,충청북도 충주시 살미면,경상사고,0,0,5,0,차대차 - 측면직각충돌,안전운전불이행,기타,맑음,단일로 - 기타,승용,남,68세,경상,화물,남,58세,경상
2015060600100340,2015년 6월 6일 14시,토요일,충청북도 청주시 흥덕구 가경동,경상사고,0,0,1,0,차대차 - 측면직각충돌,교차로운행방법위반,건조,맑음,교차로 - 교차로안,승용,남,39세,상해없음,이륜,남,27세,경상
2015060600100372,2015년 6월 6일 15시,토요일,충청북도 청주시 청원구 율량동,경상사고,0,0,1,0,차대차 - 기타,교차로운행방법위반,건조,맑음,교차로 - 교차로안,화물,남,46세,상해없음,승용,남,43세,경상
2015060600100527,2015년 6월 6일 19시,토요일,충청북도 청주시 흥덕구 봉명동,중상사고,0,1,0,0,차대사람 - 길가장자리구역통행중,안전운전불이행,건조,맑음,단일로 - 기타,승용,여,44세,상해없음,보행자,여,37세,중상
2015060600100555,2015년 6월 6일 20시,토요일,충청북도 청주시 서원구 수곡동,경상사고,0,0,1,0,차대차 - 기타,교차로운행방법위반,건조,맑음,교차로 - 교차로안,승용,남,29세,상해없음,이륜,남,50세,경상
2015060600100581,2015년 6월 6일 21시,토요일,충청북도 청주시 흥덕구 강내면,경상사고,0,0,1,0,차대차 - 기타,안전운전불이행,건조,맑음,교차로 - 교차로안,이륜,남,61세,경상,승용,남,44세,상해없음
2015060600100582,2015년 6월 6일 21시,토요일,충청북도 청주시 서원구 산남동,경상사고,0,0,1,0,차대차 - 추돌 - 진행중,안전운전불이행,건조,맑음,교차로 - 교차로부근,승용,여,26세,상해없음,승합,남,48세,경상
2015060600100605,2015년 6월 6일 22시,토요일,충청북도 청주시 흥덕구 복대동,경상사고,0,0,1,0,차대차 - 추돌 - 진행중,안전운전불이행,건조,맑음,교차로 - 교차로부근,승용,남,48세,상해없음,원동기,남,20세,경상
2015060600100606,2015년 6월 6일 22시,토요일,충청북도 청주시 서원구 남이면,경상사고,0,0,1,0,차량단독 - 기타,기타,건조,맑음,단일로 - 기타,승용,남,44세,상해없음,,,,
2015060600100632,2015년 6월 6일 23시,토요일,충청북도 청주시 흥덕구 운천동,부상신고사고,0,0,0,1,차대사람 - 기타,안전운전불이행,건조,맑음,기타 - 기타,자전거,남,13세,부상신고,보행자,남,60세,상해없음
2015060600100633,2015년 6월 6일 23시,토요일,충청북도 충주시 대소원면,경상사고,0,0,2,0,차대차 - 추돌 - 진행중,안전운전불이행,건조,맑음,단일로 - 기타,승용,남,43세,상해없음,승합,남,52세,경상
2015060700100009,2015년 6월 7일 00시,일요일,충청북도 충주시 봉방동,중상사고,0,1,1,0,차대차 - 측면직각충돌,신호위반,건조,맑음,교차로 - 교차로안,승용,남,29세,경상,승용,남,56세,중상
2015060700100057,2015년 6월 7일 03시,일요일,충청북도 청주시 서원구 사창동,경상사고,0,0,1,0,차대사람 - 기타,안전운전불이행,건조,맑음,단일로 - 기타,승용,남,30세,상해없음,보행자,여,18세,경상
2015060700100092,2015년 6월 7일 07시,일요일,충청북도 충주시 중앙탑면,중상사고,0,1,1,0,차대차 - 기타,안전운전불이행,건조,맑음,단일로 - 기타,승용,남,44세,중상,승용,남,42세,상해없음
2015060700100105,2015년 6월 7일 08시,일요일,충청북도 보은군 수한면,중상사고,0,1,0,0,차대차 - 측면직각충돌,신호위반,건조,맑음,교차로 - 교차로안,승용,여,53세,상해없음,화물,남,48세,중상
2015060700100132,2015년 6월 7일 10시,일요일,충청북도 청주시 흥덕구 복대동,경상사고,0,0,1,0,차대차 - 측면직각충돌,신호위반,건조,맑음,단일로 - 횡단보도상,승용,남,49세,상해없음,자전거,남,11세,경상
2015060700100133,2015년 6월 7일 10시,일요일,충청북도 청주시 상당구 미원면,사망사고,1,1,0,0,차대차 - 기타,기타,건조,맑음,교차로 - 교차로안,이륜,남,42세,사망,이륜,남,34세,중상
2015060700100156,2015년 6월 7일 11시,일요일,충청북도 옥천군 이원면,경상사고,0,0,3,0,차대차 - 기타,안전운전불이행,건조,맑음,교차로 - 교차로안,승용,여,54세,경상,승합,남,36세,경상
2015060700100185,2015년 6월 7일 12시,일요일,충청북도 청주시 서원구 사창동,경상사고,0,0,2,0,차대차 - 측면직각충돌,안전운전불이행,건조,맑음,단일로 - 기타,승용,여,47세,경상,승합,남,49세,상해없음
2015060700100186,2015년 6월 7일 12시,일요일,충청북도 영동군 영동읍,중상사고,0,1,0,0,차대차 - 기타,신호위반,건조,맑음,교차로 - 교차로안,승용,여,50세,상해없음,자전거,여,73세,중상
2015060700100214,2015년 6월 7일 13시,일요일,충청북도 충주시 주덕읍,경상사고,0,0,1,0,차대사람 - 기타,안전운전불이행,건조,맑음,교차로 - 교차로안,승용,남,23세,상해없음,보행자,여,56세,경상
2015060700100215,2015년 6월 7일 13시,일요일,충청북도 충주시 교현동,경상사고,0,0,2,1,차대차 - 기타,직진우회전진행방해,건조,맑음,교차로 - 교차로부근,승용,남,20세,부상신고,화물,남,58세,경상
2015060700100374,2015년 6월 7일 18시,일요일,충청북도 충주시 산척면,경상사고,0,0,1,0,차대차 - 기타,안전운전불이행,건조,맑음,단일로 - 기타,승합,남,51세,상해없음,화물,남,46세,경상
2015060700100402,2015년 6월 7일 19시,일요일,충청북도 청주시 흥덕구 복대동,경상사고,0,0,1,0,차대차 - 기타,교차로운행방법위반,건조,맑음,교차로 - 교차로안,이륜,남,48세,경상,승용,남,32세,상해없음
2015060700100431,2015년 6월 7일 20시,일요일,충청북도 음성군 금왕읍,중상사고,0,1,0,0,차대사람 - 횡단중,신호위반,건조,맑음,교차로 - 교차로안,승용,남,19세,상해없음,보행자,여,23세,중상
2015060700100464,2015년 6월 7일 21시,일요일,충청북도 청주시 청원구 율량동,경상사고,0,0,1,0,차대차 - 추돌 - 주정차중,안전운전불이행,건조,맑음,교차로 - 교차로부근,승용,남,39세,상해없음,승용,남,32세,경상
2015060700100465,2015년 6월 7일 21시,일요일,충청북도 청주시 청원구 오창읍,경상사고,0,0,1,0,차대차 - 기타,안전운전불이행,건조,맑음,단일로 - 기타,승용,남,58세,상해없음,승용,남,58세,상해없음
2015060700100466,2015년 6월 7일 21시,일요일,충청북도 청주시 상당구 용암동,중상사고,0,1,0,0,차량단독 - 전도전복,안전운전불이행,건조,맑음,단일로 - 기타,승용,남,32세,상해없음,,,,
2015060700100492,2015년 6월 7일 22시,일요일,충청북도 충주시 연수동,경상사고,0,0,6,0,차대차 - 기타,신호위반,건조,맑음,교차로 - 교차로안,승용,남,27세,상해없음,승합,남,37세,경상
2015060700100513,2015년 6월 7일 23시,일요일,충청북도 청주시 상당구 남문로2가동,중상사고,0,1,0,0,차대사람 - 기타,안전운전불이행,건조,맑음,교차로 - 교차로부근,승용,여,62세,상해없음,보행자,남,47세,중상
2015060800100016,2015년 6월 8일 01시,월요일,충청북도 옥천군 청성면,중상사고,0,1,0,0,차대사람 - 기타,안전운전불이행,건조,흐림,단일로 - 기타,승용,남,48세,상해없음,보행자,남,47세,중상
2015060800100017,2015년 6월 8일 01시,월요일,충청북도 청주시 흥덕구 복대동,경상사고,0,0,1,0,차대차 - 정면충돌,신호위반,건조,맑음,교차로 - 교차로안,이륜,남,20세,경상,승용,남,49세,상해없음
2015060800100050,2015년 6월 8일 06시,월요일,충청북도 청주시 흥덕구 송절동,중상사고,0,1,0,0,차대차 - 측면직각충돌,안전거리미확보,건조,맑음,단일로 - 기타,화물,남,33세,상해없음,원동기,남,26세,중상
2015060800100067,2015년 6월 8일 07시,월요일,충청북도 제천시 고암동,경상사고,0,0,1,0,차대차 - 측면직각충돌,안전운전불이행,건조,맑음,교차로 - 교차로부근,승용,남,65세,기타불명,자전거,남,14세,경상
2015060800100104,2015년 6월 8일 08시,월요일,충청북도 청주시 상당구 용정동,경상사고,0,0,1,0,차대사람 - 횡단중,안전운전불이행,건조,맑음,교차로 - 교차로안,승용,여,26세,상해없음,보행자,여,72세,경상
2015060800100206,2015년 6월 8일 11시,월요일,충청북도 제천시 청전동,중상사고,0,1,1,0,차대사람 - 보도통행중,보행자보호의무위반,건조,맑음,단일로 - 기타,원동기,남,75세,경상,보행자,여,57세,중상
2015060800100207,2015년 6월 8일 11시,월요일,충청북도 음성군 감곡면,중상사고,0,1,1,0,차대차 - 추돌 - 진행중,교차로운행방법위반,건조,맑음,교차로 - 교차로안,화물,남,54세,중상,화물,남,56세,경상
2015060800100261,2015년 6월 8일 13시,월요일,충청북도 충주시 용산동,경상사고,0,0,1,1,차대차 - 기타,안전운전불이행,건조,맑음,교차로 - 교차로안,승용,여,50세,부상신고,승용,여,47세,경상
2015060800100262,2015년 6월 8일 13시,월요일,충청북도 충주시 앙성면,경상사고,0,0,2,0,차대차 - 기타,안전운전불이행,건조,맑음,단일로 - 기타,승합,여,41세,상해없음,화물,남,31세,경상
2015060800100263,2015년 6월 8일 13시,월요일,충청북도 제천시 명동,경상사고,0,0,1,0,차대사람 - 기타,안전운전불이행,건조,맑음,교차로 - 교차로부근,화물,남,36세,상해없음,보행자,남,42세,경상
2015060800100288,2015년 6월 8일 14시,월요일,충청북도 청주시 흥덕구 복대동,경상사고,0,0,1,0,차대차 - 측면직각충돌,안전운전불이행,건조,맑음,단일로 - 기타,원동기,남,22세,경상,승용,남,45세,상해없음