사고번호,사고일시,요일,시군구,사고내용,사망자수,중상자수,경상자수,부상신고자수,사고유형,법규위반,노면상태,기상상태,도로형태,가해운전자 차종,가해운전자 성별,가해운전자 연령,가해운전자 상해정도,피해운전자 차종,피해운전자 성별,피해운전자 연령,피해운전자 상해정도
2015060800100289,2015년 6월 8일 14시,월요일,충청북도 청주시 상당구 용암동,경상사고,0,0,1,0,차대차 - 측면직각충돌,안전거리미확보,건조,맑음,단일로 - 기타,승용,남,60세,상해없음,승용,여,38세,경상
2015060800100290,2015년 6월 8일 14시,월요일,충청북도 청주시 상당구 미원면,중상사고,0,2,0,0,차대차 - 추돌 - 주정차중,안전운전불이행,건조,맑음,단일로 - 기타,화물,남,24세,상해없음,승용,남,75세,중상
2015060800100325,2015년 6월 8일 15시,월요일,충청북도 증평군 증평읍,경상사고,0,0,1,0,차대차 - 기타,교차로운행방법위반,건조,맑음,교차로 - 교차로안,원동기,남,72세,경상,승용,여,49세,상해없음
2015060800100326,2015년 6월 8일 15시,월요일,충청북도 청주시 흥덕구 향정동,경상사고,0,0,3,0,차대차 - 정면충돌,직진우회전진행방해,건조,맑음,교차로 - 교차로부근,승용,남,49세,경상,승용,여,31세,경상
2015060800100442,2015년 6월 8일 18시,월요일,충청북도 청주시 서원구 사창동,경상사고,0,0,1,0,차대차 - 측면직각충돌,안전운전불이행,건조,맑음,단일로 - 기타,승합,남,50세,상해없음,승용,남,25세,경상
2015060800100443,2015년 6월 8일 18시,월요일,충청북도 음성군 삼성면,중상사고,0,2,0,0,차대사람 - 기타,안전운전불이행,건조,맑음,단일로 - 기타,이륜,남,76세,중상,보행자,남,7세,중상
2015060800100479,2015년 6월 8일 19시,월요일,충청북도 청주시 서원구 사직동,경상사고,0,0,1,0,차대차 - 기타,안전운전불이행,건조,맑음,단일로 - 기타,승용,남,31세,상해없음,승합,남,59세,상해없음
2015060800100506,2015년 6월 8일 20시,월요일,충청북도 제천시 의림동,경상사고,0,0,1,0,차대차 - 추돌 - 진행중,안전운전불이행,건조,맑음,교차로 - 교차로부근,승용,남,57세,상해없음,승용,남,59세,경상
2015060800100507,2015년 6월 8일 20시,월요일,충청북도 청주시 상당구 서운동,사망사고,1,0,0,0,차대사람 - 횡단중,안전운전불이행,건조,맑음,단일로 - 기타,승용,남,53세,상해없음,보행자,여,76세,사망
2015060800100533,2015년 6월 8일 21시,월요일,충청북도 음성군 음성읍,중상사고,0,1,0,0,차대사람 - 기타,안전운전불이행,건조,맑음,단일로 - 기타,승용,여,43세,상해없음,보행자,남,74세,중상
2015060800100556,2015년 6월 8일 22시,월요일,충청북도 충주시 노은면,중상사고,0,1,0,0,차량단독 - 전도전복,안전운전불이행,건조,맑음,단일로 - 기타,화물,남,51세,중상,,,,
2015060800100573,2015년 6월 8일 23시,월요일,충청북도 청주시 서원구 산남동,경상사고,0,0,1,0,차대차 - 측면직각충돌,안전운전불이행,건조,맑음,교차로 - 교차로안,승용,여,52세,경상,승용,남,26세,상해없음
2015060900100011,2015년 6월 9일 00시,화요일,충청북도 청주시 흥덕구 봉명동,중상사고,0,1,0,0,차대차 - 기타,교차로운행방법위반,건조,맑음,교차로 - 교차로안,이륜,남,25세,상해없음,자전거,남,46세,중상
2015060900100026,2015년 6월 9일 01시,화요일,충청북도 제천시 청전동,경상사고,0,0,1,0,차대차 - 측면직각충돌,직진우회전진행방해,건조,맑음,교차로 - 교차로안,승용,여,48세,상해없음,승용,여,36세,경상
2015060900100036,2015년 6월 9일 02시,화요일,충청북도 청주시 흥덕구 가경동,경상사고,0,0,2,0,차대차 - 측면직각충돌,안전운전불이행,건조,맑음,단일로 - 기타,승용,남,44세,상해없음,승용,남,41세,경상
2015060900100080,2015년 6월 9일 07시,화요일,충청북도 충주시 칠금동,중상사고,0,2,1,0,차대차 - 기타,안전운전불이행,건조,맑음,교차로 - 교차로안,승용,남,32세,경상,승용,남,60세,중상
2015060900100081,2015년 6월 9일 07시,화요일,충청북도 증평군 증평읍,중상사고,0,1,0,0,차대차 - 측면직각충돌,안전운전불이행,건조,맑음,단일로 - 기타,화물,남,57세,상해없음,승용,남,53세,중상
2015060900100122,2015년 6월 9일 08시,화요일,충청북도 음성군 감곡면,사망사고,1,0,0,0,차대차 - 측면직각충돌,안전운전불이행,건조,맑음,단일로 - 기타,이륜,남,90세 이상,사망,승용,남,26세,상해없음
2015060900100140,2015년 6월 9일 09시,화요일,충청북도 청주시 상당구 수동,중상사고,0,1,0,0,차대사람 - 보도통행중,기타,건조,맑음,단일로 - 기타,화물,남,40세,상해없음,보행자,여,78세,중상
2015060900100141,2015년 6월 9일 09시,화요일,충청북도 충주시 앙성면,경상사고,0,0,1,0,차대차 - 기타,직진우회전진행방해,건조,맑음,교차로 - 교차로안,승용,여,42세,상해없음,화물,남,46세,경상
2015060900100168,2015년 6월 9일 10시,화요일,충청북도 청주시 상당구 가덕면,부상신고사고,0,0,0,1,차대차 - 기타,안전운전불이행,건조,맑음,단일로 - 기타,이륜,남,76세,부상신고,승합,남,36세,상해없음
2015060900100193,2015년 6월 9일 11시,화요일,충청북도 충주시 교현동,경상사고,0,0,1,0,차대사람 - 기타,안전운전불이행,건조,맑음,기타 - 기타,자전거,기타불명,기타불명,기타불명,보행자,여,35세,경상
2015060900100194,2015년 6월 9일 11시,화요일,충청북도 청주시 상당구 영운동,경상사고,0,0,2,0,차대차 - 기타,안전운전불이행,건조,맑음,교차로 - 교차로부근,승용,여,65세,상해없음,이륜,여,42세,경상
2015060900100252,2015년 6월 9일 13시,화요일,충청북도 청주시 청원구 율량동,중상사고,0,1,0,0,차대사람 - 길가장자리구역통행중,안전운전불이행,건조,맑음,교차로 - 교차로부근,화물,남,54세,상해없음,보행자,남,85세,중상
2015060900100253,2015년 6월 9일 13시,화요일,충청북도 증평군 증평읍,중상사고,0,1,1,0,차대차 - 측면직각충돌,직진우회전진행방해,건조,맑음,교차로 - 교차로안,승용,남,49세,경상,승용,남,33세,중상
2015060900100287,2015년 6월 9일 14시,화요일,충청북도 충주시 교현동,경상사고,0,0,2,0,차대차 - 기타,안전운전불이행,건조,맑음,단일로 - 기타,승용,남,58세,상해없음,승합,여,49세,경상
2015060900100309,2015년 6월 9일 15시,화요일,충청북도 청주시 청원구 주성동,경상사고,0,0,1,0,차대차 - 추돌 - 주정차중,안전운전불이행,건조,맑음,교차로 - 교차로부근,화물,남,40세,상해없음,승용,남,41세,경상
2015060900100310,2015년 6월 9일 15시,화요일,충청북도 청주시 서원구 사창동,경상사고,0,0,3,0,차대차 - 측면직각충돌,교차로운행방법위반,건조,맑음,교차로 - 교차로안,승용,남,28세,경상,승용,여,35세,경상
2015060900100311,2015년 6월 9일 15시,화요일,충청북도 청주시 흥덕구 가경동,중상사고,0,1,0,0,차대사람 - 기타,안전운전불이행,건조,맑음,단일로 - 기타,승용,남,22세,상해없음,보행자,남,13세,중상
2015060900100341,2015년 6월 9일 16시,화요일,충청북도 영동군 학산면,중상사고,0,1,0,0,차량단독 - 기타,안전운전불이행,건조,맑음,교차로 - 교차로부근,원동기,남,67세,중상,,,,
2015060900100378,2015년 6월 9일 17시,화요일,충청북도 충주시 봉방동,경상사고,0,0,1,0,차대사람 - 기타,안전운전불이행,건조,맑음,단일로 - 기타,승용,여,46세,상해없음,보행자,남,6세,경상
2015060900100379,2015년 6월 9일 17시,화요일,충청북도 청주시 흥덕구 복대동,경상사고,0,0,1,0,차량단독 - 공작물충돌,안전운전불이행,건조,맑음,단일로 - 기타,이륜,남,50세,경상,,,,
2015060900100380,2015년 6월 9일 17시,화요일,충청북도 청주시 흥덕구 운천동,경상사고,0,0,1,0,차대차 - 측면직각충돌,교차로운행방법위반,건조,맑음,교차로 - 교차로안,화물,남,33세,상해없음,승용,남,47세,경상
2015060900100419,2015년 6월 9일 18시,화요일,충청북도 청주시 청원구 내덕동,경상사고,0,0,1,0,차대차 - 측면직각충돌,안전운전불이행,건조,맑음,단일로 - 기타,기타불명,기타불명,기타불명,기타불명,자전거,남,49세,경상
2015060900100420,2015년 6월 9일 18시,화요일,충청북도 충주시 용산동,경상사고,0,0,1,0,차대사람 - 기타,안전운전불이행,건조,맑음,단일로 - 기타,승용,남,35세,상해없음,보행자,여,52세,경상
2015060900100421,2015년 6월 9일 18시,화요일,충청북도 청주시 상당구 대성동,경상사고,0,0,1,0,차대차 - 기타,안전운전불이행,건조,맑음,교차로 - 교차로안,승용,여,49세,상해없음,이륜,남,32세,경상
2015060900100450,2015년 6월 9일 19시,화요일,충청북도 청주시 흥덕구 복대동,경상사고,0,0,2,0,차대차 - 측면직각충돌,직진우회전진행방해,건조,맑음,교차로 - 교차로안,승용,남,27세,경상,화물,남,63세,경상
2015060900100524,2015년 6월 9일 22시,화요일,충청북도 청주시 상당구 용정동,경상사고,0,0,2,0,차대차 - 기타,안전운전불이행,건조,맑음,교차로 - 교차로안,승용,남,24세,상해없음,승용,여,27세,경상
2015061000100043,2015년 6월 10일 03시,수요일,충청북도 청주시 흥덕구 복대동,경상사고,0,0,3,0,차대차 - 측면직각충돌,신호위반,건조,맑음,교차로 - 교차로안,승용,남,28세,상해없음,승용,남,57세,경상
2015061000100087,2015년 6월 10일 07시,수요일,충청북도 충주시 용산동,부상신고사고,0,0,0,1,차대차 - 기타,안전운전불이행,건조,맑음,교차로 - 교차로부근,원동기,남,76세,부상신고,승용,남,41세,상해없음
2015061000100088,2015년 6월 10일 07시,수요일,충청북도 제천시 강제동,경상사고,0,0,2,0,차대차 - 추돌 - 진행중,안전거리미확보,건조,맑음,단일로 - 기타,건설기계,남,61세,상해없음,승용,여,39세,경상
2015061000100115,2015년 6월 10일 08시,수요일,충청북도 제천시 동현동,경상사고,0,0,1,0,차대차 - 측면직각충돌,안전운전불이행,건조,맑음,단일로 - 기타,승용,남,64세,경상,화물,남,74세,상해없음
2015061000100116,2015년 6월 10일 08시,수요일,충청북도 진천군 광혜원면,경상사고,0,0,1,0,차대사람 - 차도통행중,안전운전불이행,건조,맑음,교차로 - 교차로부근,승용,남,66세,상해없음,보행자,남,76세,경상
2015061000100117,2015년 6월 10일 08시,수요일,충청북도 청주시 흥덕구 오송읍,중상사고,0,1,1,0,차대차 - 기타,신호위반,건조,맑음,교차로 - 교차로안,건설기계,남,55세,상해없음,승용,여,39세,경상
2015061000100118,2015년 6월 10일 08시,수요일,충청북도 청주시 상당구 용담동,경상사고,0,0,1,0,차대사람 - 기타,안전운전불이행,건조,맑음,교차로 - 교차로안,승용,남,57세,상해없음,보행자,여,23세,경상
2015061000100160,2015년 6월 10일 09시,수요일,충청북도 충주시 대소원면,중상사고,0,1,0,0,차대차 - 기타,안전운전불이행,건조,맑음,단일로 - 기타,화물,남,40세,상해없음,화물,남,49세,중상
2015061000100216,2015년 6월 10일 11시,수요일,충청북도 충주시 신니면,중상사고,0,1,0,0,차대차 - 기타,안전운전불이행,건조,맑음,단일로 - 기타,화물,남,41세,중상,화물,남,59세,상해없음
2015061000100217,2015년 6월 10일 11시,수요일,충청북도 충주시 앙성면,경상사고,0,0,1,1,차대차 - 기타,안전운전불이행,기타,맑음,교차로 - 교차로안,승용,여,59세,부상신고,승용,남,58세,경상
2015061000100251,2015년 6월 10일 12시,수요일,충청북도 음성군 감곡면,중상사고,0,1,0,0,차대차 - 측면직각충돌,안전운전불이행,건조,맑음,단일로 - 기타,이륜,남,22세,중상,승합,남,53세,상해없음
2015061000100252,2015년 6월 10일 12시,수요일,충청북도 청주시 흥덕구 복대동,중상사고,0,1,0,0,차대차 - 측면직각충돌,신호위반,건조,맑음,교차로 - 교차로안,이륜,남,33세,중상,승용,남,37세,상해없음
2015061000100298,2015년 6월 10일 14시,수요일,충청북도 충주시 문화동,경상사고,0,0,1,0,차대차 - 기타,안전운전불이행,건조,맑음,단일로 - 기타,자전거,여,20세,경상,승용,남,55세,상해없음
2015061000100299,2015년 6월 10일 14시,수요일,충청북도 청주시 상당구 남일면,경상사고,0,0,1,0,차대차 - 기타,안전운전불이행,건조,맑음,단일로 - 기타,승용,남,30세,상해없음,승용,남,61세,경상
2015061000100335,2015년 6월 10일 15시,수요일,충청북도 청주시 서원구 사직동,중상사고,0,1,0,0,차대사람 - 기타,신호위반,건조,맑음,교차로 - 교차로안,원동기,남,72세,상해없음,보행자,남,36세,중상
2015061000100360,2015년 6월 10일 16시,수요일,충청북도 충주시 안림동,경상사고,0,0,1,0,차대차 - 기타,신호위반,건조,맑음,교차로 - 교차로안,이륜,남,17세,상해없음,승용,여,43세,경상
2015061000100361,2015년 6월 10일 16시,수요일,충청북도 충주시 목행동,경상사고,0,0,1,0,차대차 - 기타,직진우회전진행방해,건조,맑음,교차로 - 교차로안,화물,남,45세,상해없음,이륜,남,21세,경상
2015061000100362,2015년 6월 10일 16시,수요일,충청북도 옥천군 옥천읍,경상사고,0,0,3,0,차대차 - 기타,안전거리미확보,건조,맑음,교차로 - 교차로부근,승용,여,47세,경상,승용,여,36세,경상
2015061000100363,2015년 6월 10일 16시,수요일,충청북도 청주시 상당구 문화동,경상사고,0,0,3,0,차대차 - 측면직각충돌,교차로운행방법위반,건조,맑음,교차로 - 교차로안,승용,남,31세,상해없음,이륜,남,41세,경상
2015061000100444,2015년 6월 10일 18시,수요일,충청북도 청주시 청원구 내덕동,중상사고,0,1,1,0,차대차 - 기타,안전운전불이행,건조,맑음,단일로 - 기타,승용,남,65세,상해없음,화물,남,43세,중상
2015061000100445,2015년 6월 10일 18시,수요일,충청북도 충주시 연수동,중상사고,0,1,0,0,차대차 - 기타,직진우회전진행방해,건조,맑음,교차로 - 교차로안,승용,남,64세,상해없음,원동기,남,17세,중상
2015061000100446,2015년 6월 10일 18시,수요일,충청북도 제천시 명동,중상사고,0,1,0,0,차대사람 - 기타,신호위반,건조,맑음,교차로 - 교차로안,승용,남,55세,상해없음,보행자,여,56세,중상
2015061000100491,2015년 6월 10일 19시,수요일,충청북도 청주시 상당구 석교동,중상사고,0,1,0,0,차대차 - 측면직각충돌,신호위반,건조,맑음,교차로 - 교차로안,승용,남,44세,상해없음,이륜,남,59세,중상
2015061000100492,2015년 6월 10일 19시,수요일,충청북도 청주시 서원구 산남동,경상사고,0,0,3,0,차대차 - 추돌 - 주정차중,안전거리미확보,건조,맑음,교차로 - 교차로부근,승용,남,26세,상해없음,승용,남,27세,경상
2015061000100516,2015년 6월 10일 20시,수요일,충청북도 충주시 대소원면,부상신고사고,0,0,0,1,차량단독 - 기타,안전운전불이행,건조,맑음,단일로 - 기타,화물,남,56세,부상신고,,,,
2015061000100547,2015년 6월 10일 21시,수요일,충청북도 증평군 증평읍,경상사고,0,0,1,0,차대차 - 추돌 - 진행중,안전운전불이행,건조,맑음,단일로 - 기타,화물,여,25세,상해없음,승용,남,45세,경상
2015061000100548,2015년 6월 10일 21시,수요일,충청북도 청주시 상당구 남문로1가동,경상사고,0,0,2,0,차대차 - 추돌 - 주정차중,안전운전불이행,건조,맑음,단일로 - 기타,승용,남,63세,상해없음,승용,남,62세,경상
2015061100100010,2015년 6월 11일 00시,목요일,충청북도 제천시 청전동,중상사고,0,1,1,0,차대차 - 기타,안전운전불이행,건조,맑음,교차로 - 교차로부근,승용,남,58세,상해없음,승용,남,49세,상해없음
2015061100100011,2015년 6월 11일 00시,목요일,충청북도 진천군 진천읍,경상사고,0,0,1,0,차대차 - 추돌 - 진행중,안전운전불이행,건조,맑음,단일로 - 기타,승용,남,52세,상해없음,승용,여,36세,경상
2015061100100028,2015년 6월 11일 01시,목요일,충청북도 충주시 앙성면,경상사고,0,0,1,0,차량단독 - 전도전복,안전운전불이행,건조,맑음,단일로 - 기타,승용,남,49세,경상,,,,
2015061100100055,2015년 6월 11일 03시,목요일,충청북도 진천군 이월면,경상사고,0,0,1,0,차량단독 - 공작물충돌,안전운전불이행,건조,맑음,교차로 - 교차로부근,승용,남,50세,경상,,,,
2015061100100083,2015년 6월 11일 06시,목요일,충청북도 충주시 칠금동,중상사고,0,3,0,0,차대차 - 기타,안전운전불이행,건조,맑음,단일로 - 기타,승용,남,26세,상해없음,승용,남,55세,중상
2015061100100084,2015년 6월 11일 06시,목요일,충청북도 충주시 앙성면,부상신고사고,0,0,0,1,차대차 - 기타,안전거리미확보,건조,맑음,단일로 - 기타,승용,남,70세,부상신고,화물,여,52세,상해없음
2015061100100131,2015년 6월 11일 08시,목요일,충청북도 청주시 청원구 오동동,경상사고,0,0,2,0,차대차 - 추돌 - 주정차중,안전운전불이행,건조,맑음,단일로 - 기타,승용,남,32세,상해없음,승용,여,41세,경상
2015061100100132,2015년 6월 11일 08시,목요일,충청북도 충주시 엄정면,중상사고,0,1,1,1,차대차 - 기타,직진우회전진행방해,건조,맑음,교차로 - 교차로안,승합,남,73세,부상신고,승용,여,52세,경상
2015061100100133,2015년 6월 11일 08시,목요일,충청북도 옥천군 옥천읍,중상사고,0,1,0,0,차대차 - 기타,중앙선침범,건조,맑음,교차로 - 교차로부근,승용,남,30세,상해없음,승합,남,41세,중상
2015061100100134,2015년 6월 11일 08시,목요일,충청북도 진천군 진천읍,중상사고,0,1,1,0,차대차 - 추돌 - 주정차중,안전운전불이행,건조,맑음,단일로 - 기타,이륜,남,33세,중상,승용,남,29세,경상
2015061100100172,2015년 6월 11일 09시,목요일,충청북도 청주시 흥덕구 봉명동,경상사고,0,0,1,0,차대차 - 추돌 - 주정차중,안전거리미확보,건조,맑음,교차로 - 교차로부근,승합,여,39세,상해없음,승용,남,53세,경상
2015061100100173,2015년 6월 11일 09시,목요일,충청북도 청주시 상당구 용암동,경상사고,0,0,1,0,차량단독 - 기타,안전운전불이행,건조,맑음,단일로 - 기타,승합,남,52세,상해없음,,,,
2015061100100195,2015년 6월 11일 10시,목요일,충청북도 청주시 서원구 미평동,중상사고,0,1,0,0,차대차 - 기타,안전거리미확보,건조,맑음,단일로 - 기타,원동기,여,59세,중상,승용,남,37세,상해없음
2015061100100253,2015년 6월 11일 12시,목요일,충청북도 청주시 상당구 용암동,경상사고,0,0,1,0,차대사람 - 기타,안전운전불이행,건조,맑음,교차로 - 교차로부근,승용,여,49세,상해없음,보행자,남,7세,경상
2015061100100280,2015년 6월 11일 13시,목요일,충청북도 청주시 서원구 남이면,중상사고,0,1,0,0,차대차 - 추돌 - 진행중,안전운전불이행,건조,맑음,단일로 - 기타,승용,남,17세,상해없음,승용,남,35세,중상
2015061100100303,2015년 6월 11일 14시,목요일,충청북도 청주시 상당구 남문로1가동,경상사고,0,0,1,0,차대사람 - 기타,안전운전불이행,건조,맑음,단일로 - 기타,화물,남,35세,상해없음,보행자,여,47세,경상
2015061100100333,2015년 6월 11일 15시,목요일,충청북도 청주시 서원구 산남동,경상사고,0,0,1,0,차대사람 - 기타,기타,건조,맑음,단일로 - 기타,자전거,남,14세,상해없음,보행자,여,18세,경상
2015061100100369,2015년 6월 11일 16시,목요일,충청북도 청주시 서원구 현도면,경상사고,0,0,1,0,차대사람 - 기타,안전운전불이행,건조,맑음,단일로 - 기타,화물,남,56세,상해없음,보행자,남,52세,경상
2015061100100371,2015년 6월 11일 16시,목요일,충청북도 청주시 흥덕구 강내면,경상사고,0,0,1,0,차대차 - 기타,안전거리미확보,건조,맑음,단일로 - 기타,승용,남,26세,경상,승용,여,54세,기타불명
2015061100100398,2015년 6월 11일 17시,목요일,충청북도 충주시 문화동,경상사고,0,0,1,0,차대차 - 기타,안전운전불이행,건조,맑음,단일로 - 기타,화물,남,58세,상해없음,승용,남,57세,경상
2015061100100399,2015년 6월 11일 17시,목요일,충청북도 음성군 대소면,중상사고,0,1,1,0,차대차 - 기타,안전운전불이행,건조,맑음,단일로 - 기타,승합,남,46세,상해없음,원동기,남,67세,중상
2015061100100400,2015년 6월 11일 17시,목요일,충청북도 청주시 흥덕구 비하동,중상사고,0,1,0,0,차대차 - 기타,안전운전불이행,건조,맑음,단일로 - 횡단보도상,승용,여,40세,상해없음,자전거,남,56세,중상
2015061100100434,2015년 6월 11일 18시,목요일,충청북도 청주시 흥덕구 오송읍,경상사고,0,0,2,0,차대차 - 기타,안전운전불이행,건조,맑음,교차로 - 교차로안,화물,남,34세,상해없음,승용,남,27세,경상
2015061100100435,2015년 6월 11일 18시,목요일,충청북도 청주시 서원구 미평동,경상사고,0,0,2,0,차대차 - 기타,안전운전불이행,건조,맑음,단일로 - 기타,승용,여,27세,경상,승용,남,33세,경상
2015061100100469,2015년 6월 11일 19시,목요일,충청북도 제천시 청전동,경상사고,0,0,2,0,차대차 - 측면직각충돌,직진우회전진행방해,건조,맑음,교차로 - 교차로안,승용,남,21세,기타불명,승용,남,40세,경상
2015061100100470,2015년 6월 11일 19시,목요일,충청북도 제천시 덕산면,경상사고,0,0,2,0,차대차 - 측면직각충돌,중앙선침범,건조,맑음,단일로 - 기타,화물,여,63세,상해없음,승용,남,46세,경상
2015061100100471,2015년 6월 11일 19시,목요일,충청북도 청주시 흥덕구 봉명동,경상사고,0,0,1,0,차대차 - 측면직각충돌,안전운전불이행,건조,맑음,단일로 - 기타,승용,여,33세,상해없음,승용,남,31세,경상
2015061100100510,2015년 6월 11일 20시,목요일,충청북도 청주시 흥덕구 복대동,경상사고,0,0,1,0,차대차 - 추돌 - 진행중,안전운전불이행,건조,맑음,단일로 - 기타,승용,남,57세,기타불명,승용,남,34세,경상
2015061100100542,2015년 6월 11일 21시,목요일,충청북도 청주시 흥덕구 비하동,경상사고,0,0,1,0,차대차 - 기타,기타,습기,비,단일로 - 기타,승용,남,54세,상해없음,원동기,여,64세,경상
2015061100100543,2015년 6월 11일 21시,목요일,충청북도 청주시 흥덕구 비하동,경상사고,0,0,1,0,차대차 - 측면직각충돌,안전거리미확보,건조,맑음,단일로 - 기타,화물,남,34세,상해없음,승용,여,24세,경상
2015061100100583,2015년 6월 11일 22시,목요일,충청북도 청주시 서원구 모충동,중상사고,0,1,1,0,차대차 - 기타,안전운전불이행,습기,비,교차로 - 교차로안,승용,남,59세,상해없음,자전거,남,46세,중상
2015061100100584,2015년 6월 11일 22시,목요일,충청북도 보은군 회인면,중상사고,0,1,0,0,차대차 - 추돌 - 주정차중,안전거리미확보,건조,맑음,단일로 - 기타,화물,남,22세,중상,화물,남,58세,상해없음
2015061100100621,2015년 6월 11일 23시,목요일,충청북도 청주시 흥덕구 신봉동,경상사고,0,0,2,0,차대차 - 추돌 - 주정차중,안전운전불이행,습기,흐림,단일로 - 기타,승용,남,56세,상해없음,승용,남,40세,경상
2015061200100019,2015년 6월 12일 00시,금요일,충청북도 청주시 흥덕구 향정동,경상사고,0,0,1,0,차대차 - 기타,안전거리미확보,습기,비,단일로 - 기타,이륜,남,53세,상해없음,승용,남,55세,경상
2015061200100090,2015년 6월 12일 06시,금요일,충청북도 청주시 서원구 사직동,경상사고,0,0,1,0,차대차 - 기타,중앙선침범,건조,맑음,단일로 - 기타,승합,여,49세,상해없음,승용,남,59세,경상
2015061200100135,2015년 6월 12일 08시,금요일,충청북도 청주시 청원구 오동동,경상사고,0,0,1,0,차대차 - 추돌 - 주정차중,안전운전불이행,건조,맑음,단일로 - 기타,승용,여,21세,상해없음,승용,남,19세,경상
2015061200100136,2015년 6월 12일 08시,금요일,충청북도 옥천군 옥천읍,경상사고,0,0,1,0,차대차 - 기타,안전운전불이행,건조,맑음,단일로 - 기타,승합,남,50세,상해없음,승용,남,34세,경상
2015061200100137,2015년 6월 12일 08시,금요일,충청북도 청주시 흥덕구 휴암동,경상사고,0,0,2,0,차대차 - 측면직각충돌,신호위반,건조,맑음,교차로 - 교차로부근,승합,남,45세,경상,승합,남,34세,경상
2015061200100166,2015년 6월 12일 09시,금요일,충청북도 청주시 서원구 개신동,경상사고,0,0,3,0,차대차 - 추돌 - 진행중,안전거리미확보,건조,맑음,단일로 - 기타,화물,남,45세,상해없음,승용,남,40세,경상
2015061200100187,2015년 6월 12일 10시,금요일,충청북도 청주시 청원구 오창읍,경상사고,0,0,1,0,차대차 - 측면직각충돌,신호위반,건조,맑음,교차로 - 교차로안,자전거,남,82세,경상,승용,여,33세,상해없음
2015061200100210,2015년 6월 12일 11시,금요일,충청북도 음성군 맹동면,중상사고,0,1,0,0,차대차 - 기타,중앙선침범,건조,맑음,단일로 - 기타,화물,남,50세,상해없음,화물,남,68세,중상
2015061200100211,2015년 6월 12일 11시,금요일,충청북도 옥천군 이원면,중상사고,0,1,0,0,차대차 - 기타,중앙선침범,건조,맑음,단일로 - 기타,화물,남,48세,상해없음,화물,남,50세,중상
2015061200100226,2015년 6월 12일 12시,금요일,충청북도 증평군 증평읍,경상사고,0,0,1,0,차대차 - 측면직각충돌,직진우회전진행방해,건조,맑음,교차로 - 교차로안,승용,남,48세,상해없음,승합,남,74세,상해없음
2015061200100259,2015년 6월 12일 13시,금요일,충청북도 진천군 광혜원면,중상사고,0,1,0,0,차대사람 - 보도통행중,기타,건조,맑음,교차로 - 교차로안,승용,여,50세,상해없음,보행자,남,28세,중상
2015061200100260,2015년 6월 12일 13시,금요일,충청북도 청주시 서원구 분평동,경상사고,0,0,1,0,차대차 - 추돌 - 진행중,안전거리미확보,건조,맑음,단일로 - 기타,화물,남,40세,상해없음,승용,여,30세,경상
2015061200100280,2015년 6월 12일 14시,금요일,충청북도 청주시 청원구 북이면,부상신고사고,0,0,0,1,차대차 - 추돌 - 주정차중,안전운전불이행,건조,맑음,단일로 - 기타,승용,여,22세,부상신고,건설기계,남,39세,상해없음
2015061200100281,2015년 6월 12일 14시,금요일,충청북도 청주시 상당구 낭성면,경상사고,0,0,1,0,차대차 - 기타,중앙선침범,건조,맑음,교차로 - 교차로부근,승용,남,30세,상해없음,화물,남,62세,경상
2015061200100315,2015년 6월 12일 15시,금요일,충청북도 청주시 흥덕구 가경동,경상사고,0,0,1,0,차대차 - 측면직각충돌,교차로운행방법위반,건조,맑음,교차로 - 교차로안,승용,여,50세,상해없음,승용,여,50세,경상
2015061200100348,2015년 6월 12일 16시,금요일,충청북도 충주시 용관동,경상사고,0,0,3,0,차대차 - 기타,안전운전불이행,건조,맑음,단일로 - 기타,승용,남,26세,상해없음,화물,남,57세,경상
2015061200100349,2015년 6월 12일 16시,금요일,충청북도 음성군 맹동면,중상사고,0,1,0,0,차대사람 - 기타,보행자보호의무위반,건조,맑음,교차로 - 교차로안,승용,남,52세,상해없음,보행자,여,50세,중상
2015061200100350,2015년 6월 12일 16시,금요일,충청북도 청주시 서원구 현도면,경상사고,0,0,1,0,차대차 - 측면직각충돌,과속,건조,맑음,단일로 - 기타,화물,남,22세,상해없음,승합,남,48세,경상
2015061200100385,2015년 6월 12일 17시,금요일,충청북도 제천시 서부동,경상사고,0,0,1,0,차대차 - 추돌 - 주정차중,안전운전불이행,건조,맑음,단일로 - 기타,화물,남,62세,상해없음,승용,남,51세,경상
2015061200100386,2015년 6월 12일 17시,금요일,충청북도 제천시 청전동,경상사고,0,0,1,0,차대차 - 측면직각충돌,안전거리미확보,건조,맑음,교차로 - 교차로부근,화물,남,56세,상해없음,승용,여,49세,경상
2015061200100474,2015년 6월 12일 19시,금요일,충청북도 청주시 서원구 사창동,경상사고,0,0,1,0,차량단독 - 기타,안전운전불이행,건조,맑음,단일로 - 기타,승합,남,61세,상해없음,,,,
2015061200100475,2015년 6월 12일 19시,금요일,충청북도 청주시 청원구 율량동,경상사고,0,0,2,0,차대차 - 측면직각충돌,안전운전불이행,건조,맑음,단일로 - 기타,화물,남,49세,상해없음,승용,여,59세,경상