사고번호,사고일시,요일,시군구,사고내용,사망자수,중상자수,경상자수,부상신고자수,사고유형,법규위반,노면상태,기상상태,도로형태,가해운전자 차종,가해운전자 성별,가해운전자 연령,가해운전자 상해정도,피해운전자 차종,피해운전자 성별,피해운전자 연령,피해운전자 상해정도
2015061200100476,2015년 6월 12일 19시,금요일,충청북도 제천시 강제동,중상사고,0,1,0,0,차대차 - 측면직각충돌,과속,건조,맑음,단일로 - 기타,화물,남,53세,상해없음,자전거,남,61세,중상
2015061200100522,2015년 6월 12일 20시,금요일,충청북도 제천시 봉양읍,경상사고,0,0,1,0,차대차 - 추돌 - 진행중,안전운전불이행,건조,맑음,교차로 - 교차로안,승용,남,55세,상해없음,승용,남,30세,경상
2015061200100523,2015년 6월 12일 20시,금요일,충청북도 청주시 흥덕구 가경동,중상사고,0,1,0,0,차대차 - 측면직각충돌,교차로운행방법위반,건조,맑음,교차로 - 교차로안,승용,남,21세,상해없음,자전거,남,84세,중상
2015061200100524,2015년 6월 12일 20시,금요일,충청북도 청주시 흥덕구 옥산면,경상사고,0,0,1,0,차대사람 - 횡단중,보행자보호의무위반,건조,맑음,단일로 - 횡단보도상,승용,여,33세,상해없음,보행자,남,25세,경상
2015061200100553,2015년 6월 12일 21시,금요일,충청북도 청주시 흥덕구 운천동,경상사고,0,0,1,0,차대사람 - 기타,안전운전불이행,건조,맑음,기타 - 기타,자전거,남,14세,상해없음,보행자,여,56세,경상
2015061200100625,2015년 6월 12일 23시,금요일,충청북도 제천시 봉양읍,중상사고,0,1,0,0,차대차 - 추돌 - 진행중,안전운전불이행,건조,맑음,단일로 - 기타,화물,남,40세,상해없음,건설기계,남,57세,중상
2015061300100011,2015년 6월 13일 00시,토요일,충청북도 청주시 흥덕구 복대동,중상사고,0,1,0,0,차대차 - 측면직각충돌,중앙선침범,건조,맑음,교차로 - 교차로부근,승용,남,49세,상해없음,이륜,남,24세,중상
2015061300100075,2015년 6월 13일 02시,토요일,충청북도 진천군 광혜원면,중상사고,0,1,0,0,차대사람 - 횡단중,신호위반,건조,기타,교차로 - 교차로안,승용,남,57세,상해없음,보행자,여,11세,중상
2015061300100076,2015년 6월 13일 02시,토요일,충청북도 청주시 서원구 분평동,중상사고,0,1,0,0,차대차 - 기타,안전운전불이행,건조,맑음,교차로 - 교차로안,승용,남,28세,상해없음,승용,남,64세,중상
2015061300100091,2015년 6월 13일 03시,토요일,충청북도 제천시 명동,중상사고,0,1,0,0,차대차 - 측면직각충돌,안전거리미확보,습기,비,교차로 - 교차로부근,승용,남,28세,기타불명,승용,남,56세,중상
2015061300100101,2015년 6월 13일 04시,토요일,충청북도 청주시 서원구 사창동,중상사고,0,1,0,0,차대사람 - 횡단중,안전운전불이행,건조,맑음,교차로 - 교차로안,승용,남,71세,상해없음,보행자,남,26세,중상
2015061300100102,2015년 6월 13일 04시,토요일,충청북도 청주시 흥덕구 가경동,중상사고,0,1,0,0,차대차 - 측면직각충돌,안전운전불이행,건조,맑음,교차로 - 교차로부근,승용,남,44세,상해없음,승용,남,29세,중상
2015061300100183,2015년 6월 13일 09시,토요일,충청북도 충주시 칠금동,중상사고,0,1,1,0,차대차 - 기타,안전거리미확보,건조,맑음,교차로 - 교차로부근,승용,남,52세,경상,승용,남,69세,중상
2015061300100184,2015년 6월 13일 09시,토요일,충청북도 청주시 서원구 개신동,경상사고,0,0,1,0,차대차 - 기타,기타,건조,맑음,단일로 - 기타,승용,여,25세,상해없음,승용,남,28세,상해없음
2015061300100185,2015년 6월 13일 09시,토요일,충청북도 충주시 중앙탑면,경상사고,0,0,6,0,차대차 - 기타,안전운전불이행,건조,맑음,단일로 - 기타,승용,남,47세,경상,승용,남,31세,경상
2015061300100206,2015년 6월 13일 10시,토요일,충청북도 청주시 흥덕구 강내면,중상사고,0,1,0,0,차대차 - 기타,안전운전불이행,건조,맑음,교차로 - 교차로부근,화물,남,38세,상해없음,농기계,남,74세,중상
2015061300100207,2015년 6월 13일 10시,토요일,충청북도 청주시 상당구 용정동,경상사고,0,0,2,0,차대차 - 측면직각충돌,교차로운행방법위반,건조,맑음,교차로 - 교차로안,승용,남,33세,경상,승용,여,55세,경상
2015061300100233,2015년 6월 13일 11시,토요일,충청북도 진천군 진천읍,경상사고,0,0,1,0,차대차 - 추돌 - 진행중,교차로운행방법위반,건조,맑음,교차로 - 교차로부근,승용,여,54세,상해없음,승용,여,58세,경상
2015061300100268,2015년 6월 13일 12시,토요일,충청북도 청주시 청원구 오창읍,중상사고,0,1,0,0,차대차 - 추돌 - 진행중,안전운전불이행,건조,맑음,단일로 - 기타,이륜,남,19세,중상,화물,남,36세,상해없음
2015061300100269,2015년 6월 13일 12시,토요일,충청북도 청주시 서원구 사직동,경상사고,0,0,1,0,차대차 - 측면직각충돌,교차로운행방법위반,건조,맑음,교차로 - 교차로안,승용,남,60세,상해없음,승용,여,52세,경상
2015061300100297,2015년 6월 13일 13시,토요일,충청북도 괴산군 청천면,경상사고,0,0,1,0,차대차 - 추돌 - 진행중,안전운전불이행,건조,맑음,단일로 - 기타,승용,남,21세,상해없음,이륜,여,72세,경상
2015061300100324,2015년 6월 13일 14시,토요일,충청북도 청주시 청원구 율량동,중상사고,0,1,2,0,차대차 - 측면직각충돌,안전운전불이행,건조,맑음,교차로 - 교차로부근,이륜,남,54세,상해없음,이륜,남,40세,중상
2015061300100325,2015년 6월 13일 14시,토요일,충청북도 충주시 살미면,경상사고,0,0,3,0,차대차 - 추돌 - 진행중,중앙선침범,건조,맑음,단일로 - 기타,승용,여,49세,상해없음,승용,남,37세,경상
2015061300100326,2015년 6월 13일 14시,토요일,충청북도 청주시 흥덕구 지동동,경상사고,0,0,1,0,차대차 - 측면직각충돌,차로위반,건조,맑음,단일로 - 기타,건설기계,남,53세,상해없음,승용,남,34세,경상
2015061300100352,2015년 6월 13일 15시,토요일,충청북도 청주시 서원구 사창동,경상사고,0,0,1,0,차대차 - 기타,불법유턴,건조,맑음,단일로 - 기타,승용,남,49세,상해없음,승용,남,50세,경상
2015061300100353,2015년 6월 13일 15시,토요일,충청북도 제천시 하소동,경상사고,0,0,1,0,차대사람 - 기타,안전운전불이행,건조,맑음,교차로 - 교차로안,승용,남,55세,상해없음,보행자,여,75세,경상
2015061300100354,2015년 6월 13일 15시,토요일,충청북도 음성군 대소면,중상사고,0,1,1,0,차대차 - 기타,교차로운행방법위반,건조,맑음,교차로 - 교차로안,승합,남,36세,경상,승용,남,41세,중상
2015061300100395,2015년 6월 13일 16시,토요일,충청북도 충주시 칠금동,경상사고,0,0,1,0,차대차 - 기타,안전운전불이행,건조,맑음,단일로 - 기타,승용,남,57세,상해없음,승용,남,56세,경상
2015061300100396,2015년 6월 13일 16시,토요일,충청북도 음성군 맹동면,중상사고,0,1,1,0,차대차 - 기타,안전운전불이행,건조,맑음,교차로 - 교차로부근,승용,여,33세,상해없음,승용,남,39세,경상
2015061300100397,2015년 6월 13일 16시,토요일,충청북도 단양군 매포읍,경상사고,0,0,1,0,차대차 - 기타,중앙선침범,건조,맑음,교차로 - 교차로안,승용,남,47세,상해없음,승용,남,44세,경상
2015061300100448,2015년 6월 13일 17시,토요일,충청북도 제천시 강제동,중상사고,0,1,1,0,차대차 - 추돌 - 진행중,안전운전불이행,건조,맑음,단일로 - 기타,화물,여,34세,상해없음,승용,남,58세,중상
2015061300100449,2015년 6월 13일 17시,토요일,충청북도 보은군 회남면,사망사고,1,0,0,0,차대차 - 추돌 - 진행중,안전운전불이행,건조,맑음,교차로 - 교차로안,화물,남,48세,상해없음,이륜,남,32세,사망
2015061300100450,2015년 6월 13일 17시,토요일,충청북도 진천군 백곡면,중상사고,0,1,0,0,차대차 - 측면직각충돌,안전운전불이행,건조,맑음,기타 - 기타,승용,남,52세,상해없음,기타불명,여,22세,중상
2015061300100485,2015년 6월 13일 18시,토요일,충청북도 청주시 청원구 율량동,경상사고,0,0,3,0,차대차 - 기타,안전운전불이행,건조,맑음,단일로 - 기타,승용,남,51세,경상,승용,남,31세,경상
2015061300100486,2015년 6월 13일 18시,토요일,충청북도 괴산군 청천면,중상사고,0,3,1,1,차대차 - 측면직각충돌,직진우회전진행방해,건조,맑음,교차로 - 교차로안,승용,남,30세,중상,승용,남,27세,중상
2015061300100521,2015년 6월 13일 19시,토요일,충청북도 청주시 흥덕구 비하동,경상사고,0,0,1,0,차대차 - 측면직각충돌,중앙선침범,건조,맑음,교차로 - 교차로부근,승용,남,60세,상해없음,이륜,남,17세,경상
2015061300100545,2015년 6월 13일 20시,토요일,충청북도 충주시 문화동,경상사고,0,0,1,0,차대차 - 추돌 - 진행중,안전운전불이행,건조,맑음,교차로 - 교차로부근,화물,남,59세,상해없음,화물,남,47세,경상
2015061300100612,2015년 6월 13일 22시,토요일,충청북도 충주시 연수동,경상사고,0,0,1,1,차대차 - 추돌 - 진행중,안전운전불이행,건조,맑음,교차로 - 교차로부근,원동기,남,19세,부상신고,자전거,남,14세,경상
2015061300100613,2015년 6월 13일 22시,토요일,충청북도 제천시 교동,중상사고,0,1,0,0,차대사람 - 기타,안전운전불이행,건조,맑음,단일로 - 기타,승용,남,57세,상해없음,보행자,남,59세,중상
2015061300100650,2015년 6월 13일 23시,토요일,충청북도 제천시 하소동,경상사고,0,0,2,0,차대차 - 추돌 - 진행중,안전거리미확보,건조,맑음,단일로 - 기타,승용,여,21세,상해없음,승용,남,43세,경상
2015061300100651,2015년 6월 13일 23시,토요일,충청북도 음성군 대소면,중상사고,0,1,0,0,차대사람 - 기타,안전운전불이행,건조,맑음,교차로 - 교차로안,승용,남,50세,상해없음,보행자,남,49세,중상
2015061300100652,2015년 6월 13일 23시,토요일,충청북도 청주시 흥덕구 복대동,중상사고,0,2,0,0,차대차 - 측면직각충돌,안전거리미확보,건조,맑음,단일로 - 기타,승용,남,44세,상해없음,원동기,남,34세,중상
2015061400100089,2015년 6월 14일 04시,일요일,충청북도 청주시 흥덕구 복대동,중상사고,0,1,4,0,차대차 - 측면직각충돌,신호위반,건조,맑음,교차로 - 교차로안,승용,남,30세,상해없음,승용,남,62세,중상
2015061400100090,2015년 6월 14일 04시,일요일,충청북도 청주시 서원구 수곡동,중상사고,0,1,0,0,차대사람 - 횡단중,보행자보호의무위반,건조,맑음,교차로 - 교차로안,승용,남,50세,상해없음,보행자,여,75세,중상
2015061400100108,2015년 6월 14일 05시,일요일,충청북도 청주시 흥덕구 가경동,경상사고,0,0,1,0,차대차 - 측면직각충돌,교차로운행방법위반,건조,맑음,교차로 - 교차로안,승용,남,60세,상해없음,승용,남,45세,상해없음
2015061400100164,2015년 6월 14일 09시,일요일,충청북도 충주시 칠금동,중상사고,0,1,1,0,차대차 - 기타,안전운전불이행,건조,맑음,교차로 - 교차로안,승용,여,59세,상해없음,승용,남,60세,중상
2015061400100165,2015년 6월 14일 09시,일요일,충청북도 제천시 송학면,경상사고,0,0,1,0,차대차 - 기타,안전거리미확보,건조,맑음,기타 - 기타,승용,남,68세,상해없음,자전거,남,45세,경상
2015061400100185,2015년 6월 14일 10시,일요일,충청북도 충주시 성서동,경상사고,0,0,3,0,차대차 - 기타,안전운전불이행,건조,맑음,교차로 - 교차로안,승용,여,63세,상해없음,승용,여,54세,경상
2015061400100186,2015년 6월 14일 10시,일요일,충청북도 보은군 내북면,경상사고,0,0,1,0,차대차 - 측면직각충돌,안전운전불이행,건조,맑음,단일로 - 기타,원동기,남,72세,상해없음,원동기,남,79세,경상
2015061400100225,2015년 6월 14일 12시,일요일,충청북도 진천군 광혜원면,부상신고사고,0,0,0,1,차대차 - 정면충돌,안전운전불이행,건조,맑음,교차로 - 교차로부근,원동기,남,36세,부상신고,승용,남,72세,상해없음
2015061400100250,2015년 6월 14일 13시,일요일,충청북도 옥천군 이원면,중상사고,0,1,0,0,차량단독 - 기타,안전운전불이행,건조,맑음,단일로 - 기타,승용,남,76세,중상,,,,
2015061400100251,2015년 6월 14일 13시,일요일,충청북도 청주시 흥덕구 오송읍,경상사고,0,0,4,0,차대차 - 정면충돌,신호위반,건조,맑음,교차로 - 교차로안,승용,남,62세,상해없음,승용,남,34세,경상
2015061400100276,2015년 6월 14일 14시,일요일,충청북도 음성군 대소면,경상사고,0,0,1,0,차대차 - 추돌 - 주정차중,안전운전불이행,건조,맑음,교차로 - 교차로부근,승용,남,41세,상해없음,승용,남,34세,경상
2015061400100297,2015년 6월 14일 15시,일요일,충청북도 충주시 문화동,경상사고,0,0,2,1,차대차 - 기타,차로위반,건조,맑음,교차로 - 교차로부근,이륜,남,76세,부상신고,승용,남,33세,경상
2015061400100327,2015년 6월 14일 16시,일요일,충청북도 충주시 교현동,중상사고,0,1,0,0,차대차 - 기타,안전운전불이행,건조,맑음,단일로 - 기타,승용,남,54세,상해없음,자전거,남,77세,중상
2015061400100328,2015년 6월 14일 16시,일요일,충청북도 제천시 청전동,중상사고,0,1,2,0,차대차 - 측면직각충돌,직진우회전진행방해,건조,맑음,교차로 - 교차로안,승용,남,52세,상해없음,승용,여,48세,중상
2015061400100357,2015년 6월 14일 17시,일요일,충청북도 청주시 청원구 율량동,경상사고,0,0,1,0,차대차 - 기타,안전운전불이행,건조,맑음,단일로 - 기타,승용,남,74세,상해없음,승용,남,27세,경상
2015061400100358,2015년 6월 14일 17시,일요일,충청북도 증평군 증평읍,중상사고,0,1,0,0,차대차 - 기타,기타,건조,맑음,교차로 - 교차로부근,승용,여,35세,상해없음,원동기,남,65세,중상
2015061400100359,2015년 6월 14일 17시,일요일,충청북도 청주시 서원구 개신동,중상사고,0,1,0,0,차대차 - 정면충돌,안전운전불이행,건조,맑음,교차로 - 교차로부근,승용,남,31세,상해없음,이륜,남,20세,중상
2015061400100426,2015년 6월 14일 19시,일요일,충청북도 청주시 청원구 내수읍,중상사고,0,1,0,0,차량단독 - 공작물충돌,안전운전불이행,건조,맑음,단일로 - 기타,승용,남,44세,중상,,,,
2015061400100427,2015년 6월 14일 19시,일요일,충청북도 청주시 청원구 내덕동,경상사고,0,0,3,0,차대차 - 기타,안전운전불이행,건조,맑음,교차로 - 교차로부근,승용,남,26세,상해없음,승용,남,39세,경상
2015061400100428,2015년 6월 14일 19시,일요일,충청북도 괴산군 청천면,경상사고,0,0,1,0,차대차 - 정면충돌,중앙선침범,건조,맑음,단일로 - 기타,승용,남,50세,상해없음,승용,남,46세,경상
2015061400100429,2015년 6월 14일 19시,일요일,충청북도 청주시 흥덕구 복대동,경상사고,0,0,1,0,차대차 - 추돌 - 진행중,중앙선침범,건조,맑음,단일로 - 기타,승용,남,31세,상해없음,이륜,남,22세,경상
2015061400100490,2015년 6월 14일 21시,일요일,충청북도 청주시 청원구 내덕동,중상사고,0,1,0,0,차대차 - 기타,교차로운행방법위반,건조,맑음,교차로 - 교차로안,승용,남,56세,상해없음,이륜,남,18세,중상
2015061400100491,2015년 6월 14일 21시,일요일,충청북도 충주시 성서동,부상신고사고,0,0,0,1,차대차 - 기타,안전운전불이행,건조,맑음,단일로 - 기타,이륜,남,19세,부상신고,승용,남,39세,상해없음
2015061400100492,2015년 6월 14일 21시,일요일,충청북도 청주시 서원구 수곡동,경상사고,0,0,2,0,차대차 - 측면직각충돌,안전운전불이행,건조,맑음,단일로 - 기타,승용,남,74세,상해없음,승용,남,55세,경상
2015061400100540,2015년 6월 14일 23시,일요일,충청북도 청주시 청원구 내덕동,경상사고,0,0,1,0,차대차 - 기타,교차로운행방법위반,건조,맑음,교차로 - 교차로안,승용,남,52세,상해없음,자전거,남,23세,경상
2015061500100048,2015년 6월 15일 06시,월요일,충청북도 청주시 상당구 석교동,경상사고,0,0,1,0,차대사람 - 기타,안전운전불이행,건조,맑음,교차로 - 교차로안,승합,남,48세,상해없음,보행자,여,15세,경상
2015061500100062,2015년 6월 15일 07시,월요일,충청북도 청주시 서원구 사창동,경상사고,0,0,3,0,차대차 - 추돌 - 진행중,안전운전불이행,건조,맑음,교차로 - 교차로안,승용,남,27세,상해없음,승용,여,47세,경상
2015061500100063,2015년 6월 15일 07시,월요일,충청북도 진천군 광혜원면,중상사고,0,1,0,0,차대차 - 측면직각충돌,직진우회전진행방해,건조,맑음,교차로 - 교차로안,승용,여,53세,상해없음,원동기,남,72세,중상
2015061500100117,2015년 6월 15일 08시,월요일,충청북도 음성군 대소면,중상사고,0,1,1,0,차대차 - 기타,교차로운행방법위반,건조,맑음,교차로 - 교차로안,승용,여,48세,중상,승합,남,60세,경상
2015061500100118,2015년 6월 15일 08시,월요일,충청북도 진천군 문백면,경상사고,0,0,1,0,차대차 - 측면직각충돌,안전운전불이행,건조,맑음,단일로 - 기타,승용,남,25세,상해없음,농기계,남,70세,경상
2015061500100208,2015년 6월 15일 11시,월요일,충청북도 옥천군 옥천읍,중상사고,0,1,0,0,차량단독 - 공작물충돌,안전운전불이행,건조,맑음,교차로 - 교차로안,화물,남,53세,상해없음,,,,
2015061500100229,2015년 6월 15일 12시,월요일,충청북도 청주시 상당구 북문로1가동,경상사고,0,0,1,0,차대사람 - 기타,안전운전불이행,건조,맑음,단일로 - 기타,승용,여,48세,상해없음,보행자,여,19세,경상
2015061500100249,2015년 6월 15일 13시,월요일,충청북도 괴산군 연풍면,중상사고,0,2,0,0,차대차 - 기타,기타,건조,맑음,단일로 - 기타,기타불명,기타불명,기타불명,기타불명,승용,여,52세,중상
2015061500100317,2015년 6월 15일 15시,월요일,충청북도 충주시 교현동,경상사고,0,0,1,0,차대차 - 기타,안전거리미확보,건조,맑음,단일로 - 기타,승용,남,51세,상해없음,승용,여,60세,경상
2015061500100318,2015년 6월 15일 15시,월요일,충청북도 제천시 봉양읍,중상사고,0,1,0,0,차대차 - 기타,중앙선침범,건조,맑음,교차로 - 교차로부근,자전거,남,72세,중상,화물,남,44세,상해없음
2015061500100385,2015년 6월 15일 17시,월요일,충청북도 충주시 연수동,부상신고사고,0,0,0,1,차대차 - 측면직각충돌,안전운전불이행,건조,맑음,교차로 - 교차로안,자전거,남,12세,부상신고,승용,여,37세,상해없음
2015061500100386,2015년 6월 15일 17시,월요일,충청북도 제천시 왕암동,경상사고,0,0,1,0,차대차 - 추돌 - 진행중,직진우회전진행방해,건조,맑음,교차로 - 교차로안,화물,남,37세,상해없음,승용,남,59세,경상
2015061500100417,2015년 6월 15일 18시,월요일,충청북도 충주시 연수동,경상사고,0,0,2,0,차대차 - 측면직각충돌,안전운전불이행,건조,맑음,교차로 - 교차로부근,화물,남,61세,상해없음,화물,남,43세,경상
2015061500100418,2015년 6월 15일 18시,월요일,충청북도 제천시 송학면,경상사고,0,0,1,0,차대차 - 기타,안전운전불이행,건조,맑음,기타 - 기타,승용,여,45세,상해없음,승용,남,23세,경상
2015061500100474,2015년 6월 15일 20시,월요일,충청북도 영동군 용산면,중상사고,0,1,0,0,차대사람 - 기타,안전운전불이행,건조,맑음,단일로 - 기타,승용,남,45세,상해없음,보행자,남,51세,중상
2015061600100013,2015년 6월 16일 00시,화요일,충청북도 청주시 흥덕구 복대동,중상사고,0,1,0,0,차대차 - 기타,신호위반,건조,맑음,교차로 - 교차로안,승용,여,40세,상해없음,승용,남,58세,중상
2015061600100138,2015년 6월 16일 09시,화요일,충청북도 진천군 진천읍,경상사고,0,0,1,0,차대차 - 추돌 - 진행중,안전운전불이행,건조,맑음,기타 - 기타,승용,남,28세,상해없음,승용,여,20세,경상
2015061600100164,2015년 6월 16일 10시,화요일,충청북도 제천시 고암동,경상사고,0,0,1,0,차대차 - 기타,안전운전불이행,건조,맑음,단일로 - 기타,농기계,남,58세,경상,건설기계,남,61세,상해없음
2015061600100224,2015년 6월 16일 12시,화요일,충청북도 옥천군 옥천읍,중상사고,0,2,0,0,차대차 - 기타,안전운전불이행,건조,맑음,교차로 - 교차로부근,화물,남,48세,상해없음,승용,남,28세,중상
2015061600100247,2015년 6월 16일 13시,화요일,충청북도 충주시 용산동,중상사고,0,1,0,0,차대차 - 기타,직진우회전진행방해,건조,맑음,교차로 - 교차로안,화물,남,60세,상해없음,이륜,남,49세,중상
2015061600100248,2015년 6월 16일 13시,화요일,충청북도 괴산군 청천면,경상사고,0,0,4,1,차대차 - 정면충돌,안전운전불이행,건조,맑음,교차로 - 교차로안,승용,남,19세,부상신고,승용,남,53세,경상
2015061600100249,2015년 6월 16일 13시,화요일,충청북도 청주시 상당구 서문동,경상사고,0,0,4,0,차대차 - 추돌 - 진행중,교차로운행방법위반,건조,맑음,교차로 - 교차로안,승용,여,55세,상해없음,승용,남,28세,경상
2015061600100275,2015년 6월 16일 14시,화요일,충청북도 음성군 감곡면,경상사고,0,0,1,0,차대사람 - 길가장자리구역통행중,안전운전불이행,건조,맑음,단일로 - 기타,승용,남,45세,상해없음,보행자,남,9세,경상
2015061600100276,2015년 6월 16일 14시,화요일,충청북도 청주시 상당구 석교동,경상사고,0,0,1,0,차대차 - 기타,안전운전불이행,건조,맑음,교차로 - 교차로부근,화물,남,50세,상해없음,승용,남,59세,상해없음
2015061600100308,2015년 6월 16일 15시,화요일,충청북도 음성군 대소면,경상사고,0,0,1,0,차대차 - 측면직각충돌,안전운전불이행,건조,맑음,교차로 - 교차로부근,화물,남,31세,상해없음,화물,남,50세,경상
2015061600100309,2015년 6월 16일 15시,화요일,충청북도 청주시 서원구 모충동,경상사고,0,0,1,0,차대사람 - 기타,안전운전불이행,건조,맑음,단일로 - 기타,승용,남,47세,상해없음,보행자,남,37세,경상
2015061600100349,2015년 6월 16일 16시,화요일,충청북도 청주시 상당구 용암동,경상사고,0,0,2,0,차대차 - 기타,안전운전불이행,건조,맑음,단일로 - 기타,이륜,남,43세,경상,자전거,남,15세,경상
2015061600100397,2015년 6월 16일 17시,화요일,충청북도 충주시 칠금동,부상신고사고,0,0,0,1,차대차 - 기타,중앙선침범,건조,흐림,교차로 - 교차로부근,자전거,남,15세,부상신고,승용,남,51세,상해없음
2015061600100480,2015년 6월 16일 19시,화요일,충청북도 제천시 신백동,경상사고,0,0,2,1,차대차 - 측면직각충돌,직진우회전진행방해,건조,맑음,교차로 - 교차로안,승합,여,50세,부상신고,승용,남,52세,경상
2015061600100547,2015년 6월 16일 21시,화요일,충청북도 음성군 대소면,경상사고,0,0,1,0,차량단독 - 전도전복,안전운전불이행,건조,맑음,단일로 - 기타,승용,여,33세,경상,,,,
2015061600100604,2015년 6월 16일 23시,화요일,충청북도 청주시 서원구 사창동,중상사고,0,1,0,0,차대차 - 기타,안전운전불이행,건조,맑음,단일로 - 횡단보도상,승용,여,51세,상해없음,자전거,남,31세,중상
2015061600100605,2015년 6월 16일 23시,화요일,충청북도 청주시 흥덕구 비하동,경상사고,0,0,4,0,차대차 - 기타,신호위반,건조,맑음,교차로 - 교차로안,승용,남,50세,상해없음,승용,여,49세,경상
2015061600100606,2015년 6월 16일 23시,화요일,충청북도 청주시 서원구 분평동,경상사고,0,0,1,0,차대사람 - 기타,보행자보호의무위반,건조,맑음,교차로 - 교차로부근,승용,남,53세,상해없음,보행자,여,19세,경상
2015061700100010,2015년 6월 17일 00시,수요일,충청북도 충주시 동량면,사망사고,1,0,0,0,차량단독 - 전도전복,안전운전불이행,건조,맑음,단일로 - 기타,화물,남,35세,사망,,,,
2015061700100038,2015년 6월 17일 02시,수요일,충청북도 청주시 청원구 율량동,경상사고,0,0,3,0,차대차 - 추돌 - 주정차중,신호위반,건조,맑음,교차로 - 교차로안,승용,남,24세,상해없음,화물,남,64세,경상
2015061700100049,2015년 6월 17일 04시,수요일,충청북도 청주시 서원구 현도면,경상사고,0,0,1,0,차량단독 - 공작물충돌,안전운전불이행,습기,안개,단일로 - 기타,승용,남,32세,경상,,,,
2015061700100069,2015년 6월 17일 06시,수요일,충청북도 청주시 서원구 수곡동,중상사고,0,1,1,0,차대차 - 기타,교차로운행방법위반,건조,맑음,교차로 - 교차로안,화물,남,55세,중상,승용,남,58세,경상
2015061700100089,2015년 6월 17일 07시,수요일,충청북도 청주시 상당구 미원면,중상사고,0,1,0,0,차량단독 - 전도전복,안전운전불이행,건조,맑음,단일로 - 기타,화물,남,44세,중상,,,,
2015061700100175,2015년 6월 17일 10시,수요일,충청북도 청주시 청원구 주성동,경상사고,0,0,2,0,차대차 - 기타,차로위반,건조,맑음,교차로 - 교차로안,승용,남,32세,경상,승용,남,55세,경상
2015061700100210,2015년 6월 17일 11시,수요일,충청북도 충주시 교현동,중상사고,0,1,2,0,차대차 - 기타,안전운전불이행,건조,맑음,단일로 - 기타,승용,남,60세,상해없음,승용,남,39세,중상
2015061700100211,2015년 6월 17일 11시,수요일,충청북도 제천시 고명동,경상사고,0,0,1,0,차대차 - 측면직각충돌,신호위반,건조,맑음,교차로 - 교차로안,화물,남,71세,상해없음,승용,남,63세,상해없음
2015061700100236,2015년 6월 17일 12시,수요일,충청북도 제천시 청전동,경상사고,0,0,2,0,차대차 - 측면직각충돌,직진우회전진행방해,건조,맑음,교차로 - 교차로안,원동기,남,21세,경상,승용,남,59세,경상
2015061700100237,2015년 6월 17일 12시,수요일,충청북도 청주시 흥덕구 복대동,중상사고,0,1,0,0,차대차 - 측면직각충돌,신호위반,건조,맑음,교차로 - 교차로안,승용,여,42세,중상,승용,남,56세,상해없음
2015061700100238,2015년 6월 17일 12시,수요일,충청북도 청주시 상당구 금천동,경상사고,0,0,1,0,차대차 - 기타,안전운전불이행,건조,맑음,단일로 - 기타,승용,여,50세,상해없음,이륜,남,16세,경상
2015061700100281,2015년 6월 17일 14시,수요일,충청북도 청주시 청원구 율량동,중상사고,0,1,3,0,차대차 - 측면직각충돌,신호위반,건조,맑음,교차로 - 교차로부근,승용,남,59세,상해없음,승용,남,36세,경상
2015061700100282,2015년 6월 17일 14시,수요일,충청북도 옥천군 군북면,중상사고,0,1,0,0,차대차 - 기타,기타,건조,맑음,단일로 - 기타,화물,남,53세,상해없음,승용,여,40세,중상
2015061700100333,2015년 6월 17일 16시,수요일,충청북도 증평군 증평읍,부상신고사고,0,0,0,1,차대차 - 측면직각충돌,안전운전불이행,건조,맑음,교차로 - 교차로안,원동기,남,63세,부상신고,승용,남,40세,상해없음
2015061700100334,2015년 6월 17일 16시,수요일,충청북도 괴산군 청천면,경상사고,0,0,2,0,차대차 - 기타,안전운전불이행,건조,맑음,단일로 - 기타,승용,남,50세,상해없음,승용,남,27세,경상
2015061700100335,2015년 6월 17일 16시,수요일,충청북도 음성군 음성읍,중상사고,0,1,0,0,차량단독 - 공작물충돌,안전운전불이행,건조,맑음,단일로 - 기타,승용,남,77세,중상,,,,
2015061700100336,2015년 6월 17일 16시,수요일,충청북도 음성군 대소면,경상사고,0,0,1,0,차대사람 - 길가장자리구역통행중,안전운전불이행,건조,맑음,단일로 - 기타,화물,남,44세,상해없음,보행자,남,8세,경상
2015061700100369,2015년 6월 17일 17시,수요일,충청북도 청주시 서원구 사직동,중상사고,0,1,0,0,차대사람 - 기타,안전운전불이행,건조,맑음,교차로 - 교차로안,승용,남,51세,상해없음,보행자,여,62세,중상
2015061700100370,2015년 6월 17일 17시,수요일,충청북도 청주시 서원구 성화동,경상사고,0,0,1,0,차대차 - 측면직각충돌,안전거리미확보,건조,맑음,교차로 - 교차로부근,건설기계,남,59세,상해없음,승용,여,22세,경상
2015061700100371,2015년 6월 17일 17시,수요일,충청북도 청주시 흥덕구 복대동,경상사고,0,0,1,0,차대차 - 측면직각충돌,신호위반,건조,맑음,교차로 - 교차로안,화물,여,53세,상해없음,승용,남,34세,경상