사고번호,사고일시,요일,시군구,사고내용,사망자수,중상자수,경상자수,부상신고자수,사고유형,법규위반,노면상태,기상상태,도로형태,가해운전자 차종,가해운전자 성별,가해운전자 연령,가해운전자 상해정도,피해운전자 차종,피해운전자 성별,피해운전자 연령,피해운전자 상해정도
2015061700100410,2015년 6월 17일 18시,수요일,충청북도 제천시 장락동,중상사고,0,2,0,0,차대차 - 측면직각충돌,신호위반,건조,맑음,교차로 - 교차로안,승용,여,52세,상해없음,승용,남,54세,중상
2015061700100449,2015년 6월 17일 19시,수요일,충청북도 충주시 문화동,중상사고,0,1,3,1,차대차 - 추돌 - 주정차중,안전운전불이행,건조,맑음,단일로 - 기타,승합,남,47세,경상,승용,여,21세,경상
2015061700100450,2015년 6월 17일 19시,수요일,충청북도 충주시 교현동,경상사고,0,0,1,0,차대차 - 측면직각충돌,신호위반,건조,맑음,교차로 - 교차로안,승용,기타불명,기타불명,기타불명,승용,남,49세,경상
2015061700100451,2015년 6월 17일 19시,수요일,충청북도 청주시 흥덕구 봉명동,경상사고,0,0,2,0,차대차 - 측면직각충돌,안전운전불이행,건조,맑음,교차로 - 교차로부근,승용,남,63세,상해없음,승용,남,38세,경상
2015061700100484,2015년 6월 17일 20시,수요일,충청북도 청주시 청원구 오창읍,경상사고,0,0,1,0,차대차 - 기타,안전운전불이행,건조,맑음,단일로 - 기타,자전거,남,32세,경상,화물,남,30세,기타불명
2015061700100515,2015년 6월 17일 21시,수요일,충청북도 청주시 흥덕구 가경동,경상사고,0,0,1,0,차대차 - 추돌 - 주정차중,기타,건조,맑음,단일로 - 기타,승용,남,50세,상해없음,이륜,남,19세,경상
2015061800100056,2015년 6월 18일 02시,목요일,충청북도 청주시 청원구 주중동,중상사고,0,1,1,1,차대차 - 기타,안전운전불이행,건조,맑음,교차로 - 교차로부근,승용,여,23세,경상,승용,여,54세,중상
2015061800100057,2015년 6월 18일 02시,목요일,충청북도 영동군 영동읍,중상사고,0,1,0,0,차대사람 - 차도통행중,안전운전불이행,건조,흐림,단일로 - 기타,승합,남,47세,상해없음,보행자,남,23세,중상
2015061800100087,2015년 6월 18일 06시,목요일,충청북도 충주시 문화동,경상사고,0,0,1,0,차대차 - 기타,신호위반,건조,맑음,교차로 - 교차로부근,승용,남,30세,상해없음,승용,여,48세,경상
2015061800100110,2015년 6월 18일 07시,목요일,충청북도 옥천군 군서면,중상사고,0,1,0,0,차대차 - 기타,안전운전불이행,건조,맑음,단일로 - 기타,화물,남,57세,상해없음,원동기,남,73세,중상
2015061800100146,2015년 6월 18일 08시,목요일,충청북도 청주시 서원구 사직동,중상사고,0,1,0,0,차대차 - 측면직각충돌,안전운전불이행,건조,맑음,교차로 - 교차로부근,자전거,남,63세,중상,화물,남,46세,상해없음
2015061800100147,2015년 6월 18일 08시,목요일,충청북도 충주시 금릉동,경상사고,0,0,1,0,차대차 - 기타,안전운전불이행,건조,맑음,단일로 - 기타,승용,남,63세,상해없음,승용,남,30세,경상
2015061800100182,2015년 6월 18일 09시,목요일,충청북도 청주시 서원구 사창동,경상사고,0,0,2,0,차대차 - 추돌 - 주정차중,안전운전불이행,건조,맑음,교차로 - 교차로부근,승용,여,42세,상해없음,승용,여,29세,경상
2015061800100183,2015년 6월 18일 09시,목요일,충청북도 충주시 칠금동,중상사고,0,1,2,0,차대차 - 기타,안전운전불이행,건조,맑음,단일로 - 기타,특수,남,56세,상해없음,화물,남,57세,중상
2015061800100184,2015년 6월 18일 09시,목요일,충청북도 음성군 금왕읍,경상사고,0,0,1,0,차대차 - 측면직각충돌,안전운전불이행,건조,맑음,교차로 - 교차로부근,승용,남,78세,상해없음,승용,여,28세,경상
2015061800100206,2015년 6월 18일 10시,목요일,충청북도 충주시 목행동,중상사고,0,1,0,0,차대차 - 기타,차로위반,건조,맑음,교차로 - 교차로부근,이륜,남,83세,중상,화물,남,27세,상해없음
2015061800100207,2015년 6월 18일 10시,목요일,충청북도 단양군 단양읍,중상사고,0,1,0,0,차대차 - 측면직각충돌,안전운전불이행,건조,맑음,단일로 - 기타,승용,남,55세,상해없음,승용,여,39세,중상
2015061800100208,2015년 6월 18일 10시,목요일,충청북도 진천군 광혜원면,경상사고,0,0,1,0,차대차 - 측면직각충돌,안전운전불이행,건조,맑음,교차로 - 교차로안,승용,남,45세,경상,승용,남,46세,상해없음
2015061800100229,2015년 6월 18일 11시,목요일,충청북도 청주시 청원구 우암동,경상사고,0,0,2,0,차대차 - 측면직각충돌,신호위반,건조,맑음,교차로 - 교차로안,화물,남,64세,상해없음,승용,여,43세,경상
2015061800100230,2015년 6월 18일 11시,목요일,충청북도 영동군 영동읍,중상사고,0,1,1,0,차대차 - 정면충돌,중앙선침범,건조,맑음,단일로 - 기타,화물,남,46세,경상,승용,남,25세,중상
2015061800100231,2015년 6월 18일 11시,목요일,충청북도 청주시 서원구 개신동,경상사고,0,0,1,0,차대차 - 기타,안전운전불이행,건조,맑음,단일로 - 기타,승용,여,42세,상해없음,승용,남,24세,경상
2015061800100324,2015년 6월 18일 15시,목요일,충청북도 진천군 초평면,중상사고,0,1,0,0,차대차 - 기타,안전운전불이행,건조,기타,단일로 - 기타,농기계,남,56세,상해없음,승용,여,57세,중상
2015061800100366,2015년 6월 18일 16시,목요일,충청북도 청주시 청원구 율량동,중상사고,0,1,0,0,차대차 - 측면직각충돌,중앙선침범,건조,맑음,단일로 - 횡단보도상,자전거,남,15세,중상,승용,남,57세,상해없음
2015061800100367,2015년 6월 18일 16시,목요일,충청북도 진천군 덕산면,경상사고,0,0,1,0,차량단독 - 전도전복,안전운전불이행,건조,맑음,단일로 - 기타,자전거,남,13세,경상,,,,
2015061800100368,2015년 6월 18일 16시,목요일,충청북도 청주시 서원구 수곡동,중상사고,0,1,0,0,차대차 - 측면직각충돌,안전운전불이행,건조,맑음,교차로 - 교차로부근,이륜,남,71세,중상,화물,남,59세,상해없음
2015061800100397,2015년 6월 18일 17시,목요일,충청북도 청주시 청원구 율량동,부상신고사고,0,0,0,1,차대차 - 측면직각충돌,신호위반,건조,맑음,교차로 - 교차로안,자전거,남,18세,부상신고,승용,남,57세,상해없음
2015061800100475,2015년 6월 18일 19시,목요일,충청북도 음성군 음성읍,중상사고,0,3,0,0,차대차 - 측면직각충돌,신호위반,습기,비,교차로 - 교차로안,승용,남,72세,중상,승용,남,73세,중상
2015061800100549,2015년 6월 18일 21시,목요일,충청북도 충주시 중앙탑면,경상사고,0,0,2,0,차대차 - 기타,안전운전불이행,건조,흐림,단일로 - 기타,특수,남,41세,상해없음,승용,여,40세,상해없음
2015061800100550,2015년 6월 18일 21시,목요일,충청북도 영동군 용산면,경상사고,0,0,1,0,차대사람 - 차도통행중,안전운전불이행,건조,맑음,단일로 - 기타,승용,남,50세,상해없음,보행자,여,42세,경상
2015061800100551,2015년 6월 18일 21시,목요일,충청북도 음성군 금왕읍,중상사고,0,1,0,0,차대사람 - 차도통행중,안전운전불이행,건조,맑음,단일로 - 기타,승용,남,20세,상해없음,보행자,여,63세,중상
2015061800100552,2015년 6월 18일 21시,목요일,충청북도 청주시 상당구 용암동,경상사고,0,0,4,0,차대차 - 기타,안전운전불이행,건조,맑음,교차로 - 교차로부근,승용,남,55세,상해없음,승용,남,48세,상해없음
2015061800100620,2015년 6월 18일 23시,목요일,충청북도 충주시 호암동,부상신고사고,0,0,0,1,차대차 - 기타,안전운전불이행,건조,맑음,단일로 - 기타,자전거,남,56세,부상신고,승용,남,25세,상해없음
2015061900100016,2015년 6월 19일 00시,금요일,충청북도 청주시 청원구 내수읍,중상사고,0,2,0,0,차대차 - 정면충돌,중앙선침범,건조,맑음,단일로 - 기타,승용,남,42세,중상,승용,남,33세,중상
2015061900100041,2015년 6월 19일 01시,금요일,충청북도 청주시 청원구 주성동,경상사고,0,0,1,0,차대차 - 추돌 - 진행중,안전운전불이행,건조,맑음,교차로 - 교차로부근,승용,남,40세,상해없음,승용,남,35세,상해없음
2015061900100075,2015년 6월 19일 04시,금요일,충청북도 청주시 서원구 남이면,경상사고,0,0,2,0,차대차 - 측면직각충돌,안전거리미확보,건조,맑음,단일로 - 기타,화물,남,35세,상해없음,승용,남,34세,경상
2015061900100096,2015년 6월 19일 06시,금요일,충청북도 제천시 신월동,경상사고,0,0,4,0,차대차 - 추돌 - 주정차중,안전운전불이행,건조,맑음,기타 - 기타,승용,남,20세,상해없음,승용,남,18세,경상
2015061900100120,2015년 6월 19일 07시,금요일,충청북도 청주시 청원구 내덕동,중상사고,0,1,2,0,차대차 - 기타,교차로운행방법위반,건조,맑음,교차로 - 교차로안,승용,남,65세,경상,승용,남,66세,중상
2015061900100149,2015년 6월 19일 08시,금요일,충청북도 충주시 신니면,중상사고,0,1,0,0,차대사람 - 기타,안전운전불이행,건조,맑음,단일로 - 기타,승용,여,36세,상해없음,보행자,여,56세,중상
2015061900100180,2015년 6월 19일 09시,금요일,충청북도 청주시 청원구 오창읍,중상사고,0,1,1,0,차대차 - 측면직각충돌,신호위반,건조,맑음,교차로 - 교차로안,승용,남,61세,상해없음,화물,남,53세,중상
2015061900100205,2015년 6월 19일 10시,금요일,충청북도 제천시 봉양읍,경상사고,0,0,2,0,차대차 - 추돌 - 진행중,안전운전불이행,건조,맑음,교차로 - 교차로안,승합,남,79세,상해없음,승용,남,85세,경상
2015061900100291,2015년 6월 19일 13시,금요일,충청북도 음성군 음성읍,경상사고,0,0,1,0,차대차 - 측면직각충돌,교차로운행방법위반,건조,맑음,교차로 - 교차로안,승용,남,44세,상해없음,이륜,남,52세,경상
2015061900100292,2015년 6월 19일 13시,금요일,충청북도 청주시 상당구 남문로2가동,중상사고,0,1,2,0,차대차 - 추돌 - 진행중,안전운전불이행,건조,맑음,단일로 - 기타,승용,남,24세,상해없음,승용,여,44세,경상
2015061900100320,2015년 6월 19일 14시,금요일,충청북도 충주시 교현동,중상사고,0,1,0,0,차대차 - 기타,직진우회전진행방해,건조,맑음,교차로 - 교차로안,승용,여,62세,상해없음,이륜,남,45세,중상
2015061900100322,2015년 6월 19일 14시,금요일,충청북도 청주시 서원구 장성동,경상사고,0,0,1,0,차대차 - 기타,안전운전불이행,건조,맑음,단일로 - 기타,화물,남,45세,상해없음,화물,남,34세,경상
2015061900100378,2015년 6월 19일 16시,금요일,충청북도 단양군 매포읍,경상사고,0,0,7,0,차대차 - 추돌 - 진행중,안전거리미확보,건조,맑음,교차로 - 교차로안,화물,남,63세,상해없음,승합,여,42세,경상
2015061900100379,2015년 6월 19일 16시,금요일,충청북도 청주시 흥덕구 봉명동,중상사고,0,1,0,0,차대사람 - 횡단중,안전운전불이행,건조,맑음,단일로 - 기타,승용,여,49세,상해없음,보행자,남,27세,중상
2015061900100426,2015년 6월 19일 17시,금요일,충청북도 청주시 서원구 사직동,경상사고,0,0,2,0,차대차 - 측면직각충돌,안전거리미확보,건조,맑음,단일로 - 기타,승용,남,57세,상해없음,승용,남,22세,경상
2015061900100427,2015년 6월 19일 17시,금요일,충청북도 청주시 흥덕구 복대동,중상사고,0,1,0,0,차대사람 - 횡단중,안전운전불이행,건조,맑음,교차로 - 교차로안,화물,남,67세,상해없음,보행자,남,51세,중상
2015061900100477,2015년 6월 19일 18시,금요일,충청북도 음성군 음성읍,경상사고,0,0,1,0,차대사람 - 기타,안전운전불이행,건조,맑음,단일로 - 기타,승용,여,34세,상해없음,보행자,남,56세,경상
2015061900100525,2015년 6월 19일 19시,금요일,충청북도 청주시 청원구 사천동,경상사고,0,0,1,0,차대사람 - 횡단중,보행자보호의무위반,건조,맑음,교차로 - 교차로안,승용,여,30세,상해없음,보행자,남,7세,경상
2015061900100526,2015년 6월 19일 19시,금요일,충청북도 청주시 상당구 용암동,중상사고,0,1,1,0,차대차 - 기타,안전운전불이행,건조,맑음,단일로 - 기타,승용,남,50세,상해없음,화물,남,58세,경상
2015061900100565,2015년 6월 19일 20시,금요일,충청북도 청주시 흥덕구 운천동,경상사고,0,0,1,0,차대차 - 추돌 - 진행중,안전운전불이행,건조,맑음,교차로 - 교차로부근,승합,남,46세,상해없음,승용,남,29세,경상
2015061900100604,2015년 6월 19일 21시,금요일,충청북도 음성군 대소면,중상사고,0,1,0,0,차대차 - 기타,중앙선침범,건조,맑음,단일로 - 기타,승용,여,34세,상해없음,원동기,남,48세,중상
2015061900100605,2015년 6월 19일 21시,금요일,충청북도 청주시 흥덕구 가경동,경상사고,0,0,1,0,차대차 - 추돌 - 진행중,안전운전불이행,건조,맑음,단일로 - 기타,화물,남,34세,상해없음,승용,여,25세,경상
2015061900100606,2015년 6월 19일 21시,금요일,충청북도 청주시 흥덕구 봉명동,경상사고,0,0,1,0,차대차 - 추돌 - 진행중,안전운전불이행,건조,맑음,단일로 - 기타,승용,남,44세,상해없음,승용,남,26세,경상
2015061900100679,2015년 6월 19일 23시,금요일,충청북도 충주시 연수동,경상사고,0,0,1,0,차대사람 - 기타,안전운전불이행,건조,맑음,단일로 - 기타,승용,남,39세,상해없음,보행자,남,26세,경상
2015062000100013,2015년 6월 20일 00시,토요일,충청북도 음성군 대소면,경상사고,0,0,1,0,차대사람 - 기타,안전운전불이행,건조,맑음,단일로 - 기타,승용,남,25세,상해없음,보행자,남,37세,경상
2015062000100035,2015년 6월 20일 01시,토요일,충청북도 청주시 상당구 용암동,중상사고,0,1,0,0,차대차 - 정면충돌,중앙선침범,건조,맑음,단일로 - 기타,승용,여,34세,상해없음,승용,남,50세,중상
2015062000100086,2015년 6월 20일 04시,토요일,충청북도 청주시 흥덕구 가경동,중상사고,0,1,1,0,차대차 - 측면직각충돌,과속,건조,맑음,단일로 - 기타,승용,남,26세,상해없음,승용,남,56세,중상
2015062000100126,2015년 6월 20일 06시,토요일,충청북도 증평군 증평읍,중상사고,0,1,2,0,차대차 - 측면직각충돌,직진우회전진행방해,건조,맑음,교차로 - 교차로안,승용,남,31세,경상,승용,남,28세,경상
2015062000100165,2015년 6월 20일 09시,토요일,충청북도 청주시 흥덕구 오송읍,중상사고,0,1,0,0,차대차 - 측면직각충돌,안전운전불이행,건조,맑음,단일로 - 기타,승용,여,42세,상해없음,자전거,남,75세,중상
2015062000100191,2015년 6월 20일 10시,토요일,충청북도 진천군 광혜원면,경상사고,0,0,1,0,차대사람 - 기타,안전운전불이행,습기,비,단일로 - 기타,승용,기타불명,기타불명,기타불명,보행자,여,70세,경상
2015062000100213,2015년 6월 20일 11시,토요일,충청북도 제천시 청전동,경상사고,0,0,1,0,차대차 - 기타,안전운전불이행,습기,비,교차로 - 교차로부근,자전거,남,12세,경상,승용,여,37세,상해없음
2015062000100214,2015년 6월 20일 11시,토요일,충청북도 제천시 신백동,경상사고,0,0,1,0,차대사람 - 기타,보행자보호의무위반,건조,맑음,교차로 - 교차로안,승용,남,46세,상해없음,보행자,남,12세,경상
2015062000100215,2015년 6월 20일 11시,토요일,충청북도 보은군 보은읍,중상사고,0,1,0,0,차대차 - 측면직각충돌,불법유턴,건조,맑음,단일로 - 기타,화물,남,62세,상해없음,승용,남,51세,중상
2015062000100216,2015년 6월 20일 11시,토요일,충청북도 청주시 서원구 산남동,경상사고,0,0,1,0,차대사람 - 기타,안전운전불이행,습기,흐림,단일로 - 기타,승용,남,69세,상해없음,보행자,남,9세,경상
2015062000100256,2015년 6월 20일 12시,토요일,충청북도 충주시 교현동,경상사고,0,0,2,0,차대차 - 기타,안전운전불이행,습기,비,단일로 - 기타,승용,남,75세,상해없음,승용,여,35세,경상
2015062000100257,2015년 6월 20일 12시,토요일,충청북도 음성군 음성읍,부상신고사고,0,0,0,1,차량단독 - 공작물충돌,안전운전불이행,습기,비,단일로 - 기타,승합,남,32세,부상신고,,,,
2015062000100258,2015년 6월 20일 12시,토요일,충청북도 진천군 진천읍,중상사고,0,1,0,0,차대사람 - 차도통행중,안전운전불이행,건조,맑음,교차로 - 교차로부근,승용,남,69세,상해없음,보행자,여,48세,중상
2015062000100259,2015년 6월 20일 12시,토요일,충청북도 청주시 흥덕구 가경동,중상사고,0,1,0,0,차대사람 - 기타,안전운전불이행,습기,비,단일로 - 기타,승용,남,20세,상해없음,보행자,남,24세,중상
2015062000100364,2015년 6월 20일 15시,토요일,충청북도 청주시 흥덕구 복대동,경상사고,0,0,1,0,차대차 - 기타,안전운전불이행,건조,기타,단일로 - 기타,승용,남,45세,경상,화물,남,35세,상해없음
2015062000100405,2015년 6월 20일 16시,토요일,충청북도 청주시 흥덕구 복대동,중상사고,0,1,0,0,차대사람 - 기타,안전운전불이행,건조,흐림,단일로 - 기타,화물,남,39세,상해없음,보행자,남,2세,중상
2015062000100523,2015년 6월 20일 19시,토요일,충청북도 청주시 청원구 내덕동,중상사고,0,1,1,0,차대차 - 정면충돌,신호위반,습기,비,단일로 - 기타,승용,여,59세,상해없음,승용,남,36세,중상
2015062000100524,2015년 6월 20일 19시,토요일,충청북도 제천시 남천동,중상사고,0,1,0,0,차대차 - 추돌 - 진행중,안전운전불이행,습기,비,교차로 - 교차로안,승용,남,29세,상해없음,승용,남,47세,중상
2015062000100604,2015년 6월 20일 22시,토요일,충청북도 청주시 흥덕구 비하동,경상사고,0,0,5,0,차대차 - 기타,안전운전불이행,건조,맑음,교차로 - 교차로부근,승용,여,27세,상해없음,승용,여,29세,경상
2015062100100092,2015년 6월 21일 05시,일요일,충청북도 제천시 금성면,중상사고,0,1,1,0,차량단독 - 공작물충돌,안전운전불이행,건조,맑음,단일로 - 기타,승용,남,20세,상해없음,,,,
2015062100100093,2015년 6월 21일 05시,일요일,충청북도 제천시 청풍면,경상사고,0,0,1,0,차량단독 - 공작물충돌,안전운전불이행,건조,맑음,기타 - 기타,화물,남,36세,경상,,,,
2015062100100105,2015년 6월 21일 06시,일요일,충청북도 제천시 봉양읍,중상사고,0,1,0,0,차대차 - 측면직각충돌,안전운전불이행,건조,맑음,교차로 - 교차로안,승용,남,44세,상해없음,승용,남,48세,중상
2015062100100137,2015년 6월 21일 09시,일요일,충청북도 옥천군 안내면,경상사고,0,0,1,0,차대차 - 기타,안전운전불이행,건조,맑음,단일로 - 기타,승용,남,24세,상해없음,자전거,남,59세,경상
2015062100100158,2015년 6월 21일 10시,일요일,충청북도 청주시 청원구 우암동,경상사고,0,0,1,0,차대차 - 기타,안전운전불이행,건조,맑음,단일로 - 횡단보도상,승용,여,37세,상해없음,자전거,남,9세,경상
2015062100100174,2015년 6월 21일 11시,일요일,충청북도 청주시 청원구 율량동,경상사고,0,0,6,0,차대차 - 측면직각충돌,신호위반,건조,맑음,교차로 - 교차로안,승용,남,28세,경상,승용,남,28세,경상
2015062100100234,2015년 6월 21일 13시,일요일,충청북도 청주시 서원구 수곡동,경상사고,0,0,1,0,차대차 - 측면직각충돌,교차로운행방법위반,건조,맑음,교차로 - 교차로안,승용,남,54세,상해없음,이륜,남,27세,경상
2015062100100302,2015년 6월 21일 15시,일요일,충청북도 음성군 금왕읍,경상사고,0,0,2,1,차대차 - 추돌 - 주정차중,중앙선침범,건조,맑음,단일로 - 기타,승용,남,50세,부상신고,승용,여,45세,경상
2015062100100331,2015년 6월 21일 16시,일요일,충청북도 청주시 서원구 남이면,경상사고,0,0,5,0,차대차 - 추돌 - 진행중,안전운전불이행,건조,맑음,교차로 - 교차로부근,승용,남,41세,상해없음,승용,남,45세,경상
2015062100100332,2015년 6월 21일 16시,일요일,충청북도 청주시 흥덕구 가경동,경상사고,0,0,1,0,차대차 - 측면직각충돌,안전거리미확보,건조,맑음,단일로 - 기타,승용,남,47세,상해없음,승용,남,62세,경상
2015062100100358,2015년 6월 21일 17시,일요일,충청북도 제천시 백운면,중상사고,0,1,0,0,차대차 - 추돌 - 진행중,안전거리미확보,건조,맑음,단일로 - 터널,승용,남,32세,상해없음,화물,남,65세,중상
2015062100100396,2015년 6월 21일 18시,일요일,충청북도 옥천군 옥천읍,경상사고,0,0,4,0,차대차 - 기타,신호위반,건조,맑음,교차로 - 교차로안,승용,여,50세,상해없음,승용,남,34세,경상
2015062100100397,2015년 6월 21일 18시,일요일,충청북도 청주시 상당구 남주동,중상사고,0,1,0,0,차대차 - 측면직각충돌,안전운전불이행,건조,맑음,교차로 - 교차로안,승용,여,48세,상해없음,이륜,남,49세,중상
2015062100100499,2015년 6월 21일 22시,일요일,충청북도 제천시 청전동,경상사고,0,0,1,0,차대사람 - 기타,안전운전불이행,건조,맑음,기타 - 기타,승용,여,50세,상해없음,보행자,남,47세,경상
2015062100100500,2015년 6월 21일 22시,일요일,충청북도 괴산군 소수면,중상사고,0,2,1,0,차대차 - 정면충돌,중앙선침범,건조,맑음,단일로 - 기타,승용,남,53세,경상,승용,남,33세,중상
2015062200100010,2015년 6월 22일 00시,월요일,충청북도 옥천군 옥천읍,경상사고,0,0,1,0,차대차 - 정면충돌,중앙선침범,건조,맑음,단일로 - 기타,승용,남,26세,상해없음,승용,남,43세,경상
2015062200100011,2015년 6월 22일 00시,월요일,충청북도 옥천군 옥천읍,경상사고,0,0,1,0,차대차 - 기타,안전운전불이행,건조,맑음,단일로 - 기타,화물,남,55세,상해없음,화물,남,50세,경상
2015062200100024,2015년 6월 22일 01시,월요일,충청북도 제천시 봉양읍,경상사고,0,0,1,0,차량단독 - 공작물충돌,안전운전불이행,건조,맑음,단일로 - 기타,승용,여,25세,경상,,,,
2015062200100025,2015년 6월 22일 01시,월요일,충청북도 청주시 흥덕구 봉명동,경상사고,0,0,1,0,차대차 - 추돌 - 주정차중,안전운전불이행,건조,맑음,단일로 - 기타,승용,여,45세,경상,승합,남,46세,상해없음
2015062200100094,2015년 6월 22일 07시,월요일,충청북도 청주시 흥덕구 신성동,경상사고,0,0,1,0,차대차 - 정면충돌,안전운전불이행,건조,맑음,단일로 - 기타,승용,남,39세,상해없음,화물,남,61세,경상
2015062200100129,2015년 6월 22일 08시,월요일,충청북도 청주시 흥덕구 복대동,경상사고,0,0,1,0,차대차 - 추돌 - 진행중,안전운전불이행,건조,맑음,교차로 - 교차로부근,화물,남,64세,상해없음,승용,여,56세,경상
2015062200100166,2015년 6월 22일 09시,월요일,충청북도 청주시 상당구 방서동,경상사고,0,0,2,0,차대차 - 기타,신호위반,건조,맑음,교차로 - 교차로안,승용,여,41세,경상,승용,남,58세,경상
2015062200100190,2015년 6월 22일 10시,월요일,충청북도 청주시 서원구 사직동,경상사고,0,0,1,0,차대차 - 측면직각충돌,안전운전불이행,건조,맑음,단일로 - 기타,화물,남,35세,상해없음,화물,남,61세,상해없음
2015062200100215,2015년 6월 22일 11시,월요일,충청북도 충주시 동량면,중상사고,0,1,1,0,차대차 - 기타,신호위반,건조,맑음,교차로 - 교차로안,화물,남,56세,경상,화물,남,48세,중상
2015062200100216,2015년 6월 22일 11시,월요일,충청북도 제천시 청전동,경상사고,0,0,1,0,차대차 - 측면직각충돌,안전운전불이행,건조,맑음,교차로 - 교차로부근,원동기,남,79세,경상,승용,남,39세,상해없음
2015062200100217,2015년 6월 22일 11시,월요일,충청북도 청주시 흥덕구 오송읍,경상사고,0,0,1,0,차대차 - 측면직각충돌,안전운전불이행,건조,맑음,단일로 - 기타,원동기,남,76세,경상,화물,남,39세,상해없음
2015062200100278,2015년 6월 22일 13시,월요일,충청북도 청주시 청원구 오창읍,중상사고,0,1,1,0,차대차 - 측면직각충돌,안전운전불이행,건조,맑음,단일로 - 기타,원동기,남,30세,중상,화물,남,52세,상해없음
2015062200100309,2015년 6월 22일 14시,월요일,충청북도 영동군 양산면,중상사고,0,1,0,0,차대사람 - 횡단중,기타,건조,흐림,단일로 - 기타,승용,여,51세,상해없음,보행자,여,8세,중상
2015062200100354,2015년 6월 22일 15시,월요일,충청북도 제천시 모산동,중상사고,0,1,1,0,차대차 - 측면직각충돌,신호위반,건조,맑음,교차로 - 교차로안,승용,남,27세,상해없음,승용,남,36세,중상
2015062200100396,2015년 6월 22일 16시,월요일,충청북도 제천시 장락동,중상사고,0,1,0,0,차대차 - 기타,안전운전불이행,건조,맑음,단일로 - 기타,승용,여,44세,상해없음,자전거,남,13세,중상
2015062200100397,2015년 6월 22일 16시,월요일,충청북도 청주시 상당구 영운동,중상사고,0,1,0,0,차대사람 - 기타,안전운전불이행,건조,맑음,단일로 - 횡단보도상,승용,남,37세,상해없음,보행자,여,78세,중상
2015062200100435,2015년 6월 22일 17시,월요일,충청북도 청주시 청원구 율량동,경상사고,0,0,1,0,차대차 - 추돌 - 진행중,안전운전불이행,건조,맑음,교차로 - 교차로안,승용,남,69세,상해없음,이륜,남,20세,경상
2015062200100436,2015년 6월 22일 17시,월요일,충청북도 충주시 칠금동,부상신고사고,0,0,0,1,차량단독 - 전도전복,안전운전불이행,건조,맑음,단일로 - 기타,원동기,남,72세,부상신고,,,,
2015062200100437,2015년 6월 22일 17시,월요일,충청북도 진천군 진천읍,경상사고,0,0,1,0,차대차 - 기타,차로위반,건조,맑음,단일로 - 기타,이륜,남,18세,상해없음,이륜,남,17세,경상
2015062200100485,2015년 6월 22일 18시,월요일,충청북도 청주시 청원구 오동동,중상사고,0,1,1,0,차대차 - 추돌 - 진행중,안전운전불이행,습기,비,단일로 - 기타,승용,남,63세,상해없음,승용,여,42세,중상
2015062200100486,2015년 6월 22일 18시,월요일,충청북도 충주시 칠금동,경상사고,0,0,1,0,차대사람 - 기타,안전운전불이행,건조,맑음,단일로 - 기타,승용,남,35세,상해없음,보행자,남,27세,경상
2015062200100487,2015년 6월 22일 18시,월요일,충청북도 청주시 흥덕구 봉명동,중상사고,0,4,0,0,차대차 - 측면직각충돌,신호위반,건조,맑음,교차로 - 교차로안,승용,남,40세,상해없음,승용,여,42세,중상
2015062200100488,2015년 6월 22일 18시,월요일,충청북도 청주시 상당구 용암동,중상사고,0,1,0,0,차대사람 - 기타,안전운전불이행,건조,흐림,단일로 - 기타,승용,남,58세,상해없음,보행자,남,32세,중상
2015062200100524,2015년 6월 22일 19시,월요일,충청북도 청주시 흥덕구 오송읍,경상사고,0,0,3,0,차대차 - 기타,신호위반,건조,맑음,교차로 - 교차로안,승용,남,21세,상해없음,승용,여,45세,경상
2015062200100556,2015년 6월 22일 20시,월요일,충청북도 청주시 상당구 영운동,경상사고,0,0,3,0,차대차 - 기타,신호위반,건조,맑음,교차로 - 교차로안,승용,여,63세,경상,승용,남,50세,경상
2015062200100580,2015년 6월 22일 21시,월요일,충청북도 제천시 장락동,경상사고,0,0,2,0,차대사람 - 기타,안전운전불이행,건조,맑음,기타 - 기타,승용,남,45세,상해없음,보행자,여,36세,경상
2015062200100604,2015년 6월 22일 22시,월요일,충청북도 청주시 청원구 오창읍,경상사고,0,0,1,0,차대차 - 추돌 - 진행중,안전운전불이행,습기,비,단일로 - 기타,승용,남,46세,상해없음,승용,남,36세,경상
2015062200100605,2015년 6월 22일 22시,월요일,충청북도 충주시 교현동,경상사고,0,0,1,0,차대차 - 추돌 - 진행중,안전운전불이행,건조,맑음,단일로 - 기타,기타불명,기타불명,기타불명,기타불명,승용,여,56세,경상
2015062300100029,2015년 6월 23일 01시,화요일,충청북도 청주시 흥덕구 봉명동,중상사고,0,1,0,0,차대차 - 추돌 - 주정차중,안전운전불이행,건조,맑음,교차로 - 교차로부근,승용,남,35세,상해없음,승용,남,56세,중상
2015062300100067,2015년 6월 23일 05시,화요일,충청북도 청주시 흥덕구 복대동,중상사고,0,1,1,0,차대차 - 추돌 - 진행중,안전운전불이행,건조,맑음,단일로 - 기타,화물,남,55세,상해없음,화물,남,57세,경상
2015062300100131,2015년 6월 23일 08시,화요일,충청북도 청주시 흥덕구 신봉동,중상사고,0,1,2,0,차대차 - 측면직각충돌,안전운전불이행,건조,맑음,교차로 - 교차로안,승용,여,40세,중상,승용,남,59세,경상