사고번호,사고일시,요일,시군구,사고내용,사망자수,중상자수,경상자수,부상신고자수,사고유형,법규위반,노면상태,기상상태,도로형태,가해운전자 차종,가해운전자 성별,가해운전자 연령,가해운전자 상해정도,피해운전자 차종,피해운전자 성별,피해운전자 연령,피해운전자 상해정도
2015062700100539,2015년 6월 27일 18시,토요일,충청북도 진천군 진천읍,중상사고,0,1,0,0,차대차 - 측면직각충돌,신호위반,건조,맑음,교차로 - 교차로부근,승용,남,31세,상해없음,이륜,남,58세,중상
2015062700100540,2015년 6월 27일 18시,토요일,충청북도 청주시 흥덕구 향정동,중상사고,0,2,3,0,차대차 - 측면직각충돌,안전운전불이행,건조,맑음,교차로 - 교차로안,승용,여,54세,경상,승용,남,39세,중상
2015062700100637,2015년 6월 27일 21시,토요일,충청북도 청주시 흥덕구 복대동,경상사고,0,0,1,0,차대차 - 측면직각충돌,안전운전불이행,건조,맑음,단일로 - 기타,승용,남,59세,상해없음,승용,남,33세,상해없음
2015062700100676,2015년 6월 27일 22시,토요일,충청북도 청주시 상당구 금천동,경상사고,0,0,1,0,차대차 - 기타,안전운전불이행,건조,맑음,교차로 - 교차로부근,화물,남,51세,상해없음,원동기,남,18세,경상
2015062700100705,2015년 6월 27일 23시,토요일,충청북도 진천군 진천읍,경상사고,0,0,2,0,차대차 - 측면직각충돌,중앙선침범,습기,맑음,단일로 - 기타,승용,남,45세,경상,화물,기타불명,기타불명,기타불명
2015062700100706,2015년 6월 27일 23시,토요일,충청북도 청주시 흥덕구 복대동,경상사고,0,0,1,0,차대차 - 추돌 - 진행중,안전운전불이행,건조,맑음,단일로 - 기타,승용,남,28세,상해없음,승용,남,39세,경상
2015062800100015,2015년 6월 28일 00시,일요일,충청북도 청주시 흥덕구 가경동,중상사고,0,1,0,0,차대사람 - 횡단중,보행자보호의무위반,건조,맑음,교차로 - 교차로안,승용,남,28세,상해없음,보행자,여,16세,중상
2015062800100016,2015년 6월 28일 00시,일요일,충청북도 청주시 흥덕구 복대동,경상사고,0,0,1,0,차대차 - 추돌 - 주정차중,안전운전불이행,건조,흐림,단일로 - 기타,이륜,남,28세,상해없음,승용,남,44세,상해없음
2015062800100041,2015년 6월 28일 01시,일요일,충청북도 충주시 칠금동,경상사고,0,0,2,0,차대차 - 기타,안전거리미확보,건조,맑음,교차로 - 교차로부근,화물,남,15세,상해없음,승용,남,42세,경상
2015062800100042,2015년 6월 28일 01시,일요일,충청북도 청주시 흥덕구 복대동,경상사고,0,0,2,0,차대차 - 측면직각충돌,중앙선침범,건조,맑음,교차로 - 교차로안,승용,남,32세,상해없음,승용,남,42세,상해없음
2015062800100118,2015년 6월 28일 06시,일요일,충청북도 청주시 서원구 사창동,경상사고,0,0,2,0,차대차 - 추돌 - 주정차중,안전운전불이행,건조,맑음,교차로 - 교차로안,승용,남,29세,상해없음,승용,남,73세,경상
2015062800100138,2015년 6월 28일 08시,일요일,충청북도 옥천군 군서면,중상사고,0,1,0,0,차대차 - 기타,안전운전불이행,건조,맑음,단일로 - 기타,승용,여,45세,상해없음,원동기,남,54세,중상
2015062800100176,2015년 6월 28일 10시,일요일,충청북도 옥천군 옥천읍,경상사고,0,0,1,0,차대차 - 측면직각충돌,교차로운행방법위반,건조,맑음,교차로 - 교차로안,승용,남,42세,상해없음,승용,남,58세,경상
2015062800100177,2015년 6월 28일 10시,일요일,충청북도 청주시 상당구 용암동,중상사고,0,1,0,0,차대사람 - 횡단중,보행자보호의무위반,건조,맑음,교차로 - 교차로부근,승용,여,44세,상해없음,보행자,여,7세,중상
2015062800100207,2015년 6월 28일 12시,일요일,충청북도 괴산군 괴산읍,중상사고,0,1,0,0,차대차 - 정면충돌,안전운전불이행,건조,맑음,단일로 - 기타,이륜,남,74세,상해없음,자전거,여,55세,중상
2015062800100247,2015년 6월 28일 14시,일요일,충청북도 청주시 상당구 문의면,경상사고,0,0,1,0,차대차 - 추돌 - 주정차중,안전운전불이행,건조,맑음,단일로 - 기타,승용,남,40세,상해없음,승용,남,37세,상해없음
2015062800100274,2015년 6월 28일 15시,일요일,충청북도 청주시 청원구 내수읍,경상사고,0,0,1,0,차대차 - 기타,중앙선침범,건조,맑음,단일로 - 기타,승용,남,46세,기타불명,화물,남,37세,경상
2015062800100275,2015년 6월 28일 15시,일요일,충청북도 청주시 청원구 우암동,중상사고,0,1,0,0,차대차 - 측면직각충돌,중앙선침범,건조,맑음,단일로 - 기타,자전거,남,79세,중상,화물,남,49세,상해없음
2015062800100302,2015년 6월 28일 16시,일요일,충청북도 괴산군 청천면,중상사고,0,1,1,0,차대차 - 기타,안전운전불이행,건조,맑음,단일로 - 기타,승용,남,58세,상해없음,승용,남,28세,중상
2015062800100335,2015년 6월 28일 17시,일요일,충청북도 청주시 서원구 사직동,경상사고,0,0,3,0,차대차 - 추돌 - 주정차중,안전운전불이행,건조,맑음,교차로 - 교차로부근,승용,여,67세,상해없음,승용,여,56세,경상
2015062800100366,2015년 6월 28일 18시,일요일,충청북도 진천군 광혜원면,중상사고,0,1,1,0,차대차 - 측면직각충돌,교차로운행방법위반,건조,기타,교차로 - 교차로안,승용,남,47세,경상,승용,남,46세,중상
2015062800100367,2015년 6월 28일 18시,일요일,충청북도 청주시 상당구 용암동,중상사고,0,1,0,0,차대사람 - 횡단중,안전운전불이행,건조,맑음,교차로 - 교차로안,승용,여,32세,상해없음,보행자,남,13세,중상
2015062800100408,2015년 6월 28일 20시,일요일,충청북도 청주시 흥덕구 운천동,경상사고,0,0,1,0,차대사람 - 기타,안전운전불이행,건조,맑음,단일로 - 기타,자전거,남,62세,상해없음,보행자,여,67세,경상
2015062800100437,2015년 6월 28일 21시,일요일,충청북도 청주시 흥덕구 복대동,중상사고,0,1,0,0,차대차 - 측면직각충돌,신호위반,건조,맑음,단일로 - 횡단보도상,승용,남,53세,상해없음,자전거,남,19세,중상
2015062900100007,2015년 6월 29일 00시,월요일,충청북도 충주시 교현동,중상사고,0,1,0,0,차대차 - 기타,중앙선침범,건조,맑음,단일로 - 기타,승용,남,35세,상해없음,승용,남,30세,중상
2015062900100064,2015년 6월 29일 06시,월요일,충청북도 청주시 청원구 내덕동,경상사고,0,0,1,0,차대차 - 기타,안전운전불이행,건조,맑음,교차로 - 교차로안,원동기,남,61세,경상,승용,남,49세,상해없음
2015062900100065,2015년 6월 29일 06시,월요일,충청북도 충주시 용산동,경상사고,0,0,1,0,차대차 - 기타,기타,건조,맑음,교차로 - 교차로안,화물,남,56세,상해없음,자전거,남,14세,상해없음
2015062900100081,2015년 6월 29일 07시,월요일,충청북도 음성군 삼성면,중상사고,0,1,1,0,차대차 - 기타,교차로운행방법위반,건조,맑음,교차로 - 교차로안,승용,남,32세,상해없음,농기계,남,78세,중상
2015062900100082,2015년 6월 29일 07시,월요일,충청북도 청주시 흥덕구 복대동,경상사고,0,0,1,0,차대차 - 추돌 - 주정차중,안전운전불이행,건조,맑음,단일로 - 기타,승용,남,33세,기타불명,승용,남,31세,경상
2015062900100083,2015년 6월 29일 07시,월요일,충청북도 청주시 흥덕구 가경동,경상사고,0,0,1,0,차대사람 - 횡단중,안전운전불이행,건조,맑음,단일로 - 기타,승용,남,29세,상해없음,보행자,여,17세,경상
2015062900100125,2015년 6월 29일 08시,월요일,충청북도 제천시 왕암동,중상사고,0,1,0,0,차대차 - 측면직각충돌,직진우회전진행방해,건조,맑음,교차로 - 교차로안,승용,여,47세,상해없음,승용,남,50세,중상
2015062900100169,2015년 6월 29일 09시,월요일,충청북도 영동군 용화면,사망사고,1,0,0,0,차량단독 - 전도전복,안전운전불이행,건조,맑음,단일로 - 기타,특수,남,46세,사망,,,,
2015062900100170,2015년 6월 29일 09시,월요일,충청북도 청주시 흥덕구 옥산면,경상사고,0,0,1,0,차대차 - 기타,안전운전불이행,건조,맑음,교차로 - 교차로부근,건설기계,남,63세,상해없음,승용,여,52세,경상
2015062900100198,2015년 6월 29일 10시,월요일,충청북도 청주시 흥덕구 강서동,경상사고,0,0,2,0,차대차 - 추돌 - 진행중,안전운전불이행,건조,맑음,단일로 - 기타,승합,남,58세,상해없음,승용,남,74세,경상
2015062900100231,2015년 6월 29일 11시,월요일,충청북도 증평군 증평읍,경상사고,0,0,1,0,차대차 - 측면직각충돌,안전운전불이행,건조,맑음,교차로 - 교차로안,승용,여,56세,상해없음,승용,남,36세,경상
2015062900100267,2015년 6월 29일 12시,월요일,충청북도 청주시 서원구 남이면,중상사고,0,1,0,0,차대사람 - 기타,안전운전불이행,건조,맑음,단일로 - 기타,화물,남,58세,상해없음,보행자,남,66세,중상
2015062900100305,2015년 6월 29일 13시,월요일,충청북도 제천시 신동,경상사고,0,0,1,0,차대차 - 측면직각충돌,차로위반,건조,맑음,기타 - 기타,승용,여,24세,상해없음,화물,남,41세,상해없음
2015062900100306,2015년 6월 29일 13시,월요일,충청북도 옥천군 옥천읍,중상사고,0,1,0,0,차대사람 - 기타,안전운전불이행,건조,맑음,단일로 - 기타,건설기계,남,49세,상해없음,보행자,남,51세,중상
2015062900100336,2015년 6월 29일 14시,월요일,충청북도 청주시 흥덕구 가경동,중상사고,0,1,1,0,차대사람 - 횡단중,신호위반,건조,맑음,교차로 - 교차로안,승용,여,53세,상해없음,보행자,여,71세,중상
2015062900100397,2015년 6월 29일 15시,월요일,충청북도 청주시 청원구 내덕동,경상사고,0,0,1,0,차대차 - 추돌 - 주정차중,안전운전불이행,건조,맑음,교차로 - 교차로부근,화물,남,59세,상해없음,승용,남,48세,경상
2015062900100398,2015년 6월 29일 15시,월요일,충청북도 충주시 칠금동,중상사고,0,1,0,0,차대사람 - 기타,안전운전불이행,건조,맑음,단일로 - 기타,승용,여,43세,상해없음,보행자,여,52세,중상
2015062900100437,2015년 6월 29일 16시,월요일,충청북도 진천군 문백면,중상사고,0,2,0,0,차대차 - 추돌 - 진행중,안전운전불이행,건조,맑음,단일로 - 기타,화물,남,37세,중상,화물,남,38세,상해없음
2015062900100438,2015년 6월 29일 16시,월요일,충청북도 청주시 흥덕구 옥산면,중상사고,0,1,1,0,차대차 - 측면직각충돌,신호위반,건조,맑음,교차로 - 교차로안,승용,남,25세,상해없음,승용,남,46세,중상
2015062900100489,2015년 6월 29일 17시,월요일,충청북도 제천시 고암동,중상사고,0,1,3,0,차대차 - 측면직각충돌,신호위반,건조,맑음,교차로 - 교차로안,승합,남,42세,상해없음,승용,남,39세,경상
2015062900100490,2015년 6월 29일 17시,월요일,충청북도 청주시 상당구 서운동,중상사고,0,1,0,0,차대차 - 추돌 - 진행중,안전운전불이행,건조,맑음,단일로 - 기타,이륜,남,81세,중상,특수,남,55세,상해없음
2015062900100528,2015년 6월 29일 18시,월요일,충청북도 충주시 충인동,경상사고,0,0,1,1,차대차 - 기타,직진우회전진행방해,건조,맑음,교차로 - 교차로부근,승용,여,51세,부상신고,승용,여,44세,경상
2015062900100529,2015년 6월 29일 18시,월요일,충청북도 제천시 고암동,경상사고,0,0,1,0,차대차 - 추돌 - 진행중,안전운전불이행,건조,맑음,단일로 - 기타,승용,남,53세,상해없음,승용,여,51세,경상
2015062900100530,2015년 6월 29일 18시,월요일,충청북도 음성군 금왕읍,경상사고,0,0,1,0,차대사람 - 기타,안전운전불이행,건조,맑음,단일로 - 기타,승용,남,39세,상해없음,보행자,남,55세,경상
2015062900100574,2015년 6월 29일 19시,월요일,충청북도 청주시 흥덕구 정봉동,경상사고,0,0,1,0,차량단독 - 공작물충돌,안전운전불이행,건조,맑음,교차로 - 교차로안,화물,남,38세,경상,,,,
2015062900100575,2015년 6월 29일 19시,월요일,충청북도 청주시 서원구 성화동,경상사고,0,0,7,0,차대차 - 추돌 - 주정차중,안전운전불이행,건조,맑음,교차로 - 교차로부근,화물,남,47세,경상,승용,남,34세,경상
2015062900100610,2015년 6월 29일 20시,월요일,충청북도 음성군 금왕읍,경상사고,0,0,2,0,차대차 - 측면직각충돌,차로위반,건조,맑음,교차로 - 교차로안,승용,남,57세,경상,승합,남,39세,경상
2015062900100673,2015년 6월 29일 22시,월요일,충청북도 청주시 서원구 개신동,중상사고,0,1,2,0,차대차 - 추돌 - 주정차중,안전운전불이행,건조,맑음,단일로 - 기타,이륜,남,50세,중상,승용,남,45세,경상
2015062900100710,2015년 6월 29일 23시,월요일,충청북도 증평군 증평읍,중상사고,0,2,2,0,차대차 - 추돌 - 주정차중,안전운전불이행,건조,맑음,교차로 - 교차로부근,승용,남,32세,상해없음,화물,남,51세,경상
2015062900100711,2015년 6월 29일 23시,월요일,충청북도 청주시 흥덕구 봉명동,경상사고,0,0,2,0,차대차 - 측면직각충돌,중앙선침범,건조,맑음,단일로 - 기타,이륜,남,22세,경상,이륜,남,19세,경상
2015063000100043,2015년 6월 30일 02시,화요일,충청북도 청주시 상당구 낭성면,경상사고,0,0,2,0,차대차 - 추돌 - 진행중,안전운전불이행,건조,맑음,단일로 - 기타,승용,남,21세,경상,농기계,남,43세,경상
2015063000100054,2015년 6월 30일 03시,화요일,충청북도 청주시 흥덕구 봉명동,중상사고,0,1,2,0,차대차 - 측면직각충돌,교차로운행방법위반,건조,맑음,교차로 - 교차로안,승용,남,34세,중상,화물,여,58세,경상
2015063000100059,2015년 6월 30일 04시,화요일,충청북도 청주시 흥덕구 복대동,경상사고,0,0,2,1,차량단독 - 전도전복,안전운전불이행,건조,맑음,단일로 - 기타,이륜,남,21세,부상신고,,,,
2015063000100083,2015년 6월 30일 06시,화요일,충청북도 옥천군 옥천읍,경상사고,0,0,1,0,차대차 - 측면직각충돌,안전거리미확보,습기,흐림,교차로 - 교차로부근,건설기계,남,56세,상해없음,승합,남,42세,상해없음
2015063000100096,2015년 6월 30일 07시,화요일,충청북도 청주시 서원구 사창동,경상사고,0,0,1,0,차대차 - 추돌 - 주정차중,안전운전불이행,건조,맑음,교차로 - 교차로부근,승용,여,34세,상해없음,승용,여,54세,경상
2015063000100097,2015년 6월 30일 07시,화요일,충청북도 청주시 청원구 오동동,경상사고,0,0,1,0,차대차 - 기타,안전운전불이행,건조,맑음,교차로 - 교차로부근,승합,남,57세,상해없음,승용,여,29세,경상
2015063000100098,2015년 6월 30일 07시,화요일,충청북도 충주시 안림동,부상신고사고,0,0,0,1,차량단독 - 전도전복,안전운전불이행,건조,맑음,단일로 - 기타,승용,남,70세,부상신고,,,,
2015063000100099,2015년 6월 30일 07시,화요일,충청북도 영동군 영동읍,중상사고,0,1,0,0,차대사람 - 기타,안전운전불이행,건조,맑음,교차로 - 교차로부근,승용,여,56세,상해없음,보행자,여,85세,중상
2015063000100132,2015년 6월 30일 08시,화요일,충청북도 청주시 청원구 내덕동,경상사고,0,0,1,0,차대차 - 측면직각충돌,안전운전불이행,건조,맑음,교차로 - 교차로안,기타불명,기타불명,기타불명,기타불명,자전거,남,14세,경상
2015063000100133,2015년 6월 30일 08시,화요일,충청북도 충주시 대소원면,중상사고,0,1,0,0,차대차 - 기타,안전운전불이행,건조,맑음,단일로 - 기타,승용,남,74세,상해없음,화물,남,34세,중상
2015063000100134,2015년 6월 30일 08시,화요일,충청북도 제천시 중앙로1가,중상사고,0,1,0,0,차대차 - 측면직각충돌,중앙선침범,건조,맑음,단일로 - 기타,원동기,남,83세,중상,승용,남,66세,상해없음
2015063000100167,2015년 6월 30일 09시,화요일,충청북도 제천시 금성면,경상사고,0,0,1,0,차대차 - 측면직각충돌,직진우회전진행방해,건조,맑음,교차로 - 교차로안,화물,여,60세,상해없음,화물,남,55세,경상
2015063000100168,2015년 6월 30일 09시,화요일,충청북도 청주시 서원구 성화동,경상사고,0,0,2,0,차대차 - 기타,안전운전불이행,건조,맑음,교차로 - 교차로안,승용,여,27세,경상,승용,남,32세,경상
2015063000100200,2015년 6월 30일 10시,화요일,충청북도 청주시 청원구 오창읍,경상사고,0,0,1,0,차대차 - 측면직각충돌,신호위반,건조,맑음,교차로 - 교차로안,화물,남,40세,상해없음,화물,남,37세,경상
2015063000100201,2015년 6월 30일 10시,화요일,충청북도 청주시 서원구 사직동,경상사고,0,0,1,0,차대차 - 기타,안전운전불이행,건조,흐림,교차로 - 교차로안,승용,여,59세,기타불명,승용,여,37세,경상
2015063000100202,2015년 6월 30일 10시,화요일,충청북도 청주시 흥덕구 봉명동,경상사고,0,0,1,0,차대차 - 기타,교차로운행방법위반,건조,맑음,교차로 - 교차로안,승용,남,43세,상해없음,이륜,남,16세,경상
2015063000100203,2015년 6월 30일 10시,화요일,충청북도 청주시 서원구 개신동,경상사고,0,0,1,0,차대차 - 기타,안전운전불이행,건조,맑음,교차로 - 교차로부근,승용,남,56세,상해없음,자전거,남,23세,경상
2015063000100231,2015년 6월 30일 11시,화요일,충청북도 제천시 중앙로1가,경상사고,0,0,3,0,차대차 - 추돌 - 진행중,안전운전불이행,건조,맑음,교차로 - 교차로부근,승용,여,36세,상해없음,승용,남,51세,경상
2015063000100265,2015년 6월 30일 12시,화요일,충청북도 증평군 증평읍,경상사고,0,0,2,0,차대차 - 측면직각충돌,직진우회전진행방해,건조,맑음,교차로 - 교차로안,승용,남,30세,경상,승용,여,69세,경상
2015063000100289,2015년 6월 30일 13시,화요일,충청북도 충주시 충의동,경상사고,0,0,1,0,차대사람 - 기타,안전운전불이행,건조,맑음,기타 - 기타,승용,남,26세,상해없음,보행자,여,76세,경상
2015063000100383,2015년 6월 30일 16시,화요일,충청북도 옥천군 옥천읍,중상사고,0,1,1,0,차대사람 - 기타,보행자보호의무위반,습기,비,교차로 - 교차로부근,원동기,남,60세,중상,보행자,남,33세,경상
2015063000100411,2015년 6월 30일 17시,화요일,충청북도 청주시 서원구 사창동,경상사고,0,0,3,0,차대차 - 기타,신호위반,건조,맑음,교차로 - 교차로부근,이륜,남,19세,경상,승용,남,21세,상해없음
2015063000100459,2015년 6월 30일 18시,화요일,충청북도 제천시 화산동,중상사고,0,1,1,0,차대차 - 측면직각충돌,직진우회전진행방해,건조,맑음,교차로 - 교차로안,승용,남,59세,상해없음,승용,여,37세,중상
2015063000100460,2015년 6월 30일 18시,화요일,충청북도 음성군 음성읍,경상사고,0,0,2,0,차대차 - 기타,교차로운행방법위반,건조,맑음,교차로 - 교차로안,승용,남,56세,경상,승합,남,53세,경상
2015063000100461,2015년 6월 30일 18시,화요일,충청북도 청주시 상당구 남주동,중상사고,0,1,0,0,차대차 - 기타,안전운전불이행,건조,맑음,교차로 - 교차로안,자전거,남,59세,중상,승용,남,45세,상해없음
2015063000100505,2015년 6월 30일 19시,화요일,충청북도 보은군 보은읍,경상사고,0,0,3,0,차대차 - 측면직각충돌,안전운전불이행,습기,비,단일로 - 기타,승용,여,40세,상해없음,승합,여,38세,경상
2015063000100506,2015년 6월 30일 19시,화요일,충청북도 청주시 상당구 용암동,경상사고,0,0,1,0,차대사람 - 기타,안전운전불이행,건조,맑음,단일로 - 기타,기타불명,기타불명,기타불명,기타불명,보행자,남,59세,경상
2015063000100587,2015년 6월 30일 21시,화요일,충청북도 옥천군 청산면,사망사고,1,1,0,0,차대차 - 추돌 - 진행중,안전운전불이행,습기,비,단일로 - 기타,화물,남,52세,상해없음,농기계,남,57세,사망
2015063000100588,2015년 6월 30일 21시,화요일,충청북도 청주시 흥덕구 가경동,경상사고,0,0,1,0,차대사람 - 기타,안전운전불이행,건조,맑음,단일로 - 기타,승용,여,37세,상해없음,보행자,남,30세,경상
2015063000100626,2015년 6월 30일 22시,화요일,충청북도 진천군 진천읍,경상사고,0,0,1,0,차대차 - 추돌 - 진행중,안전운전불이행,건조,맑음,단일로 - 기타,승용,남,38세,상해없음,승용,남,30세,경상
2015070100100109,2015년 7월 1일 07시,수요일,충청북도 청주시 서원구 모충동,중상사고,0,1,1,0,차대차 - 측면직각충돌,교차로운행방법위반,건조,맑음,교차로 - 교차로안,승용,여,26세,상해없음,승용,남,40세,경상
2015070100100144,2015년 7월 1일 08시,수요일,충청북도 충주시 용산동,경상사고,0,0,1,0,차대사람 - 기타,안전운전불이행,건조,맑음,교차로 - 교차로안,기타불명,기타불명,기타불명,기타불명,보행자,남,22세,경상
2015070100100177,2015년 7월 1일 09시,수요일,충청북도 충주시 교현동,경상사고,0,0,1,0,차대차 - 기타,안전거리미확보,건조,맑음,단일로 - 기타,승용,여,31세,상해없음,승용,남,18세,경상
2015070100100178,2015년 7월 1일 09시,수요일,충청북도 제천시 명동,중상사고,0,1,0,0,차대사람 - 기타,안전운전불이행,건조,맑음,단일로 - 기타,화물,남,35세,상해없음,보행자,여,74세,중상
2015070100100213,2015년 7월 1일 10시,수요일,충청북도 청주시 서원구 산남동,경상사고,0,0,1,0,차대차 - 측면직각충돌,안전운전불이행,건조,맑음,교차로 - 교차로안,승용,남,22세,상해없음,승용,여,48세,기타불명
2015070100100272,2015년 7월 1일 12시,수요일,충청북도 청주시 상당구 남문로1가동,경상사고,0,0,1,0,차대사람 - 기타,안전운전불이행,건조,맑음,교차로 - 교차로부근,화물,남,53세,상해없음,보행자,여,56세,경상
2015070100100333,2015년 7월 1일 14시,수요일,충청북도 청주시 서원구 사창동,중상사고,0,1,0,0,차대차 - 측면직각충돌,중앙선침범,건조,맑음,단일로 - 기타,자전거,남,60세,중상,승용,여,48세,상해없음
2015070100100334,2015년 7월 1일 14시,수요일,충청북도 청주시 상당구 탑동,경상사고,0,0,1,0,차대사람 - 기타,안전운전불이행,건조,맑음,단일로 - 기타,화물,남,71세,상해없음,보행자,여,83세,경상
2015070100100355,2015년 7월 1일 15시,수요일,충청북도 청주시 청원구 우암동,경상사고,0,0,3,0,차대차 - 추돌 - 진행중,안전운전불이행,건조,맑음,교차로 - 교차로부근,화물,남,65세,상해없음,승용,남,23세,경상
2015070100100396,2015년 7월 1일 16시,수요일,충청북도 증평군 증평읍,경상사고,0,0,1,1,차대차 - 측면직각충돌,직진우회전진행방해,건조,맑음,교차로 - 교차로안,화물,남,59세,부상신고,승용,남,37세,경상
2015070100100456,2015년 7월 1일 17시,수요일,충청북도 청주시 서원구 분평동,중상사고,0,1,0,0,차대차 - 기타,안전운전불이행,건조,맑음,교차로 - 교차로안,이륜,남,36세,상해없음,자전거,남,12세,중상
2015070100100496,2015년 7월 1일 18시,수요일,충청북도 제천시 장락동,중상사고,0,1,0,0,차대사람 - 기타,보행자보호의무위반,건조,맑음,교차로 - 교차로부근,화물,남,52세,상해없음,보행자,남,7세,중상
2015070100100497,2015년 7월 1일 18시,수요일,충청북도 청주시 흥덕구 오송읍,경상사고,0,0,1,0,차대차 - 기타,안전운전불이행,건조,맑음,교차로 - 교차로부근,승용,여,41세,상해없음,승용,남,33세,경상
2015070100100527,2015년 7월 1일 19시,수요일,충청북도 충주시 봉방동,경상사고,0,0,2,0,차대차 - 기타,직진우회전진행방해,건조,맑음,교차로 - 교차로안,원동기,남,18세,경상,승용,남,43세,상해없음
2015070100100564,2015년 7월 1일 20시,수요일,충청북도 청주시 흥덕구 봉명동,경상사고,0,0,2,0,차대차 - 기타,안전거리미확보,건조,맑음,단일로 - 기타,이륜,남,37세,경상,승용,여,31세,경상
2015070100100629,2015년 7월 1일 22시,수요일,충청북도 충주시 교현동,경상사고,0,0,2,0,차대차 - 추돌 - 진행중,안전운전불이행,건조,맑음,교차로 - 교차로부근,승용,여,32세,상해없음,승합,여,35세,경상
2015070100100630,2015년 7월 1일 22시,수요일,충청북도 충주시 금릉동,중상사고,0,1,0,0,차대사람 - 기타,안전운전불이행,건조,맑음,교차로 - 교차로안,승용,여,38세,상해없음,보행자,남,65세,중상
2015070100100631,2015년 7월 1일 22시,수요일,충청북도 제천시 고암동,중상사고,0,1,0,0,차량단독 - 공작물충돌,안전운전불이행,건조,맑음,단일로 - 기타,화물,남,44세,중상,,,,
2015070100100653,2015년 7월 1일 23시,수요일,충청북도 청주시 서원구 분평동,경상사고,0,0,3,0,차대차 - 측면직각충돌,차로위반,건조,맑음,교차로 - 교차로안,승용,남,25세,상해없음,승용,남,38세,경상
2015070200100050,2015년 7월 2일 03시,목요일,충청북도 청주시 청원구 율량동,중상사고,0,1,0,0,차대차 - 추돌 - 주정차중,안전운전불이행,건조,맑음,교차로 - 교차로부근,화물,남,47세,상해없음,승용,남,40세,중상
2015070200100051,2015년 7월 2일 03시,목요일,충청북도 충주시 산척면,부상신고사고,0,0,0,1,차량단독 - 공작물충돌,안전운전불이행,건조,맑음,단일로 - 기타,화물,남,33세,부상신고,,,,
2015070200100052,2015년 7월 2일 03시,목요일,충청북도 영동군 영동읍,사망사고,1,0,0,0,차대차 - 추돌 - 진행중,안전운전불이행,건조,맑음,단일로 - 기타,특수,남,46세,상해없음,농기계,남,58세,사망
2015070200100063,2015년 7월 2일 05시,목요일,충청북도 충주시 문화동,경상사고,0,0,2,1,차대차 - 추돌 - 진행중,신호위반,건조,맑음,교차로 - 교차로안,승용,남,27세,부상신고,승용,남,67세,경상
2015070200100064,2015년 7월 2일 05시,목요일,충청북도 청주시 서원구 수곡동,경상사고,0,0,1,0,차대차 - 측면직각충돌,안전운전불이행,건조,맑음,교차로 - 교차로안,승용,남,22세,상해없음,승합,남,61세,경상
2015070200100081,2015년 7월 2일 06시,목요일,충청북도 제천시 강제동,경상사고,0,0,1,0,차대차 - 측면직각충돌,안전운전불이행,건조,맑음,기타 - 기타,화물,남,41세,상해없음,자전거,남,60세,경상
2015070200100097,2015년 7월 2일 07시,목요일,충청북도 청주시 서원구 수곡동,경상사고,0,0,1,0,차대차 - 기타,안전운전불이행,건조,맑음,단일로 - 기타,자전거,남,14세,경상,승용,남,40세,상해없음
2015070200100145,2015년 7월 2일 08시,목요일,충청북도 청주시 청원구 오동동,경상사고,0,0,2,0,차대차 - 측면직각충돌,교차로운행방법위반,건조,맑음,교차로 - 교차로안,승용,여,31세,경상,승합,남,54세,상해없음
2015070200100147,2015년 7월 2일 08시,목요일,충청북도 청주시 흥덕구 복대동,중상사고,0,1,0,0,차량단독 - 기타,안전운전불이행,건조,맑음,단일로 - 기타,승합,남,53세,상해없음,,,,
2015070200100148,2015년 7월 2일 08시,목요일,충청북도 청주시 상당구 석교동,중상사고,0,1,0,0,차량단독 - 기타,안전운전불이행,건조,맑음,단일로 - 기타,승합,남,53세,상해없음,,,,
2015070200100193,2015년 7월 2일 09시,목요일,충청북도 청주시 청원구 우암동,경상사고,0,0,1,0,차대차 - 기타,안전운전불이행,건조,맑음,단일로 - 기타,승합,여,68세,상해없음,자전거,남,46세,경상
2015070200100194,2015년 7월 2일 09시,목요일,충청북도 음성군 대소면,경상사고,0,0,1,0,차대사람 - 기타,안전운전불이행,건조,맑음,단일로 - 기타,화물,남,36세,상해없음,보행자,남,50세,경상
2015070200100214,2015년 7월 2일 10시,목요일,충청북도 충주시 연수동,경상사고,0,0,1,0,차대차 - 기타,안전운전불이행,건조,맑음,단일로 - 기타,승용,남,30세,상해없음,승용,여,38세,경상
2015070200100230,2015년 7월 2일 11시,목요일,충청북도 제천시 신동,중상사고,0,1,2,0,차대차 - 측면직각충돌,신호위반,건조,맑음,교차로 - 교차로안,승용,남,22세,기타불명,승용,남,50세,중상
2015070200100231,2015년 7월 2일 11시,목요일,충청북도 청주시 흥덕구 복대동,경상사고,0,0,1,0,차대차 - 추돌 - 진행중,안전운전불이행,건조,맑음,단일로 - 기타,승용,남,50세,상해없음,화물,남,32세,상해없음
2015070200100255,2015년 7월 2일 12시,목요일,충청북도 청주시 서원구 사창동,경상사고,0,0,1,0,차대사람 - 길가장자리구역통행중,안전운전불이행,건조,맑음,단일로 - 기타,승용,여,49세,상해없음,보행자,여,30세,경상