사고번호,사고일시,요일,시군구,사고내용,사망자수,중상자수,경상자수,부상신고자수,사고유형,법규위반,노면상태,기상상태,도로형태,가해운전자 차종,가해운전자 성별,가해운전자 연령,가해운전자 상해정도,피해운전자 차종,피해운전자 성별,피해운전자 연령,피해운전자 상해정도
2015070200100378,2015년 7월 2일 16시,목요일,충청북도 제천시 신백동,중상사고,0,1,0,0,차대사람 - 기타,보행자보호의무위반,건조,맑음,기타 - 기타,승용,여,32세,상해없음,보행자,여,7세,중상
2015070200100421,2015년 7월 2일 17시,목요일,충청북도 청주시 청원구 사천동,경상사고,0,0,1,0,차대사람 - 기타,안전운전불이행,건조,맑음,단일로 - 기타,승용,남,33세,상해없음,보행자,여,10세,경상
2015070200100422,2015년 7월 2일 17시,목요일,충청북도 진천군 진천읍,중상사고,0,1,0,0,차대차 - 기타,차로위반,건조,기타,단일로 - 기타,화물,남,48세,상해없음,이륜,남,54세,중상
2015070200100423,2015년 7월 2일 17시,목요일,충청북도 청주시 흥덕구 송정동,경상사고,0,0,2,0,차대차 - 측면직각충돌,직진우회전진행방해,건조,맑음,교차로 - 교차로안,화물,남,54세,경상,승용,여,20세,경상
2015070200100466,2015년 7월 2일 18시,목요일,충청북도 청주시 청원구 내덕동,중상사고,0,1,0,0,차대차 - 기타,신호위반,건조,맑음,단일로 - 기타,승용,남,31세,상해없음,자전거,남,60세,중상
2015070200100467,2015년 7월 2일 18시,목요일,충청북도 청주시 서원구 개신동,경상사고,0,0,1,0,차대사람 - 기타,안전운전불이행,건조,맑음,단일로 - 기타,승용,여,52세,상해없음,보행자,남,25세,경상
2015070200100498,2015년 7월 2일 19시,목요일,충청북도 청주시 흥덕구 가경동,경상사고,0,0,1,0,차대차 - 기타,중앙선침범,건조,맑음,단일로 - 기타,승용,남,69세,상해없음,이륜,남,19세,경상
2015070200100526,2015년 7월 2일 20시,목요일,충청북도 청주시 상당구 금천동,경상사고,0,0,1,0,차대차 - 측면직각충돌,안전운전불이행,건조,맑음,교차로 - 교차로안,승합,남,45세,상해없음,자전거,남,15세,경상
2015070200100559,2015년 7월 2일 21시,목요일,충청북도 청주시 흥덕구 복대동,중상사고,0,1,0,0,차대차 - 측면직각충돌,기타,건조,맑음,단일로 - 기타,승용,남,63세,상해없음,원동기,남,20세,중상
2015070200100560,2015년 7월 2일 21시,목요일,충청북도 청주시 상당구 금천동,경상사고,0,0,1,0,차대차 - 기타,안전운전불이행,건조,맑음,단일로 - 기타,화물,남,46세,상해없음,화물,남,47세,상해없음
2015070200100596,2015년 7월 2일 22시,목요일,충청북도 청주시 상당구 남주동,경상사고,0,0,2,0,차대차 - 기타,안전운전불이행,건조,맑음,교차로 - 교차로부근,승용,남,44세,상해없음,승용,남,29세,경상
2015070300100031,2015년 7월 3일 01시,금요일,충청북도 청주시 상당구 용암동,경상사고,0,0,1,0,차대차 - 기타,안전운전불이행,건조,맑음,단일로 - 기타,건설기계,남,48세,상해없음,승합,남,42세,상해없음
2015070300100068,2015년 7월 3일 06시,금요일,충청북도 제천시 봉양읍,경상사고,0,0,2,0,차대차 - 측면직각충돌,안전운전불이행,건조,맑음,교차로 - 교차로안,승용,남,37세,경상,화물,남,46세,경상
2015070300100088,2015년 7월 3일 07시,금요일,충청북도 청주시 청원구 내덕동,중상사고,0,1,0,0,차대사람 - 횡단중,안전운전불이행,건조,맑음,단일로 - 횡단보도상,승용,남,79세,상해없음,보행자,여,75세,중상
2015070300100123,2015년 7월 3일 08시,금요일,충청북도 청주시 서원구 사창동,중상사고,0,1,0,0,차대차 - 기타,중앙선침범,건조,맑음,교차로 - 교차로부근,화물,남,42세,상해없음,이륜,남,30세,중상
2015070300100124,2015년 7월 3일 08시,금요일,충청북도 진천군 초평면,중상사고,0,1,0,0,차대차 - 측면직각충돌,직진우회전진행방해,건조,맑음,교차로 - 교차로안,승용,남,35세,상해없음,화물,여,61세,중상
2015070300100162,2015년 7월 3일 09시,금요일,충청북도 충주시 칠금동,중상사고,0,1,0,0,차대사람 - 횡단중,신호위반,건조,맑음,단일로 - 기타,승용,남,53세,상해없음,보행자,여,65세,중상
2015070300100163,2015년 7월 3일 09시,금요일,충청북도 옥천군 동이면,중상사고,0,1,0,0,차대차 - 기타,직진우회전진행방해,건조,맑음,교차로 - 교차로안,승용,남,60세,상해없음,원동기,남,72세,중상
2015070300100164,2015년 7월 3일 09시,금요일,충청북도 진천군 진천읍,경상사고,0,0,1,0,차대차 - 추돌 - 주정차중,안전운전불이행,건조,맑음,교차로 - 교차로안,승용,남,36세,상해없음,화물,남,48세,경상
2015070300100165,2015년 7월 3일 09시,금요일,충청북도 진천군 진천읍,경상사고,0,0,1,0,차대차 - 추돌 - 주정차중,안전운전불이행,건조,맑음,교차로 - 교차로안,화물,남,48세,상해없음,승용,남,29세,경상
2015070300100166,2015년 7월 3일 09시,금요일,충청북도 청주시 상당구 수동,경상사고,0,0,1,0,차대차 - 측면직각충돌,안전운전불이행,건조,맑음,교차로 - 교차로안,승용,남,38세,상해없음,자전거,남,53세,경상
2015070300100208,2015년 7월 3일 11시,금요일,충청북도 충주시 연수동,경상사고,0,0,1,0,차대차 - 기타,신호위반,건조,맑음,교차로 - 교차로안,승용,여,54세,상해없음,승용,여,42세,경상
2015070300100209,2015년 7월 3일 11시,금요일,충청북도 충주시 신니면,중상사고,0,1,0,1,차대차 - 기타,안전거리미확보,건조,맑음,단일로 - 기타,화물,남,36세,부상신고,화물,남,24세,중상
2015070300100267,2015년 7월 3일 13시,금요일,충청북도 충주시 용탄동,경상사고,0,0,2,1,차대차 - 기타,안전거리미확보,건조,맑음,교차로 - 교차로안,승용,남,68세,부상신고,화물,남,31세,경상
2015070300100303,2015년 7월 3일 14시,금요일,충청북도 청주시 흥덕구 가경동,경상사고,0,0,1,0,차대차 - 측면직각충돌,신호위반,건조,맑음,교차로 - 교차로안,승용,남,54세,상해없음,승용,여,43세,경상
2015070300100329,2015년 7월 3일 15시,금요일,충청북도 청주시 흥덕구 운천동,경상사고,0,0,2,0,차대차 - 추돌 - 진행중,신호위반,건조,맑음,교차로 - 교차로안,승용,남,48세,상해없음,승용,남,35세,상해없음
2015070300100381,2015년 7월 3일 16시,금요일,충청북도 청주시 청원구 우암동,경상사고,0,0,1,0,차대차 - 기타,안전운전불이행,건조,맑음,단일로 - 기타,승용,남,44세,상해없음,승용,남,72세,경상
2015070300100382,2015년 7월 3일 16시,금요일,충청북도 충주시 용산동,경상사고,0,0,1,0,차대차 - 기타,기타,건조,맑음,교차로 - 교차로부근,화물,남,49세,상해없음,자전거,남,16세,경상
2015070300100383,2015년 7월 3일 16시,금요일,충청북도 청주시 흥덕구 옥산면,중상사고,0,1,0,0,차대차 - 측면직각충돌,안전운전불이행,건조,맑음,교차로 - 교차로안,이륜,남,79세,중상,화물,남,41세,상해없음
2015070300100384,2015년 7월 3일 16시,금요일,충청북도 청주시 상당구 방서동,중상사고,0,1,1,0,차대차 - 기타,안전운전불이행,건조,맑음,단일로 - 기타,원동기,남,54세,중상,자전거,남,14세,경상
2015070300100385,2015년 7월 3일 16시,금요일,충청북도 충주시 대소원면,경상사고,0,0,6,0,차대차 - 기타,안전운전불이행,건조,맑음,단일로 - 기타,승용,남,34세,상해없음,승용,남,25세,경상
2015070300100417,2015년 7월 3일 17시,금요일,충청북도 제천시 장락동,경상사고,0,0,1,0,차대차 - 측면직각충돌,신호위반,건조,맑음,교차로 - 교차로안,승용,남,58세,상해없음,승용,여,33세,경상
2015070300100513,2015년 7월 3일 19시,금요일,충청북도 진천군 광혜원면,경상사고,0,0,1,0,차대사람 - 횡단중,보행자보호의무위반,건조,맑음,단일로 - 횡단보도상,승용,남,39세,상해없음,보행자,남,15세,경상
2015070300100514,2015년 7월 3일 19시,금요일,충청북도 청주시 상당구 탑동,중상사고,0,1,0,0,차대차 - 기타,안전운전불이행,건조,맑음,단일로 - 기타,화물,남,57세,상해없음,원동기,남,48세,중상
2015070300100549,2015년 7월 3일 20시,금요일,충청북도 충주시 교현동,경상사고,0,0,1,0,차대차 - 측면직각충돌,직진우회전진행방해,건조,맑음,교차로 - 교차로안,승용,여,48세,상해없음,원동기,남,22세,경상
2015070300100550,2015년 7월 3일 20시,금요일,충청북도 진천군 진천읍,경상사고,0,0,1,0,차대차 - 추돌 - 주정차중,안전운전불이행,건조,맑음,단일로 - 기타,승용,남,44세,상해없음,화물,남,49세,경상
2015070300100551,2015년 7월 3일 20시,금요일,충청북도 청주시 흥덕구 복대동,경상사고,0,0,1,0,차대차 - 측면직각충돌,안전운전불이행,건조,맑음,교차로 - 교차로안,승용,남,22세,상해없음,자전거,남,12세,경상
2015070300100588,2015년 7월 3일 21시,금요일,충청북도 청주시 흥덕구 복대동,경상사고,0,0,1,0,차대사람 - 기타,안전운전불이행,건조,맑음,단일로 - 기타,승용,남,29세,상해없음,보행자,남,31세,경상
2015070300100589,2015년 7월 3일 21시,금요일,충청북도 청주시 서원구 분평동,중상사고,0,1,1,0,차대차 - 기타,안전운전불이행,건조,맑음,단일로 - 기타,자전거,남,14세,경상,자전거,남,13세,중상
2015070300100621,2015년 7월 3일 22시,금요일,충청북도 청주시 서원구 남이면,경상사고,0,0,1,0,차대차 - 측면직각충돌,교차로운행방법위반,건조,맑음,교차로 - 교차로안,승합,여,60세,상해없음,원동기,남,21세,경상
2015070300100622,2015년 7월 3일 22시,금요일,충청북도 청주시 서원구 분평동,경상사고,0,0,2,0,차대차 - 기타,안전운전불이행,건조,맑음,교차로 - 교차로부근,승용,남,49세,상해없음,승용,여,33세,경상
2015070300100659,2015년 7월 3일 23시,금요일,충청북도 청주시 흥덕구 봉명동,경상사고,0,0,1,0,차대차 - 측면직각충돌,안전거리미확보,건조,맑음,단일로 - 기타,승용,남,30세,상해없음,원동기,남,16세,경상
2015070400100024,2015년 7월 4일 00시,토요일,충청북도 청주시 상당구 미원면,경상사고,0,0,1,0,차대차 - 기타,안전운전불이행,건조,맑음,단일로 - 기타,기타불명,기타불명,기타불명,기타불명,자전거,남,17세,경상
2015070400100058,2015년 7월 4일 01시,토요일,충청북도 청주시 서원구 사직동,중상사고,0,1,0,0,차대차 - 기타,신호위반,건조,맑음,교차로 - 교차로안,승용,남,50세,상해없음,승용,남,58세,중상
2015070400100095,2015년 7월 4일 03시,토요일,충청북도 청주시 청원구 오창읍,경상사고,0,0,1,0,차대사람 - 기타,안전운전불이행,건조,맑음,단일로 - 기타,승용,남,26세,상해없음,보행자,남,47세,경상
2015070400100115,2015년 7월 4일 04시,토요일,충청북도 청주시 서원구 모충동,중상사고,0,1,0,0,차대차 - 기타,중앙선침범,건조,맑음,단일로 - 기타,화물,여,46세,상해없음,원동기,남,20세,중상
2015070400100142,2015년 7월 4일 06시,토요일,충청북도 청주시 상당구 가덕면,경상사고,0,0,1,0,차대차 - 기타,안전운전불이행,건조,맑음,기타 - 기타,자전거,남,35세,경상,자전거,남,30세,상해없음
2015070400100215,2015년 7월 4일 09시,토요일,충청북도 청주시 흥덕구 봉명동,경상사고,0,0,1,0,차대차 - 추돌 - 진행중,안전거리미확보,건조,맑음,단일로 - 기타,승용,여,48세,상해없음,승합,남,51세,상해없음
2015070400100242,2015년 7월 4일 10시,토요일,충청북도 청주시 흥덕구 가경동,경상사고,0,0,2,0,차대차 - 기타,안전운전불이행,건조,맑음,단일로 - 기타,승용,여,48세,상해없음,승용,남,26세,경상
2015070400100279,2015년 7월 4일 11시,토요일,충청북도 제천시 장락동,중상사고,0,1,1,0,차대차 - 측면직각충돌,안전운전불이행,건조,맑음,단일로 - 기타,승용,남,71세,상해없음,화물,남,49세,경상
2015070400100333,2015년 7월 4일 13시,토요일,충청북도 청주시 서원구 사창동,중상사고,0,1,0,0,차대차 - 추돌 - 진행중,안전운전불이행,건조,맑음,단일로 - 기타,승용,남,55세,상해없음,승용,남,24세,상해없음
2015070400100334,2015년 7월 4일 13시,토요일,충청북도 충주시 교현동,중상사고,0,1,0,0,차대차 - 기타,안전운전불이행,건조,맑음,교차로 - 교차로안,이륜,남,21세,상해없음,자전거,남,76세,중상
2015070400100362,2015년 7월 4일 14시,토요일,충청북도 청주시 흥덕구 비하동,경상사고,0,0,3,0,차대차 - 추돌 - 진행중,차로위반,건조,맑음,교차로 - 교차로안,승용,남,36세,상해없음,화물,남,41세,상해없음
2015070400100397,2015년 7월 4일 15시,토요일,충청북도 음성군 감곡면,경상사고,0,0,1,0,차량단독 - 공작물충돌,안전운전불이행,건조,맑음,단일로 - 기타,승용,남,46세,경상,,,,
2015070400100398,2015년 7월 4일 15시,토요일,충청북도 청주시 흥덕구 운천동,경상사고,0,0,1,0,차대차 - 기타,안전거리미확보,건조,맑음,단일로 - 기타,승용,남,40세,상해없음,승용,남,41세,상해없음
2015070400100399,2015년 7월 4일 15시,토요일,충청북도 청주시 서원구 분평동,부상신고사고,0,0,0,1,차대차 - 측면직각충돌,안전운전불이행,건조,맑음,단일로 - 기타,승용,남,60세,상해없음,승합,남,45세,부상신고
2015070400100447,2015년 7월 4일 16시,토요일,충청북도 청주시 흥덕구 운천동,경상사고,0,0,1,0,차대차 - 측면직각충돌,교차로운행방법위반,건조,맑음,교차로 - 교차로안,승용,여,42세,상해없음,승용,여,41세,경상
2015070400100448,2015년 7월 4일 16시,토요일,충청북도 청주시 서원구 분평동,경상사고,0,0,1,0,차대차 - 추돌 - 진행중,안전거리미확보,건조,맑음,단일로 - 기타,승합,남,43세,상해없음,승용,여,38세,경상
2015070400100483,2015년 7월 4일 17시,토요일,충청북도 청주시 흥덕구 봉명동,중상사고,0,1,0,0,차대차 - 추돌 - 진행중,안전운전불이행,건조,맑음,교차로 - 교차로안,승용,남,26세,상해없음,이륜,남,38세,중상
2015070400100484,2015년 7월 4일 17시,토요일,충청북도 충주시 노은면,경상사고,0,0,2,0,차대차 - 추돌 - 주정차중,안전운전불이행,건조,흐림,기타 - 기타,승용,남,36세,상해없음,승용,남,24세,경상
2015070400100586,2015년 7월 4일 20시,토요일,충청북도 청주시 청원구 내덕동,경상사고,0,0,1,0,차대차 - 추돌 - 주정차중,안전운전불이행,건조,맑음,교차로 - 교차로부근,승용,남,36세,상해없음,승용,여,46세,경상
2015070400100619,2015년 7월 4일 21시,토요일,충청북도 증평군 증평읍,경상사고,0,0,1,0,차대차 - 추돌 - 진행중,안전운전불이행,건조,맑음,단일로 - 기타,승용,남,48세,상해없음,승용,여,65세,경상
2015070500100025,2015년 7월 5일 01시,일요일,충청북도 괴산군 연풍면,경상사고,0,0,1,0,차량단독 - 도로외이탈 - 기타,안전운전불이행,건조,맑음,단일로 - 기타,승용,남,45세,경상,,,,
2015070500100054,2015년 7월 5일 03시,일요일,충청북도 제천시 청전동,중상사고,0,1,0,0,차대사람 - 기타,안전운전불이행,건조,맑음,단일로 - 기타,승용,남,28세,상해없음,보행자,남,22세,중상
2015070500100106,2015년 7월 5일 08시,일요일,충청북도 청주시 청원구 오창읍,경상사고,0,0,1,0,차대차 - 기타,신호위반,건조,맑음,교차로 - 교차로안,승용,남,26세,상해없음,승용,여,61세,경상
2015070500100118,2015년 7월 5일 09시,일요일,충청북도 음성군 감곡면,사망사고,1,2,0,0,차량단독 - 공작물충돌,안전운전불이행,건조,맑음,단일로 - 기타,승용,남,23세,사망,,,,
2015070500100163,2015년 7월 5일 11시,일요일,충청북도 청주시 청원구 사천동,경상사고,0,0,1,0,차대차 - 측면직각충돌,안전운전불이행,건조,맑음,단일로 - 횡단보도상,승용,여,58세,상해없음,자전거,남,11세,경상
2015070500100164,2015년 7월 5일 11시,일요일,충청북도 진천군 진천읍,경상사고,0,0,1,0,차대차 - 측면직각충돌,안전운전불이행,건조,맑음,단일로 - 기타,원동기,여,70세,상해없음,원동기,남,56세,경상
2015070500100219,2015년 7월 5일 13시,일요일,충청북도 제천시 하소동,중상사고,0,1,0,0,차대차 - 측면직각충돌,안전운전불이행,건조,맑음,단일로 - 기타,화물,남,72세,상해없음,자전거,남,73세,중상
2015070500100220,2015년 7월 5일 13시,일요일,충청북도 옥천군 옥천읍,경상사고,0,0,1,0,차대차 - 기타,안전운전불이행,건조,맑음,교차로 - 교차로부근,원동기,남,76세,경상,승용,여,46세,상해없음
2015070500100221,2015년 7월 5일 13시,일요일,충청북도 청주시 상당구 미원면,중상사고,0,1,0,0,차대사람 - 횡단중,안전운전불이행,건조,맑음,교차로 - 교차로부근,승용,남,55세,상해없음,보행자,여,56세,중상
2015070500100253,2015년 7월 5일 14시,일요일,충청북도 청주시 서원구 사직동,중상사고,0,1,0,0,차량단독 - 기타,안전운전불이행,건조,맑음,단일로 - 기타,승합,남,46세,상해없음,,,,
2015070500100254,2015년 7월 5일 14시,일요일,충청북도 충주시 봉방동,경상사고,0,0,2,0,차대차 - 추돌 - 주정차중,안전운전불이행,건조,맑음,단일로 - 기타,화물,남,54세,상해없음,승용,남,56세,경상
2015070500100255,2015년 7월 5일 14시,일요일,충청북도 영동군 심천면,경상사고,0,0,2,0,차대차 - 기타,안전거리미확보,건조,맑음,단일로 - 기타,승용,여,61세,상해없음,승용,남,34세,경상
2015070500100256,2015년 7월 5일 14시,일요일,충청북도 단양군 단양읍,경상사고,0,0,1,0,차대차 - 측면직각충돌,안전운전불이행,건조,맑음,단일로 - 기타,이륜,여,56세,경상,승용,남,43세,상해없음
2015070500100257,2015년 7월 5일 14시,일요일,충청북도 청주시 흥덕구 봉명동,경상사고,0,0,2,0,차대차 - 측면직각충돌,신호위반,건조,맑음,교차로 - 교차로부근,승합,남,36세,상해없음,승용,남,37세,경상
2015070500100285,2015년 7월 5일 15시,일요일,충청북도 충주시 연수동,중상사고,0,1,1,0,차대차 - 추돌 - 주정차중,안전거리미확보,건조,맑음,교차로 - 교차로안,승용,남,45세,상해없음,승합,남,45세,경상
2015070500100286,2015년 7월 5일 15시,일요일,충청북도 청주시 서원구 분평동,사망사고,1,0,5,0,차대차 - 측면직각충돌,신호위반,건조,맑음,교차로 - 교차로안,승용,여,36세,경상,이륜,남,40세,사망
2015070500100354,2015년 7월 5일 17시,일요일,충청북도 청주시 서원구 개신동,경상사고,0,0,1,0,차대차 - 기타,안전운전불이행,건조,맑음,미분류 - 미분류,승용,여,40세,상해없음,승용,여,47세,경상
2015070500100448,2015년 7월 5일 20시,일요일,충청북도 청주시 흥덕구 복대동,경상사고,0,0,5,0,차대차 - 기타,안전운전불이행,건조,맑음,교차로 - 교차로부근,승용,남,42세,상해없음,승용,여,44세,경상
2015070500100502,2015년 7월 5일 22시,일요일,충청북도 청주시 청원구 우암동,경상사고,0,0,1,0,차대사람 - 횡단중,안전운전불이행,습기,비,단일로 - 기타,승합,남,59세,상해없음,보행자,여,67세,경상
2015070500100503,2015년 7월 5일 22시,일요일,충청북도 청주시 상당구 북문로1가동,경상사고,0,0,1,0,차대사람 - 기타,보행자보호의무위반,건조,맑음,교차로 - 교차로안,승용,남,55세,상해없음,보행자,여,66세,경상
2015070500100521,2015년 7월 5일 23시,일요일,충청북도 옥천군 군서면,중상사고,0,1,0,0,차량단독 - 공작물충돌,안전운전불이행,습기,비,단일로 - 기타,승용,남,31세,중상,,,,
2015070600100011,2015년 7월 6일 00시,월요일,충청북도 청주시 흥덕구 가경동,중상사고,0,1,0,0,차대차 - 기타,안전운전불이행,건조,맑음,단일로 - 기타,기타불명,기타불명,기타불명,기타불명,이륜,남,45세,중상
2015070600100019,2015년 7월 6일 01시,월요일,충청북도 청주시 흥덕구 봉명동,중상사고,0,1,0,0,차대차 - 추돌 - 주정차중,안전운전불이행,건조,맑음,단일로 - 기타,승용,남,34세,상해없음,승용,남,18세,중상
2015070600100029,2015년 7월 6일 03시,월요일,충청북도 청주시 청원구 내덕동,중상사고,0,1,0,0,차대사람 - 길가장자리구역통행중,안전운전불이행,습기,흐림,단일로 - 기타,기타불명,기타불명,기타불명,기타불명,보행자,남,42세,중상
2015070600100035,2015년 7월 6일 04시,월요일,충청북도 단양군 대강면,경상사고,0,0,1,0,차대차 - 기타,안전운전불이행,습기,비,단일로 - 교량,화물,남,27세,기타불명,승용,남,52세,경상
2015070600100036,2015년 7월 6일 04시,월요일,충청북도 청주시 서원구 사직동,경상사고,0,0,3,0,차대차 - 기타,신호위반,건조,맑음,교차로 - 교차로안,승용,남,35세,상해없음,승용,남,44세,경상
2015070600100090,2015년 7월 6일 07시,월요일,충청북도 청주시 청원구 주중동,중상사고,0,1,0,0,차대차 - 측면직각충돌,안전운전불이행,건조,맑음,교차로 - 교차로안,자전거,남,15세,중상,승용,남,60세,상해없음
2015070600100134,2015년 7월 6일 08시,월요일,충청북도 충주시 달천동,경상사고,0,0,2,0,차대차 - 기타,안전거리미확보,건조,맑음,단일로 - 교량,화물,남,36세,상해없음,화물,남,64세,상해없음
2015070600100135,2015년 7월 6일 08시,월요일,충청북도 청주시 상당구 문의면,중상사고,0,3,0,0,차대차 - 측면직각충돌,안전운전불이행,건조,맑음,교차로 - 교차로안,승용,남,76세,중상,승용,여,45세,중상
2015070600100195,2015년 7월 6일 09시,월요일,충청북도 단양군 단양읍,중상사고,0,2,1,0,차대차 - 추돌 - 주정차중,안전운전불이행,건조,맑음,단일로 - 기타,승합,남,42세,상해없음,승용,남,47세,중상
2015070600100222,2015년 7월 6일 10시,월요일,충청북도 청주시 흥덕구 가경동,경상사고,0,0,2,0,차대차 - 측면직각충돌,교차로운행방법위반,건조,맑음,교차로 - 교차로안,승용,남,60세,상해없음,승용,여,54세,경상
2015070600100223,2015년 7월 6일 10시,월요일,충청북도 청주시 상당구 문의면,중상사고,0,1,0,0,차대차 - 측면직각충돌,안전운전불이행,건조,맑음,단일로 - 기타,자전거,남,53세,중상,화물,남,58세,상해없음
2015070600100249,2015년 7월 6일 11시,월요일,충청북도 충주시 앙성면,사망사고,1,1,0,0,차량단독 - 전도전복,안전운전불이행,건조,맑음,단일로 - 기타,승용,남,74세,중상,,,,
2015070600100250,2015년 7월 6일 11시,월요일,충청북도 진천군 이월면,경상사고,0,0,1,0,차대차 - 추돌 - 진행중,안전운전불이행,건조,기타,단일로 - 기타,승용,여,47세,상해없음,승용,여,43세,경상
2015070600100301,2015년 7월 6일 13시,월요일,충청북도 충주시 신니면,경상사고,0,0,2,0,차대차 - 기타,안전운전불이행,건조,맑음,단일로 - 기타,화물,남,60세,경상,화물,남,56세,상해없음
2015070600100326,2015년 7월 6일 14시,월요일,충청북도 충주시 봉방동,경상사고,0,0,2,0,차대차 - 기타,교차로운행방법위반,건조,맑음,교차로 - 교차로안,승용,남,72세,경상,승용,여,57세,경상
2015070600100327,2015년 7월 6일 14시,월요일,충청북도 음성군 삼성면,경상사고,0,0,1,0,차대차 - 측면직각충돌,교차로운행방법위반,건조,맑음,교차로 - 교차로안,승용,남,69세,상해없음,승용,여,53세,경상
2015070600100354,2015년 7월 6일 15시,월요일,충청북도 청주시 청원구 우암동,경상사고,0,0,3,0,차대차 - 기타,안전운전불이행,건조,맑음,교차로 - 교차로부근,승용,남,44세,경상,승합,남,42세,경상
2015070600100355,2015년 7월 6일 15시,월요일,충청북도 음성군 생극면,부상신고사고,0,0,0,1,차량단독 - 공작물충돌,안전운전불이행,건조,맑음,단일로 - 기타,화물,남,59세,부상신고,,,,
2015070600100392,2015년 7월 6일 16시,월요일,충청북도 청주시 청원구 내덕동,중상사고,0,1,0,0,차대사람 - 기타,안전운전불이행,건조,맑음,교차로 - 교차로안,승용,남,63세,상해없음,보행자,여,90세 이상,중상
2015070600100461,2015년 7월 6일 18시,월요일,충청북도 청주시 서원구 사창동,경상사고,0,0,1,0,차대차 - 기타,신호위반,건조,맑음,교차로 - 교차로안,승용,여,46세,상해없음,이륜,남,24세,경상
2015070600100513,2015년 7월 6일 20시,월요일,충청북도 충주시 호암동,경상사고,0,0,1,0,차대차 - 기타,신호위반,건조,맑음,교차로 - 교차로안,승합,남,45세,상해없음,승용,남,53세,경상
2015070600100594,2015년 7월 6일 23시,월요일,충청북도 청주시 상당구 명암동,경상사고,0,0,1,0,차대차 - 추돌 - 진행중,안전운전불이행,건조,맑음,교차로 - 교차로부근,승용,남,43세,상해없음,승용,남,57세,경상
2015070700100071,2015년 7월 7일 04시,화요일,충청북도 청주시 흥덕구 봉명동,중상사고,0,1,0,0,차대사람 - 기타,안전운전불이행,건조,맑음,단일로 - 기타,승용,남,48세,상해없음,보행자,남,27세,중상
2015070700100072,2015년 7월 7일 04시,화요일,충청북도 옥천군 동이면,사망사고,1,0,0,0,차대사람 - 기타,안전운전불이행,건조,맑음,단일로 - 기타,화물,남,54세,상해없음,보행자,남,56세,사망
2015070700100085,2015년 7월 7일 06시,화요일,충청북도 옥천군 옥천읍,중상사고,0,1,0,0,차대차 - 추돌 - 진행중,안전운전불이행,건조,흐림,단일로 - 기타,승용,여,33세,상해없음,자전거,남,78세,중상
2015070700100086,2015년 7월 7일 06시,화요일,충청북도 청주시 서원구 분평동,중상사고,0,1,1,0,차대차 - 기타,신호위반,건조,맑음,교차로 - 교차로안,승용,남,76세,상해없음,승용,남,31세,경상
2015070700100105,2015년 7월 7일 07시,화요일,충청북도 청주시 서원구 성화동,중상사고,0,1,0,0,차대차 - 측면직각충돌,안전운전불이행,건조,맑음,단일로 - 기타,승용,여,53세,상해없음,자전거,남,17세,중상
2015070700100163,2015년 7월 7일 09시,화요일,충청북도 청주시 서원구 개신동,경상사고,0,0,2,0,차대차 - 측면직각충돌,안전운전불이행,습기,흐림,교차로 - 교차로안,승용,여,51세,경상,승용,남,71세,경상
2015070700100164,2015년 7월 7일 09시,화요일,충청북도 청주시 흥덕구 복대동,중상사고,0,1,1,0,차대차 - 측면직각충돌,안전거리미확보,건조,맑음,단일로 - 기타,화물,남,64세,상해없음,승용,남,47세,중상
2015070700100165,2015년 7월 7일 09시,화요일,충청북도 청주시 흥덕구 가경동,중상사고,0,1,0,0,차대사람 - 기타,안전운전불이행,습기,비,단일로 - 기타,승용,여,49세,상해없음,보행자,여,73세,중상
2015070700100166,2015년 7월 7일 09시,화요일,충청북도 청주시 상당구 금천동,중상사고,0,1,0,0,차대차 - 기타,안전운전불이행,건조,맑음,교차로 - 교차로안,승용,남,39세,상해없음,승용,여,34세,중상
2015070700100245,2015년 7월 7일 12시,화요일,충청북도 증평군 증평읍,경상사고,0,0,2,0,차대차 - 추돌 - 주정차중,안전운전불이행,습기,흐림,교차로 - 교차로부근,화물,남,53세,상해없음,화물,남,54세,경상
2015070700100246,2015년 7월 7일 12시,화요일,충청북도 청주시 흥덕구 오송읍,경상사고,0,0,1,0,차대차 - 측면직각충돌,중앙선침범,건조,맑음,단일로 - 기타,승용,남,51세,상해없음,특수,남,44세,경상
2015070700100287,2015년 7월 7일 13시,화요일,충청북도 충주시 목행동,경상사고,0,0,2,0,차대차 - 기타,안전운전불이행,건조,맑음,교차로 - 교차로안,화물,남,58세,상해없음,승용,여,41세,경상
2015070700100288,2015년 7월 7일 13시,화요일,충청북도 청주시 흥덕구 가경동,경상사고,0,0,1,0,차대사람 - 길가장자리구역통행중,안전운전불이행,습기,맑음,단일로 - 기타,화물,남,47세,상해없음,보행자,여,54세,경상
2015070700100289,2015년 7월 7일 13시,화요일,충청북도 청주시 상당구 명암동,중상사고,0,1,0,0,차대차 - 기타,신호위반,습기,흐림,교차로 - 교차로부근,화물,남,73세,상해없음,이륜,남,59세,중상
2015070700100318,2015년 7월 7일 14시,화요일,충청북도 청주시 서원구 사직동,중상사고,0,1,0,0,차대차 - 정면충돌,중앙선침범,습기,비,교차로 - 교차로안,자전거,남,24세,중상,승용,남,56세,상해없음
2015070700100319,2015년 7월 7일 14시,화요일,충청북도 증평군 증평읍,경상사고,0,0,1,0,차량단독 - 공작물충돌,안전운전불이행,습기,흐림,단일로 - 기타,승용,여,37세,경상,,,,