사고번호,사고일시,요일,시군구,사고내용,사망자수,중상자수,경상자수,부상신고자수,사고유형,법규위반,노면상태,기상상태,도로형태,가해운전자 차종,가해운전자 성별,가해운전자 연령,가해운전자 상해정도,피해운전자 차종,피해운전자 성별,피해운전자 연령,피해운전자 상해정도
2015070700100359,2015년 7월 7일 15시,화요일,충청북도 단양군 단양읍,중상사고,0,3,0,0,차대차 - 추돌 - 주정차중,안전운전불이행,습기,비,교차로 - 교차로부근,승용,남,21세,상해없음,화물,남,47세,중상
2015070700100437,2015년 7월 7일 17시,화요일,충청북도 충주시 연수동,경상사고,0,0,3,0,차대차 - 기타,신호위반,건조,맑음,교차로 - 교차로안,승용,여,39세,경상,승용,여,45세,경상
2015070700100438,2015년 7월 7일 17시,화요일,충청북도 음성군 음성읍,중상사고,0,1,0,0,차대차 - 측면직각충돌,교차로운행방법위반,건조,흐림,교차로 - 교차로안,승합,남,49세,상해없음,승용,남,75세,중상
2015070700100439,2015년 7월 7일 17시,화요일,충청북도 청주시 흥덕구 가경동,경상사고,0,0,1,0,차대사람 - 횡단중,안전운전불이행,습기,비,단일로 - 기타,승용,여,39세,상해없음,보행자,여,7세,경상
2015070700100440,2015년 7월 7일 17시,화요일,충청북도 청주시 서원구 분평동,경상사고,0,0,1,0,차대사람 - 횡단중,안전운전불이행,건조,맑음,교차로 - 교차로안,이륜,남,46세,상해없음,보행자,남,2세,경상
2015070700100489,2015년 7월 7일 18시,화요일,충청북도 청주시 청원구 사천동,중상사고,0,1,0,0,차대차 - 측면직각충돌,교차로운행방법위반,건조,맑음,교차로 - 교차로안,화물,남,50세,상해없음,원동기,남,28세,중상
2015070700100490,2015년 7월 7일 18시,화요일,충청북도 진천군 문백면,경상사고,0,0,1,0,차대차 - 추돌 - 진행중,안전운전불이행,습기,비,단일로 - 기타,승용,남,28세,상해없음,승용,남,38세,경상
2015070700100532,2015년 7월 7일 19시,화요일,충청북도 진천군 진천읍,경상사고,0,0,1,0,차대차 - 추돌 - 진행중,교차로운행방법위반,건조,맑음,교차로 - 교차로안,승용,여,38세,경상,화물,남,52세,상해없음
2015070700100533,2015년 7월 7일 19시,화요일,충청북도 청주시 흥덕구 강서동,경상사고,0,0,1,0,차대차 - 기타,안전운전불이행,습기,비,교차로 - 교차로부근,승용,남,46세,상해없음,승용,남,34세,경상
2015070700100534,2015년 7월 7일 19시,화요일,충청북도 청주시 서원구 개신동,경상사고,0,0,1,0,차대사람 - 기타,기타,건조,맑음,단일로 - 기타,화물,남,43세,상해없음,보행자,여,45세,경상
2015070700100575,2015년 7월 7일 20시,화요일,충청북도 충주시 단월동,경상사고,0,0,2,0,차대차 - 추돌 - 진행중,안전운전불이행,습기,비,교차로 - 교차로부근,화물,남,71세,상해없음,승용,남,36세,경상
2015070700100576,2015년 7월 7일 20시,화요일,충청북도 충주시 주덕읍,중상사고,0,1,0,0,차대차 - 추돌 - 진행중,안전운전불이행,습기,비,단일로 - 기타,승용,남,71세,상해없음,승용,남,23세,중상
2015070700100577,2015년 7월 7일 20시,화요일,충청북도 청주시 흥덕구 복대동,경상사고,0,0,1,0,차대차 - 측면직각충돌,교차로운행방법위반,습기,비,교차로 - 교차로안,승용,남,30세,상해없음,이륜,남,18세,경상
2015070700100621,2015년 7월 7일 21시,화요일,충청북도 청주시 서원구 남이면,경상사고,0,0,1,0,차대차 - 기타,안전운전불이행,건조,맑음,단일로 - 기타,승용,여,33세,상해없음,승용,남,29세,경상
2015070700100656,2015년 7월 7일 22시,화요일,충청북도 음성군 금왕읍,경상사고,0,0,4,0,차대차 - 측면직각충돌,중앙선침범,습기,맑음,단일로 - 기타,화물,남,58세,상해없음,승용,남,31세,경상
2015070800100010,2015년 7월 8일 00시,수요일,충청북도 청주시 청원구 사천동,경상사고,0,0,1,0,차대차 - 기타,안전운전불이행,습기,비,교차로 - 교차로부근,승용,남,25세,상해없음,승용,남,47세,경상
2015070800100011,2015년 7월 8일 00시,수요일,충청북도 청주시 청원구 내덕동,중상사고,0,1,0,0,차대차 - 기타,안전운전불이행,건조,맑음,교차로 - 교차로부근,승용,남,28세,상해없음,승용,여,56세,중상
2015070800100012,2015년 7월 8일 00시,수요일,충청북도 청주시 흥덕구 복대동,경상사고,0,0,2,0,차대차 - 추돌 - 주정차중,안전운전불이행,습기,비,교차로 - 교차로부근,승용,남,29세,상해없음,승용,여,25세,경상
2015070800100030,2015년 7월 8일 01시,수요일,충청북도 제천시 청전동,경상사고,0,0,2,0,차대차 - 추돌 - 진행중,안전운전불이행,습기,비,교차로 - 교차로안,승용,남,45세,상해없음,승용,남,48세,경상
2015070800100057,2015년 7월 8일 03시,수요일,충청북도 옥천군 옥천읍,경상사고,0,0,1,0,차량단독 - 공작물충돌,안전운전불이행,습기,비,단일로 - 기타,승용,여,34세,경상,,,,
2015070800100069,2015년 7월 8일 04시,수요일,충청북도 청주시 흥덕구 신봉동,경상사고,0,0,1,0,차량단독 - 기타,안전운전불이행,습기,비,단일로 - 기타,승용,남,27세,상해없음,,,,
2015070800100152,2015년 7월 8일 08시,수요일,충청북도 청주시 흥덕구 복대동,경상사고,0,0,1,0,차대차 - 추돌 - 진행중,안전운전불이행,건조,맑음,단일로 - 기타,승용,여,38세,상해없음,승용,남,62세,경상
2015070800100178,2015년 7월 8일 09시,수요일,충청북도 음성군 소이면,경상사고,0,0,1,1,차대차 - 측면직각충돌,교차로운행방법위반,습기,비,교차로 - 교차로부근,화물,남,65세,부상신고,화물,남,64세,경상
2015070800100206,2015년 7월 8일 10시,수요일,충청북도 청주시 서원구 남이면,경상사고,0,0,3,0,차대차 - 측면직각충돌,교차로운행방법위반,습기,흐림,교차로 - 교차로안,승용,여,54세,경상,승용,남,41세,경상
2015070800100237,2015년 7월 8일 11시,수요일,충청북도 제천시 남천동,경상사고,0,0,1,0,차대사람 - 기타,안전운전불이행,건조,맑음,교차로 - 교차로안,기타불명,기타불명,기타불명,기타불명,보행자,여,66세,경상
2015070800100285,2015년 7월 8일 13시,수요일,충청북도 진천군 진천읍,중상사고,0,1,0,0,차대사람 - 기타,안전운전불이행,건조,맑음,교차로 - 교차로안,승용,남,32세,상해없음,보행자,여,83세,중상
2015070800100318,2015년 7월 8일 14시,수요일,충청북도 청주시 청원구 외평동,중상사고,0,1,0,0,차대차 - 기타,안전운전불이행,건조,맑음,교차로 - 교차로부근,화물,남,51세,상해없음,원동기,남,81세,중상
2015070800100319,2015년 7월 8일 14시,수요일,충청북도 충주시 교현동,경상사고,0,0,1,0,차대차 - 기타,안전운전불이행,건조,맑음,단일로 - 기타,승용,여,39세,경상,화물,남,54세,상해없음
2015070800100320,2015년 7월 8일 14시,수요일,충청북도 진천군 이월면,경상사고,0,0,1,0,차대차 - 추돌 - 주정차중,안전운전불이행,건조,맑음,교차로 - 교차로부근,화물,남,49세,상해없음,화물,남,57세,상해없음
2015070800100391,2015년 7월 8일 16시,수요일,충청북도 충주시 대소원면,중상사고,0,1,1,0,차대차 - 추돌 - 진행중,안전거리미확보,습기,비,단일로 - 기타,화물,남,54세,상해없음,화물,남,53세,중상
2015070800100392,2015년 7월 8일 16시,수요일,충청북도 옥천군 청성면,중상사고,0,1,0,0,차량단독 - 기타,안전운전불이행,습기,비,단일로 - 기타,승용,여,66세,기타불명,,,,
2015070800100439,2015년 7월 8일 17시,수요일,충청북도 청주시 청원구 우암동,경상사고,0,0,3,0,차대차 - 추돌 - 주정차중,안전운전불이행,습기,비,단일로 - 기타,특수,남,34세,상해없음,승용,여,62세,상해없음
2015070800100440,2015년 7월 8일 17시,수요일,충청북도 청주시 상당구 금천동,경상사고,0,0,1,0,차대차 - 기타,안전운전불이행,건조,맑음,교차로 - 교차로부근,승용,여,52세,상해없음,승용,여,48세,경상
2015070800100488,2015년 7월 8일 18시,수요일,충청북도 청주시 청원구 율량동,경상사고,0,0,1,0,차대차 - 측면직각충돌,안전거리미확보,건조,맑음,단일로 - 기타,승합,남,38세,상해없음,승용,남,44세,경상
2015070800100552,2015년 7월 8일 20시,수요일,충청북도 청주시 서원구 남이면,경상사고,0,0,2,0,차대차 - 측면직각충돌,신호위반,건조,맑음,교차로 - 교차로안,승용,남,22세,상해없음,승용,남,37세,경상
2015070800100619,2015년 7월 8일 22시,수요일,충청북도 청주시 청원구 오창읍,경상사고,0,0,1,0,차대차 - 기타,신호위반,건조,맑음,교차로 - 교차로안,승용,남,37세,상해없음,승용,여,53세,경상
2015070800100620,2015년 7월 8일 22시,수요일,충청북도 청주시 상당구 용암동,경상사고,0,0,1,0,차대차 - 기타,신호위반,건조,맑음,교차로 - 교차로안,승용,남,26세,상해없음,승용,여,22세,경상
2015070800100667,2015년 7월 8일 23시,수요일,충청북도 청주시 흥덕구 복대동,중상사고,0,3,0,0,차대차 - 측면직각충돌,신호위반,건조,맑음,교차로 - 교차로안,승용,여,29세,중상,승용,남,61세,중상
2015070800100668,2015년 7월 8일 23시,수요일,충청북도 청주시 흥덕구 봉명동,중상사고,0,2,0,0,차대차 - 추돌 - 진행중,안전운전불이행,건조,맑음,교차로 - 교차로부근,승용,남,21세,기타불명,화물,남,30세,중상
2015070900100013,2015년 7월 9일 00시,목요일,충청북도 제천시 장락동,중상사고,0,1,1,0,차대차 - 측면직각충돌,안전거리미확보,습기,비,단일로 - 기타,승용,남,22세,상해없음,승용,남,57세,경상
2015070900100102,2015년 7월 9일 07시,목요일,충청북도 청주시 흥덕구 오송읍,사망사고,1,0,1,0,차대차 - 측면직각충돌,직진우회전진행방해,건조,맑음,교차로 - 교차로안,화물,남,54세,상해없음,승용,여,37세,경상
2015070900100103,2015년 7월 9일 07시,목요일,충청북도 청주시 서원구 모충동,경상사고,0,0,1,0,차대차 - 기타,안전거리미확보,습기,비,교차로 - 교차로부근,승용,남,62세,상해없음,승용,여,28세,경상
2015070900100139,2015년 7월 9일 08시,목요일,충청북도 음성군 대소면,경상사고,0,0,1,1,차대차 - 측면직각충돌,교차로운행방법위반,건조,맑음,교차로 - 교차로안,승합,남,27세,부상신고,승합,남,57세,경상
2015070900100140,2015년 7월 9일 08시,목요일,충청북도 음성군 소이면,경상사고,0,0,4,1,차대차 - 측면직각충돌,차로위반,습기,비,단일로 - 기타,화물,남,65세,부상신고,승용,여,26세,경상
2015070900100204,2015년 7월 9일 11시,목요일,충청북도 청주시 청원구 오창읍,경상사고,0,0,1,0,차대차 - 기타,신호위반,건조,맑음,교차로 - 교차로안,화물,남,41세,상해없음,승용,남,37세,경상
2015070900100205,2015년 7월 9일 11시,목요일,충청북도 제천시 수산면,중상사고,0,1,2,0,차대차 - 정면충돌,중앙선침범,건조,맑음,기타 - 기타,화물,남,58세,경상,승용,여,42세,중상
2015070900100206,2015년 7월 9일 11시,목요일,충청북도 증평군 증평읍,경상사고,0,0,1,0,차대사람 - 기타,안전운전불이행,건조,맑음,기타 - 기타,승합,남,46세,상해없음,보행자,여,49세,경상
2015070900100249,2015년 7월 9일 13시,목요일,충청북도 충주시 용산동,경상사고,0,0,1,0,차량단독 - 공작물충돌,안전운전불이행,건조,맑음,단일로 - 기타,원동기,남,37세,경상,,,,
2015070900100306,2015년 7월 9일 15시,목요일,충청북도 충주시 교현동,중상사고,0,1,0,0,차대사람 - 기타,보행자보호의무위반,건조,맑음,단일로 - 기타,승용,여,51세,상해없음,보행자,남,38세,중상
2015070900100339,2015년 7월 9일 16시,목요일,충청북도 청주시 청원구 율량동,경상사고,0,0,1,0,차대사람 - 기타,안전운전불이행,건조,맑음,교차로 - 교차로부근,승용,남,34세,상해없음,보행자,여,9세,경상
2015070900100340,2015년 7월 9일 16시,목요일,충청북도 진천군 광혜원면,중상사고,0,1,0,0,차량단독 - 공작물충돌,안전운전불이행,건조,기타,단일로 - 기타,승용,남,21세,중상,,,,
2015070900100379,2015년 7월 9일 17시,목요일,충청북도 제천시 남천동,경상사고,0,0,1,0,차대차 - 측면직각충돌,안전거리미확보,건조,맑음,단일로 - 기타,승용,남,77세,상해없음,화물,남,61세,경상
2015070900100380,2015년 7월 9일 17시,목요일,충청북도 청주시 흥덕구 운천동,경상사고,0,0,1,0,차대차 - 측면직각충돌,신호위반,건조,맑음,교차로 - 교차로안,승용,여,66세,상해없음,승용,남,38세,경상
2015070900100417,2015년 7월 9일 18시,목요일,충청북도 단양군 적성면,중상사고,0,1,2,0,차대차 - 기타,안전운전불이행,건조,맑음,기타 - 기타,승용,남,39세,상해없음,승용,남,61세,상해없음
2015070900100418,2015년 7월 9일 18시,목요일,충청북도 진천군 진천읍,중상사고,0,1,0,0,차대차 - 측면직각충돌,안전운전불이행,건조,맑음,단일로 - 교량,승용,남,50세,상해없음,자전거,남,19세,중상
2015070900100419,2015년 7월 9일 18시,목요일,충청북도 청주시 흥덕구 운천동,경상사고,0,0,2,0,차대차 - 추돌 - 진행중,안전운전불이행,건조,맑음,교차로 - 교차로안,승합,남,51세,상해없음,승용,남,29세,경상
2015070900100420,2015년 7월 9일 18시,목요일,충청북도 청주시 상당구 남주동,경상사고,0,0,1,0,차대차 - 기타,교차로운행방법위반,건조,맑음,교차로 - 교차로안,이륜,남,24세,경상,승용,남,38세,상해없음
2015070900100490,2015년 7월 9일 20시,목요일,충청북도 청주시 상당구 미원면,중상사고,0,1,0,0,차대사람 - 기타,안전운전불이행,건조,맑음,단일로 - 기타,승용,여,55세,상해없음,보행자,남,46세,중상
2015070900100516,2015년 7월 9일 21시,목요일,충청북도 청주시 서원구 사직동,중상사고,0,1,0,0,차대사람 - 기타,안전운전불이행,건조,맑음,단일로 - 기타,화물,남,47세,상해없음,보행자,여,71세,중상
2015070900100517,2015년 7월 9일 21시,목요일,충청북도 청주시 흥덕구 가경동,중상사고,0,1,0,0,차대사람 - 기타,보행자보호의무위반,건조,맑음,교차로 - 교차로부근,승용,남,54세,상해없음,보행자,여,22세,중상
2015070900100543,2015년 7월 9일 22시,목요일,충청북도 청주시 청원구 주중동,경상사고,0,0,1,0,차대사람 - 기타,안전운전불이행,건조,맑음,교차로 - 교차로안,승용,남,52세,상해없음,보행자,남,50세,경상
2015070900100544,2015년 7월 9일 22시,목요일,충청북도 제천시 하소동,경상사고,0,0,1,0,차대차 - 측면직각충돌,신호위반,건조,맑음,교차로 - 교차로부근,승용,여,53세,상해없음,승용,여,42세,경상
2015070900100545,2015년 7월 9일 22시,목요일,충청북도 증평군 증평읍,중상사고,0,1,0,0,차대차 - 추돌 - 주정차중,안전운전불이행,건조,맑음,교차로 - 교차로안,승용,남,46세,상해없음,승용,여,58세,중상
2015070900100570,2015년 7월 9일 23시,목요일,충청북도 충주시 신니면,중상사고,0,1,0,0,차대사람 - 기타,안전운전불이행,건조,맑음,단일로 - 기타,승용,여,61세,상해없음,보행자,남,48세,중상
2015070900100571,2015년 7월 9일 23시,목요일,충청북도 충주시 대소원면,중상사고,0,1,0,0,차량단독 - 공작물충돌,안전운전불이행,건조,맑음,단일로 - 기타,승용,남,32세,중상,,,,
2015071000100017,2015년 7월 10일 00시,금요일,충청북도 청주시 서원구 분평동,경상사고,0,0,1,0,차대차 - 추돌 - 진행중,안전운전불이행,건조,맑음,교차로 - 교차로부근,승용,남,27세,상해없음,승용,남,40세,경상
2015071000100094,2015년 7월 10일 06시,금요일,충청북도 충주시 수안보면,경상사고,0,0,1,0,차대차 - 기타,직진우회전진행방해,건조,맑음,교차로 - 교차로안,승용,남,63세,상해없음,승용,여,53세,경상
2015071000100095,2015년 7월 10일 06시,금요일,충청북도 청주시 흥덕구 봉명동,경상사고,0,0,1,0,차대차 - 측면직각충돌,중앙선침범,건조,맑음,교차로 - 교차로부근,승용,남,27세,상해없음,승용,남,34세,경상
2015071000100116,2015년 7월 10일 07시,금요일,충청북도 청주시 청원구 율량동,경상사고,0,0,2,0,차대차 - 추돌 - 진행중,안전운전불이행,건조,맑음,단일로 - 기타,화물,남,54세,상해없음,승용,남,35세,경상
2015071000100117,2015년 7월 10일 07시,금요일,충청북도 청주시 상당구 북문로3가동,경상사고,0,0,1,0,차대차 - 측면직각충돌,안전운전불이행,건조,맑음,교차로 - 교차로안,자전거,남,69세,경상,승용,남,57세,상해없음
2015071000100118,2015년 7월 10일 07시,금요일,충청북도 충주시 연수동,경상사고,0,0,1,0,차대차 - 기타,안전운전불이행,건조,맑음,단일로 - 기타,화물,남,53세,상해없음,승용,여,40세,경상
2015071000100119,2015년 7월 10일 07시,금요일,충청북도 단양군 단성면,사망사고,1,0,0,0,차량단독 - 공작물충돌,안전운전불이행,건조,맑음,단일로 - 기타,원동기,남,60세,사망,,,,
2015071000100120,2015년 7월 10일 07시,금요일,충청북도 청주시 흥덕구 석소동,경상사고,0,0,1,0,차대차 - 측면직각충돌,안전거리미확보,건조,맑음,단일로 - 기타,승용,남,28세,상해없음,승용,남,21세,경상
2015071000100150,2015년 7월 10일 08시,금요일,충청북도 청주시 서원구 사직동,중상사고,0,1,0,0,차대차 - 기타,안전운전불이행,건조,맑음,단일로 - 기타,화물,남,34세,상해없음,자전거,여,41세,중상
2015071000100151,2015년 7월 10일 08시,금요일,충청북도 충주시 용탄동,중상사고,0,1,0,0,차대차 - 기타,신호위반,건조,맑음,교차로 - 교차로안,화물,남,56세,상해없음,승용,여,51세,중상
2015071000100152,2015년 7월 10일 08시,금요일,충청북도 청주시 흥덕구 복대동,중상사고,0,1,0,0,차대차 - 기타,안전운전불이행,건조,맑음,교차로 - 교차로안,화물,남,54세,상해없음,승용,여,47세,중상
2015071000100153,2015년 7월 10일 08시,금요일,충청북도 청주시 흥덕구 강내면,경상사고,0,0,2,0,차대차 - 기타,안전거리미확보,건조,맑음,단일로 - 교량,승용,남,37세,경상,승용,남,58세,경상
2015071000100201,2015년 7월 10일 09시,금요일,충청북도 청주시 흥덕구 가경동,경상사고,0,0,1,0,차대차 - 기타,안전운전불이행,건조,맑음,교차로 - 교차로안,승용,남,61세,상해없음,자전거,여,22세,경상
2015071000100269,2015년 7월 10일 11시,금요일,충청북도 제천시 중앙로2가,경상사고,0,0,2,0,차대차 - 측면직각충돌,안전거리미확보,건조,맑음,단일로 - 기타,승용,남,58세,상해없음,승용,여,40세,경상
2015071000100270,2015년 7월 10일 11시,금요일,충청북도 음성군 금왕읍,중상사고,0,1,1,0,차대차 - 추돌 - 진행중,교차로운행방법위반,건조,맑음,교차로 - 교차로안,승합,남,60세,상해없음,화물,남,63세,경상
2015071000100404,2015년 7월 10일 15시,금요일,충청북도 청주시 청원구 사천동,중상사고,0,1,0,0,차대사람 - 횡단중,보행자보호의무위반,건조,맑음,교차로 - 교차로부근,승용,남,48세,상해없음,보행자,여,63세,중상
2015071000100405,2015년 7월 10일 15시,금요일,충청북도 단양군 영춘면,경상사고,0,0,1,0,차대차 - 추돌 - 주정차중,안전운전불이행,건조,맑음,단일로 - 기타,승용,남,56세,상해없음,승용,여,67세,경상
2015071000100442,2015년 7월 10일 16시,금요일,충청북도 청주시 청원구 오창읍,경상사고,0,0,1,0,차대사람 - 횡단중,안전운전불이행,건조,맑음,단일로 - 기타,승용,여,41세,상해없음,보행자,남,14세,경상
2015071000100443,2015년 7월 10일 16시,금요일,충청북도 청주시 서원구 분평동,경상사고,0,0,1,0,차대차 - 기타,안전운전불이행,건조,맑음,교차로 - 교차로안,승용,남,27세,상해없음,자전거,남,63세,경상
2015071000100489,2015년 7월 10일 17시,금요일,충청북도 충주시 교현동,부상신고사고,0,0,0,1,차대차 - 기타,직진우회전진행방해,건조,맑음,교차로 - 교차로안,이륜,남,52세,부상신고,승용,여,55세,상해없음
2015071000100490,2015년 7월 10일 17시,금요일,충청북도 진천군 백곡면,중상사고,0,1,0,0,차대차 - 측면직각충돌,안전운전불이행,건조,맑음,교차로 - 교차로안,승용,남,38세,중상,건설기계,남,48세,상해없음
2015071000100491,2015년 7월 10일 17시,금요일,충청북도 청주시 서원구 수곡동,경상사고,0,0,1,0,차대차 - 기타,교차로운행방법위반,건조,맑음,교차로 - 교차로안,승용,남,46세,상해없음,승용,남,54세,상해없음
2015071000100492,2015년 7월 10일 17시,금요일,충청북도 청주시 서원구 분평동,중상사고,0,1,0,0,차대사람 - 기타,중앙선침범,건조,맑음,교차로 - 교차로부근,원동기,남,24세,상해없음,보행자,여,45세,중상
2015071000100550,2015년 7월 10일 18시,금요일,충청북도 제천시 명동,경상사고,0,0,3,0,차대차 - 측면직각충돌,교차로운행방법위반,건조,맑음,교차로 - 교차로안,승용,남,63세,경상,화물,남,26세,경상
2015071000100551,2015년 7월 10일 18시,금요일,충청북도 제천시 신동,중상사고,0,2,2,0,차대차 - 추돌 - 진행중,안전거리미확보,건조,맑음,교차로 - 교차로안,승용,남,44세,상해없음,승용,여,50세,경상
2015071000100552,2015년 7월 10일 18시,금요일,충청북도 청주시 흥덕구 가경동,경상사고,0,0,1,0,차대차 - 정면충돌,안전운전불이행,건조,맑음,단일로 - 기타,승용,남,40세,상해없음,이륜,남,57세,경상
2015071000100553,2015년 7월 10일 18시,금요일,충청북도 청주시 흥덕구 복대동,경상사고,0,0,1,0,차대차 - 측면직각충돌,안전운전불이행,건조,맑음,교차로 - 교차로부근,승용,남,44세,상해없음,자전거,남,8세,경상
2015071000100554,2015년 7월 10일 18시,금요일,충청북도 청주시 흥덕구 복대동,경상사고,0,0,1,0,차대차 - 기타,안전운전불이행,건조,맑음,교차로 - 교차로안,승용,남,31세,상해없음,자전거,남,19세,경상
2015071000100555,2015년 7월 10일 18시,금요일,충청북도 청주시 흥덕구 가경동,경상사고,0,0,2,0,차대차 - 추돌 - 주정차중,안전운전불이행,건조,맑음,교차로 - 교차로부근,승용,남,61세,상해없음,승용,여,35세,경상
2015071000100603,2015년 7월 10일 19시,금요일,충청북도 청주시 청원구 사천동,경상사고,0,0,1,0,차대차 - 측면직각충돌,안전운전불이행,건조,맑음,교차로 - 교차로안,이륜,남,17세,경상,승용,남,53세,상해없음
2015071000100604,2015년 7월 10일 19시,금요일,충청북도 음성군 맹동면,경상사고,0,0,1,0,차대사람 - 기타,안전운전불이행,건조,맑음,단일로 - 기타,승용,남,62세,상해없음,보행자,남,40세,경상
2015071000100605,2015년 7월 10일 19시,금요일,충청북도 음성군 대소면,중상사고,0,1,0,0,차대차 - 기타,신호위반,건조,맑음,교차로 - 교차로안,원동기,남,57세,중상,승용,남,58세,상해없음
2015071000100659,2015년 7월 10일 20시,금요일,충청북도 제천시 봉양읍,경상사고,0,0,2,0,차대차 - 측면직각충돌,안전운전불이행,건조,맑음,교차로 - 교차로안,승용,여,58세,상해없음,승용,남,45세,경상
2015071000100660,2015년 7월 10일 20시,금요일,충청북도 보은군 마로면,부상신고사고,0,0,0,1,차량단독 - 전도전복,안전운전불이행,건조,맑음,단일로 - 기타,원동기,남,59세,부상신고,,,,
2015071000100693,2015년 7월 10일 21시,금요일,충청북도 단양군 단양읍,중상사고,0,1,0,0,차대차 - 추돌 - 주정차중,안전거리미확보,건조,맑음,단일로 - 기타,승용,남,57세,상해없음,화물,남,48세,중상
2015071000100694,2015년 7월 10일 21시,금요일,충청북도 청주시 흥덕구 옥산면,중상사고,0,1,0,0,차대차 - 기타,안전운전불이행,건조,맑음,교차로 - 교차로부근,승용,남,48세,상해없음,승용,남,53세,중상
2015071000100736,2015년 7월 10일 22시,금요일,충청북도 음성군 감곡면,중상사고,0,1,0,0,차대사람 - 기타,안전운전불이행,건조,맑음,교차로 - 교차로부근,승용,남,66세,상해없음,보행자,여,48세,중상
2015071000100771,2015년 7월 10일 23시,금요일,충청북도 청주시 흥덕구 가경동,경상사고,0,0,1,0,차대사람 - 기타,안전운전불이행,건조,맑음,교차로 - 교차로안,승용,남,27세,상해없음,보행자,남,44세,경상
2015071000100772,2015년 7월 10일 23시,금요일,충청북도 청주시 흥덕구 봉명동,부상신고사고,0,0,0,1,차대차 - 추돌 - 주정차중,안전운전불이행,건조,맑음,교차로 - 교차로안,이륜,남,39세,부상신고,승용,남,58세,상해없음
2015071100100012,2015년 7월 11일 00시,토요일,충청북도 제천시 동현동,경상사고,0,0,2,0,차대차 - 추돌 - 진행중,안전운전불이행,건조,맑음,교차로 - 교차로부근,승용,남,56세,상해없음,승용,여,47세,경상
2015071100100013,2015년 7월 11일 00시,토요일,충청북도 단양군 단성면,중상사고,0,1,0,0,차량단독 - 공작물충돌,안전운전불이행,건조,맑음,단일로 - 기타,원동기,남,17세,상해없음,,,,
2015071100100065,2015년 7월 11일 03시,토요일,충청북도 충주시 봉방동,중상사고,0,1,3,0,차대차 - 기타,신호위반,건조,맑음,교차로 - 교차로안,승용,여,45세,중상,승용,남,44세,경상
2015071100100111,2015년 7월 11일 06시,토요일,충청북도 충주시 단월동,부상신고사고,0,0,0,1,차량단독 - 공작물충돌,안전운전불이행,건조,맑음,단일로 - 기타,자전거,남,49세,부상신고,,,,
2015071100100147,2015년 7월 11일 08시,토요일,충청북도 청주시 흥덕구 오송읍,경상사고,0,0,1,0,차대차 - 기타,안전운전불이행,건조,맑음,교차로 - 교차로안,승용,여,32세,상해없음,자전거,남,7세,경상
2015071100100232,2015년 7월 11일 11시,토요일,충청북도 보은군 보은읍,중상사고,0,1,1,0,차대차 - 추돌 - 진행중,안전운전불이행,건조,맑음,단일로 - 기타,원동기,여,60세,경상,승용,남,54세,상해없음
2015071100100233,2015년 7월 11일 11시,토요일,충청북도 청주시 상당구 북문로1가동,경상사고,0,0,1,0,차대차 - 측면직각충돌,안전거리미확보,건조,맑음,단일로 - 기타,승합,남,54세,상해없음,승용,여,32세,상해없음
2015071100100307,2015년 7월 11일 13시,토요일,충청북도 청주시 청원구 내수읍,중상사고,0,1,0,0,차대차 - 기타,안전운전불이행,건조,맑음,교차로 - 교차로부근,화물,남,42세,상해없음,승용,여,33세,상해없음
2015071100100308,2015년 7월 11일 13시,토요일,충청북도 청주시 흥덕구 가경동,경상사고,0,0,3,0,차대차 - 추돌 - 진행중,안전거리미확보,건조,맑음,단일로 - 기타,승용,남,41세,상해없음,승용,남,31세,경상
2015071100100309,2015년 7월 11일 13시,토요일,충청북도 청주시 상당구 용암동,경상사고,0,0,1,0,차대차 - 기타,안전운전불이행,건조,맑음,기타 - 기타,승용,남,46세,상해없음,승용,남,63세,경상
2015071100100311,2015년 7월 11일 13시,토요일,충청북도 청주시 청원구 오창읍,중상사고,0,1,2,0,차대차 - 기타,안전운전불이행,건조,맑음,단일로 - 기타,승용,남,18세,상해없음,승용,남,53세,경상
2015071100100350,2015년 7월 11일 14시,토요일,충청북도 단양군 대강면,경상사고,0,0,1,0,차대차 - 측면직각충돌,차로위반,건조,맑음,단일로 - 기타,승용,기타불명,기타불명,기타불명,승용,남,21세,경상
2015071100100351,2015년 7월 11일 14시,토요일,충청북도 청주시 청원구 주성동,중상사고,0,1,0,0,차대차 - 기타,안전운전불이행,건조,맑음,단일로 - 기타,승용,여,51세,기타불명,자전거,남,53세,중상
2015071100100386,2015년 7월 11일 15시,토요일,충청북도 청주시 청원구 우암동,경상사고,0,0,1,0,차대차 - 측면직각충돌,교차로운행방법위반,건조,맑음,교차로 - 교차로안,승용,남,64세,상해없음,승용,남,25세,경상
2015071100100387,2015년 7월 11일 15시,토요일,충청북도 충주시 노은면,중상사고,0,1,0,0,차량단독 - 기타,안전운전불이행,건조,맑음,단일로 - 기타,이륜,남,59세,중상,,,,
2015071100100429,2015년 7월 11일 16시,토요일,충청북도 청주시 청원구 율량동,경상사고,0,0,2,0,차대차 - 추돌 - 주정차중,안전운전불이행,건조,맑음,교차로 - 교차로부근,승용,남,57세,상해없음,승용,남,61세,상해없음