사고번호,사고일시,요일,시군구,사고내용,사망자수,중상자수,경상자수,부상신고자수,사고유형,법규위반,노면상태,기상상태,도로형태,가해운전자 차종,가해운전자 성별,가해운전자 연령,가해운전자 상해정도,피해운전자 차종,피해운전자 성별,피해운전자 연령,피해운전자 상해정도
2015071600100398,2015년 7월 16일 16시,목요일,충청북도 제천시 고명동,경상사고,0,0,3,0,차대차 - 측면직각충돌,신호위반,건조,맑음,교차로 - 교차로안,승용,남,33세,기타불명,승용,남,35세,경상
2015071600100399,2015년 7월 16일 16시,목요일,충청북도 음성군 맹동면,경상사고,0,0,2,0,차대차 - 측면직각충돌,신호위반,건조,맑음,교차로 - 교차로안,승용,남,22세,상해없음,승용,여,35세,경상
2015071600100400,2015년 7월 16일 16시,목요일,충청북도 청주시 서원구 남이면,중상사고,0,1,0,0,차대차 - 기타,안전운전불이행,건조,맑음,교차로 - 교차로부근,원동기,남,57세,중상,승용,남,44세,상해없음
2015071600100402,2015년 7월 16일 16시,목요일,충청북도 청주시 서원구 남이면,경상사고,0,0,1,0,차대차 - 기타,안전운전불이행,건조,맑음,기타 - 기타,승용,남,32세,상해없음,승용,여,36세,경상
2015071600100453,2015년 7월 16일 17시,목요일,충청북도 단양군 단양읍,중상사고,0,1,1,0,차대차 - 추돌 - 진행중,안전거리미확보,건조,맑음,교차로 - 교차로안,승용,여,44세,상해없음,화물,남,57세,중상
2015071600100454,2015년 7월 16일 17시,목요일,충청북도 청주시 상당구 용암동,경상사고,0,0,1,0,차대차 - 측면직각충돌,교차로운행방법위반,건조,맑음,교차로 - 교차로안,승용,여,46세,상해없음,승합,남,36세,상해없음
2015071600100494,2015년 7월 16일 18시,목요일,충청북도 괴산군 괴산읍,중상사고,0,1,1,0,차대차 - 기타,신호위반,건조,맑음,교차로 - 교차로안,승용,여,60세,경상,승용,남,57세,중상
2015071600100495,2015년 7월 16일 18시,목요일,충청북도 보은군 회인면,경상사고,0,0,1,0,차량단독 - 전도전복,안전운전불이행,건조,맑음,단일로 - 기타,이륜,남,33세,경상,,,,
2015071600100496,2015년 7월 16일 18시,목요일,충청북도 청주시 흥덕구 강서동,중상사고,0,1,1,0,차대차 - 기타,중앙선침범,건조,맑음,단일로 - 기타,승용,여,62세,상해없음,승용,여,36세,경상
2015071600100497,2015년 7월 16일 18시,목요일,충청북도 청주시 흥덕구 오송읍,경상사고,0,0,5,0,차대차 - 추돌 - 진행중,안전운전불이행,건조,맑음,미분류 - 미분류,승용,남,25세,상해없음,승용,여,40세,경상
2015071600100539,2015년 7월 16일 19시,목요일,충청북도 충주시 성서동,중상사고,0,1,0,0,차대사람 - 기타,안전운전불이행,건조,맑음,단일로 - 기타,자전거,기타불명,기타불명,기타불명,보행자,남,4세,중상
2015071600100540,2015년 7월 16일 19시,목요일,충청북도 충주시 연수동,경상사고,0,0,1,0,차대차 - 추돌 - 진행중,안전운전불이행,건조,맑음,교차로 - 교차로부근,승용,여,41세,상해없음,자전거,남,64세,경상
2015071600100541,2015년 7월 16일 19시,목요일,충청북도 제천시 강제동,경상사고,0,0,1,0,차대사람 - 기타,안전운전불이행,건조,맑음,교차로 - 교차로안,승용,남,53세,상해없음,보행자,남,6세,경상
2015071600100542,2015년 7월 16일 19시,목요일,충청북도 영동군 영동읍,중상사고,0,1,1,0,차대차 - 측면직각충돌,교차로운행방법위반,건조,맑음,교차로 - 교차로안,승용,남,54세,상해없음,원동기,여,22세,중상
2015071600100572,2015년 7월 16일 20시,목요일,충청북도 청주시 청원구 오창읍,경상사고,0,0,1,0,차대차 - 측면직각충돌,중앙선침범,건조,맑음,단일로 - 기타,승용,남,57세,상해없음,승용,여,32세,경상
2015071600100573,2015년 7월 16일 20시,목요일,충청북도 음성군 금왕읍,경상사고,0,0,1,0,차대차 - 측면직각충돌,안전운전불이행,건조,맑음,교차로 - 교차로부근,화물,남,36세,경상,승용,남,24세,상해없음
2015071600100574,2015년 7월 16일 20시,목요일,충청북도 청주시 상당구 낭성면,사망사고,1,0,0,0,차량단독 - 전도전복,안전운전불이행,건조,맑음,단일로 - 기타,농기계,남,74세,사망,,,,
2015071600100648,2015년 7월 16일 22시,목요일,충청북도 청주시 흥덕구 복대동,사망사고,1,0,0,0,차대사람 - 횡단중,안전운전불이행,건조,맑음,단일로 - 횡단보도상,승용,남,27세,상해없음,보행자,여,64세,사망
2015071600100680,2015년 7월 16일 23시,목요일,충청북도 청주시 서원구 수곡동,경상사고,0,0,3,0,차대차 - 측면직각충돌,안전운전불이행,건조,맑음,교차로 - 교차로부근,승용,남,25세,상해없음,승용,남,29세,경상
2015071700100022,2015년 7월 17일 01시,금요일,충청북도 청주시 흥덕구 복대동,경상사고,0,0,1,0,차대차 - 기타,안전운전불이행,건조,맑음,단일로 - 기타,승용,여,32세,상해없음,승용,남,39세,경상
2015071700100023,2015년 7월 17일 01시,금요일,충청북도 청주시 흥덕구 외북동,사망사고,1,0,0,0,차대차 - 측면직각충돌,안전운전불이행,건조,맑음,단일로 - 기타,화물,남,41세,상해없음,승용,남,26세,사망
2015071700100038,2015년 7월 17일 02시,금요일,충청북도 청주시 청원구 우암동,경상사고,0,0,2,0,차대차 - 기타,교차로운행방법위반,건조,맑음,교차로 - 교차로안,승용,남,28세,상해없음,승용,남,46세,경상
2015071700100049,2015년 7월 17일 03시,금요일,충청북도 청주시 서원구 사창동,경상사고,0,0,2,0,차대차 - 측면직각충돌,안전거리미확보,건조,맑음,단일로 - 기타,승용,남,37세,상해없음,승용,남,32세,경상
2015071700100124,2015년 7월 17일 08시,금요일,충청북도 음성군 삼성면,중상사고,0,2,0,0,차대차 - 측면직각충돌,교차로운행방법위반,건조,맑음,교차로 - 교차로부근,건설기계,남,48세,상해없음,화물,여,51세,중상
2015071700100174,2015년 7월 17일 09시,금요일,충청북도 단양군 대강면,중상사고,0,1,0,0,차대차 - 측면직각충돌,직진우회전진행방해,습기,비,교차로 - 교차로안,승용,남,40세,상해없음,원동기,남,73세,중상
2015071700100175,2015년 7월 17일 09시,금요일,충청북도 청주시 상당구 탑동,경상사고,0,0,1,0,차대사람 - 횡단중,신호위반,건조,맑음,교차로 - 교차로안,승용,남,34세,상해없음,보행자,여,64세,경상
2015071700100199,2015년 7월 17일 10시,금요일,충청북도 청주시 청원구 주중동,중상사고,0,1,0,0,차대차 - 추돌 - 진행중,안전운전불이행,건조,맑음,단일로 - 기타,건설기계,남,50세,상해없음,화물,남,52세,중상
2015071700100200,2015년 7월 17일 10시,금요일,충청북도 충주시 연수동,경상사고,0,0,1,0,차대사람 - 기타,안전운전불이행,건조,맑음,기타 - 기타,승용,남,39세,상해없음,보행자,여,40세,경상
2015071700100201,2015년 7월 17일 10시,금요일,충청북도 충주시 목행동,경상사고,0,0,1,0,차대차 - 기타,직진우회전진행방해,건조,맑음,교차로 - 교차로안,승용,남,64세,상해없음,이륜,남,37세,경상
2015071700100224,2015년 7월 17일 11시,금요일,충청북도 충주시 연수동,중상사고,0,1,0,0,차량단독 - 기타,안전운전불이행,건조,맑음,단일로 - 기타,승용,남,52세,상해없음,,,,
2015071700100225,2015년 7월 17일 11시,금요일,충청북도 청주시 상당구 용암동,경상사고,0,0,3,0,차대차 - 측면직각충돌,안전거리미확보,건조,맑음,단일로 - 기타,승용,남,60세,상해없음,승합,남,49세,경상
2015071700100255,2015년 7월 17일 12시,금요일,충청북도 충주시 교현동,중상사고,0,1,0,0,차대차 - 기타,안전운전불이행,건조,맑음,교차로 - 교차로안,승용,남,59세,상해없음,이륜,남,41세,중상
2015071700100256,2015년 7월 17일 12시,금요일,충청북도 청주시 상당구 석교동,경상사고,0,0,1,0,차대사람 - 횡단중,보행자보호의무위반,건조,맑음,단일로 - 기타,기타불명,기타불명,기타불명,기타불명,보행자,남,62세,경상
2015071700100280,2015년 7월 17일 13시,금요일,충청북도 청주시 청원구 내수읍,중상사고,0,1,5,0,차대차 - 측면직각충돌,교차로운행방법위반,건조,맑음,교차로 - 교차로안,승용,남,43세,경상,승용,여,27세,경상
2015071700100281,2015년 7월 17일 13시,금요일,충청북도 충주시 충의동,중상사고,0,1,0,0,차대사람 - 기타,안전운전불이행,건조,맑음,교차로 - 교차로부근,화물,남,43세,상해없음,보행자,여,74세,중상
2015071700100282,2015년 7월 17일 13시,금요일,충청북도 청주시 서원구 남이면,중상사고,0,1,1,0,차대차 - 측면직각충돌,안전운전불이행,건조,맑음,단일로 - 기타,화물,남,36세,중상,승용,남,57세,경상
2015071700100314,2015년 7월 17일 14시,금요일,충청북도 제천시 중앙로2가,중상사고,0,2,3,0,차대차 - 측면직각충돌,신호위반,건조,맑음,교차로 - 교차로안,승용,남,48세,중상,승용,여,20세,경상
2015071700100350,2015년 7월 17일 15시,금요일,충청북도 영동군 심천면,중상사고,0,1,0,0,차대차 - 측면직각충돌,직진우회전진행방해,건조,맑음,교차로 - 교차로안,화물,남,58세,상해없음,승용,남,59세,중상
2015071700100351,2015년 7월 17일 15시,금요일,충청북도 단양군 영춘면,경상사고,0,0,1,0,차대차 - 측면직각충돌,안전운전불이행,건조,맑음,교차로 - 교차로안,승용,여,72세,경상,농기계,남,73세,상해없음
2015071700100390,2015년 7월 17일 16시,금요일,충청북도 충주시 지현동,경상사고,0,0,1,0,차대차 - 기타,안전운전불이행,건조,맑음,단일로 - 기타,화물,남,43세,상해없음,자전거,남,77세,경상
2015071700100391,2015년 7월 17일 16시,금요일,충청북도 제천시 고암동,경상사고,0,0,1,0,차대차 - 추돌 - 진행중,직진우회전진행방해,건조,맑음,교차로 - 교차로안,승용,남,61세,상해없음,승용,여,54세,상해없음
2015071700100392,2015년 7월 17일 16시,금요일,충청북도 제천시 봉양읍,경상사고,0,0,3,0,차대차 - 측면직각충돌,안전운전불이행,건조,맑음,교차로 - 교차로안,승용,여,68세,경상,승용,여,40세,경상
2015071700100393,2015년 7월 17일 16시,금요일,충청북도 음성군 원남면,경상사고,0,0,1,0,차량단독 - 공작물충돌,안전운전불이행,건조,맑음,단일로 - 기타,승용,여,19세,경상,,,,
2015071700100444,2015년 7월 17일 17시,금요일,충청북도 충주시 교현동,경상사고,0,0,1,0,차대차 - 기타,안전거리미확보,건조,맑음,교차로 - 교차로부근,승용,남,45세,상해없음,승용,여,43세,경상
2015071700100445,2015년 7월 17일 17시,금요일,충청북도 음성군 원남면,사망사고,1,0,5,0,차대차 - 추돌 - 주정차중,안전운전불이행,건조,맑음,교차로 - 교차로부근,승용,남,79세,사망,승용,남,51세,경상
2015071700100446,2015년 7월 17일 17시,금요일,충청북도 청주시 상당구 미원면,사망사고,1,2,1,0,차량단독 - 공작물충돌,안전운전불이행,건조,맑음,단일로 - 기타,승용,남,22세,사망,,,,
2015071700100490,2015년 7월 17일 18시,금요일,충청북도 청주시 청원구 오창읍,경상사고,0,0,3,0,차대차 - 측면직각충돌,안전운전불이행,건조,맑음,단일로 - 기타,화물,남,51세,상해없음,승용,여,30세,경상
2015071700100491,2015년 7월 17일 18시,금요일,충청북도 충주시 봉방동,경상사고,0,0,1,0,차대차 - 기타,안전운전불이행,건조,맑음,단일로 - 기타,승용,남,62세,상해없음,자전거,남,20세,경상
2015071700100492,2015년 7월 17일 18시,금요일,충청북도 음성군 생극면,중상사고,0,1,0,0,차대차 - 정면충돌,중앙선침범,건조,맑음,단일로 - 기타,화물,남,34세,상해없음,승용,남,56세,중상
2015071700100563,2015년 7월 17일 20시,금요일,충청북도 진천군 진천읍,중상사고,0,1,0,0,차대차 - 측면직각충돌,신호위반,건조,맑음,교차로 - 교차로안,원동기,남,18세,중상,승용,남,43세,상해없음
2015071700100602,2015년 7월 17일 21시,금요일,충청북도 청주시 흥덕구 봉명동,경상사고,0,0,1,0,차대차 - 추돌 - 진행중,안전운전불이행,건조,맑음,단일로 - 기타,승용,남,58세,상해없음,승용,남,50세,상해없음
2015071700100677,2015년 7월 17일 23시,금요일,충청북도 청주시 청원구 내수읍,중상사고,0,1,0,0,차대차 - 기타,안전운전불이행,건조,흐림,단일로 - 기타,화물,남,34세,상해없음,농기계,남,44세,중상
2015071700100678,2015년 7월 17일 23시,금요일,충청북도 옥천군 옥천읍,경상사고,0,0,2,0,차대차 - 기타,안전운전불이행,건조,맑음,교차로 - 교차로부근,승용,남,29세,상해없음,화물,남,22세,경상
2015071800100009,2015년 7월 18일 00시,토요일,충청북도 청주시 흥덕구 송절동,경상사고,0,0,1,0,차대차 - 측면직각충돌,신호위반,건조,맑음,교차로 - 교차로안,화물,남,53세,상해없음,승용,남,33세,경상
2015071800100054,2015년 7월 18일 02시,토요일,충청북도 청주시 청원구 우암동,경상사고,0,0,1,0,차대차 - 측면직각충돌,신호위반,건조,맑음,교차로 - 교차로안,승용,여,60세,상해없음,승용,남,48세,경상
2015071800100066,2015년 7월 18일 03시,토요일,충청북도 청주시 상당구 영운동,경상사고,0,0,3,0,차대차 - 측면직각충돌,신호위반,건조,맑음,교차로 - 교차로안,승합,남,43세,상해없음,승용,여,27세,경상
2015071800100088,2015년 7월 18일 05시,토요일,충청북도 청주시 청원구 내덕동,경상사고,0,0,1,0,차대차 - 측면직각충돌,안전운전불이행,건조,흐림,단일로 - 기타,승용,여,57세,상해없음,승용,여,61세,경상
2015071800100101,2015년 7월 18일 06시,토요일,충청북도 청주시 서원구 사창동,경상사고,0,0,1,0,차대차 - 기타,신호위반,건조,맑음,교차로 - 교차로안,승합,남,56세,상해없음,승용,남,28세,경상
2015071800100102,2015년 7월 18일 06시,토요일,충청북도 청주시 청원구 우암동,중상사고,0,1,0,0,차대차 - 기타,안전운전불이행,건조,흐림,단일로 - 기타,승용,남,44세,상해없음,승용,남,25세,기타불명
2015071800100103,2015년 7월 18일 06시,토요일,충청북도 음성군 맹동면,중상사고,0,1,2,0,차대차 - 추돌 - 진행중,안전운전불이행,건조,맑음,교차로 - 교차로부근,승용,남,61세,경상,승용,남,44세,경상
2015071800100123,2015년 7월 18일 07시,토요일,충청북도 청주시 흥덕구 강내면,사망사고,1,0,0,0,차량단독 - 공작물충돌,안전운전불이행,건조,맑음,단일로 - 기타,농기계,남,83세,사망,,,,
2015071800100144,2015년 7월 18일 08시,토요일,충청북도 단양군 단양읍,중상사고,0,1,0,0,차대차 - 측면직각충돌,안전거리미확보,건조,맑음,단일로 - 기타,승용,남,59세,상해없음,승용,여,40세,중상
2015071800100170,2015년 7월 18일 09시,토요일,충청북도 청주시 청원구 내수읍,경상사고,0,0,1,0,차대차 - 기타,교차로운행방법위반,건조,맑음,교차로 - 교차로안,화물,남,65세,상해없음,화물,남,30세,경상
2015071800100171,2015년 7월 18일 09시,토요일,충청북도 옥천군 옥천읍,경상사고,0,0,1,0,차대차 - 측면직각충돌,안전거리미확보,습기,비,단일로 - 기타,특수,남,24세,상해없음,승용,여,50세,경상
2015071800100200,2015년 7월 18일 10시,토요일,충청북도 청주시 흥덕구 정봉동,경상사고,0,0,6,0,차대차 - 측면직각충돌,안전운전불이행,건조,맑음,교차로 - 교차로부근,승용,남,58세,상해없음,승용,남,22세,경상
2015071800100271,2015년 7월 18일 12시,토요일,충청북도 충주시 충의동,중상사고,0,1,0,0,차대사람 - 기타,안전운전불이행,건조,맑음,단일로 - 기타,승용,여,32세,상해없음,보행자,여,55세,중상
2015071800100272,2015년 7월 18일 12시,토요일,충청북도 청주시 상당구 영운동,중상사고,0,1,0,0,차대차 - 측면직각충돌,안전운전불이행,건조,맑음,단일로 - 기타,승용,남,57세,상해없음,이륜,남,81세,중상
2015071800100298,2015년 7월 18일 13시,토요일,충청북도 청주시 흥덕구 복대동,경상사고,0,0,1,0,차대차 - 측면직각충돌,직진우회전진행방해,건조,맑음,교차로 - 교차로안,승용,남,28세,상해없음,승용,남,42세,경상
2015071800100337,2015년 7월 18일 14시,토요일,충청북도 단양군 단양읍,경상사고,0,0,3,0,차대차 - 추돌 - 주정차중,안전운전불이행,건조,맑음,단일로 - 기타,승용,남,40세,상해없음,승용,남,34세,경상
2015071800100338,2015년 7월 18일 14시,토요일,충청북도 청주시 상당구 탑동,경상사고,0,0,1,0,차대차 - 기타,중앙선침범,건조,맑음,단일로 - 횡단보도상,이륜,남,62세,경상,승합,남,54세,상해없음
2015071800100405,2015년 7월 18일 16시,토요일,충청북도 청주시 청원구 오동동,중상사고,0,1,0,0,차대차 - 기타,안전운전불이행,건조,맑음,단일로 - 기타,승용,여,37세,상해없음,승용,남,30세,중상
2015071800100441,2015년 7월 18일 17시,토요일,충청북도 충주시 앙성면,중상사고,0,1,0,0,차량단독 - 도로외이탈 - 추락,안전운전불이행,건조,맑음,단일로 - 기타,승용,남,36세,중상,,,,
2015071800100476,2015년 7월 18일 18시,토요일,충청북도 음성군 삼성면,경상사고,0,0,2,0,차대차 - 추돌 - 진행중,교차로운행방법위반,건조,맑음,교차로 - 교차로안,승합,여,51세,경상,승용,남,38세,경상
2015071800100477,2015년 7월 18일 18시,토요일,충청북도 청주시 상당구 용암동,경상사고,0,0,1,0,차대차 - 기타,신호위반,건조,맑음,교차로 - 교차로안,승용,여,58세,상해없음,이륜,남,25세,경상
2015071800100542,2015년 7월 18일 20시,토요일,충청북도 청주시 상당구 수동,중상사고,0,1,0,0,차대차 - 기타,교차로운행방법위반,건조,맑음,교차로 - 교차로안,승용,남,41세,상해없음,이륜,남,23세,상해없음
2015071800100543,2015년 7월 18일 20시,토요일,충청북도 청주시 서원구 개신동,경상사고,0,0,1,0,차대차 - 측면직각충돌,신호위반,건조,맑음,교차로 - 교차로안,승용,여,38세,상해없음,승용,남,47세,경상
2015071800100573,2015년 7월 18일 21시,토요일,충청북도 청주시 청원구 율량동,경상사고,0,0,1,0,차대차 - 정면충돌,중앙선침범,건조,맑음,교차로 - 교차로부근,화물,남,52세,상해없음,원동기,남,20세,경상
2015071800100574,2015년 7월 18일 21시,토요일,충청북도 음성군 감곡면,경상사고,0,0,1,0,차대차 - 추돌 - 진행중,중앙선침범,건조,맑음,단일로 - 기타,승용,남,52세,상해없음,승합,남,46세,경상
2015071800100636,2015년 7월 18일 23시,토요일,충청북도 청주시 상당구 영운동,경상사고,0,0,1,0,차대차 - 추돌 - 주정차중,안전운전불이행,건조,맑음,교차로 - 교차로부근,승용,여,40세,상해없음,승용,남,39세,경상
2015071900100008,2015년 7월 19일 00시,일요일,충청북도 충주시 연수동,경상사고,0,0,1,0,차대사람 - 기타,안전운전불이행,건조,맑음,단일로 - 기타,기타불명,기타불명,기타불명,기타불명,보행자,남,57세,경상
2015071900100024,2015년 7월 19일 01시,일요일,충청북도 충주시 문화동,경상사고,0,0,1,0,차대차 - 기타,안전운전불이행,건조,맑음,단일로 - 기타,승용,남,44세,상해없음,승용,남,33세,경상
2015071900100135,2015년 7월 19일 08시,일요일,충청북도 제천시 청전동,중상사고,0,1,0,0,차대차 - 추돌 - 주정차중,안전운전불이행,건조,맑음,단일로 - 기타,승용,여,48세,중상,승용,남,26세,상해없음
2015071900100136,2015년 7월 19일 08시,일요일,충청북도 청주시 서원구 산남동,경상사고,0,0,1,0,차대사람 - 기타,안전운전불이행,건조,맑음,단일로 - 기타,승용,남,68세,상해없음,보행자,여,80세,경상
2015071900100170,2015년 7월 19일 10시,일요일,충청북도 충주시 교현동,부상신고사고,0,0,0,1,차대차 - 기타,안전운전불이행,건조,맑음,단일로 - 기타,승용,남,74세,부상신고,화물,남,49세,상해없음
2015071900100192,2015년 7월 19일 11시,일요일,충청북도 충주시 단월동,경상사고,0,0,3,1,차량단독 - 공작물충돌,안전거리미확보,건조,맑음,교차로 - 교차로안,승용,남,31세,부상신고,,,,
2015071900100217,2015년 7월 19일 12시,일요일,충청북도 옥천군 옥천읍,경상사고,0,0,1,0,차대차 - 측면직각충돌,교차로운행방법위반,건조,맑음,교차로 - 교차로안,자전거,남,70세,경상,승용,여,35세,상해없음
2015071900100241,2015년 7월 19일 13시,일요일,충청북도 보은군 보은읍,중상사고,0,1,1,0,차량단독 - 전도전복,안전운전불이행,건조,맑음,단일로 - 기타,승용,남,19세,경상,,,,
2015071900100276,2015년 7월 19일 14시,일요일,충청북도 청주시 상당구 문의면,중상사고,0,1,0,0,차대사람 - 기타,안전운전불이행,건조,맑음,단일로 - 기타,승용,여,63세,상해없음,보행자,여,41세,중상
2015071900100277,2015년 7월 19일 14시,일요일,충청북도 청주시 상당구 문의면,경상사고,0,0,4,0,차대차 - 기타,안전운전불이행,건조,맑음,단일로 - 기타,승용,남,59세,상해없음,승용,남,38세,경상
2015071900100310,2015년 7월 19일 15시,일요일,충청북도 진천군 이월면,경상사고,0,0,2,0,차대차 - 추돌 - 진행중,안전운전불이행,건조,맑음,단일로 - 기타,승용,여,33세,기타불명,승용,남,62세,경상
2015071900100311,2015년 7월 19일 15시,일요일,충청북도 청주시 서원구 남이면,중상사고,0,1,1,0,차대차 - 측면직각충돌,안전운전불이행,건조,맑음,교차로 - 교차로안,승용,남,31세,상해없음,승용,남,72세,경상
2015071900100312,2015년 7월 19일 15시,일요일,충청북도 청주시 흥덕구 복대동,경상사고,0,0,1,0,차대차 - 기타,안전운전불이행,건조,맑음,교차로 - 교차로안,승용,남,37세,상해없음,승용,남,51세,경상
2015071900100313,2015년 7월 19일 15시,일요일,충청북도 청주시 상당구 서문동,경상사고,0,0,1,0,차대차 - 기타,교차로운행방법위반,건조,맑음,교차로 - 교차로안,승용,남,48세,상해없음,승용,여,41세,경상
2015071900100350,2015년 7월 19일 16시,일요일,충청북도 음성군 금왕읍,중상사고,0,1,0,0,차대차 - 측면직각충돌,안전운전불이행,건조,흐림,교차로 - 교차로부근,승용,남,26세,상해없음,승용,여,58세,중상
2015071900100351,2015년 7월 19일 16시,일요일,충청북도 청주시 흥덕구 봉명동,중상사고,0,1,0,0,차대차 - 기타,기타,건조,맑음,기타 - 기타,승용,남,51세,상해없음,원동기,여,64세,중상
2015071900100354,2015년 7월 19일 16시,일요일,충청북도 청주시 서원구 현도면,경상사고,0,0,2,0,차대차 - 추돌 - 진행중,안전운전불이행,건조,맑음,단일로 - 기타,승용,남,25세,상해없음,승용,남,61세,경상
2015071900100384,2015년 7월 19일 17시,일요일,충청북도 옥천군 군서면,중상사고,0,1,0,0,차량단독 - 기타,안전운전불이행,건조,맑음,교차로 - 교차로부근,원동기,남,47세,기타불명,,,,
2015071900100385,2015년 7월 19일 17시,일요일,충청북도 옥천군 옥천읍,경상사고,0,0,3,0,차대차 - 기타,직진우회전진행방해,건조,맑음,교차로 - 교차로안,승용,여,41세,경상,승용,남,37세,경상
2015071900100386,2015년 7월 19일 17시,일요일,충청북도 청주시 서원구 개신동,경상사고,0,0,1,0,차대차 - 측면직각충돌,안전운전불이행,건조,맑음,단일로 - 기타,승용,여,33세,상해없음,승용,남,40세,경상
2015071900100387,2015년 7월 19일 17시,일요일,충청북도 청주시 서원구 분평동,경상사고,0,0,1,0,차대차 - 측면직각충돌,교차로운행방법위반,건조,맑음,교차로 - 교차로안,승용,남,35세,상해없음,이륜,남,62세,경상
2015071900100419,2015년 7월 19일 18시,일요일,충청북도 충주시 안림동,중상사고,0,1,0,0,차대차 - 추돌 - 진행중,안전운전불이행,건조,맑음,단일로 - 기타,화물,남,68세,상해없음,자전거,남,49세,중상
2015071900100420,2015년 7월 19일 18시,일요일,충청북도 청주시 상당구 북문로1가동,경상사고,0,0,1,0,차대차 - 기타,안전운전불이행,건조,맑음,단일로 - 기타,승용,남,63세,상해없음,승용,남,54세,경상
2015071900100422,2015년 7월 19일 18시,일요일,충청북도 청주시 서원구 남이면,경상사고,0,0,2,0,차대차 - 기타,안전운전불이행,건조,맑음,단일로 - 기타,승용,남,29세,상해없음,승용,남,50세,상해없음
2015071900100449,2015년 7월 19일 19시,일요일,충청북도 청주시 청원구 사천동,경상사고,0,0,2,0,차대차 - 측면직각충돌,교차로운행방법위반,건조,맑음,교차로 - 교차로안,승용,남,31세,경상,승합,남,55세,경상
2015071900100450,2015년 7월 19일 19시,일요일,충청북도 청주시 청원구 우암동,경상사고,0,0,1,0,차대차 - 기타,안전운전불이행,건조,맑음,교차로 - 교차로부근,승용,남,66세,상해없음,승합,남,54세,상해없음
2015071900100475,2015년 7월 19일 20시,일요일,충청북도 청주시 서원구 산남동,부상신고사고,0,0,0,1,차대차 - 기타,안전운전불이행,건조,맑음,단일로 - 기타,승용,남,30세,상해없음,자전거,남,22세,부상신고
2015071900100497,2015년 7월 19일 21시,일요일,충청북도 보은군 수한면,중상사고,0,1,1,1,차대차 - 측면직각충돌,안전거리미확보,건조,맑음,단일로 - 기타,승용,남,29세,부상신고,승용,남,46세,경상
2015071900100519,2015년 7월 19일 22시,일요일,충청북도 청주시 상당구 영운동,중상사고,0,1,0,0,차대차 - 기타,중앙선침범,건조,맑음,단일로 - 기타,원동기,남,24세,상해없음,원동기,남,18세,중상
2015071900100539,2015년 7월 19일 23시,일요일,충청북도 충주시 교현동,경상사고,0,0,1,0,차대차 - 추돌 - 진행중,안전운전불이행,기타,맑음,교차로 - 교차로부근,승용,남,26세,상해없음,자전거,남,54세,경상
2015072000100011,2015년 7월 20일 00시,월요일,충청북도 제천시 신월동,경상사고,0,0,2,0,차량단독 - 공작물충돌,안전운전불이행,건조,맑음,단일로 - 기타,승용,여,30세,상해없음,,,,
2015072000100032,2015년 7월 20일 02시,월요일,충청북도 청주시 서원구 사창동,경상사고,0,0,1,0,차대사람 - 기타,안전운전불이행,건조,맑음,단일로 - 기타,승용,남,19세,상해없음,보행자,남,22세,경상
2015072000100040,2015년 7월 20일 03시,월요일,충청북도 음성군 금왕읍,경상사고,0,0,1,0,차대사람 - 길가장자리구역통행중,안전운전불이행,건조,맑음,단일로 - 기타,기타불명,기타불명,기타불명,기타불명,보행자,남,20세,경상
2015072000100064,2015년 7월 20일 06시,월요일,충청북도 증평군 증평읍,경상사고,0,0,1,0,차대차 - 측면직각충돌,안전운전불이행,건조,맑음,교차로 - 교차로안,승합,남,42세,상해없음,원동기,남,18세,경상
2015072000100080,2015년 7월 20일 07시,월요일,충청북도 영동군 영동읍,경상사고,0,0,1,0,차대차 - 측면직각충돌,불법유턴,건조,맑음,교차로 - 교차로안,이륜,남,54세,경상,승용,남,43세,상해없음
2015072000100081,2015년 7월 20일 07시,월요일,충청북도 청주시 흥덕구 석곡동,중상사고,0,1,0,0,차대차 - 측면직각충돌,안전운전불이행,건조,맑음,교차로 - 교차로안,승용,남,39세,상해없음,승용,여,57세,중상
2015072000100118,2015년 7월 20일 08시,월요일,충청북도 청주시 서원구 사직동,경상사고,0,0,2,0,차대차 - 기타,안전운전불이행,건조,맑음,단일로 - 기타,승용,남,31세,기타불명,승용,남,59세,경상
2015072000100119,2015년 7월 20일 08시,월요일,충청북도 청주시 청원구 내수읍,경상사고,0,0,1,0,차량단독 - 기타,안전운전불이행,건조,맑음,교차로 - 교차로안,승합,남,58세,상해없음,,,,
2015072000100120,2015년 7월 20일 08시,월요일,충청북도 제천시 고명동,경상사고,0,0,2,0,차대차 - 측면직각충돌,신호위반,건조,맑음,교차로 - 교차로안,화물,남,49세,상해없음,승용,남,44세,경상
2015072000100121,2015년 7월 20일 08시,월요일,충청북도 단양군 가곡면,중상사고,0,1,0,0,차대차 - 측면직각충돌,직진우회전진행방해,습기,비,교차로 - 교차로안,화물,남,61세,상해없음,농기계,남,81세,중상
2015072000100122,2015년 7월 20일 08시,월요일,충청북도 청주시 흥덕구 운천동,경상사고,0,0,3,0,차대차 - 기타,신호위반,건조,맑음,교차로 - 교차로안,승용,여,56세,경상,승용,남,50세,경상