사고번호,사고일시,요일,시군구,사고내용,사망자수,중상자수,경상자수,부상신고자수,사고유형,법규위반,노면상태,기상상태,도로형태,가해운전자 차종,가해운전자 성별,가해운전자 연령,가해운전자 상해정도,피해운전자 차종,피해운전자 성별,피해운전자 연령,피해운전자 상해정도
2015072400100332,2015년 7월 24일 12시,금요일,충청북도 진천군 진천읍,중상사고,0,1,0,0,차량단독 - 전도전복,안전운전불이행,습기,비,단일로 - 기타,화물,남,42세,중상,,,,
2015072400100333,2015년 7월 24일 12시,금요일,충청북도 청주시 흥덕구 복대동,경상사고,0,0,1,0,차대차 - 측면직각충돌,신호위반,습기,비,교차로 - 교차로안,승용,남,39세,상해없음,이륜,남,19세,경상
2015072400100364,2015년 7월 24일 13시,금요일,충청북도 음성군 음성읍,중상사고,0,1,1,0,차대차 - 측면직각충돌,차로위반,습기,비,단일로 - 기타,화물,여,59세,상해없음,승용,남,43세,중상
2015072400100365,2015년 7월 24일 13시,금요일,충청북도 청주시 흥덕구 복대동,중상사고,0,1,0,0,차대차 - 측면직각충돌,교차로운행방법위반,습기,맑음,교차로 - 교차로안,승용,남,18세,상해없음,이륜,남,25세,중상
2015072400100398,2015년 7월 24일 14시,금요일,충청북도 음성군 삼성면,경상사고,0,0,1,0,차대차 - 기타,교차로운행방법위반,습기,비,교차로 - 교차로안,승용,여,33세,경상,화물,남,37세,상해없음
2015072400100399,2015년 7월 24일 14시,금요일,충청북도 옥천군 청성면,경상사고,0,0,1,0,차대차 - 기타,기타,습기,비,교차로 - 교차로안,승용,남,45세,상해없음,승합,여,35세,경상
2015072400100400,2015년 7월 24일 14시,금요일,충청북도 청주시 서원구 남이면,경상사고,0,0,1,0,차대차 - 추돌 - 진행중,안전운전불이행,건조,맑음,단일로 - 기타,화물,남,51세,상해없음,승용,여,57세,경상
2015072400100401,2015년 7월 24일 14시,금요일,충청북도 청주시 서원구 남이면,중상사고,0,2,0,0,차대차 - 추돌 - 주정차중,안전운전불이행,습기,비,단일로 - 기타,승용,남,59세,중상,화물,남,60세,기타불명
2015072400100441,2015년 7월 24일 15시,금요일,충청북도 청주시 상당구 금천동,경상사고,0,0,1,0,차대사람 - 기타,안전운전불이행,습기,비,교차로 - 교차로안,기타불명,기타불명,기타불명,기타불명,보행자,남,74세,경상
2015072400100518,2015년 7월 24일 17시,금요일,충청북도 제천시 청전동,경상사고,0,0,1,0,차대차 - 추돌 - 진행중,안전거리미확보,습기,비,교차로 - 교차로안,승합,남,33세,상해없음,승용,여,50세,경상
2015072400100519,2015년 7월 24일 17시,금요일,충청북도 괴산군 칠성면,중상사고,0,1,0,0,차대차 - 측면직각충돌,직진우회전진행방해,습기,비,교차로 - 교차로안,승용,여,61세,상해없음,원동기,여,79세,중상
2015072400100555,2015년 7월 24일 18시,금요일,충청북도 괴산군 불정면,사망사고,1,0,0,0,차량단독 - 도로외이탈 - 추락,안전운전불이행,습기,비,단일로 - 기타,농기계,남,78세,사망,,,,
2015072400100556,2015년 7월 24일 18시,금요일,충청북도 음성군 음성읍,경상사고,0,0,2,0,차대차 - 추돌 - 주정차중,안전운전불이행,건조,맑음,단일로 - 기타,화물,남,36세,상해없음,승용,남,57세,경상
2015072400100557,2015년 7월 24일 18시,금요일,충청북도 청주시 흥덕구 봉명동,경상사고,0,0,1,0,차대사람 - 횡단중,보행자보호의무위반,습기,비,단일로 - 횡단보도상,승용,여,45세,상해없음,보행자,남,55세,경상
2015072400100558,2015년 7월 24일 18시,금요일,충청북도 청주시 흥덕구 옥산면,경상사고,0,0,2,0,차대차 - 추돌 - 진행중,기타,습기,비,교차로 - 교차로안,승용,남,21세,경상,승용,남,57세,경상
2015072400100639,2015년 7월 24일 20시,금요일,충청북도 청주시 흥덕구 복대동,경상사고,0,0,1,0,차대차 - 측면직각충돌,교차로운행방법위반,건조,맑음,교차로 - 교차로안,원동기,남,44세,경상,승용,남,53세,상해없음
2015072400100640,2015년 7월 24일 20시,금요일,충청북도 청주시 상당구 영운동,경상사고,0,0,1,0,차대차 - 기타,기타,습기,비,교차로 - 교차로안,승용,남,45세,상해없음,자전거,남,67세,경상
2015072400100641,2015년 7월 24일 20시,금요일,충청북도 청주시 서원구 분평동,경상사고,0,0,3,0,차대차 - 추돌 - 진행중,안전운전불이행,습기,비,교차로 - 교차로부근,승용,남,41세,상해없음,승용,남,35세,경상
2015072400100680,2015년 7월 24일 21시,금요일,충청북도 청주시 흥덕구 가경동,경상사고,0,0,1,0,차대차 - 추돌 - 진행중,안전운전불이행,습기,비,단일로 - 기타,승용,남,56세,상해없음,승용,남,40세,경상
2015072400100725,2015년 7월 24일 22시,금요일,충청북도 충주시 문화동,경상사고,0,0,2,0,차대차 - 기타,안전운전불이행,습기,비,단일로 - 기타,승용,남,51세,상해없음,승용,남,40세,경상
2015072400100763,2015년 7월 24일 23시,금요일,충청북도 증평군 증평읍,중상사고,0,1,2,0,차대차 - 기타,안전운전불이행,건조,맑음,교차로 - 교차로부근,승용,남,25세,상해없음,승용,남,64세,중상
2015072400100764,2015년 7월 24일 23시,금요일,충청북도 청주시 흥덕구 가경동,경상사고,0,0,5,0,차대차 - 측면직각충돌,직진우회전진행방해,습기,흐림,교차로 - 교차로안,승용,여,28세,경상,승용,남,50세,경상
2015072500100095,2015년 7월 25일 03시,토요일,충청북도 청주시 서원구 사창동,중상사고,0,1,1,0,차대사람 - 기타,안전운전불이행,건조,맑음,교차로 - 교차로부근,승용,남,27세,상해없음,보행자,남,19세,경상
2015072500100184,2015년 7월 25일 07시,토요일,충청북도 청주시 청원구 우암동,경상사고,0,0,1,0,차대차 - 기타,신호위반,건조,맑음,교차로 - 교차로안,승용,여,47세,상해없음,승용,남,47세,경상
2015072500100204,2015년 7월 25일 08시,토요일,충청북도 제천시 의림동,경상사고,0,0,2,0,차대차 - 측면직각충돌,직진우회전진행방해,습기,흐림,교차로 - 교차로안,승용,남,57세,상해없음,승용,여,62세,상해없음
2015072500100205,2015년 7월 25일 08시,토요일,충청북도 청주시 흥덕구 복대동,경상사고,0,0,1,0,차대사람 - 기타,신호위반,건조,맑음,교차로 - 교차로부근,승용,남,42세,상해없음,보행자,여,52세,경상
2015072500100206,2015년 7월 25일 08시,토요일,충청북도 청주시 서원구 분평동,경상사고,0,0,2,0,차대차 - 측면직각충돌,안전운전불이행,건조,맑음,단일로 - 기타,승용,남,37세,경상,승용,남,59세,상해없음
2015072500100253,2015년 7월 25일 10시,토요일,충청북도 청주시 청원구 내덕동,경상사고,0,0,1,0,차대차 - 추돌 - 진행중,안전운전불이행,건조,맑음,단일로 - 기타,승용,여,62세,상해없음,승용,여,54세,경상
2015072500100254,2015년 7월 25일 10시,토요일,충청북도 단양군 단양읍,경상사고,0,0,2,0,차대차 - 기타,안전운전불이행,건조,맑음,단일로 - 기타,승용,남,55세,경상,승용,여,36세,경상
2015072500100255,2015년 7월 25일 10시,토요일,충청북도 진천군 진천읍,중상사고,0,1,0,0,차대차 - 기타,교차로운행방법위반,건조,흐림,교차로 - 교차로부근,승용,여,59세,상해없음,이륜,남,79세,중상
2015072500100292,2015년 7월 25일 11시,토요일,충청북도 청주시 청원구 우암동,경상사고,0,0,1,0,차대사람 - 기타,불법유턴,건조,맑음,단일로 - 기타,승용,남,53세,상해없음,보행자,여,56세,경상
2015072500100293,2015년 7월 25일 11시,토요일,충청북도 청주시 청원구 내덕동,경상사고,0,0,2,0,차대차 - 기타,안전운전불이행,습기,흐림,교차로 - 교차로부근,승용,남,55세,상해없음,승용,남,68세,경상
2015072500100294,2015년 7월 25일 11시,토요일,충청북도 제천시 고명동,경상사고,0,0,4,0,차대차 - 측면직각충돌,안전거리미확보,건조,맑음,단일로 - 기타,건설기계,남,53세,상해없음,승용,남,41세,경상
2015072500100328,2015년 7월 25일 12시,토요일,충청북도 제천시 대랑동,중상사고,0,1,2,0,차대차 - 측면직각충돌,안전거리미확보,건조,맑음,교차로 - 교차로안,승용,남,21세,경상,화물,남,61세,상해없음
2015072500100357,2015년 7월 25일 13시,토요일,충청북도 청주시 청원구 오창읍,중상사고,0,1,0,0,차대차 - 정면충돌,신호위반,건조,맑음,교차로 - 교차로안,이륜,남,18세,중상,승용,남,42세,상해없음
2015072500100358,2015년 7월 25일 13시,토요일,충청북도 충주시 봉방동,중상사고,0,2,3,0,차대차 - 추돌 - 진행중,안전운전불이행,건조,맑음,단일로 - 기타,화물,남,58세,경상,승용,남,29세,경상
2015072500100420,2015년 7월 25일 15시,토요일,충청북도 충주시 호암동,경상사고,0,0,1,1,차대차 - 기타,안전거리미확보,건조,맑음,교차로 - 교차로안,승용,남,63세,부상신고,승용,남,62세,상해없음
2015072500100486,2015년 7월 25일 17시,토요일,충청북도 증평군 증평읍,경상사고,0,0,1,0,차대사람 - 횡단중,보행자보호의무위반,건조,맑음,교차로 - 교차로부근,승용,여,39세,상해없음,보행자,여,61세,경상
2015072500100537,2015년 7월 25일 18시,토요일,충청북도 청주시 청원구 오창읍,중상사고,0,1,1,0,차대차 - 측면직각충돌,안전거리미확보,건조,맑음,교차로 - 교차로부근,승용,남,56세,경상,승용,여,48세,중상
2015072500100538,2015년 7월 25일 18시,토요일,충청북도 영동군 영동읍,경상사고,0,0,1,0,차대차 - 추돌 - 진행중,안전운전불이행,건조,맑음,교차로 - 교차로안,승용,남,43세,경상,화물,여,49세,상해없음
2015072500100570,2015년 7월 25일 19시,토요일,충청북도 청주시 청원구 내덕동,중상사고,0,1,2,0,차량단독 - 기타,안전운전불이행,건조,맑음,단일로 - 기타,승합,남,41세,상해없음,,,,
2015072500100571,2015년 7월 25일 19시,토요일,충청북도 청주시 서원구 산남동,경상사고,0,0,1,0,차대차 - 기타,안전운전불이행,건조,맑음,단일로 - 기타,승용,남,55세,상해없음,자전거,남,60세,경상
2015072500100655,2015년 7월 25일 21시,토요일,충청북도 제천시 장락동,경상사고,0,0,1,0,차대사람 - 기타,안전운전불이행,건조,맑음,교차로 - 교차로안,승합,남,49세,상해없음,보행자,남,2세,경상
2015072500100656,2015년 7월 25일 21시,토요일,충청북도 청주시 흥덕구 복대동,경상사고,0,0,2,0,차대차 - 추돌 - 주정차중,안전운전불이행,건조,흐림,교차로 - 교차로부근,승용,남,41세,상해없음,승용,남,25세,경상
2015072500100692,2015년 7월 25일 22시,토요일,충청북도 청주시 청원구 내덕동,중상사고,0,1,0,0,차대차 - 측면직각충돌,신호위반,건조,맑음,교차로 - 교차로안,승용,남,58세,상해없음,자전거,남,55세,중상
2015072500100720,2015년 7월 25일 23시,토요일,충청북도 진천군 이월면,중상사고,0,1,0,0,차대차 - 추돌 - 주정차중,안전운전불이행,건조,흐림,단일로 - 기타,승용,남,29세,상해없음,화물,남,36세,상해없음
2015072600100029,2015년 7월 26일 01시,일요일,충청북도 청주시 서원구 산남동,경상사고,0,0,1,0,차대차 - 기타,중앙선침범,건조,맑음,교차로 - 교차로부근,승용,남,28세,기타불명,승용,여,52세,경상
2015072600100049,2015년 7월 26일 02시,일요일,충청북도 청주시 청원구 내덕동,경상사고,0,0,1,0,차대차 - 기타,안전운전불이행,건조,맑음,교차로 - 교차로안,승용,남,52세,경상,승용,남,35세,상해없음
2015072600100065,2015년 7월 26일 03시,일요일,충청북도 충주시 연수동,중상사고,0,1,1,0,차대차 - 추돌 - 진행중,안전운전불이행,건조,맑음,단일로 - 기타,승용,남,30세,상해없음,승용,남,36세,경상
2015072600100066,2015년 7월 26일 03시,일요일,충청북도 음성군 원남면,중상사고,0,1,0,0,차량단독 - 공작물충돌,안전운전불이행,건조,맑음,단일로 - 기타,승용,남,34세,중상,,,,
2015072600100067,2015년 7월 26일 03시,일요일,충청북도 청주시 흥덕구 복대동,경상사고,0,0,1,0,차대차 - 측면직각충돌,안전운전불이행,건조,맑음,교차로 - 교차로부근,승용,남,61세,상해없음,승용,남,69세,경상
2015072600100118,2015년 7월 26일 07시,일요일,충청북도 제천시 백운면,중상사고,0,1,0,0,차대차 - 추돌 - 진행중,안전운전불이행,건조,맑음,단일로 - 터널,승용,여,28세,상해없음,승용,남,68세,중상
2015072600100161,2015년 7월 26일 10시,일요일,충청북도 음성군 대소면,경상사고,0,0,1,0,차대차 - 기타,안전운전불이행,건조,맑음,단일로 - 기타,기타불명,기타불명,기타불명,기타불명,승용,여,25세,경상
2015072600100186,2015년 7월 26일 11시,일요일,충청북도 제천시 장락동,경상사고,0,0,1,2,차대차 - 측면직각충돌,신호위반,건조,맑음,교차로 - 교차로안,승용,여,28세,상해없음,승용,남,52세,경상
2015072600100187,2015년 7월 26일 11시,일요일,충청북도 청주시 흥덕구 오송읍,중상사고,0,1,0,0,차대차 - 기타,교차로운행방법위반,건조,맑음,교차로 - 교차로안,승용,남,44세,상해없음,이륜,남,58세,중상
2015072600100209,2015년 7월 26일 12시,일요일,충청북도 진천군 광혜원면,중상사고,0,2,2,0,차대차 - 추돌 - 진행중,교차로운행방법위반,건조,맑음,교차로 - 교차로안,승용,남,53세,경상,승용,남,64세,중상
2015072600100210,2015년 7월 26일 12시,일요일,충청북도 청주시 상당구 금천동,경상사고,0,0,3,0,차대차 - 추돌 - 진행중,안전운전불이행,건조,맑음,단일로 - 기타,승용,남,73세,상해없음,승용,남,53세,경상
2015072600100241,2015년 7월 26일 13시,일요일,충청북도 충주시 단월동,중상사고,0,1,2,0,차대차 - 기타,안전거리미확보,건조,맑음,단일로 - 기타,승용,남,17세,상해없음,승용,여,44세,중상
2015072600100242,2015년 7월 26일 13시,일요일,충청북도 충주시 단월동,중상사고,0,2,0,1,차대차 - 기타,안전운전불이행,건조,맑음,교차로 - 교차로안,승용,남,49세,부상신고,승용,남,61세,중상
2015072600100243,2015년 7월 26일 13시,일요일,충청북도 충주시 중앙탑면,경상사고,0,0,2,0,차대차 - 기타,신호위반,건조,맑음,교차로 - 교차로안,승합,남,63세,경상,승용,여,31세,경상
2015072600100269,2015년 7월 26일 14시,일요일,충청북도 괴산군 소수면,중상사고,0,2,1,0,차대차 - 측면직각충돌,직진우회전진행방해,건조,맑음,교차로 - 교차로안,승용,남,60세,경상,승용,남,59세,중상
2015072600100303,2015년 7월 26일 15시,일요일,충청북도 제천시 하소동,경상사고,0,0,1,0,차대차 - 측면직각충돌,교차로운행방법위반,건조,맑음,교차로 - 교차로안,승용,여,30세,경상,승용,남,57세,상해없음
2015072600100304,2015년 7월 26일 15시,일요일,충청북도 괴산군 괴산읍,경상사고,0,0,2,1,차대차 - 기타,직진우회전진행방해,건조,맑음,교차로 - 교차로안,승용,남,30세,경상,승용,남,53세,기타불명
2015072600100329,2015년 7월 26일 16시,일요일,충청북도 청주시 청원구 주중동,경상사고,0,0,1,0,차대차 - 측면직각충돌,안전운전불이행,건조,맑음,단일로 - 기타,승용,남,67세,경상,승용,남,34세,상해없음
2015072600100330,2015년 7월 26일 16시,일요일,충청북도 청주시 흥덕구 복대동,경상사고,0,0,3,0,차대차 - 추돌 - 주정차중,안전운전불이행,건조,맑음,단일로 - 기타,승용,남,58세,상해없음,승용,남,32세,상해없음
2015072600100331,2015년 7월 26일 16시,일요일,충청북도 청주시 흥덕구 봉명동,경상사고,0,0,1,0,차대사람 - 횡단중,신호위반,건조,맑음,단일로 - 횡단보도상,승용,남,53세,상해없음,보행자,여,48세,경상
2015072600100355,2015년 7월 26일 17시,일요일,충청북도 충주시 성서동,중상사고,0,1,0,0,차대사람 - 기타,신호위반,건조,맑음,단일로 - 기타,이륜,남,55세,상해없음,보행자,남,4세,중상
2015072600100356,2015년 7월 26일 17시,일요일,충청북도 제천시 송학면,중상사고,0,1,0,0,차대차 - 기타,중앙선침범,건조,맑음,단일로 - 기타,기타불명,기타불명,기타불명,기타불명,건설기계,남,61세,중상
2015072600100439,2015년 7월 26일 20시,일요일,충청북도 진천군 백곡면,경상사고,0,0,1,0,차대사람 - 차도통행중,안전운전불이행,건조,맑음,단일로 - 기타,승용,기타불명,기타불명,기타불명,보행자,남,22세,경상
2015072600100464,2015년 7월 26일 21시,일요일,충청북도 증평군 증평읍,중상사고,0,2,0,0,차대차 - 측면직각충돌,신호위반,건조,맑음,교차로 - 교차로안,승용,남,28세,중상,원동기,남,18세,중상
2015072600100488,2015년 7월 26일 22시,일요일,충청북도 영동군 영동읍,중상사고,0,1,1,0,차대차 - 기타,안전거리미확보,건조,맑음,단일로 - 기타,화물,남,47세,상해없음,승용,남,32세,경상
2015072700100030,2015년 7월 27일 03시,월요일,충청북도 음성군 맹동면,경상사고,0,0,1,0,차량단독 - 도로외이탈 - 추락,안전운전불이행,건조,맑음,단일로 - 기타,이륜,남,17세,경상,,,,
2015072700100050,2015년 7월 27일 05시,월요일,충청북도 음성군 대소면,중상사고,0,2,0,0,차대차 - 기타,기타,건조,맑음,교차로 - 교차로부근,승용,남,58세,상해없음,이륜,남,83세,중상
2015072700100051,2015년 7월 27일 05시,월요일,충청북도 청주시 흥덕구 가경동,사망사고,1,0,0,0,차량단독 - 전도전복,안전운전불이행,건조,맑음,교차로 - 교차로부근,이륜,남,57세,사망,,,,
2015072700100074,2015년 7월 27일 07시,월요일,충청북도 충주시 용두동,중상사고,0,1,3,0,차대차 - 기타,안전거리미확보,건조,맑음,단일로 - 기타,승용,남,50세,경상,승용,남,54세,경상
2015072700100075,2015년 7월 27일 07시,월요일,충청북도 음성군 금왕읍,경상사고,0,0,1,0,차대차 - 측면직각충돌,신호위반,건조,맑음,교차로 - 교차로안,승용,남,54세,상해없음,승합,남,40세,경상
2015072700100076,2015년 7월 27일 07시,월요일,충청북도 단양군 영춘면,경상사고,0,0,1,0,차량단독 - 공작물충돌,안전운전불이행,기타,맑음,단일로 - 기타,승용,남,42세,경상,,,,
2015072700100102,2015년 7월 27일 08시,월요일,충청북도 청주시 청원구 오창읍,중상사고,0,1,1,0,차대차 - 기타,안전운전불이행,건조,맑음,단일로 - 기타,이륜,남,16세,중상,승용,남,36세,상해없음
2015072700100138,2015년 7월 27일 09시,월요일,충청북도 보은군 보은읍,경상사고,0,0,1,0,차대차 - 측면직각충돌,교차로운행방법위반,건조,맑음,교차로 - 교차로안,승용,남,20세,상해없음,자전거,여,55세,경상
2015072700100184,2015년 7월 27일 10시,월요일,충청북도 보은군 보은읍,중상사고,0,2,1,0,차대사람 - 기타,중앙선침범,건조,맑음,단일로 - 기타,승용,여,67세,중상,보행자,남,54세,중상
2015072700100185,2015년 7월 27일 10시,월요일,충청북도 청주시 흥덕구 복대동,경상사고,0,0,2,0,차대차 - 추돌 - 주정차중,안전운전불이행,건조,흐림,교차로 - 교차로안,승용,남,49세,상해없음,승용,여,57세,경상
2015072700100216,2015년 7월 27일 11시,월요일,충청북도 충주시 호암동,경상사고,0,0,1,0,차대차 - 기타,안전운전불이행,건조,맑음,교차로 - 교차로안,자전거,남,77세,경상,승용,남,61세,상해없음
2015072700100269,2015년 7월 27일 13시,월요일,충청북도 제천시 고암동,중상사고,0,2,0,0,차대차 - 측면직각충돌,안전운전불이행,건조,맑음,교차로 - 교차로부근,승용,여,30세,상해없음,이륜,남,50세,중상
2015072700100331,2015년 7월 27일 15시,월요일,충청북도 충주시 성내동,경상사고,0,0,1,0,차대차 - 기타,안전운전불이행,건조,맑음,교차로 - 교차로안,승용,남,69세,상해없음,자전거,남,14세,경상
2015072700100377,2015년 7월 27일 16시,월요일,충청북도 청주시 청원구 율량동,경상사고,0,0,1,0,차대차 - 측면직각충돌,보행자보호의무위반,건조,맑음,교차로 - 교차로안,승용,남,25세,상해없음,자전거,남,12세,경상
2015072700100378,2015년 7월 27일 16시,월요일,충청북도 청주시 상당구 북문로1가동,경상사고,0,0,2,0,차대차 - 측면직각충돌,안전운전불이행,건조,맑음,기타 - 기타,승용,남,55세,상해없음,승용,여,45세,상해없음
2015072700100419,2015년 7월 27일 17시,월요일,충청북도 충주시 문화동,경상사고,0,0,3,0,차대차 - 기타,안전거리미확보,건조,맑음,단일로 - 기타,승용,여,41세,상해없음,승용,여,52세,경상
2015072700100420,2015년 7월 27일 17시,월요일,충청북도 청주시 흥덕구 비하동,중상사고,0,1,0,0,차량단독 - 기타,기타,건조,맑음,단일로 - 기타,승합,남,54세,상해없음,,,,
2015072700100454,2015년 7월 27일 18시,월요일,충청북도 청주시 청원구 사천동,경상사고,0,0,1,0,차대차 - 측면직각충돌,안전거리미확보,건조,맑음,교차로 - 교차로부근,승용,남,62세,상해없음,화물,여,50세,경상
2015072700100596,2015년 7월 27일 22시,월요일,충청북도 진천군 초평면,경상사고,0,0,1,0,차대사람 - 차도통행중,안전운전불이행,건조,흐림,단일로 - 기타,화물,남,40세,상해없음,보행자,여,80세,경상
2015072800100009,2015년 7월 28일 00시,화요일,충청북도 청주시 서원구 남이면,중상사고,0,1,1,0,차대차 - 추돌 - 진행중,안전운전불이행,건조,흐림,단일로 - 기타,화물,남,56세,상해없음,승용,남,41세,경상
2015072800100036,2015년 7월 28일 02시,화요일,충청북도 청주시 흥덕구 신봉동,경상사고,0,0,1,0,차대차 - 추돌 - 주정차중,안전운전불이행,건조,맑음,교차로 - 교차로부근,승용,남,26세,상해없음,이륜,남,24세,경상
2015072800100193,2015년 7월 28일 10시,화요일,충청북도 제천시 천남동,중상사고,0,3,0,0,차대차 - 측면직각충돌,불법유턴,건조,맑음,교차로 - 교차로안,승용,남,56세,상해없음,승용,남,65세,중상
2015072800100218,2015년 7월 28일 11시,화요일,충청북도 충주시 주덕읍,경상사고,0,0,1,0,차대차 - 기타,안전운전불이행,건조,맑음,단일로 - 기타,농기계,남,73세,경상,승용,남,39세,상해없음
2015072800100219,2015년 7월 28일 11시,화요일,충청북도 충주시 주덕읍,사망사고,1,0,0,0,차대차 - 추돌 - 진행중,안전거리미확보,건조,맑음,단일로 - 기타,원동기,남,81세,사망,승용,남,67세,상해없음
2015072800100254,2015년 7월 28일 12시,화요일,충청북도 충주시 안림동,경상사고,0,0,2,0,차대차 - 기타,직진우회전진행방해,건조,맑음,교차로 - 교차로안,이륜,남,51세,경상,승용,여,51세,경상
2015072800100255,2015년 7월 28일 12시,화요일,충청북도 괴산군 불정면,부상신고사고,0,0,0,1,차대차 - 측면직각충돌,안전운전불이행,건조,맑음,교차로 - 교차로안,원동기,남,56세,부상신고,승용,여,44세,상해없음
2015072800100287,2015년 7월 28일 13시,화요일,충청북도 청주시 청원구 내덕동,경상사고,0,0,1,0,차대차 - 측면직각충돌,교차로운행방법위반,건조,맑음,교차로 - 교차로안,자전거,남,19세,경상,승용,남,52세,상해없음
2015072800100334,2015년 7월 28일 14시,화요일,충청북도 음성군 금왕읍,중상사고,0,2,0,0,차대차 - 측면직각충돌,신호위반,건조,맑음,교차로 - 교차로안,승용,여,27세,상해없음,승용,여,46세,중상
2015072800100374,2015년 7월 28일 15시,화요일,충청북도 청주시 흥덕구 복대동,부상신고사고,0,0,0,1,차대사람 - 횡단중,안전운전불이행,건조,맑음,단일로 - 기타,승용,여,37세,상해없음,보행자,남,9세,부상신고
2015072800100407,2015년 7월 28일 16시,화요일,충청북도 충주시 중앙탑면,경상사고,0,0,4,0,차대차 - 추돌 - 진행중,안전운전불이행,건조,맑음,단일로 - 교량,화물,남,50세,상해없음,승용,여,44세,상해없음
2015072800100409,2015년 7월 28일 16시,화요일,충청북도 청주시 상당구 용암동,경상사고,0,0,1,0,차대차 - 추돌 - 진행중,안전운전불이행,건조,맑음,교차로 - 교차로안,승용,여,39세,상해없음,자전거,남,83세,경상
2015072800100437,2015년 7월 28일 17시,화요일,충청북도 충주시 중앙탑면,경상사고,0,0,1,0,차대차 - 기타,안전운전불이행,건조,맑음,단일로 - 기타,건설기계,남,57세,상해없음,승용,여,55세,경상
2015072800100438,2015년 7월 28일 17시,화요일,충청북도 진천군 진천읍,경상사고,0,0,5,0,차대차 - 추돌 - 주정차중,안전운전불이행,건조,맑음,단일로 - 기타,화물,남,70세,경상,승용,남,23세,경상
2015072800100477,2015년 7월 28일 18시,화요일,충청북도 청주시 흥덕구 가경동,경상사고,0,0,1,0,차대차 - 측면직각충돌,안전운전불이행,건조,맑음,단일로 - 기타,승용,남,51세,상해없음,승용,남,29세,경상
2015072800100478,2015년 7월 28일 18시,화요일,충청북도 청주시 흥덕구 복대동,중상사고,0,1,5,0,차대차 - 기타,안전거리미확보,건조,맑음,단일로 - 기타,승용,남,73세,상해없음,승용,남,73세,경상
2015072800100551,2015년 7월 28일 20시,화요일,충청북도 청주시 상당구 용암동,경상사고,0,0,1,0,차대차 - 추돌 - 진행중,안전운전불이행,건조,맑음,교차로 - 교차로안,승용,여,34세,상해없음,승용,여,56세,경상
2015072800100585,2015년 7월 28일 21시,화요일,충청북도 충주시 성서동,중상사고,0,1,0,0,차대차 - 기타,안전거리미확보,건조,맑음,교차로 - 교차로부근,승용,남,28세,상해없음,이륜,남,17세,중상
2015072800100619,2015년 7월 28일 22시,화요일,충청북도 청주시 서원구 사창동,중상사고,0,1,1,0,차대차 - 추돌 - 주정차중,안전운전불이행,건조,흐림,교차로 - 교차로부근,승용,여,57세,상해없음,승용,남,55세,중상
2015072800100620,2015년 7월 28일 22시,화요일,충청북도 음성군 대소면,경상사고,0,0,1,0,차대차 - 측면직각충돌,신호위반,건조,맑음,교차로 - 교차로부근,승용,여,25세,상해없음,승용,남,19세,경상
2015072900100014,2015년 7월 29일 00시,수요일,충청북도 청주시 흥덕구 복대동,경상사고,0,0,2,0,차대차 - 측면직각충돌,신호위반,건조,맑음,교차로 - 교차로안,승용,남,40세,상해없음,승용,남,56세,경상
2015072900100027,2015년 7월 29일 01시,수요일,충청북도 청주시 흥덕구 복대동,사망사고,1,2,0,0,차대사람 - 횡단중,안전운전불이행,건조,맑음,단일로 - 기타,승용,여,51세,상해없음,보행자,남,24세,사망
2015072900100028,2015년 7월 29일 01시,수요일,충청북도 청주시 서원구 현도면,경상사고,0,0,1,0,차대차 - 추돌 - 진행중,안전운전불이행,건조,맑음,단일로 - 기타,승용,남,41세,경상,화물,남,54세,상해없음
2015072900100062,2015년 7월 29일 05시,수요일,충청북도 청주시 흥덕구 석소동,중상사고,0,1,0,0,차대차 - 추돌 - 진행중,안전운전불이행,건조,맑음,단일로 - 기타,승용,남,40세,상해없음,화물,남,40세,중상
2015072900100087,2015년 7월 29일 07시,수요일,충청북도 청주시 청원구 오창읍,중상사고,0,2,0,0,차대차 - 기타,신호위반,건조,흐림,교차로 - 교차로안,승용,여,47세,상해없음,승용,남,35세,중상
2015072900100112,2015년 7월 29일 08시,수요일,충청북도 청주시 상당구 문화동,경상사고,0,0,1,0,차대차 - 기타,교차로운행방법위반,건조,맑음,교차로 - 교차로안,승용,여,37세,상해없음,이륜,남,44세,경상
2015072900100147,2015년 7월 29일 09시,수요일,충청북도 충주시 대소원면,중상사고,0,1,0,0,차대차 - 추돌 - 진행중,안전운전불이행,습기,비,단일로 - 기타,화물,남,58세,상해없음,승용,남,63세,중상
2015072900100217,2015년 7월 29일 11시,수요일,충청북도 제천시 장락동,경상사고,0,0,1,0,차대차 - 추돌 - 진행중,안전운전불이행,습기,비,교차로 - 교차로부근,승용,여,55세,상해없음,승용,남,28세,경상
2015072900100242,2015년 7월 29일 12시,수요일,충청북도 청주시 상당구 영운동,경상사고,0,0,2,0,차대차 - 측면직각충돌,안전운전불이행,건조,맑음,단일로 - 기타,이륜,남,64세,경상,승용,여,61세,경상
2015072900100271,2015년 7월 29일 13시,수요일,충청북도 충주시 노은면,경상사고,0,0,1,0,차대차 - 기타,안전운전불이행,건조,맑음,단일로 - 기타,승용,남,32세,기타불명,화물,남,52세,경상