사고번호,사고일시,요일,시군구,사고내용,사망자수,중상자수,경상자수,부상신고자수,사고유형,법규위반,노면상태,기상상태,도로형태,가해운전자 차종,가해운전자 성별,가해운전자 연령,가해운전자 상해정도,피해운전자 차종,피해운전자 성별,피해운전자 연령,피해운전자 상해정도
2015072900100307,2015년 7월 29일 14시,수요일,충청북도 청주시 흥덕구 복대동,경상사고,0,0,1,0,차대차 - 측면직각충돌,안전운전불이행,건조,맑음,교차로 - 교차로안,승용,여,40세,상해없음,승용,여,48세,경상
2015072900100336,2015년 7월 29일 15시,수요일,충청북도 충주시 문화동,중상사고,0,1,0,0,차대차 - 기타,직진우회전진행방해,건조,맑음,교차로 - 교차로안,승용,여,45세,상해없음,자전거,남,72세,중상
2015072900100337,2015년 7월 29일 15시,수요일,충청북도 음성군 음성읍,경상사고,0,0,1,0,차대차 - 측면직각충돌,교차로운행방법위반,건조,맑음,교차로 - 교차로부근,승용,남,53세,상해없음,승용,남,23세,경상
2015072900100416,2015년 7월 29일 17시,수요일,충청북도 충주시 금릉동,경상사고,0,0,4,0,차대차 - 기타,안전거리미확보,건조,맑음,단일로 - 기타,승용,남,47세,경상,승용,남,41세,경상
2015072900100417,2015년 7월 29일 17시,수요일,충청북도 충주시 지현동,경상사고,0,0,2,0,차대차 - 측면직각충돌,기타,건조,맑음,교차로 - 교차로안,승용,남,29세,경상,화물,남,51세,경상
2015072900100418,2015년 7월 29일 17시,수요일,충청북도 영동군 영동읍,중상사고,0,1,0,0,차대차 - 기타,안전운전불이행,습기,흐림,단일로 - 기타,원동기,남,28세,중상,기타불명,기타불명,기타불명,기타불명
2015072900100457,2015년 7월 29일 18시,수요일,충청북도 음성군 대소면,경상사고,0,0,1,1,차대차 - 측면직각충돌,교차로운행방법위반,건조,맑음,교차로 - 교차로안,승합,남,26세,부상신고,승용,여,56세,경상
2015072900100500,2015년 7월 29일 19시,수요일,충청북도 옥천군 옥천읍,경상사고,0,0,1,0,차대차 - 추돌 - 진행중,안전운전불이행,건조,맑음,교차로 - 교차로안,승용,남,44세,상해없음,승용,남,35세,경상
2015072900100501,2015년 7월 29일 19시,수요일,충청북도 청주시 흥덕구 복대동,중상사고,0,1,0,0,차대차 - 기타,안전운전불이행,건조,맑음,단일로 - 기타,승용,남,53세,상해없음,이륜,남,25세,중상
2015072900100502,2015년 7월 29일 19시,수요일,충청북도 청주시 서원구 현도면,부상신고사고,0,0,0,1,차량단독 - 기타,안전운전불이행,건조,흐림,단일로 - 기타,이륜,남,56세,부상신고,,,,
2015072900100536,2015년 7월 29일 20시,수요일,충청북도 충주시 단월동,부상신고사고,0,0,0,1,차량단독 - 공작물충돌,안전운전불이행,건조,맑음,단일로 - 기타,자전거,남,52세,부상신고,,,,
2015072900100577,2015년 7월 29일 21시,수요일,충청북도 음성군 대소면,경상사고,0,0,1,0,차대차 - 측면직각충돌,안전운전불이행,건조,맑음,교차로 - 교차로부근,승용,여,46세,상해없음,승용,남,32세,경상
2015072900100647,2015년 7월 29일 23시,수요일,충청북도 충주시 금릉동,경상사고,0,0,1,0,차대차 - 기타,안전운전불이행,건조,맑음,교차로 - 교차로부근,승용,여,33세,상해없음,승용,여,28세,경상
2015073000100010,2015년 7월 30일 00시,목요일,충청북도 충주시 연수동,중상사고,0,1,0,0,차대차 - 추돌 - 주정차중,안전운전불이행,건조,흐림,단일로 - 기타,승용,남,35세,기타불명,승용,남,25세,중상
2015073000100046,2015년 7월 30일 02시,목요일,충청북도 충주시 교현동,부상신고사고,0,0,0,1,차량단독 - 공작물충돌,안전운전불이행,건조,맑음,단일로 - 기타,승용,남,27세,부상신고,,,,
2015073000100094,2015년 7월 30일 07시,목요일,충청북도 증평군 증평읍,중상사고,0,1,4,1,차대차 - 측면직각충돌,중앙선침범,건조,맑음,교차로 - 교차로부근,승용,남,61세,부상신고,화물,남,45세,경상
2015073000100113,2015년 7월 30일 08시,목요일,충청북도 단양군 매포읍,경상사고,0,0,1,0,차대차 - 측면직각충돌,직진우회전진행방해,건조,맑음,교차로 - 교차로안,승용,남,56세,상해없음,승용,여,49세,경상
2015073000100114,2015년 7월 30일 08시,목요일,충청북도 청주시 상당구 석교동,경상사고,0,0,1,0,차대차 - 추돌 - 진행중,안전운전불이행,건조,맑음,단일로 - 횡단보도부근,자전거,남,23세,경상,승용,남,51세,상해없음
2015073000100146,2015년 7월 30일 09시,목요일,충청북도 청주시 상당구 수동,경상사고,0,0,5,0,차대차 - 측면직각충돌,교차로운행방법위반,건조,맑음,교차로 - 교차로안,승용,남,60세,상해없음,승용,여,36세,경상
2015073000100220,2015년 7월 30일 11시,목요일,충청북도 청주시 서원구 분평동,중상사고,0,2,1,0,차대차 - 기타,안전운전불이행,건조,맑음,단일로 - 기타,승용,남,58세,상해없음,승합,남,59세,상해없음
2015073000100287,2015년 7월 30일 13시,목요일,충청북도 청주시 청원구 주중동,중상사고,0,1,0,0,차대차 - 기타,신호위반,건조,맑음,교차로 - 교차로안,승용,여,34세,상해없음,승용,남,35세,중상
2015073000100288,2015년 7월 30일 13시,목요일,충청북도 진천군 덕산면,중상사고,0,2,0,0,차대차 - 기타,안전운전불이행,건조,맑음,단일로 - 기타,승용,기타불명,기타불명,기타불명,화물,남,59세,중상
2015073000100374,2015년 7월 30일 15시,목요일,충청북도 청주시 청원구 내덕동,경상사고,0,0,1,0,차대차 - 기타,안전거리미확보,건조,맑음,단일로 - 기타,승용,남,39세,상해없음,이륜,남,66세,경상
2015073000100375,2015년 7월 30일 15시,목요일,충청북도 청주시 흥덕구 화계동,경상사고,0,0,2,0,차대차 - 기타,안전운전불이행,건조,맑음,교차로 - 교차로안,화물,남,71세,경상,승용,남,32세,경상
2015073000100376,2015년 7월 30일 15시,목요일,충청북도 청주시 상당구 영운동,경상사고,0,0,1,0,차대사람 - 기타,안전운전불이행,건조,맑음,단일로 - 기타,승용,남,45세,상해없음,보행자,남,2세,경상
2015073000100415,2015년 7월 30일 16시,목요일,충청북도 청주시 서원구 사창동,경상사고,0,0,2,0,차대차 - 기타,안전운전불이행,건조,맑음,교차로 - 교차로부근,이륜,남,21세,경상,이륜,남,40세,경상
2015073000100416,2015년 7월 30일 16시,목요일,충청북도 음성군 소이면,중상사고,0,1,0,0,차대사람 - 기타,안전운전불이행,건조,맑음,단일로 - 기타,승용,남,32세,상해없음,보행자,남,8세,중상
2015073000100446,2015년 7월 30일 17시,목요일,충청북도 제천시 청풍면,경상사고,0,0,1,0,차대차 - 측면직각충돌,안전운전불이행,건조,맑음,교차로 - 교차로안,승용,남,56세,기타불명,승합,여,57세,경상
2015073000100492,2015년 7월 30일 18시,목요일,충청북도 청주시 청원구 율량동,경상사고,0,0,1,0,차대사람 - 기타,안전운전불이행,건조,맑음,단일로 - 기타,승용,남,51세,상해없음,보행자,남,43세,경상
2015073000100493,2015년 7월 30일 18시,목요일,충청북도 음성군 금왕읍,경상사고,0,0,1,0,차대차 - 측면직각충돌,교차로운행방법위반,건조,맑음,교차로 - 교차로안,승용,남,54세,상해없음,승용,여,35세,경상
2015073000100494,2015년 7월 30일 18시,목요일,충청북도 청주시 흥덕구 송정동,경상사고,0,0,1,0,차대차 - 기타,안전운전불이행,건조,맑음,교차로 - 교차로안,승용,남,42세,상해없음,승용,여,33세,경상
2015073000100569,2015년 7월 30일 20시,목요일,충청북도 음성군 감곡면,중상사고,0,1,0,0,차대차 - 측면직각충돌,안전운전불이행,건조,맑음,단일로 - 기타,승합,여,48세,상해없음,자전거,남,14세,중상
2015073000100570,2015년 7월 30일 20시,목요일,충청북도 진천군 덕산면,경상사고,0,0,1,0,차대차 - 측면직각충돌,안전운전불이행,건조,맑음,교차로 - 교차로안,승용,여,30세,상해없음,승용,남,44세,경상
2015073000100609,2015년 7월 30일 21시,목요일,충청북도 충주시 교현동,부상신고사고,0,0,0,1,차대차 - 측면직각충돌,안전운전불이행,건조,맑음,교차로 - 교차로부근,원동기,남,17세,부상신고,승용,남,54세,상해없음
2015073000100646,2015년 7월 30일 22시,목요일,충청북도 충주시 금릉동,중상사고,0,1,0,0,차대차 - 측면직각충돌,신호위반,건조,맑음,교차로 - 교차로안,화물,남,51세,상해없음,이륜,남,18세,중상
2015073100100013,2015년 7월 31일 00시,금요일,충청북도 증평군 증평읍,경상사고,0,0,1,1,차대차 - 추돌 - 주정차중,안전운전불이행,건조,맑음,교차로 - 교차로부근,승용,여,53세,부상신고,승용,남,32세,경상
2015073100100037,2015년 7월 31일 02시,금요일,충청북도 청주시 흥덕구 송정동,경상사고,0,0,1,0,차량단독 - 기타,안전운전불이행,건조,맑음,교차로 - 교차로부근,승용,남,30세,상해없음,,,,
2015073100100051,2015년 7월 31일 03시,금요일,충청북도 청주시 청원구 내덕동,경상사고,0,0,3,0,차대차 - 추돌 - 진행중,안전운전불이행,건조,맑음,교차로 - 교차로안,승용,남,48세,상해없음,승합,남,28세,경상
2015073100100072,2015년 7월 31일 05시,금요일,충청북도 청주시 청원구 오창읍,경상사고,0,0,1,0,차대차 - 기타,신호위반,건조,맑음,교차로 - 교차로안,승용,남,32세,경상,화물,남,55세,상해없음
2015073100100126,2015년 7월 31일 08시,금요일,충청북도 충주시 달천동,경상사고,0,0,4,0,차대차 - 기타,안전거리미확보,건조,맑음,단일로 - 기타,승용,남,27세,상해없음,승용,여,41세,경상
2015073100100127,2015년 7월 31일 08시,금요일,충청북도 진천군 이월면,경상사고,0,0,1,0,차대차 - 기타,안전거리미확보,건조,맑음,단일로 - 기타,화물,남,60세,상해없음,승용,남,30세,경상
2015073100100128,2015년 7월 31일 08시,금요일,충청북도 청주시 흥덕구 가경동,중상사고,0,1,0,0,차대사람 - 기타,안전운전불이행,건조,맑음,단일로 - 기타,승용,여,40세,상해없음,보행자,여,59세,중상
2015073100100151,2015년 7월 31일 09시,금요일,충청북도 충주시 성서동,경상사고,0,0,2,0,차대차 - 기타,신호위반,건조,맑음,교차로 - 교차로안,승합,남,74세,상해없음,승용,남,56세,경상
2015073100100209,2015년 7월 31일 11시,금요일,충청북도 청주시 흥덕구 송정동,경상사고,0,0,1,0,차대차 - 측면직각충돌,안전운전불이행,건조,맑음,교차로 - 교차로부근,화물,남,41세,기타불명,승용,남,59세,경상
2015073100100324,2015년 7월 31일 14시,금요일,충청북도 청주시 서원구 사창동,중상사고,0,1,0,0,차대차 - 측면직각충돌,안전운전불이행,건조,맑음,단일로 - 기타,승용,여,54세,상해없음,자전거,여,64세,중상
2015073100100325,2015년 7월 31일 14시,금요일,충청북도 충주시 연수동,중상사고,0,1,0,0,차대차 - 기타,안전운전불이행,건조,맑음,단일로 - 기타,승용,여,31세,상해없음,승용,여,65세,상해없음
2015073100100326,2015년 7월 31일 14시,금요일,충청북도 진천군 진천읍,경상사고,0,0,2,0,차대차 - 기타,안전거리미확보,건조,맑음,단일로 - 기타,승용,여,66세,경상,승용,남,57세,경상
2015073100100355,2015년 7월 31일 15시,금요일,충청북도 청주시 흥덕구 옥산면,경상사고,0,0,1,0,차대차 - 추돌 - 주정차중,안전운전불이행,건조,맑음,교차로 - 교차로부근,승용,남,48세,상해없음,승용,남,27세,경상
2015073100100398,2015년 7월 31일 16시,금요일,충청북도 진천군 덕산면,경상사고,0,0,1,0,차대차 - 측면직각충돌,직진우회전진행방해,건조,맑음,교차로 - 교차로안,승용,여,42세,경상,화물,남,62세,상해없음
2015073100100399,2015년 7월 31일 16시,금요일,충청북도 청주시 흥덕구 봉명동,경상사고,0,0,1,0,차대사람 - 기타,안전운전불이행,건조,맑음,교차로 - 교차로부근,승용,남,50세,상해없음,보행자,남,59세,경상
2015073100100440,2015년 7월 31일 17시,금요일,충청북도 청주시 청원구 율량동,중상사고,0,1,0,0,차대차 - 측면직각충돌,교차로운행방법위반,건조,맑음,교차로 - 교차로안,승용,여,27세,상해없음,이륜,남,16세,중상
2015073100100441,2015년 7월 31일 17시,금요일,충청북도 충주시 교현동,경상사고,0,0,3,0,차대차 - 기타,안전운전불이행,건조,맑음,단일로 - 기타,승합,남,33세,경상,승용,남,59세,경상
2015073100100442,2015년 7월 31일 17시,금요일,충청북도 단양군 영춘면,경상사고,0,0,3,0,차대차 - 측면직각충돌,중앙선침범,건조,맑음,단일로 - 기타,승용,여,60세,상해없음,승용,남,61세,경상
2015073100100443,2015년 7월 31일 17시,금요일,충청북도 청주시 흥덕구 봉명동,경상사고,0,0,1,0,차대사람 - 기타,안전운전불이행,건조,맑음,단일로 - 기타,승용,남,43세,상해없음,보행자,여,52세,경상
2015073100100444,2015년 7월 31일 17시,금요일,충청북도 청주시 서원구 모충동,경상사고,0,0,1,0,차대사람 - 기타,안전운전불이행,건조,맑음,단일로 - 기타,승용,남,64세,상해없음,보행자,남,24세,경상
2015073100100445,2015년 7월 31일 17시,금요일,충청북도 청주시 서원구 모충동,경상사고,0,0,1,0,차대차 - 측면직각충돌,안전운전불이행,건조,맑음,교차로 - 교차로안,승용,남,50세,상해없음,자전거,남,76세,경상
2015073100100494,2015년 7월 31일 18시,금요일,충청북도 충주시 문화동,경상사고,0,0,1,0,차대차 - 기타,안전운전불이행,건조,맑음,단일로 - 기타,승용,남,73세,상해없음,승용,여,37세,경상
2015073100100545,2015년 7월 31일 19시,금요일,충청북도 청주시 청원구 내덕동,경상사고,0,0,3,0,차대차 - 기타,안전운전불이행,건조,맑음,단일로 - 기타,승용,여,26세,경상,승용,남,52세,경상
2015073100100546,2015년 7월 31일 19시,금요일,충청북도 괴산군 청천면,경상사고,0,0,3,0,차대차 - 기타,안전운전불이행,건조,맑음,단일로 - 기타,기타불명,기타불명,기타불명,기타불명,화물,남,66세,경상
2015073100100547,2015년 7월 31일 19시,금요일,충청북도 청주시 흥덕구 복대동,경상사고,0,0,2,0,차대차 - 측면직각충돌,교차로운행방법위반,건조,맑음,교차로 - 교차로안,승용,남,18세,상해없음,승용,남,25세,경상
2015073100100548,2015년 7월 31일 19시,금요일,충청북도 보은군 마로면,중상사고,0,1,0,0,차대차 - 기타,기타,건조,맑음,단일로 - 기타,승용,남,26세,중상,화물,남,50세,상해없음
2015073100100586,2015년 7월 31일 20시,금요일,충청북도 충주시 교현동,경상사고,0,0,6,0,차대차 - 측면직각충돌,신호위반,건조,맑음,교차로 - 교차로안,승용,남,54세,상해없음,승용,남,41세,경상
2015073100100587,2015년 7월 31일 20시,금요일,충청북도 옥천군 옥천읍,경상사고,0,0,2,0,차대차 - 기타,안전운전불이행,건조,맑음,교차로 - 교차로부근,승용,남,44세,상해없음,원동기,남,75세,경상
2015073100100588,2015년 7월 31일 20시,금요일,충청북도 청주시 상당구 남문로1가동,중상사고,0,1,0,0,차대사람 - 기타,안전운전불이행,건조,맑음,단일로 - 기타,승용,남,54세,상해없음,보행자,남,56세,중상
2015073100100629,2015년 7월 31일 21시,금요일,충청북도 청주시 상당구 북문로1가동,중상사고,0,1,0,0,차대사람 - 기타,안전운전불이행,건조,맑음,단일로 - 기타,승용,남,61세,상해없음,보행자,여,20세,중상
2015073100100665,2015년 7월 31일 22시,금요일,충청북도 청주시 서원구 사창동,중상사고,0,1,0,0,차대차 - 기타,안전운전불이행,건조,맑음,교차로 - 교차로부근,승용,남,25세,상해없음,원동기,남,19세,중상
2015073100100666,2015년 7월 31일 22시,금요일,충청북도 청주시 흥덕구 복대동,경상사고,0,0,2,0,차대차 - 기타,중앙선침범,건조,맑음,단일로 - 기타,원동기,남,20세,경상,원동기,남,20세,경상
2015073100100704,2015년 7월 31일 23시,금요일,충청북도 진천군 진천읍,중상사고,0,1,0,0,차대차 - 측면직각충돌,안전운전불이행,건조,맑음,교차로 - 교차로안,화물,남,33세,상해없음,승용,남,43세,중상
2015073100100705,2015년 7월 31일 23시,금요일,충청북도 청주시 상당구 명암동,사망사고,1,0,0,0,차량단독 - 기타,안전운전불이행,건조,맑음,단일로 - 기타,승용,남,30세,사망,,,,
2015080100100024,2015년 8월 1일 01시,토요일,충청북도 보은군 수한면,경상사고,0,0,2,0,차대차 - 기타,안전운전불이행,건조,맑음,단일로 - 기타,승용,남,28세,상해없음,승용,남,26세,경상
2015080100100045,2015년 8월 1일 02시,토요일,충청북도 청주시 서원구 수곡동,중상사고,0,1,1,0,차대차 - 기타,신호위반,건조,맑음,교차로 - 교차로안,원동기,남,19세,경상,승합,남,54세,상해없음
2015080100100061,2015년 8월 1일 03시,토요일,충청북도 단양군 매포읍,사망사고,1,0,0,0,차량단독 - 공작물충돌,안전운전불이행,건조,맑음,단일로 - 기타,승용,여,47세,사망,,,,
2015080100100073,2015년 8월 1일 04시,토요일,충청북도 증평군 증평읍,경상사고,0,0,1,0,차대사람 - 기타,안전운전불이행,건조,맑음,단일로 - 기타,승용,남,41세,상해없음,보행자,남,35세,경상
2015080100100096,2015년 8월 1일 06시,토요일,충청북도 충주시 용두동,경상사고,0,0,1,1,차대차 - 기타,신호위반,건조,맑음,교차로 - 교차로안,승용,남,72세,부상신고,승용,여,20세,경상
2015080100100110,2015년 8월 1일 07시,토요일,충청북도 충주시 엄정면,부상신고사고,0,0,0,1,차량단독 - 기타,안전운전불이행,건조,맑음,단일로 - 기타,이륜,남,77세,부상신고,,,,
2015080100100133,2015년 8월 1일 08시,토요일,충청북도 청주시 청원구 율량동,중상사고,0,1,2,0,차대차 - 기타,중앙선침범,건조,맑음,교차로 - 교차로부근,승용,남,56세,중상,승용,여,38세,경상
2015080100100176,2015년 8월 1일 10시,토요일,충청북도 충주시 호암동,경상사고,0,0,4,0,차대차 - 기타,안전거리미확보,건조,맑음,단일로 - 기타,승용,남,39세,경상,화물,남,47세,경상
2015080100100247,2015년 8월 1일 12시,토요일,충청북도 충주시 목행동,중상사고,0,2,3,0,차대차 - 기타,안전운전불이행,건조,맑음,교차로 - 교차로안,건설기계,남,53세,상해없음,승용,남,41세,중상
2015080100100248,2015년 8월 1일 12시,토요일,충청북도 청주시 흥덕구 봉명동,경상사고,0,0,1,0,차대차 - 측면직각충돌,교차로운행방법위반,건조,맑음,교차로 - 교차로안,화물,남,46세,상해없음,승용,남,66세,경상
2015080100100290,2015년 8월 1일 13시,토요일,충청북도 증평군 증평읍,경상사고,0,0,1,0,차대차 - 기타,안전운전불이행,습기,비,단일로 - 기타,원동기,남,60세,경상,승용,남,47세,상해없음
2015080100100371,2015년 8월 1일 15시,토요일,충청북도 충주시 봉방동,중상사고,0,1,0,0,차대사람 - 기타,안전운전불이행,건조,맑음,단일로 - 기타,승용,남,49세,상해없음,보행자,여,46세,중상
2015080100100406,2015년 8월 1일 16시,토요일,충청북도 옥천군 안남면,경상사고,0,0,2,0,차대차 - 정면충돌,안전운전불이행,건조,맑음,단일로 - 기타,이륜,남,59세,경상,승용,남,56세,경상
2015080100100439,2015년 8월 1일 17시,토요일,충청북도 음성군 소이면,경상사고,0,0,1,0,차대차 - 측면직각충돌,기타,건조,맑음,교차로 - 교차로안,승용,남,48세,상해없음,승합,여,57세,경상
2015080100100473,2015년 8월 1일 18시,토요일,충청북도 청주시 흥덕구 강서동,경상사고,0,0,1,0,차대차 - 측면직각충돌,신호위반,건조,맑음,교차로 - 교차로안,승용,남,26세,상해없음,자전거,남,52세,경상
2015080100100541,2015년 8월 1일 20시,토요일,충청북도 충주시 칠금동,경상사고,0,0,3,0,차대차 - 추돌 - 주정차중,안전운전불이행,건조,맑음,교차로 - 교차로부근,화물,남,44세,상해없음,승용,여,46세,경상
2015080100100583,2015년 8월 1일 21시,토요일,충청북도 충주시 주덕읍,경상사고,0,0,1,0,차대차 - 기타,중앙선침범,건조,맑음,단일로 - 기타,승용,남,54세,상해없음,화물,남,53세,경상
2015080100100613,2015년 8월 1일 22시,토요일,충청북도 충주시 교현동,중상사고,0,1,0,0,차대차 - 측면직각충돌,안전운전불이행,건조,맑음,교차로 - 교차로안,원동기,남,17세,중상,승용,남,45세,상해없음
2015080200100012,2015년 8월 2일 00시,일요일,충청북도 청주시 서원구 현도면,중상사고,0,1,1,0,차량단독 - 공작물충돌,안전운전불이행,건조,맑음,단일로 - 기타,승용,남,35세,경상,,,,
2015080200100074,2015년 8월 2일 03시,일요일,충청북도 청주시 청원구 주성동,경상사고,0,0,1,0,차량단독 - 공작물충돌,안전운전불이행,건조,맑음,단일로 - 기타,승용,남,24세,경상,,,,
2015080200100088,2015년 8월 2일 04시,일요일,충청북도 충주시 교현동,중상사고,0,1,0,0,차대차 - 추돌 - 주정차중,안전운전불이행,건조,맑음,단일로 - 기타,승용,남,26세,상해없음,원동기,남,78세,중상
2015080200100112,2015년 8월 2일 06시,일요일,충청북도 충주시 연수동,경상사고,0,0,1,0,차대차 - 추돌 - 주정차중,안전운전불이행,건조,맑음,단일로 - 기타,승용,남,32세,상해없음,승용,남,67세,경상
2015080200100169,2015년 8월 2일 10시,일요일,충청북도 청주시 흥덕구 신봉동,경상사고,0,0,1,0,차대차 - 추돌 - 주정차중,안전운전불이행,건조,맑음,교차로 - 교차로부근,승용,여,49세,상해없음,승용,남,33세,경상
2015080200100188,2015년 8월 2일 11시,일요일,충청북도 제천시 청전동,경상사고,0,0,2,0,차대차 - 측면직각충돌,안전운전불이행,습기,비,교차로 - 교차로안,승용,여,36세,경상,승용,남,42세,경상
2015080200100242,2015년 8월 2일 13시,일요일,충청북도 단양군 적성면,경상사고,0,0,2,0,차대차 - 측면직각충돌,중앙선침범,습기,비,단일로 - 기타,화물,남,54세,상해없음,승용,남,35세,경상
2015080200100243,2015년 8월 2일 13시,일요일,충청북도 청주시 서원구 성화동,경상사고,0,0,2,0,차대차 - 추돌 - 주정차중,안전운전불이행,건조,맑음,교차로 - 교차로부근,승용,남,26세,상해없음,승용,여,43세,경상
2015080200100273,2015년 8월 2일 14시,일요일,충청북도 괴산군 칠성면,경상사고,0,0,2,0,차대차 - 측면직각충돌,안전운전불이행,습기,비,단일로 - 기타,승용,남,29세,상해없음,화물,남,42세,경상
2015080200100303,2015년 8월 2일 15시,일요일,충청북도 충주시 용산동,부상신고사고,0,0,0,1,차대차 - 기타,직진우회전진행방해,습기,비,교차로 - 교차로안,기타불명,기타불명,기타불명,기타불명,이륜,남,41세,부상신고
2015080200100304,2015년 8월 2일 15시,일요일,충청북도 괴산군 괴산읍,중상사고,0,2,0,0,차대차 - 측면직각충돌,직진우회전진행방해,건조,맑음,교차로 - 교차로안,건설기계,남,56세,상해없음,승용,남,35세,중상
2015080200100335,2015년 8월 2일 16시,일요일,충청북도 충주시 살미면,경상사고,0,0,2,0,차대차 - 기타,안전거리미확보,습기,비,교차로 - 교차로부근,승용,남,43세,상해없음,승용,여,39세,경상
2015080200100364,2015년 8월 2일 17시,일요일,충청북도 제천시 금성면,경상사고,0,0,1,0,차대차 - 추돌 - 진행중,안전거리미확보,건조,흐림,기타 - 기타,승용,남,31세,상해없음,승용,남,43세,경상
2015080200100419,2015년 8월 2일 19시,일요일,충청북도 충주시 연수동,경상사고,0,0,2,0,차대차 - 기타,안전운전불이행,건조,맑음,교차로 - 교차로부근,승용,남,40세,상해없음,승용,남,38세,경상
2015080200100420,2015년 8월 2일 19시,일요일,충청북도 증평군 증평읍,경상사고,0,0,2,0,차대차 - 기타,안전운전불이행,건조,맑음,교차로 - 교차로안,이륜,여,63세,경상,이륜,남,21세,경상
2015080200100421,2015년 8월 2일 19시,일요일,충청북도 진천군 진천읍,중상사고,0,2,2,0,차대차 - 기타,중앙선침범,습기,흐림,단일로 - 기타,화물,남,40세,상해없음,승용,남,46세,중상
2015080200100422,2015년 8월 2일 19시,일요일,충청북도 청주시 흥덕구 복대동,경상사고,0,0,3,0,차대차 - 측면직각충돌,안전운전불이행,건조,맑음,단일로 - 기타,승용,남,19세,상해없음,승용,남,29세,경상
2015080200100423,2015년 8월 2일 19시,일요일,충청북도 청주시 청원구 오창읍,경상사고,0,0,3,0,차대차 - 추돌 - 주정차중,안전운전불이행,건조,맑음,단일로 - 기타,승용,남,39세,상해없음,승용,남,49세,경상
2015080200100452,2015년 8월 2일 20시,일요일,충청북도 청주시 상당구 용정동,경상사고,0,0,1,0,차대차 - 기타,안전운전불이행,건조,맑음,단일로 - 기타,승용,남,30세,상해없음,이륜,남,33세,경상
2015080200100453,2015년 8월 2일 20시,일요일,충청북도 청주시 서원구 산남동,중상사고,0,1,0,0,차대차 - 기타,안전운전불이행,건조,맑음,단일로 - 기타,이륜,남,71세,중상,승용,남,24세,상해없음
2015080200100481,2015년 8월 2일 21시,일요일,충청북도 청주시 청원구 주성동,경상사고,0,0,3,0,차대차 - 추돌 - 진행중,안전운전불이행,건조,맑음,단일로 - 기타,승용,남,59세,상해없음,승용,남,63세,경상
2015080200100501,2015년 8월 2일 22시,일요일,충청북도 청주시 상당구 금천동,경상사고,0,0,1,0,차대차 - 기타,안전운전불이행,건조,맑음,교차로 - 교차로부근,승용,남,62세,상해없음,이륜,남,46세,경상
2015080300100052,2015년 8월 3일 05시,월요일,충청북도 청주시 흥덕구 옥산면,중상사고,0,1,3,0,차대차 - 정면충돌,신호위반,건조,맑음,교차로 - 교차로안,승용,남,35세,상해없음,승합,남,68세,경상
2015080300100065,2015년 8월 3일 06시,월요일,충청북도 충주시 칠금동,경상사고,0,0,1,0,차대차 - 기타,기타,건조,맑음,단일로 - 기타,승용,남,53세,상해없음,자전거,남,31세,경상
2015080300100066,2015년 8월 3일 06시,월요일,충청북도 제천시 고명동,중상사고,0,2,0,0,차대차 - 측면직각충돌,신호위반,건조,맑음,교차로 - 교차로안,승용,남,60세,기타불명,승용,남,47세,중상
2015080300100088,2015년 8월 3일 07시,월요일,충청북도 충주시 용두동,경상사고,0,0,1,0,차대차 - 기타,신호위반,건조,맑음,교차로 - 교차로안,이륜,남,22세,경상,화물,남,52세,상해없음
2015080300100089,2015년 8월 3일 07시,월요일,충청북도 단양군 매포읍,중상사고,0,1,0,0,차대차 - 측면직각충돌,직진우회전진행방해,건조,맑음,교차로 - 교차로안,승용,남,53세,상해없음,원동기,남,36세,중상
2015080300100132,2015년 8월 3일 09시,월요일,충청북도 청주시 청원구 우암동,경상사고,0,0,1,0,차대차 - 기타,안전운전불이행,건조,맑음,단일로 - 횡단보도상,승용,남,50세,상해없음,자전거,여,55세,경상
2015080300100163,2015년 8월 3일 10시,월요일,충청북도 충주시 교현동,경상사고,0,0,2,0,차대차 - 기타,교차로운행방법위반,건조,맑음,교차로 - 교차로안,승합,남,44세,상해없음,화물,남,45세,경상
2015080300100200,2015년 8월 3일 11시,월요일,충청북도 청주시 상당구 낭성면,중상사고,0,1,1,0,차대차 - 측면직각충돌,교차로운행방법위반,건조,맑음,교차로 - 교차로안,승용,남,30세,경상,화물,남,67세,중상
2015080300100227,2015년 8월 3일 12시,월요일,충청북도 제천시 고암동,경상사고,0,0,1,0,차대차 - 추돌 - 주정차중,안전운전불이행,건조,맑음,교차로 - 교차로부근,승용,여,51세,상해없음,승용,남,53세,경상
2015080300100272,2015년 8월 3일 13시,월요일,충청북도 청주시 청원구 내수읍,중상사고,0,1,1,0,차대차 - 기타,교차로운행방법위반,건조,맑음,교차로 - 교차로안,승용,여,56세,중상,승용,남,48세,경상
2015080300100318,2015년 8월 3일 14시,월요일,충청북도 제천시 덕산면,중상사고,0,1,0,0,차대차 - 측면직각충돌,중앙선침범,건조,맑음,기타 - 기타,화물,남,54세,상해없음,승용,남,19세,중상
2015080300100319,2015년 8월 3일 14시,월요일,충청북도 음성군 대소면,중상사고,0,2,0,0,차대차 - 측면직각충돌,교차로운행방법위반,건조,맑음,교차로 - 교차로안,승용,남,56세,상해없음,화물,남,74세,중상