사고번호,사고일시,요일,시군구,사고내용,사망자수,중상자수,경상자수,부상신고자수,사고유형,법규위반,노면상태,기상상태,도로형태,가해운전자 차종,가해운전자 성별,가해운전자 연령,가해운전자 상해정도,피해운전자 차종,피해운전자 성별,피해운전자 연령,피해운전자 상해정도
2015080700100397,2015년 8월 7일 16시,금요일,충청북도 충주시 연수동,중상사고,0,1,0,0,차대차 - 기타,안전운전불이행,건조,맑음,교차로 - 교차로안,화물,남,34세,상해없음,승용,여,49세,중상
2015080700100398,2015년 8월 7일 16시,금요일,충청북도 충주시 노은면,사망사고,1,0,0,0,차량단독 - 도로외이탈 - 기타,안전운전불이행,건조,맑음,단일로 - 기타,화물,남,55세,사망,,,,
2015080700100399,2015년 8월 7일 16시,금요일,충청북도 보은군 보은읍,경상사고,0,0,1,0,차대차 - 측면직각충돌,교차로운행방법위반,건조,맑음,교차로 - 교차로안,승용,남,47세,상해없음,승용,남,35세,상해없음
2015080700100434,2015년 8월 7일 17시,금요일,충청북도 제천시 두학동,중상사고,0,1,1,0,차대차 - 측면직각충돌,안전거리미확보,건조,맑음,단일로 - 기타,화물,남,63세,상해없음,승용,여,59세,중상
2015080700100435,2015년 8월 7일 17시,금요일,충청북도 청주시 서원구 산남동,경상사고,0,0,1,0,차대차 - 기타,안전운전불이행,건조,맑음,단일로 - 횡단보도상,승용,남,70세,상해없음,승용,여,28세,경상
2015080700100554,2015년 8월 7일 20시,금요일,충청북도 충주시 칠금동,경상사고,0,0,2,0,차대차 - 기타,안전운전불이행,건조,맑음,단일로 - 기타,화물,남,64세,상해없음,승용,남,39세,경상
2015080700100591,2015년 8월 7일 21시,금요일,충청북도 청주시 서원구 개신동,경상사고,0,0,3,0,차대차 - 추돌 - 주정차중,안전운전불이행,건조,맑음,단일로 - 기타,승용,여,29세,상해없음,승용,남,24세,경상
2015080700100628,2015년 8월 7일 22시,금요일,충청북도 진천군 진천읍,경상사고,0,0,1,0,차대차 - 추돌 - 진행중,안전운전불이행,건조,맑음,단일로 - 기타,원동기,남,18세,경상,승용,남,31세,상해없음
2015080700100654,2015년 8월 7일 23시,금요일,충청북도 충주시 칠금동,경상사고,0,0,1,0,차대차 - 추돌 - 진행중,교차로운행방법위반,건조,맑음,교차로 - 교차로안,원동기,남,46세,경상,승용,여,49세,상해없음
2015080700100655,2015년 8월 7일 23시,금요일,충청북도 청주시 흥덕구 복대동,경상사고,0,0,1,0,차대차 - 추돌 - 진행중,안전운전불이행,건조,맑음,교차로 - 교차로안,기타불명,기타불명,기타불명,기타불명,승용,남,40세,상해없음
2015080800100015,2015년 8월 8일 00시,토요일,충청북도 제천시 고암동,경상사고,0,0,1,0,차대차 - 측면직각충돌,안전운전불이행,건조,맑음,기타 - 기타,화물,남,54세,상해없음,화물,남,45세,경상
2015080800100133,2015년 8월 8일 07시,토요일,충청북도 충주시 교현동,경상사고,0,0,1,0,차대차 - 측면직각충돌,안전운전불이행,건조,맑음,단일로 - 기타,승용,남,72세,상해없음,승용,남,69세,상해없음
2015080800100158,2015년 8월 8일 08시,토요일,충청북도 청주시 청원구 율량동,경상사고,0,0,2,0,차대차 - 기타,안전운전불이행,건조,맑음,단일로 - 기타,승용,남,72세,경상,승용,남,34세,경상
2015080800100159,2015년 8월 8일 08시,토요일,충청북도 청주시 청원구 내덕동,경상사고,0,0,1,0,차대차 - 측면직각충돌,교차로운행방법위반,건조,맑음,교차로 - 교차로안,승용,여,55세,상해없음,승용,남,70세,경상
2015080800100185,2015년 8월 8일 09시,토요일,충청북도 제천시 교동,중상사고,0,1,0,0,차대사람 - 횡단중,안전운전불이행,건조,맑음,교차로 - 교차로안,승용,남,41세,상해없음,보행자,남,70세,중상
2015080800100186,2015년 8월 8일 09시,토요일,충청북도 괴산군 문광면,부상신고사고,0,0,0,1,차량단독 - 공작물충돌,안전운전불이행,건조,맑음,단일로 - 기타,화물,남,47세,부상신고,,,,
2015080800100187,2015년 8월 8일 09시,토요일,충청북도 보은군 보은읍,경상사고,0,0,2,0,차대차 - 측면직각충돌,안전운전불이행,건조,맑음,교차로 - 교차로부근,승용,남,67세,상해없음,자전거,남,12세,경상
2015080800100208,2015년 8월 8일 10시,토요일,충청북도 충주시 칠금동,경상사고,0,0,2,0,차대차 - 기타,안전거리미확보,건조,맑음,단일로 - 기타,승용,남,51세,상해없음,승용,여,47세,경상
2015080800100209,2015년 8월 8일 10시,토요일,충청북도 제천시 명동,중상사고,0,1,0,0,차대차 - 측면직각충돌,신호위반,건조,맑음,교차로 - 교차로안,승용,남,56세,상해없음,이륜,남,76세,중상
2015080800100210,2015년 8월 8일 10시,토요일,충청북도 청주시 상당구 용암동,경상사고,0,0,1,0,차대차 - 추돌 - 진행중,안전운전불이행,건조,맑음,단일로 - 기타,승용,여,55세,상해없음,승용,여,44세,경상
2015080800100243,2015년 8월 8일 11시,토요일,충청북도 청주시 청원구 율량동,중상사고,0,1,0,0,차대차 - 추돌 - 진행중,안전운전불이행,건조,맑음,교차로 - 교차로부근,승용,남,53세,상해없음,승용,남,50세,상해없음
2015080800100244,2015년 8월 8일 11시,토요일,충청북도 청주시 상당구 대성동,경상사고,0,0,1,0,차대차 - 측면직각충돌,중앙선침범,건조,맑음,단일로 - 기타,화물,남,35세,상해없음,이륜,여,55세,경상
2015080800100393,2015년 8월 8일 15시,토요일,충청북도 청주시 흥덕구 가경동,경상사고,0,0,1,0,차대차 - 측면직각충돌,안전운전불이행,건조,맑음,교차로 - 교차로안,승용,남,39세,상해없음,승용,여,18세,경상
2015080800100394,2015년 8월 8일 15시,토요일,충청북도 청주시 흥덕구 옥산면,경상사고,0,0,1,0,차대차 - 측면직각충돌,안전운전불이행,건조,맑음,교차로 - 교차로안,승용,남,35세,상해없음,이륜,남,34세,경상
2015080800100399,2015년 8월 8일 15시,토요일,충청북도 옥천군 청성면,중상사고,0,2,3,0,차대차 - 기타,안전운전불이행,습기,비,단일로 - 터널,승용,남,50세,중상,승용,남,49세,경상
2015080800100434,2015년 8월 8일 16시,토요일,충청북도 청주시 청원구 내덕동,경상사고,0,0,3,0,차대차 - 측면직각충돌,교차로운행방법위반,건조,맑음,교차로 - 교차로안,승용,여,21세,경상,화물,남,49세,경상
2015080800100435,2015년 8월 8일 16시,토요일,충청북도 증평군 증평읍,경상사고,0,0,1,0,차대차 - 측면직각충돌,교차로운행방법위반,건조,맑음,교차로 - 교차로안,승용,남,42세,상해없음,승용,남,59세,상해없음
2015080800100436,2015년 8월 8일 16시,토요일,충청북도 음성군 금왕읍,경상사고,0,0,3,0,차대차 - 측면직각충돌,안전운전불이행,건조,맑음,교차로 - 교차로부근,승용,남,49세,경상,승용,남,66세,경상
2015080800100437,2015년 8월 8일 16시,토요일,충청북도 청주시 흥덕구 신봉동,경상사고,0,0,3,0,차대차 - 측면직각충돌,안전거리미확보,건조,맑음,단일로 - 기타,건설기계,남,52세,상해없음,승용,남,35세,경상
2015080800100438,2015년 8월 8일 16시,토요일,충청북도 청주시 흥덕구 석곡동,중상사고,0,1,1,0,차대차 - 측면직각충돌,교차로운행방법위반,건조,맑음,교차로 - 교차로안,승용,남,59세,상해없음,승용,남,61세,경상
2015080800100439,2015년 8월 8일 16시,토요일,충청북도 청주시 상당구 방서동,경상사고,0,0,1,0,차대차 - 기타,중앙선침범,건조,맑음,단일로 - 기타,승용,남,53세,상해없음,자전거,남,54세,경상
2015080800100483,2015년 8월 8일 17시,토요일,충청북도 충주시 교현동,경상사고,0,0,2,0,차대차 - 기타,안전거리미확보,습기,비,단일로 - 기타,승용,남,54세,상해없음,화물,남,59세,상해없음
2015080800100484,2015년 8월 8일 17시,토요일,충청북도 단양군 단성면,경상사고,0,0,5,0,차대차 - 추돌 - 주정차중,안전운전불이행,습기,비,단일로 - 기타,승용,여,20세,상해없음,승용,남,32세,경상
2015080800100485,2015년 8월 8일 17시,토요일,충청북도 청주시 흥덕구 봉명동,경상사고,0,0,3,0,차대차 - 추돌 - 주정차중,안전운전불이행,건조,맑음,교차로 - 교차로부근,승합,남,52세,상해없음,승용,남,42세,기타불명
2015080800100529,2015년 8월 8일 18시,토요일,충청북도 충주시 문화동,중상사고,0,2,0,1,차대사람 - 기타,안전운전불이행,건조,맑음,단일로 - 기타,승용,남,59세,부상신고,보행자,남,56세,중상
2015080800100563,2015년 8월 8일 19시,토요일,충청북도 청주시 청원구 율량동,경상사고,0,0,1,0,차대사람 - 횡단중,신호위반,건조,맑음,교차로 - 교차로안,승용,여,64세,상해없음,보행자,남,66세,경상
2015080800100598,2015년 8월 8일 20시,토요일,충청북도 충주시 중앙탑면,부상신고사고,0,0,0,1,차대차 - 측면직각충돌,안전운전불이행,건조,흐림,교차로 - 교차로안,승용,남,55세,부상신고,승용,남,49세,상해없음
2015080800100599,2015년 8월 8일 20시,토요일,충청북도 음성군 금왕읍,경상사고,0,0,1,0,차대차 - 기타,교차로운행방법위반,건조,맑음,교차로 - 교차로안,화물,남,63세,상해없음,이륜,남,16세,상해없음
2015080800100600,2015년 8월 8일 20시,토요일,충청북도 청주시 상당구 남문로2가동,경상사고,0,0,1,0,차대사람 - 기타,안전운전불이행,건조,맑음,단일로 - 기타,화물,남,26세,상해없음,보행자,남,48세,경상
2015080800100601,2015년 8월 8일 20시,토요일,충청북도 청주시 상당구 낭성면,사망사고,1,0,0,0,차대사람 - 횡단중,안전운전불이행,건조,맑음,단일로 - 횡단보도상,화물,남,45세,상해없음,보행자,여,37세,사망
2015080800100628,2015년 8월 8일 21시,토요일,충청북도 제천시 고암동,중상사고,0,1,0,0,차대사람 - 횡단중,안전운전불이행,건조,맑음,단일로 - 기타,승용,남,49세,상해없음,보행자,여,51세,중상
2015080800100658,2015년 8월 8일 22시,토요일,충청북도 청주시 서원구 사직동,경상사고,0,0,1,0,차대차 - 기타,안전운전불이행,건조,맑음,교차로 - 교차로안,기타불명,기타불명,기타불명,기타불명,승용,남,36세,상해없음
2015080800100659,2015년 8월 8일 22시,토요일,충청북도 청주시 상당구 영운동,경상사고,0,0,1,0,차대차 - 기타,교차로운행방법위반,건조,맑음,교차로 - 교차로안,승용,남,28세,상해없음,자전거,남,53세,경상
2015080900100089,2015년 8월 9일 06시,일요일,충청북도 진천군 초평면,중상사고,0,1,0,0,차대차 - 기타,교차로운행방법위반,건조,맑음,단일로 - 기타,농기계,남,81세,중상,승용,남,42세,상해없음
2015080900100102,2015년 8월 9일 07시,일요일,충청북도 청주시 흥덕구 가경동,경상사고,0,0,1,0,차대사람 - 길가장자리구역통행중,안전운전불이행,건조,맑음,단일로 - 기타,기타불명,기타불명,기타불명,기타불명,보행자,남,56세,경상
2015080900100120,2015년 8월 9일 09시,일요일,충청북도 청주시 상당구 북문로1가동,경상사고,0,0,1,0,차대차 - 추돌 - 진행중,안전운전불이행,건조,맑음,교차로 - 교차로부근,승용,남,36세,상해없음,승용,남,42세,경상
2015080900100141,2015년 8월 9일 10시,일요일,충청북도 충주시 앙성면,경상사고,0,0,1,0,차대차 - 기타,기타,건조,맑음,교차로 - 교차로안,화물,남,60세,상해없음,화물,남,62세,경상
2015080900100142,2015년 8월 9일 10시,일요일,충청북도 충주시 문화동,중상사고,0,2,1,0,차대차 - 기타,직진우회전진행방해,건조,맑음,교차로 - 교차로안,승용,남,61세,상해없음,승용,남,56세,경상
2015080900100168,2015년 8월 9일 11시,일요일,충청북도 괴산군 청천면,중상사고,0,3,0,0,차대차 - 기타,중앙선침범,건조,맑음,단일로 - 기타,승용,남,37세,상해없음,승용,남,40세,중상
2015080900100169,2015년 8월 9일 11시,일요일,충청북도 청주시 상당구 미원면,중상사고,0,1,0,0,차대차 - 추돌 - 진행중,교차로운행방법위반,건조,맑음,교차로 - 교차로안,승용,남,39세,상해없음,원동기,남,54세,중상
2015080900100189,2015년 8월 9일 12시,일요일,충청북도 충주시 산척면,경상사고,0,0,1,0,차대차 - 기타,안전운전불이행,건조,맑음,기타 - 기타,화물,남,58세,상해없음,승용,남,42세,경상
2015080900100326,2015년 8월 9일 17시,일요일,충청북도 제천시 청전동,중상사고,0,1,0,0,차대차 - 측면직각충돌,안전운전불이행,건조,맑음,교차로 - 교차로안,승용,여,29세,상해없음,이륜,여,65세,중상
2015080900100390,2015년 8월 9일 19시,일요일,충청북도 청주시 상당구 북문로1가동,경상사고,0,0,1,0,차대차 - 추돌 - 진행중,기타,건조,맑음,교차로 - 교차로안,원동기,여,33세,경상,승용,남,39세,상해없음
2015080900100426,2015년 8월 9일 20시,일요일,충청북도 진천군 덕산면,경상사고,0,0,1,0,차대차 - 측면직각충돌,교차로운행방법위반,건조,맑음,교차로 - 교차로안,승용,여,45세,상해없음,승용,남,31세,경상
2015080900100427,2015년 8월 9일 20시,일요일,충청북도 청주시 흥덕구 가경동,경상사고,0,0,2,0,차대차 - 추돌 - 주정차중,안전운전불이행,건조,맑음,단일로 - 기타,승용,여,40세,상해없음,승용,여,43세,경상
2015080900100480,2015년 8월 9일 22시,일요일,충청북도 청주시 청원구 내수읍,경상사고,0,0,1,0,차대차 - 기타,안전운전불이행,건조,맑음,단일로 - 기타,기타불명,기타불명,기타불명,기타불명,자전거,남,19세,경상
2015081000100023,2015년 8월 10일 02시,월요일,충청북도 음성군 원남면,경상사고,0,0,1,0,차대차 - 추돌 - 주정차중,안전운전불이행,건조,맑음,단일로 - 기타,승용,남,47세,경상,승용,남,33세,상해없음
2015081000100051,2015년 8월 10일 05시,월요일,충청북도 청주시 흥덕구 가경동,경상사고,0,0,1,0,차대차 - 측면직각충돌,신호위반,건조,맑음,교차로 - 교차로안,승용,남,33세,상해없음,승용,남,50세,경상
2015081000100061,2015년 8월 10일 06시,월요일,충청북도 영동군 심천면,중상사고,0,2,1,0,차대차 - 기타,신호위반,건조,맑음,교차로 - 교차로안,승용,여,37세,경상,화물,남,61세,중상
2015081000100082,2015년 8월 10일 07시,월요일,충청북도 청주시 청원구 내수읍,경상사고,0,0,1,0,차대차 - 추돌 - 주정차중,안전운전불이행,건조,맑음,단일로 - 기타,승용,남,51세,상해없음,승용,남,48세,경상
2015081000100083,2015년 8월 10일 07시,월요일,충청북도 제천시 봉양읍,중상사고,0,1,1,0,차대차 - 정면충돌,직진우회전진행방해,건조,맑음,교차로 - 교차로안,승용,남,47세,경상,승용,남,24세,중상
2015081000100108,2015년 8월 10일 08시,월요일,충청북도 청주시 서원구 사창동,중상사고,0,1,0,0,차대사람 - 기타,안전운전불이행,건조,맑음,단일로 - 기타,승용,여,44세,상해없음,보행자,남,67세,중상
2015081000100109,2015년 8월 10일 08시,월요일,충청북도 청주시 청원구 오동동,경상사고,0,0,8,0,차대차 - 기타,안전운전불이행,건조,맑음,단일로 - 기타,승용,남,31세,경상,승합,여,42세,경상
2015081000100110,2015년 8월 10일 08시,월요일,충청북도 청주시 상당구 문화동,경상사고,0,0,1,0,차대차 - 기타,안전운전불이행,건조,맑음,단일로 - 기타,승용,남,39세,상해없음,승용,남,26세,경상
2015081000100138,2015년 8월 10일 09시,월요일,충청북도 청주시 상당구 북문로2가동,부상신고사고,0,0,0,1,차량단독 - 공작물충돌,안전운전불이행,건조,맑음,단일로 - 기타,이륜,여,73세,부상신고,,,,
2015081000100139,2015년 8월 10일 09시,월요일,충청북도 제천시 봉양읍,경상사고,0,0,1,0,차대차 - 측면직각충돌,직진우회전진행방해,건조,맑음,교차로 - 교차로안,승용,남,34세,상해없음,승용,여,40세,경상
2015081000100140,2015년 8월 10일 09시,월요일,충청북도 청주시 서원구 산남동,경상사고,0,0,3,0,차대차 - 기타,안전운전불이행,건조,맑음,단일로 - 기타,승용,여,43세,상해없음,승용,여,26세,경상
2015081000100202,2015년 8월 10일 11시,월요일,충청북도 청주시 상당구 용암동,중상사고,0,1,0,0,차대차 - 기타,안전운전불이행,건조,맑음,교차로 - 교차로안,승용,여,30세,상해없음,자전거,남,63세,중상
2015081000100237,2015년 8월 10일 12시,월요일,충청북도 청주시 청원구 내덕동,경상사고,0,0,5,0,차대차 - 추돌 - 주정차중,안전운전불이행,건조,맑음,단일로 - 기타,승용,남,37세,상해없음,화물,남,27세,경상
2015081000100282,2015년 8월 10일 13시,월요일,충청북도 영동군 영동읍,부상신고사고,0,0,0,1,차대차 - 측면직각충돌,신호위반,건조,맑음,교차로 - 교차로안,자전거,여,57세,부상신고,승용,여,48세,상해없음
2015081000100324,2015년 8월 10일 14시,월요일,충청북도 청주시 서원구 현도면,경상사고,0,0,1,0,차대차 - 측면직각충돌,안전운전불이행,건조,맑음,교차로 - 교차로안,승용,남,50세,경상,건설기계,남,54세,상해없음
2015081000100364,2015년 8월 10일 15시,월요일,충청북도 충주시 앙성면,경상사고,0,0,1,0,차대사람 - 기타,안전운전불이행,건조,맑음,단일로 - 기타,승용,여,32세,상해없음,보행자,남,6세,경상
2015081000100448,2015년 8월 10일 17시,월요일,충청북도 청주시 흥덕구 복대동,경상사고,0,0,1,0,차대차 - 추돌 - 주정차중,안전운전불이행,건조,맑음,단일로 - 기타,승용,남,44세,상해없음,승용,남,32세,경상
2015081000100533,2015년 8월 10일 19시,월요일,충청북도 충주시 교현동,경상사고,0,0,1,0,차대차 - 측면직각충돌,안전거리미확보,건조,맑음,단일로 - 기타,원동기,남,19세,경상,화물,남,50세,상해없음
2015081000100573,2015년 8월 10일 20시,월요일,충청북도 청주시 서원구 모충동,경상사고,0,0,1,0,차대차 - 정면충돌,안전운전불이행,건조,맑음,교차로 - 교차로안,승합,남,56세,상해없음,이륜,남,25세,경상
2015081000100597,2015년 8월 10일 21시,월요일,충청북도 청주시 흥덕구 비하동,경상사고,0,0,2,0,차대차 - 추돌 - 주정차중,안전운전불이행,건조,맑음,교차로 - 교차로부근,승용,남,51세,상해없음,승용,남,29세,경상
2015081000100662,2015년 8월 10일 23시,월요일,충청북도 음성군 금왕읍,중상사고,0,1,1,0,차대차 - 기타,중앙선침범,건조,맑음,단일로 - 기타,승용,남,35세,경상,승용,여,49세,중상
2015081100100015,2015년 8월 11일 00시,화요일,충청북도 청주시 서원구 사직동,경상사고,0,0,2,0,차대차 - 측면직각충돌,중앙선침범,건조,맑음,교차로 - 교차로부근,승용,남,31세,상해없음,승용,남,27세,경상
2015081100100030,2015년 8월 11일 01시,화요일,충청북도 청주시 흥덕구 봉명동,경상사고,0,0,1,0,차대차 - 측면직각충돌,안전거리미확보,건조,맑음,단일로 - 기타,승용,남,42세,상해없음,원동기,남,26세,경상
2015081100100061,2015년 8월 11일 05시,화요일,충청북도 증평군 증평읍,경상사고,0,0,1,0,차대차 - 기타,교차로운행방법위반,건조,맑음,교차로 - 교차로안,승용,여,61세,상해없음,이륜,여,45세,경상
2015081100100062,2015년 8월 11일 05시,화요일,충청북도 청주시 흥덕구 오송읍,경상사고,0,0,2,0,차량단독 - 도로외이탈 - 추락,안전운전불이행,건조,맑음,단일로 - 기타,승용,남,24세,경상,,,,
2015081100100074,2015년 8월 11일 06시,화요일,충청북도 청주시 청원구 북이면,중상사고,0,1,0,0,차량단독 - 전도전복,안전운전불이행,건조,맑음,단일로 - 기타,원동기,남,18세,중상,,,,
2015081100100151,2015년 8월 11일 09시,화요일,충청북도 청주시 서원구 사직동,경상사고,0,0,1,0,차대차 - 기타,안전운전불이행,건조,맑음,교차로 - 교차로부근,승용,여,61세,상해없음,화물,남,48세,경상
2015081100100152,2015년 8월 11일 09시,화요일,충청북도 충주시 달천동,경상사고,0,0,1,0,차대차 - 추돌 - 진행중,안전거리미확보,건조,맑음,단일로 - 기타,승합,남,51세,상해없음,승용,여,62세,경상
2015081100100153,2015년 8월 11일 09시,화요일,충청북도 진천군 진천읍,경상사고,0,0,1,0,차대차 - 기타,안전운전불이행,건조,맑음,단일로 - 기타,승용,남,25세,상해없음,승용,남,29세,경상
2015081100100214,2015년 8월 11일 11시,화요일,충청북도 제천시 고암동,중상사고,0,2,0,0,차대차 - 측면직각충돌,안전거리미확보,건조,맑음,단일로 - 기타,승용,남,61세,기타불명,화물,남,28세,중상
2015081100100215,2015년 8월 11일 11시,화요일,충청북도 괴산군 칠성면,경상사고,0,0,1,0,차대차 - 추돌 - 주정차중,안전운전불이행,건조,흐림,단일로 - 기타,승용,여,49세,상해없음,승용,여,55세,경상
2015081100100216,2015년 8월 11일 11시,화요일,충청북도 보은군 탄부면,중상사고,0,1,0,0,차대차 - 측면직각충돌,안전운전불이행,건조,맑음,단일로 - 기타,화물,남,55세,상해없음,원동기,여,63세,중상
2015081100100249,2015년 8월 11일 12시,화요일,충청북도 충주시 교현동,중상사고,0,1,0,0,차대사람 - 기타,안전운전불이행,건조,맑음,교차로 - 교차로부근,화물,남,75세,상해없음,보행자,여,78세,중상
2015081100100322,2015년 8월 11일 14시,화요일,충청북도 단양군 단양읍,중상사고,0,1,1,0,차대차 - 추돌 - 주정차중,안전운전불이행,건조,맑음,교차로 - 교차로부근,승용,여,41세,상해없음,승용,여,65세,중상
2015081100100323,2015년 8월 11일 14시,화요일,충청북도 청주시 서원구 성화동,경상사고,0,0,1,0,차대사람 - 횡단중,안전운전불이행,건조,맑음,단일로 - 기타,승용,여,50세,상해없음,보행자,남,8세,경상
2015081100100365,2015년 8월 11일 15시,화요일,충청북도 충주시 호암동,경상사고,0,0,2,0,차대차 - 추돌 - 진행중,안전거리미확보,건조,맑음,단일로 - 기타,승용,남,23세,상해없음,승용,남,44세,경상
2015081100100366,2015년 8월 11일 15시,화요일,충청북도 청주시 상당구 남주동,부상신고사고,0,0,0,1,차대차 - 기타,신호위반,건조,맑음,교차로 - 교차로안,이륜,남,76세,부상신고,승용,남,59세,상해없음
2015081100100478,2015년 8월 11일 18시,화요일,충청북도 충주시 단월동,경상사고,0,0,1,0,차대차 - 기타,안전운전불이행,건조,맑음,교차로 - 교차로안,승합,남,47세,상해없음,승용,남,20세,경상
2015081100100567,2015년 8월 11일 20시,화요일,충청북도 청주시 서원구 남이면,경상사고,0,0,1,0,차대차 - 측면직각충돌,안전운전불이행,건조,맑음,단일로 - 기타,승용,남,50세,상해없음,승용,남,47세,경상
2015081100100618,2015년 8월 11일 21시,화요일,충청북도 제천시 금성면,중상사고,0,1,0,0,차량단독 - 기타,안전운전불이행,건조,맑음,단일로 - 기타,승용,남,57세,상해없음,,,,
2015081100100619,2015년 8월 11일 21시,화요일,충청북도 진천군 진천읍,경상사고,0,0,1,0,차대차 - 추돌 - 주정차중,안전운전불이행,건조,맑음,교차로 - 교차로부근,승용,여,53세,상해없음,승용,남,58세,경상
2015081100100620,2015년 8월 11일 21시,화요일,충청북도 청주시 서원구 산남동,중상사고,0,1,0,0,차대사람 - 기타,안전운전불이행,건조,맑음,단일로 - 기타,이륜,남,58세,상해없음,보행자,여,62세,중상
2015081100100697,2015년 8월 11일 23시,화요일,충청북도 청주시 청원구 사천동,경상사고,0,0,1,0,차대차 - 측면직각충돌,교차로운행방법위반,건조,맑음,교차로 - 교차로안,승용,남,22세,상해없음,승용,남,40세,경상
2015081100100698,2015년 8월 11일 23시,화요일,충청북도 청주시 흥덕구 복대동,경상사고,0,0,1,0,차대차 - 기타,중앙선침범,건조,맑음,단일로 - 기타,승용,남,25세,상해없음,자전거,남,22세,경상
2015081200100011,2015년 8월 12일 00시,수요일,충청북도 청주시 흥덕구 봉명동,경상사고,0,0,1,0,차대사람 - 횡단중,안전운전불이행,건조,맑음,교차로 - 교차로부근,승용,남,22세,상해없음,보행자,남,21세,경상
2015081200100025,2015년 8월 12일 01시,수요일,충청북도 청주시 흥덕구 봉명동,중상사고,0,1,0,0,차대사람 - 횡단중,보행자보호의무위반,건조,맑음,교차로 - 교차로부근,승용,남,31세,상해없음,보행자,남,22세,중상
2015081200100048,2015년 8월 12일 03시,수요일,충청북도 음성군 소이면,경상사고,0,0,2,0,차대차 - 기타,안전운전불이행,습기,맑음,단일로 - 기타,특수,남,31세,경상,화물,남,49세,경상
2015081200100066,2015년 8월 12일 05시,수요일,충청북도 충주시 연수동,경상사고,0,0,1,1,차대차 - 기타,안전운전불이행,건조,맑음,교차로 - 교차로부근,승용,남,67세,부상신고,승용,남,68세,경상
2015081200100067,2015년 8월 12일 05시,수요일,충청북도 청주시 흥덕구 복대동,중상사고,0,1,0,0,차대사람 - 기타,안전운전불이행,건조,맑음,기타 - 기타,승용,남,48세,상해없음,보행자,남,81세,중상
2015081200100080,2015년 8월 12일 06시,수요일,충청북도 청주시 흥덕구 송정동,경상사고,0,0,2,0,차대차 - 측면직각충돌,안전운전불이행,건조,맑음,교차로 - 교차로안,승용,여,22세,경상,승용,남,36세,경상
2015081200100093,2015년 8월 12일 07시,수요일,충청북도 충주시 중앙탑면,중상사고,0,1,0,0,차대차 - 기타,안전운전불이행,건조,맑음,교차로 - 교차로부근,승용,남,31세,상해없음,승용,남,28세,중상
2015081200100121,2015년 8월 12일 08시,수요일,충청북도 청주시 서원구 사창동,중상사고,0,1,0,0,차량단독 - 기타,안전운전불이행,건조,맑음,단일로 - 기타,승합,남,53세,상해없음,,,,
2015081200100123,2015년 8월 12일 08시,수요일,충청북도 청주시 상당구 용암동,경상사고,0,0,2,0,차대차 - 기타,교차로운행방법위반,건조,맑음,교차로 - 교차로안,승용,남,69세,상해없음,승용,여,28세,경상
2015081200100183,2015년 8월 12일 10시,수요일,충청북도 음성군 금왕읍,경상사고,0,0,1,0,차대차 - 기타,안전운전불이행,건조,맑음,단일로 - 기타,승용,남,55세,경상,화물,남,45세,상해없음
2015081200100184,2015년 8월 12일 10시,수요일,충청북도 옥천군 옥천읍,중상사고,0,1,0,0,차대차 - 추돌 - 진행중,안전거리미확보,습기,비,교차로 - 교차로안,화물,남,41세,상해없음,화물,여,64세,중상
2015081200100185,2015년 8월 12일 10시,수요일,충청북도 청주시 서원구 산남동,중상사고,0,1,0,0,차대사람 - 횡단중,보행자보호의무위반,건조,맑음,교차로 - 교차로안,승용,여,43세,상해없음,보행자,여,67세,중상
2015081200100215,2015년 8월 12일 11시,수요일,충청북도 제천시 신월동,경상사고,0,0,1,0,차대차 - 측면직각충돌,안전거리미확보,건조,맑음,단일로 - 기타,승용,여,52세,상해없음,승용,여,38세,경상
2015081200100248,2015년 8월 12일 12시,수요일,충청북도 청주시 청원구 오창읍,경상사고,0,0,4,0,차대차 - 기타,안전운전불이행,건조,맑음,교차로 - 교차로부근,승용,남,62세,상해없음,승용,남,49세,경상
2015081200100249,2015년 8월 12일 12시,수요일,충청북도 청주시 흥덕구 비하동,중상사고,0,2,2,0,차대차 - 추돌 - 주정차중,안전운전불이행,건조,맑음,단일로 - 기타,화물,남,56세,상해없음,승용,여,54세,중상
2015081200100285,2015년 8월 12일 13시,수요일,충청북도 괴산군 불정면,경상사고,0,0,2,0,차대사람 - 길가장자리구역통행중,안전운전불이행,건조,맑음,단일로 - 기타,승용,남,51세,상해없음,보행자,남,61세,경상
2015081200100286,2015년 8월 12일 13시,수요일,충청북도 청주시 상당구 용담동,중상사고,0,1,0,0,차대사람 - 기타,안전운전불이행,건조,맑음,단일로 - 기타,승용,남,44세,상해없음,보행자,남,7세,중상
2015081200100353,2015년 8월 12일 15시,수요일,충청북도 충주시 앙성면,경상사고,0,0,2,0,차대차 - 기타,안전운전불이행,건조,맑음,단일로 - 기타,화물,남,48세,상해없음,승합,여,33세,경상
2015081200100354,2015년 8월 12일 15시,수요일,충청북도 청주시 흥덕구 복대동,경상사고,0,0,2,0,차대차 - 추돌 - 주정차중,안전운전불이행,건조,맑음,교차로 - 교차로부근,화물,남,32세,상해없음,승합,남,34세,경상