사고번호,사고일시,요일,시군구,사고내용,사망자수,중상자수,경상자수,부상신고자수,사고유형,법규위반,노면상태,기상상태,도로형태,가해운전자 차종,가해운전자 성별,가해운전자 연령,가해운전자 상해정도,피해운전자 차종,피해운전자 성별,피해운전자 연령,피해운전자 상해정도
2015081200100390,2015년 8월 12일 16시,수요일,충청북도 옥천군 옥천읍,중상사고,0,1,1,0,차대차 - 기타,교차로운행방법위반,건조,맑음,교차로 - 교차로안,승용,여,29세,상해없음,원동기,남,74세,중상
2015081200100391,2015년 8월 12일 16시,수요일,충청북도 청주시 흥덕구 봉명동,중상사고,0,1,0,0,차대차 - 측면직각충돌,직진우회전진행방해,건조,맑음,교차로 - 교차로안,승용,남,50세,상해없음,원동기,남,46세,중상
2015081200100392,2015년 8월 12일 16시,수요일,충청북도 청주시 상당구 가덕면,중상사고,0,1,0,0,차대차 - 측면직각충돌,안전운전불이행,건조,맑음,단일로 - 기타,원동기,남,63세,중상,승용,남,63세,상해없음
2015081200100433,2015년 8월 12일 17시,수요일,충청북도 청주시 흥덕구 비하동,경상사고,0,0,1,0,차대차 - 정면충돌,차로위반,건조,맑음,교차로 - 교차로부근,화물,남,38세,상해없음,승합,남,42세,경상
2015081200100469,2015년 8월 12일 18시,수요일,충청북도 음성군 대소면,경상사고,0,0,1,0,차대차 - 기타,안전거리미확보,건조,맑음,단일로 - 기타,원동기,남,55세,경상,승용,남,29세,상해없음
2015081200100555,2015년 8월 12일 20시,수요일,충청북도 충주시 연수동,중상사고,0,1,0,0,차대차 - 기타,안전운전불이행,건조,맑음,단일로 - 기타,승용,남,27세,상해없음,자전거,남,12세,중상
2015081200100651,2015년 8월 12일 23시,수요일,충청북도 충주시 살미면,중상사고,0,1,0,1,차대차 - 기타,안전운전불이행,건조,맑음,단일로 - 기타,화물,남,34세,부상신고,화물,남,35세,중상
2015081300100104,2015년 8월 13일 07시,목요일,충청북도 제천시 백운면,경상사고,0,0,1,0,차대차 - 측면직각충돌,직진우회전진행방해,건조,맑음,교차로 - 교차로안,승용,남,36세,상해없음,화물,남,49세,경상
2015081300100197,2015년 8월 13일 10시,목요일,충청북도 청주시 흥덕구 봉명동,중상사고,0,1,0,0,차대차 - 추돌 - 진행중,안전거리미확보,건조,맑음,단일로 - 기타,승용,남,28세,상해없음,승용,여,55세,중상
2015081300100198,2015년 8월 13일 10시,목요일,충청북도 청주시 흥덕구 봉명동,경상사고,0,0,2,0,차대차 - 기타,안전운전불이행,건조,맑음,단일로 - 기타,화물,남,31세,상해없음,승용,여,37세,경상
2015081300100364,2015년 8월 13일 15시,목요일,충청북도 진천군 광혜원면,경상사고,0,0,1,0,차대사람 - 길가장자리구역통행중,안전운전불이행,건조,맑음,단일로 - 기타,승합,남,41세,기타불명,보행자,남,48세,경상
2015081300100365,2015년 8월 13일 15시,목요일,충청북도 청주시 흥덕구 가경동,경상사고,0,0,1,0,차대차 - 추돌 - 주정차중,안전운전불이행,건조,맑음,단일로 - 기타,승용,남,59세,상해없음,승용,남,63세,경상
2015081300100400,2015년 8월 13일 16시,목요일,충청북도 증평군 증평읍,경상사고,0,0,2,0,차대차 - 기타,안전운전불이행,건조,맑음,단일로 - 기타,승용,남,60세,상해없음,승용,남,34세,상해없음
2015081300100436,2015년 8월 13일 17시,목요일,충청북도 청주시 청원구 오창읍,경상사고,0,0,3,0,차대차 - 정면충돌,중앙선침범,건조,맑음,교차로 - 교차로부근,승용,남,30세,상해없음,승용,남,57세,경상
2015081300100486,2015년 8월 13일 18시,목요일,충청북도 청주시 서원구 사창동,중상사고,0,1,0,0,차대차 - 추돌 - 주정차중,안전운전불이행,건조,맑음,단일로 - 횡단보도부근,승용,남,43세,상해없음,승용,남,48세,중상
2015081300100487,2015년 8월 13일 18시,목요일,충청북도 청주시 흥덕구 복대동,경상사고,0,0,1,0,차대차 - 기타,안전운전불이행,건조,맑음,단일로 - 기타,승합,남,49세,상해없음,승용,남,50세,상해없음
2015081300100533,2015년 8월 13일 19시,목요일,충청북도 청주시 서원구 사창동,경상사고,0,0,1,0,차대차 - 측면직각충돌,안전운전불이행,건조,맑음,교차로 - 교차로부근,승용,남,71세,상해없음,승용,여,27세,경상
2015081300100534,2015년 8월 13일 19시,목요일,충청북도 충주시 연수동,부상신고사고,0,0,0,1,차대차 - 추돌 - 진행중,안전운전불이행,건조,맑음,교차로 - 교차로부근,이륜,남,40세,부상신고,승용,남,41세,상해없음
2015081300100535,2015년 8월 13일 19시,목요일,충청북도 청주시 흥덕구 복대동,경상사고,0,0,3,0,차대차 - 측면직각충돌,안전운전불이행,건조,맑음,단일로 - 기타,승용,남,28세,상해없음,승용,남,29세,경상
2015081300100536,2015년 8월 13일 19시,목요일,충청북도 청주시 상당구 금천동,경상사고,0,0,1,0,차대차 - 측면직각충돌,안전운전불이행,건조,맑음,교차로 - 교차로안,승용,남,60세,상해없음,이륜,남,19세,경상
2015081300100578,2015년 8월 13일 20시,목요일,충청북도 청주시 서원구 사창동,경상사고,0,0,1,0,차대차 - 기타,안전운전불이행,건조,맑음,교차로 - 교차로안,승용,남,27세,상해없음,승합,남,54세,상해없음
2015081300100580,2015년 8월 13일 20시,목요일,충청북도 청주시 흥덕구 운천동,경상사고,0,0,1,0,차대사람 - 길가장자리구역통행중,불법유턴,건조,맑음,단일로 - 기타,승합,남,60세,상해없음,보행자,여,17세,경상
2015081300100581,2015년 8월 13일 20시,목요일,충청북도 청주시 흥덕구 복대동,중상사고,0,1,0,0,차대차 - 측면직각충돌,안전운전불이행,건조,맑음,교차로 - 교차로안,승용,남,60세,상해없음,승용,남,60세,상해없음
2015081300100582,2015년 8월 13일 20시,목요일,충청북도 청주시 흥덕구 가경동,경상사고,0,0,1,0,차대차 - 추돌 - 진행중,안전운전불이행,건조,맑음,단일로 - 기타,이륜,남,17세,경상,승용,남,54세,상해없음
2015081300100624,2015년 8월 13일 21시,목요일,충청북도 청주시 서원구 사직동,경상사고,0,0,1,0,차대차 - 기타,안전운전불이행,건조,맑음,교차로 - 교차로부근,이륜,남,59세,경상,승용,여,45세,상해없음
2015081300100689,2015년 8월 13일 23시,목요일,충청북도 청주시 상당구 용암동,중상사고,0,1,0,0,차대사람 - 기타,안전운전불이행,건조,맑음,단일로 - 기타,승용,여,33세,상해없음,보행자,남,67세,중상
2015081400100019,2015년 8월 14일 00시,금요일,충청북도 청주시 흥덕구 가경동,중상사고,0,1,1,0,차대차 - 추돌 - 진행중,안전운전불이행,건조,맑음,교차로 - 교차로부근,승용,남,24세,상해없음,승용,남,51세,경상
2015081400100037,2015년 8월 14일 01시,금요일,충청북도 진천군 광혜원면,경상사고,0,0,2,0,차대차 - 추돌 - 진행중,안전운전불이행,건조,맑음,단일로 - 기타,승용,남,44세,상해없음,승용,남,30세,경상
2015081400100038,2015년 8월 14일 01시,금요일,충청북도 청주시 흥덕구 복대동,중상사고,0,1,1,0,차대차 - 정면충돌,중앙선침범,건조,맑음,교차로 - 교차로부근,승용,남,60세,상해없음,승용,남,55세,중상
2015081400100073,2015년 8월 14일 03시,금요일,충청북도 청주시 상당구 용암동,경상사고,0,0,1,0,차량단독 - 기타,안전운전불이행,건조,맑음,교차로 - 교차로안,승용,남,37세,상해없음,,,,
2015081400100109,2015년 8월 14일 06시,금요일,충청북도 청주시 청원구 우암동,중상사고,0,1,0,0,차대차 - 기타,안전운전불이행,건조,맑음,단일로 - 기타,이륜,남,66세,중상,승용,남,53세,상해없음
2015081400100124,2015년 8월 14일 07시,금요일,충청북도 청주시 흥덕구 가경동,경상사고,0,0,3,0,차대차 - 측면직각충돌,신호위반,건조,맑음,교차로 - 교차로안,승용,여,28세,상해없음,승용,남,71세,경상
2015081400100147,2015년 8월 14일 08시,금요일,충청북도 충주시 문화동,경상사고,0,0,1,0,차대차 - 기타,안전운전불이행,건조,맑음,교차로 - 교차로부근,건설기계,남,51세,상해없음,승용,여,29세,경상
2015081400100171,2015년 8월 14일 09시,금요일,충청북도 제천시 봉양읍,중상사고,0,2,1,0,차대차 - 측면직각충돌,안전운전불이행,건조,맑음,교차로 - 교차로안,승용,남,37세,상해없음,승용,남,62세,중상
2015081400100172,2015년 8월 14일 09시,금요일,충청북도 제천시 하소동,경상사고,0,0,3,0,차대차 - 측면직각충돌,안전거리미확보,건조,맑음,교차로 - 교차로안,화물,남,69세,상해없음,승용,여,50세,경상
2015081400100173,2015년 8월 14일 09시,금요일,충청북도 진천군 진천읍,중상사고,0,1,0,0,차량단독 - 도로외이탈 - 추락,안전운전불이행,건조,맑음,기타 - 기타,자전거,남,86세,중상,,,,
2015081400100174,2015년 8월 14일 09시,금요일,충청북도 청주시 상당구 용암동,경상사고,0,0,1,0,차대사람 - 기타,안전운전불이행,건조,맑음,단일로 - 기타,승용,여,55세,상해없음,보행자,남,79세,경상
2015081400100204,2015년 8월 14일 10시,금요일,충청북도 충주시 교현동,중상사고,0,1,1,0,차대차 - 기타,안전운전불이행,건조,맑음,교차로 - 교차로안,승용,남,53세,상해없음,승용,여,38세,경상
2015081400100275,2015년 8월 14일 12시,금요일,충청북도 충주시 산척면,부상신고사고,0,0,0,1,차대차 - 기타,직진우회전진행방해,건조,맑음,교차로 - 교차로안,이륜,남,59세,부상신고,승용,남,62세,상해없음
2015081400100313,2015년 8월 14일 13시,금요일,충청북도 청주시 흥덕구 강내면,사망사고,1,1,3,0,차대차 - 추돌 - 진행중,안전거리미확보,건조,맑음,단일로 - 기타,승합,남,69세,사망,화물,남,44세,경상
2015081400100355,2015년 8월 14일 14시,금요일,충청북도 충주시 금릉동,경상사고,0,0,1,0,차대차 - 기타,신호위반,건조,맑음,교차로 - 교차로부근,승용,남,79세,상해없음,승용,남,44세,경상
2015081400100435,2015년 8월 14일 16시,금요일,충청북도 충주시 교현동,경상사고,0,0,1,0,차대차 - 기타,안전운전불이행,건조,맑음,교차로 - 교차로부근,승용,남,56세,상해없음,승용,남,39세,경상
2015081400100436,2015년 8월 14일 16시,금요일,충청북도 제천시 영천동,경상사고,0,0,1,0,차대차 - 추돌 - 진행중,안전거리미확보,건조,맑음,단일로 - 기타,승용,남,38세,상해없음,승용,남,33세,경상
2015081400100472,2015년 8월 14일 17시,금요일,충청북도 음성군 삼성면,경상사고,0,0,3,0,차대차 - 측면직각충돌,중앙선침범,건조,맑음,단일로 - 기타,승용,여,51세,경상,승용,남,40세,경상
2015081400100512,2015년 8월 14일 18시,금요일,충청북도 괴산군 칠성면,중상사고,0,2,0,1,차대차 - 정면충돌,중앙선침범,건조,맑음,단일로 - 기타,승용,남,67세,부상신고,화물,남,60세,중상
2015081400100513,2015년 8월 14일 18시,금요일,충청북도 진천군 이월면,경상사고,0,0,1,0,차대차 - 측면직각충돌,교차로운행방법위반,건조,맑음,교차로 - 교차로안,승용,여,52세,상해없음,이륜,남,53세,경상
2015081400100549,2015년 8월 14일 19시,금요일,충청북도 청주시 흥덕구 가경동,경상사고,0,0,5,0,차대차 - 측면직각충돌,교차로운행방법위반,건조,맑음,교차로 - 교차로안,승용,남,76세,상해없음,승용,여,36세,경상
2015081400100550,2015년 8월 14일 19시,금요일,충청북도 청주시 상당구 석교동,경상사고,0,0,1,0,차대차 - 기타,안전운전불이행,건조,맑음,교차로 - 교차로부근,승용,남,31세,상해없음,자전거,남,56세,경상
2015081400100585,2015년 8월 14일 20시,금요일,충청북도 청주시 청원구 내수읍,중상사고,0,1,0,0,차대사람 - 기타,안전운전불이행,건조,맑음,단일로 - 기타,승용,남,26세,상해없음,보행자,남,49세,중상
2015081400100586,2015년 8월 14일 20시,금요일,충청북도 청주시 서원구 분평동,경상사고,0,0,1,0,차대차 - 기타,안전거리미확보,건조,맑음,교차로 - 교차로부근,이륜,여,25세,경상,승합,남,56세,상해없음
2015081400100626,2015년 8월 14일 21시,금요일,충청북도 청주시 서원구 사직동,경상사고,0,0,2,0,차대차 - 측면직각충돌,안전운전불이행,건조,맑음,교차로 - 교차로안,승용,여,56세,경상,승용,남,56세,경상
2015081400100627,2015년 8월 14일 21시,금요일,충청북도 음성군 금왕읍,중상사고,0,1,0,0,차대차 - 기타,안전운전불이행,건조,맑음,단일로 - 기타,승합,남,71세,상해없음,자전거,남,19세,중상
2015081400100628,2015년 8월 14일 21시,금요일,충청북도 청주시 상당구 용담동,경상사고,0,0,1,0,차대차 - 기타,중앙선침범,건조,맑음,단일로 - 기타,승용,남,51세,상해없음,승용,남,33세,경상
2015081400100653,2015년 8월 14일 22시,금요일,충청북도 청주시 서원구 사직동,중상사고,0,1,0,0,차대차 - 정면충돌,신호위반,건조,맑음,교차로 - 교차로안,승용,남,48세,상해없음,이륜,남,56세,중상
2015081400100654,2015년 8월 14일 22시,금요일,충청북도 충주시 대소원면,경상사고,0,0,2,0,차대차 - 기타,안전운전불이행,건조,맑음,단일로 - 기타,승용,남,56세,상해없음,승용,남,56세,경상
2015081400100655,2015년 8월 14일 22시,금요일,충청북도 청주시 흥덕구 복대동,중상사고,0,1,1,0,차대차 - 기타,신호위반,건조,맑음,교차로 - 교차로안,승용,남,52세,상해없음,승용,남,27세,경상
2015081400100656,2015년 8월 14일 22시,금요일,충청북도 청주시 흥덕구 봉명동,경상사고,0,0,3,0,차대차 - 추돌 - 진행중,안전거리미확보,건조,맑음,단일로 - 기타,승용,남,30세,상해없음,승용,남,41세,경상
2015081400100682,2015년 8월 14일 23시,금요일,충청북도 청주시 흥덕구 봉명동,경상사고,0,0,2,0,차대차 - 기타,안전운전불이행,건조,맑음,교차로 - 교차로부근,이륜,남,19세,경상,승용,남,41세,경상
2015081400100683,2015년 8월 14일 23시,금요일,충청북도 청주시 흥덕구 신봉동,경상사고,0,0,2,0,차대차 - 추돌 - 주정차중,안전운전불이행,건조,맑음,단일로 - 기타,승용,남,36세,상해없음,승용,남,55세,경상
2015081500100017,2015년 8월 15일 00시,토요일,충청북도 청주시 서원구 사창동,경상사고,0,0,3,0,차대차 - 기타,신호위반,건조,맑음,교차로 - 교차로안,이륜,남,28세,상해없음,승용,남,66세,상해없음
2015081500100018,2015년 8월 15일 00시,토요일,충청북도 음성군 음성읍,중상사고,0,1,0,0,차대차 - 기타,안전거리미확보,건조,맑음,교차로 - 교차로안,원동기,남,17세,중상,화물,여,52세,상해없음
2015081500100038,2015년 8월 15일 01시,토요일,충청북도 청주시 청원구 주중동,중상사고,0,3,2,0,차대차 - 측면직각충돌,교차로운행방법위반,건조,맑음,교차로 - 교차로안,승용,남,46세,상해없음,승용,남,44세,경상
2015081500100159,2015년 8월 15일 09시,토요일,충청북도 제천시 화산동,중상사고,0,1,0,0,차대차 - 기타,직진우회전진행방해,건조,맑음,교차로 - 교차로안,승용,남,52세,상해없음,자전거,남,23세,중상
2015081500100160,2015년 8월 15일 09시,토요일,충청북도 청주시 서원구 장성동,경상사고,0,0,1,0,차대차 - 측면직각충돌,교차로운행방법위반,건조,맑음,교차로 - 교차로안,승용,남,59세,상해없음,승용,여,54세,경상
2015081500100209,2015년 8월 15일 11시,토요일,충청북도 청주시 청원구 율량동,경상사고,0,0,4,0,차대차 - 측면직각충돌,교차로운행방법위반,건조,맑음,교차로 - 교차로안,승용,남,46세,경상,승용,남,60세,경상
2015081500100210,2015년 8월 15일 11시,토요일,충청북도 제천시 신동,경상사고,0,0,1,0,차대차 - 추돌 - 진행중,안전운전불이행,건조,맑음,단일로 - 기타,승용,남,66세,상해없음,승용,남,57세,경상
2015081500100233,2015년 8월 15일 12시,토요일,충청북도 보은군 보은읍,중상사고,0,1,0,0,차대사람 - 길가장자리구역통행중,안전운전불이행,건조,맑음,단일로 - 기타,승용,여,54세,상해없음,보행자,여,79세,중상
2015081500100263,2015년 8월 15일 13시,토요일,충청북도 보은군 보은읍,중상사고,0,1,5,0,차대차 - 측면직각충돌,교차로운행방법위반,건조,맑음,교차로 - 교차로안,승용,남,38세,경상,승용,남,42세,경상
2015081500100264,2015년 8월 15일 13시,토요일,충청북도 진천군 진천읍,경상사고,0,0,1,0,차대차 - 측면직각충돌,안전운전불이행,건조,맑음,교차로 - 교차로안,자전거,남,11세,경상,승용,여,33세,상해없음
2015081500100292,2015년 8월 15일 14시,토요일,충청북도 청주시 흥덕구 가경동,경상사고,0,0,3,0,차대차 - 기타,안전운전불이행,건조,맑음,단일로 - 기타,승용,남,36세,기타불명,승합,남,52세,경상
2015081500100314,2015년 8월 15일 15시,토요일,충청북도 청주시 청원구 율량동,중상사고,0,1,0,0,차대사람 - 횡단중,보행자보호의무위반,건조,맑음,교차로 - 교차로안,승용,남,49세,상해없음,보행자,남,9세,중상
2015081500100315,2015년 8월 15일 15시,토요일,충청북도 청주시 서원구 사직동,중상사고,0,1,0,0,차대차 - 측면직각충돌,안전운전불이행,건조,맑음,단일로 - 횡단보도상,자전거,남,73세,중상,승용,남,60세,상해없음
2015081500100379,2015년 8월 15일 17시,토요일,충청북도 충주시 가주동,부상신고사고,0,0,0,1,차대차 - 추돌 - 진행중,안전거리미확보,건조,맑음,단일로 - 기타,원동기,남,59세,부상신고,승용,여,46세,상해없음
2015081500100380,2015년 8월 15일 17시,토요일,충청북도 영동군 매곡면,경상사고,0,0,2,0,차대차 - 기타,안전운전불이행,건조,맑음,단일로 - 기타,승용,여,54세,상해없음,원동기,남,83세,경상
2015081500100406,2015년 8월 15일 18시,토요일,충청북도 청주시 서원구 개신동,경상사고,0,0,1,0,차대차 - 기타,안전운전불이행,건조,맑음,교차로 - 교차로부근,이륜,남,32세,경상,승용,남,56세,상해없음
2015081500100485,2015년 8월 15일 20시,토요일,충청북도 옥천군 옥천읍,중상사고,0,2,1,0,차대차 - 추돌 - 진행중,안전거리미확보,건조,맑음,단일로 - 기타,승용,남,49세,중상,화물,남,35세,중상
2015081500100486,2015년 8월 15일 20시,토요일,충청북도 진천군 진천읍,경상사고,0,0,1,0,차대차 - 기타,신호위반,건조,맑음,교차로 - 교차로안,승용,남,32세,상해없음,승용,여,51세,경상
2015081500100516,2015년 8월 15일 21시,토요일,충청북도 청주시 상당구 금천동,경상사고,0,0,1,0,차량단독 - 공작물충돌,안전운전불이행,건조,맑음,단일로 - 기타,승합,남,33세,상해없음,,,,
2015081500100541,2015년 8월 15일 22시,토요일,충청북도 영동군 매곡면,중상사고,0,1,1,0,차량단독 - 공작물충돌,안전운전불이행,건조,맑음,단일로 - 기타,원동기,남,20세,중상,,,,
2015081500100542,2015년 8월 15일 22시,토요일,충청북도 청주시 흥덕구 복대동,경상사고,0,0,2,0,차대차 - 측면직각충돌,안전운전불이행,건조,맑음,교차로 - 교차로안,승용,남,55세,상해없음,승용,남,58세,경상
2015081500100570,2015년 8월 15일 23시,토요일,충청북도 충주시 대소원면,경상사고,0,0,2,0,차대차 - 추돌 - 진행중,안전운전불이행,건조,맑음,단일로 - 기타,화물,남,47세,상해없음,화물,남,62세,경상
2015081600100060,2015년 8월 16일 04시,일요일,충청북도 제천시 모산동,중상사고,0,1,0,0,차량단독 - 공작물충돌,안전운전불이행,건조,흐림,기타 - 기타,승용,남,33세,상해없음,,,,
2015081600100070,2015년 8월 16일 05시,일요일,충청북도 청주시 청원구 내수읍,사망사고,1,0,0,0,차대차 - 추돌 - 진행중,안전운전불이행,건조,맑음,단일로 - 기타,승용,남,24세,상해없음,자전거,남,71세,사망
2015081600100097,2015년 8월 16일 07시,일요일,충청북도 제천시 덕산면,중상사고,0,1,0,0,차대차 - 측면직각충돌,기타,건조,맑음,교차로 - 교차로안,화물,남,59세,상해없음,원동기,남,74세,중상
2015081600100098,2015년 8월 16일 07시,일요일,충청북도 청주시 흥덕구 가경동,경상사고,0,0,1,0,차대차 - 측면직각충돌,신호위반,건조,맑음,교차로 - 교차로안,승용,남,55세,상해없음,승용,남,42세,경상
2015081600100146,2015년 8월 16일 10시,일요일,충청북도 청주시 상당구 미원면,경상사고,0,0,6,0,차대차 - 측면직각충돌,안전운전불이행,건조,맑음,단일로 - 기타,승합,남,23세,상해없음,승용,여,32세,경상
2015081600100188,2015년 8월 16일 12시,일요일,충청북도 청주시 상당구 석교동,경상사고,0,0,1,0,차대차 - 추돌 - 진행중,안전운전불이행,건조,맑음,단일로 - 기타,승용,남,63세,상해없음,화물,여,52세,경상
2015081600100189,2015년 8월 16일 12시,일요일,충청북도 청주시 상당구 미원면,경상사고,0,0,5,0,차대차 - 측면직각충돌,안전운전불이행,건조,맑음,단일로 - 기타,승합,남,56세,상해없음,승용,남,24세,경상
2015081600100224,2015년 8월 16일 13시,일요일,충청북도 충주시 교현동,경상사고,0,0,1,1,차대사람 - 기타,안전운전불이행,건조,맑음,단일로 - 기타,이륜,남,68세,부상신고,보행자,여,13세,경상
2015081600100260,2015년 8월 16일 14시,일요일,충청북도 청주시 상당구 문의면,중상사고,0,1,2,0,차대차 - 정면충돌,중앙선침범,건조,맑음,단일로 - 기타,승용,남,25세,경상,화물,남,67세,경상
2015081600100293,2015년 8월 16일 15시,일요일,충청북도 충주시 앙성면,중상사고,0,1,0,0,차량단독 - 전도전복,안전운전불이행,건조,맑음,단일로 - 기타,승용,남,67세,상해없음,,,,
2015081600100294,2015년 8월 16일 15시,일요일,충청북도 충주시 교현동,경상사고,0,0,1,0,차대차 - 기타,안전거리미확보,건조,맑음,단일로 - 기타,승용,남,55세,상해없음,승용,남,54세,경상
2015081600100295,2015년 8월 16일 15시,일요일,충청북도 제천시 교동,중상사고,0,1,0,0,차대차 - 측면직각충돌,신호위반,건조,맑음,교차로 - 교차로안,화물,남,52세,상해없음,승용,여,55세,중상
2015081600100296,2015년 8월 16일 15시,일요일,충청북도 제천시 고암동,중상사고,0,4,0,0,차대차 - 측면직각충돌,중앙선침범,건조,맑음,기타 - 기타,승용,남,52세,상해없음,승합,남,37세,중상
2015081600100326,2015년 8월 16일 16시,일요일,충청북도 증평군 증평읍,경상사고,0,0,1,0,차대차 - 추돌 - 진행중,안전거리미확보,건조,맑음,단일로 - 기타,화물,남,59세,상해없음,승용,남,58세,경상
2015081600100327,2015년 8월 16일 16시,일요일,충청북도 청주시 상당구 용담동,경상사고,0,0,1,0,차대차 - 기타,안전운전불이행,건조,맑음,교차로 - 교차로부근,승용,여,42세,상해없음,승용,남,52세,경상
2015081600100361,2015년 8월 16일 17시,일요일,충청북도 청주시 청원구 내덕동,경상사고,0,0,1,0,차대차 - 기타,안전운전불이행,건조,맑음,단일로 - 기타,승합,남,48세,상해없음,승용,여,31세,상해없음
2015081600100403,2015년 8월 16일 18시,일요일,충청북도 청주시 서원구 사창동,중상사고,0,1,0,0,차대사람 - 횡단중,보행자보호의무위반,건조,맑음,단일로 - 기타,승용,기타불명,기타불명,기타불명,보행자,남,18세,중상
2015081600100404,2015년 8월 16일 18시,일요일,충청북도 충주시 교현동,중상사고,0,1,0,0,차대차 - 측면직각충돌,신호위반,건조,맑음,교차로 - 교차로안,이륜,남,18세,중상,승용,남,26세,상해없음
2015081600100405,2015년 8월 16일 18시,일요일,충청북도 충주시 교현동,중상사고,0,2,1,0,차대차 - 기타,안전운전불이행,습기,흐림,교차로 - 교차로안,승용,여,54세,상해없음,승용,여,37세,중상
2015081600100406,2015년 8월 16일 18시,일요일,충청북도 제천시 봉양읍,중상사고,0,1,1,0,차대차 - 측면직각충돌,안전운전불이행,습기,비,교차로 - 교차로안,승용,남,49세,경상,승용,여,48세,중상
2015081600100407,2015년 8월 16일 18시,일요일,충청북도 단양군 매포읍,중상사고,0,1,3,0,차대차 - 측면직각충돌,직진우회전진행방해,건조,맑음,교차로 - 교차로안,승용,남,22세,상해없음,승용,남,49세,경상
2015081600100442,2015년 8월 16일 19시,일요일,충청북도 청주시 서원구 개신동,경상사고,0,0,1,0,차대차 - 측면직각충돌,신호위반,건조,맑음,교차로 - 교차로안,이륜,남,16세,경상,승용,여,40세,상해없음
2015081600100487,2015년 8월 16일 20시,일요일,충청북도 진천군 광혜원면,경상사고,0,0,1,0,차대차 - 추돌 - 진행중,안전운전불이행,습기,비,교차로 - 교차로안,승용,남,31세,상해없음,승용,남,23세,경상
2015081600100526,2015년 8월 16일 21시,일요일,충청북도 보은군 보은읍,중상사고,0,1,0,0,차대차 - 측면직각충돌,기타,건조,맑음,교차로 - 교차로안,승용,여,24세,상해없음,화물,남,39세,상해없음
2015081700100020,2015년 8월 17일 01시,월요일,충청북도 영동군 심천면,부상신고사고,0,0,0,1,차량단독 - 공작물충돌,안전운전불이행,건조,흐림,단일로 - 기타,승용,남,31세,부상신고,,,,
2015081700100024,2015년 8월 17일 02시,월요일,충청북도 청주시 흥덕구 복대동,경상사고,0,0,2,0,차대차 - 측면직각충돌,안전운전불이행,건조,맑음,교차로 - 교차로안,승용,여,19세,상해없음,승용,남,32세,경상
2015081700100073,2015년 8월 17일 07시,월요일,충청북도 청주시 청원구 오창읍,경상사고,0,0,1,0,차대차 - 기타,안전운전불이행,건조,맑음,교차로 - 교차로안,승용,남,35세,상해없음,승용,남,48세,경상
2015081700100074,2015년 8월 17일 07시,월요일,충청북도 괴산군 사리면,중상사고,0,1,3,0,차대차 - 측면직각충돌,교차로운행방법위반,건조,맑음,교차로 - 교차로안,승용,남,26세,경상,승용,여,39세,중상
2015081700100075,2015년 8월 17일 07시,월요일,충청북도 진천군 진천읍,경상사고,0,0,1,0,차대차 - 측면직각충돌,안전거리미확보,건조,맑음,단일로 - 기타,이륜,남,83세,경상,승용,여,35세,상해없음
2015081700100106,2015년 8월 17일 08시,월요일,충청북도 청주시 청원구 우암동,경상사고,0,0,1,0,차대사람 - 기타,보행자보호의무위반,건조,맑음,교차로 - 교차로안,승용,남,41세,상해없음,보행자,남,63세,경상
2015081700100107,2015년 8월 17일 08시,월요일,충청북도 음성군 금왕읍,중상사고,0,1,1,0,차대차 - 측면직각충돌,신호위반,건조,맑음,교차로 - 교차로안,승용,여,56세,경상,승합,여,44세,중상
2015081700100136,2015년 8월 17일 09시,월요일,충청북도 청주시 청원구 내덕동,경상사고,0,0,1,0,차대차 - 추돌 - 진행중,안전운전불이행,건조,맑음,단일로 - 기타,화물,남,34세,상해없음,승용,여,45세,경상
2015081700100258,2015년 8월 17일 12시,월요일,충청북도 제천시 하소동,중상사고,0,1,0,0,차대사람 - 기타,보행자보호의무위반,건조,맑음,교차로 - 교차로부근,화물,남,30세,상해없음,보행자,남,10세,중상
2015081700100294,2015년 8월 17일 13시,월요일,충청북도 괴산군 불정면,부상신고사고,0,0,0,1,차대차 - 추돌 - 주정차중,안전운전불이행,건조,맑음,단일로 - 기타,원동기,여,56세,부상신고,화물,남,41세,상해없음
2015081700100295,2015년 8월 17일 13시,월요일,충청북도 청주시 상당구 북문로1가동,경상사고,0,0,1,0,차대차 - 기타,안전운전불이행,건조,맑음,단일로 - 기타,승용,남,63세,상해없음,승용,남,70세,경상
2015081700100331,2015년 8월 17일 14시,월요일,충청북도 청주시 청원구 북이면,경상사고,0,0,2,0,차대차 - 기타,교차로운행방법위반,건조,맑음,교차로 - 교차로안,화물,남,31세,상해없음,승용,여,30세,경상
2015081700100332,2015년 8월 17일 14시,월요일,충청북도 진천군 진천읍,경상사고,0,0,1,0,차대차 - 기타,안전운전불이행,건조,맑음,교차로 - 교차로안,승용,여,54세,경상,화물,남,50세,상해없음
2015081700100333,2015년 8월 17일 14시,월요일,충청북도 청주시 흥덕구 복대동,경상사고,0,0,1,0,차대차 - 추돌 - 진행중,안전운전불이행,건조,맑음,단일로 - 기타,이륜,남,43세,경상,승용,여,37세,기타불명
2015081700100334,2015년 8월 17일 14시,월요일,충청북도 청주시 상당구 수동,경상사고,0,0,1,0,차대차 - 측면직각충돌,안전운전불이행,건조,맑음,교차로 - 교차로안,승용,남,47세,상해없음,승용,여,47세,경상