사고번호,사고일시,요일,시군구,사고내용,사망자수,중상자수,경상자수,부상신고자수,사고유형,법규위반,노면상태,기상상태,도로형태,가해운전자 차종,가해운전자 성별,가해운전자 연령,가해운전자 상해정도,피해운전자 차종,피해운전자 성별,피해운전자 연령,피해운전자 상해정도
2015081700100370,2015년 8월 17일 15시,월요일,충청북도 음성군 대소면,경상사고,0,0,1,0,차대차 - 측면직각충돌,교차로운행방법위반,건조,맑음,교차로 - 교차로안,승용,남,49세,상해없음,승용,여,57세,경상
2015081700100422,2015년 8월 17일 16시,월요일,충청북도 청주시 청원구 우암동,중상사고,0,1,0,0,차대사람 - 기타,안전운전불이행,건조,맑음,교차로 - 교차로안,승용,여,41세,상해없음,보행자,남,63세,중상
2015081700100423,2015년 8월 17일 16시,월요일,충청북도 영동군 영동읍,경상사고,0,0,2,0,차대차 - 측면직각충돌,불법유턴,건조,맑음,단일로 - 기타,자전거,여,49세,경상,원동기,남,66세,경상
2015081700100464,2015년 8월 17일 17시,월요일,충청북도 충주시 봉방동,중상사고,0,1,2,0,차대차 - 측면직각충돌,안전거리미확보,건조,맑음,단일로 - 기타,화물,남,67세,상해없음,화물,남,51세,상해없음
2015081700100519,2015년 8월 17일 18시,월요일,충청북도 청주시 서원구 사창동,중상사고,0,1,0,0,차대차 - 측면직각충돌,교차로운행방법위반,건조,맑음,교차로 - 교차로안,승용,남,42세,상해없음,이륜,남,26세,중상
2015081700100520,2015년 8월 17일 18시,월요일,충청북도 진천군 문백면,중상사고,0,1,0,0,차대차 - 기타,기타,건조,맑음,교차로 - 교차로안,승용,남,37세,상해없음,승용,여,53세,중상
2015081700100564,2015년 8월 17일 19시,월요일,충청북도 충주시 연수동,중상사고,0,1,0,0,차대차 - 기타,안전운전불이행,건조,맑음,교차로 - 교차로안,승합,남,52세,상해없음,자전거,남,53세,중상
2015081700100565,2015년 8월 17일 19시,월요일,충청북도 청주시 흥덕구 복대동,경상사고,0,0,2,0,차대사람 - 기타,보행자보호의무위반,건조,맑음,단일로 - 횡단보도상,승용,여,26세,상해없음,보행자,여,15세,경상
2015081700100617,2015년 8월 17일 20시,월요일,충청북도 제천시 봉양읍,경상사고,0,0,1,0,차대차 - 추돌 - 진행중,안전운전불이행,건조,맑음,기타 - 기타,화물,남,62세,기타불명,승용,남,38세,경상
2015081700100646,2015년 8월 17일 21시,월요일,충청북도 음성군 음성읍,중상사고,0,2,0,0,차대차 - 측면직각충돌,중앙선침범,건조,맑음,단일로 - 기타,승용,여,47세,상해없음,이륜,남,16세,중상
2015081800100032,2015년 8월 18일 02시,화요일,충청북도 청주시 흥덕구 복대동,경상사고,0,0,2,0,차대차 - 측면직각충돌,신호위반,건조,맑음,교차로 - 교차로안,승용,남,24세,경상,승합,여,27세,경상
2015081800100033,2015년 8월 18일 02시,화요일,충청북도 청주시 서원구 미평동,부상신고사고,0,0,0,1,차량단독 - 전도전복,안전운전불이행,건조,맑음,단일로 - 기타,이륜,남,53세,부상신고,,,,
2015081800100090,2015년 8월 18일 07시,화요일,충청북도 청주시 청원구 주성동,경상사고,0,0,2,0,차대차 - 측면직각충돌,안전운전불이행,건조,맑음,교차로 - 교차로부근,승용,남,28세,상해없음,승용,여,46세,경상
2015081800100091,2015년 8월 18일 07시,화요일,충청북도 충주시 칠금동,경상사고,0,0,1,0,차대차 - 기타,안전운전불이행,건조,맑음,교차로 - 교차로부근,승합,남,70세,상해없음,자전거,남,18세,경상
2015081800100092,2015년 8월 18일 07시,화요일,충청북도 충주시 수안보면,사망사고,1,0,0,0,차량단독 - 공작물충돌,안전운전불이행,건조,맑음,단일로 - 기타,이륜,남,26세,사망,,,,
2015081800100093,2015년 8월 18일 07시,화요일,충청북도 충주시 문화동,경상사고,0,0,1,0,차대차 - 기타,안전거리미확보,건조,맑음,단일로 - 기타,승용,여,42세,상해없음,승용,여,56세,경상
2015081800100094,2015년 8월 18일 07시,화요일,충청북도 보은군 수한면,중상사고,0,1,0,0,차대사람 - 길가장자리구역통행중,안전운전불이행,건조,맑음,단일로 - 기타,화물,남,40세,상해없음,보행자,남,59세,중상
2015081800100095,2015년 8월 18일 07시,화요일,충청북도 청주시 서원구 남이면,중상사고,0,1,0,0,차대차 - 측면직각충돌,안전운전불이행,건조,맑음,단일로 - 기타,승용,남,34세,상해없음,승합,남,60세,상해없음
2015081800100096,2015년 8월 18일 07시,화요일,충청북도 청주시 흥덕구 봉명동,경상사고,0,0,1,0,차대차 - 측면직각충돌,안전운전불이행,건조,맑음,교차로 - 교차로안,승용,남,37세,상해없음,화물,남,56세,경상
2015081800100134,2015년 8월 18일 08시,화요일,충청북도 청주시 흥덕구 옥산면,경상사고,0,0,3,0,차대차 - 추돌 - 진행중,안전운전불이행,건조,맑음,단일로 - 기타,승용,남,51세,경상,승용,남,33세,경상
2015081800100176,2015년 8월 18일 09시,화요일,충청북도 충주시 목행동,중상사고,0,1,0,0,차대차 - 기타,안전운전불이행,건조,맑음,단일로 - 기타,화물,남,40세,상해없음,승용,여,30세,중상
2015081800100177,2015년 8월 18일 09시,화요일,충청북도 영동군 영동읍,중상사고,0,1,0,0,차대사람 - 횡단중,보행자보호의무위반,건조,맑음,단일로 - 횡단보도상,승용,여,42세,상해없음,보행자,여,61세,중상
2015081800100208,2015년 8월 18일 10시,화요일,충청북도 청주시 흥덕구 복대동,경상사고,0,0,2,0,차대차 - 추돌 - 주정차중,불법유턴,건조,맑음,단일로 - 기타,건설기계,남,49세,상해없음,승용,남,72세,경상
2015081800100209,2015년 8월 18일 10시,화요일,충청북도 청주시 흥덕구 지동동,경상사고,0,0,1,0,차대차 - 측면직각충돌,안전운전불이행,건조,맑음,교차로 - 교차로안,승용,남,49세,상해없음,승용,남,41세,경상
2015081800100241,2015년 8월 18일 11시,화요일,충청북도 충주시 성내동,중상사고,0,1,3,0,차대차 - 기타,신호위반,건조,맑음,교차로 - 교차로안,승용,남,56세,상해없음,승용,남,41세,경상
2015081800100242,2015년 8월 18일 11시,화요일,충청북도 진천군 진천읍,경상사고,0,0,1,0,차대사람 - 차도통행중,안전운전불이행,건조,맑음,단일로 - 기타,승용,여,34세,상해없음,보행자,여,38세,경상
2015081800100272,2015년 8월 18일 12시,화요일,충청북도 제천시 영천동,중상사고,0,1,0,0,차대차 - 기타,안전운전불이행,건조,맑음,교차로 - 교차로안,원동기,남,75세,중상,화물,남,50세,상해없음
2015081800100273,2015년 8월 18일 12시,화요일,충청북도 음성군 감곡면,중상사고,0,1,2,0,차대차 - 기타,교차로운행방법위반,건조,맑음,교차로 - 교차로안,승용,남,35세,상해없음,승용,남,19세,경상
2015081800100274,2015년 8월 18일 12시,화요일,충청북도 진천군 문백면,중상사고,0,1,2,0,차대차 - 기타,교차로운행방법위반,건조,맑음,교차로 - 교차로안,승합,남,57세,경상,승용,남,55세,경상
2015081800100313,2015년 8월 18일 13시,화요일,충청북도 진천군 진천읍,경상사고,0,0,1,0,차대차 - 기타,안전운전불이행,건조,맑음,단일로 - 기타,원동기,남,54세,경상,승용,남,61세,상해없음
2015081800100314,2015년 8월 18일 13시,화요일,충청북도 청주시 흥덕구 가경동,경상사고,0,0,2,0,차대차 - 측면직각충돌,안전운전불이행,건조,맑음,교차로 - 교차로안,이륜,남,32세,경상,이륜,남,26세,경상
2015081800100315,2015년 8월 18일 13시,화요일,충청북도 청주시 흥덕구 복대동,경상사고,0,0,2,1,차대차 - 추돌 - 진행중,안전거리미확보,건조,맑음,단일로 - 기타,승용,여,43세,상해없음,승용,여,34세,경상
2015081800100316,2015년 8월 18일 13시,화요일,충청북도 청주시 서원구 모충동,중상사고,0,2,1,0,차대차 - 기타,교차로운행방법위반,건조,맑음,교차로 - 교차로안,승용,남,73세,중상,승용,남,44세,경상
2015081800100317,2015년 8월 18일 13시,화요일,충청북도 청주시 상당구 낭성면,중상사고,0,1,0,0,차량단독 - 공작물충돌,안전운전불이행,건조,맑음,단일로 - 기타,승용,남,59세,중상,,,,
2015081800100382,2015년 8월 18일 15시,화요일,충청북도 청주시 상당구 북문로2가동,중상사고,0,2,0,0,차대차 - 추돌 - 주정차중,안전운전불이행,건조,맑음,교차로 - 교차로부근,승용,여,63세,상해없음,승용,여,31세,중상
2015081800100384,2015년 8월 18일 15시,화요일,충청북도 청주시 흥덕구 복대동,중상사고,0,1,0,0,차대차 - 추돌 - 진행중,안전운전불이행,건조,맑음,교차로 - 교차로안,화물,남,47세,상해없음,이륜,남,46세,중상
2015081800100414,2015년 8월 18일 16시,화요일,충청북도 청주시 서원구 성화동,중상사고,0,1,1,0,차대차 - 추돌 - 주정차중,안전운전불이행,건조,맑음,단일로 - 기타,승용,남,36세,상해없음,승용,여,53세,중상
2015081800100415,2015년 8월 18일 16시,화요일,충청북도 괴산군 장연면,중상사고,0,1,0,0,차대차 - 추돌 - 진행중,안전거리미확보,건조,맑음,단일로 - 기타,승용,남,25세,상해없음,승용,남,30세,중상
2015081800100453,2015년 8월 18일 17시,화요일,충청북도 청주시 청원구 내덕동,경상사고,0,0,2,0,차대차 - 측면직각충돌,안전운전불이행,건조,맑음,교차로 - 교차로부근,승용,남,41세,상해없음,이륜,남,45세,경상
2015081800100454,2015년 8월 18일 17시,화요일,충청북도 청주시 상당구 남일면,경상사고,0,0,1,0,차대차 - 기타,안전운전불이행,건조,맑음,단일로 - 기타,화물,남,62세,상해없음,화물,남,58세,경상
2015081800100531,2015년 8월 18일 19시,화요일,충청북도 제천시 봉양읍,중상사고,0,1,1,0,차대차 - 추돌 - 진행중,안전운전불이행,건조,맑음,단일로 - 기타,승용,남,26세,상해없음,화물,남,56세,경상
2015081800100532,2015년 8월 18일 19시,화요일,충청북도 청주시 상당구 수동,중상사고,0,1,0,0,차대사람 - 기타,안전운전불이행,건조,맑음,교차로 - 교차로안,화물,남,34세,상해없음,보행자,남,79세,중상
2015081800100561,2015년 8월 18일 20시,화요일,충청북도 충주시 봉방동,중상사고,0,1,0,0,차대사람 - 횡단중,보행자보호의무위반,건조,맑음,단일로 - 기타,승용,남,49세,상해없음,보행자,여,32세,중상
2015081800100562,2015년 8월 18일 20시,화요일,충청북도 청주시 흥덕구 송정동,중상사고,0,1,1,0,차대차 - 측면직각충돌,교차로운행방법위반,건조,맑음,교차로 - 교차로안,승용,남,40세,경상,승용,남,31세,중상
2015081900100010,2015년 8월 19일 00시,수요일,충청북도 음성군 감곡면,중상사고,0,2,0,1,차대차 - 측면직각충돌,신호위반,건조,맑음,교차로 - 교차로안,승용,여,32세,부상신고,승용,여,51세,중상
2015081900100011,2015년 8월 19일 00시,수요일,충청북도 청주시 서원구 수곡동,경상사고,0,0,1,0,차대사람 - 기타,안전운전불이행,건조,맑음,기타 - 기타,승용,남,55세,상해없음,보행자,여,29세,경상
2015081900100012,2015년 8월 19일 00시,수요일,충청북도 충주시 대소원면,경상사고,0,0,2,0,차대차 - 추돌 - 주정차중,안전운전불이행,건조,맑음,단일로 - 기타,화물,남,58세,기타불명,화물,남,45세,상해없음
2015081900100029,2015년 8월 19일 01시,수요일,충청북도 청주시 청원구 내덕동,중상사고,0,1,0,0,차량단독 - 공작물충돌,안전운전불이행,건조,맑음,교차로 - 교차로안,승용,여,30세,중상,,,,
2015081900100041,2015년 8월 19일 02시,수요일,충청북도 진천군 진천읍,중상사고,0,1,2,0,차대차 - 추돌 - 주정차중,안전운전불이행,건조,맑음,단일로 - 기타,승용,남,18세,경상,승용,남,45세,상해없음
2015081900100095,2015년 8월 19일 07시,수요일,충청북도 충주시 지현동,부상신고사고,0,0,0,1,차대차 - 기타,안전운전불이행,건조,맑음,교차로 - 교차로부근,자전거,여,13세,부상신고,승합,남,57세,상해없음
2015081900100096,2015년 8월 19일 07시,수요일,충청북도 충주시 용탄동,경상사고,0,0,1,0,차대차 - 기타,안전운전불이행,건조,맑음,교차로 - 교차로안,승용,여,31세,상해없음,승용,남,55세,경상
2015081900100097,2015년 8월 19일 07시,수요일,충청북도 청주시 서원구 산남동,경상사고,0,0,1,0,차대차 - 측면직각충돌,교차로운행방법위반,건조,맑음,교차로 - 교차로안,승용,남,36세,상해없음,승용,남,42세,경상
2015081900100125,2015년 8월 19일 08시,수요일,충청북도 청주시 흥덕구 오송읍,중상사고,0,1,12,0,차대차 - 기타,안전운전불이행,건조,맑음,교차로 - 교차로안,승용,여,52세,경상,승합,남,44세,중상
2015081900100126,2015년 8월 19일 08시,수요일,충청북도 청주시 흥덕구 오송읍,경상사고,0,0,1,0,차대차 - 추돌 - 주정차중,안전운전불이행,건조,맑음,단일로 - 기타,승용,남,55세,상해없음,승용,남,49세,경상
2015081900100158,2015년 8월 19일 09시,수요일,충청북도 음성군 삼성면,중상사고,0,2,0,0,차대차 - 추돌 - 진행중,안전운전불이행,건조,맑음,단일로 - 기타,승용,남,67세,중상,건설기계,남,54세,상해없음
2015081900100190,2015년 8월 19일 10시,수요일,충청북도 청주시 청원구 율량동,경상사고,0,0,1,0,차대차 - 기타,안전운전불이행,건조,맑음,단일로 - 기타,화물,남,57세,상해없음,승용,남,33세,경상
2015081900100220,2015년 8월 19일 11시,수요일,충청북도 영동군 황간면,경상사고,0,0,1,0,차대차 - 추돌 - 진행중,안전운전불이행,건조,맑음,단일로 - 기타,승용,여,29세,상해없음,승용,남,48세,상해없음
2015081900100221,2015년 8월 19일 11시,수요일,충청북도 청주시 흥덕구 봉명동,경상사고,0,0,1,0,차대사람 - 길가장자리구역통행중,안전운전불이행,건조,맑음,단일로 - 기타,화물,남,33세,상해없음,보행자,여,37세,경상
2015081900100222,2015년 8월 19일 11시,수요일,충청북도 청주시 흥덕구 신봉동,경상사고,0,0,2,0,차대차 - 기타,안전운전불이행,건조,맑음,교차로 - 교차로안,화물,남,54세,경상,승용,여,46세,경상
2015081900100275,2015년 8월 19일 13시,수요일,충청북도 충주시 문화동,경상사고,0,0,1,0,차대차 - 기타,안전운전불이행,건조,맑음,교차로 - 교차로부근,화물,남,60세,상해없음,자전거,남,42세,경상
2015081900100276,2015년 8월 19일 13시,수요일,충청북도 청주시 상당구 금천동,경상사고,0,0,1,0,차대사람 - 횡단중,보행자보호의무위반,건조,맑음,교차로 - 교차로안,승용,여,52세,상해없음,보행자,여,28세,경상
2015081900100347,2015년 8월 19일 15시,수요일,충청북도 청주시 흥덕구 봉명동,경상사고,0,0,1,0,차대차 - 기타,교차로운행방법위반,건조,맑음,교차로 - 교차로안,승용,남,64세,상해없음,이륜,남,36세,경상
2015081900100393,2015년 8월 19일 16시,수요일,충청북도 영동군 영동읍,중상사고,0,2,0,0,차대차 - 기타,안전거리미확보,건조,맑음,단일로 - 교량,화물,남,56세,상해없음,승용,남,56세,중상
2015081900100394,2015년 8월 19일 16시,수요일,충청북도 영동군 용산면,중상사고,0,1,0,0,차대차 - 측면직각충돌,교차로운행방법위반,건조,맑음,교차로 - 교차로안,승용,남,39세,상해없음,자전거,남,86세,중상
2015081900100424,2015년 8월 19일 17시,수요일,충청북도 청주시 흥덕구 가경동,중상사고,0,1,0,0,차대차 - 측면직각충돌,안전운전불이행,건조,맑음,교차로 - 교차로부근,승용,남,58세,상해없음,이륜,남,17세,중상
2015081900100462,2015년 8월 19일 18시,수요일,충청북도 청주시 서원구 사창동,중상사고,0,1,0,0,차대차 - 기타,안전운전불이행,건조,맑음,단일로 - 기타,승용,남,44세,상해없음,이륜,남,33세,중상
2015081900100463,2015년 8월 19일 18시,수요일,충청북도 청주시 서원구 수곡동,중상사고,0,1,0,0,차대사람 - 보도통행중,보행자보호의무위반,건조,맑음,단일로 - 횡단보도상,승용,여,37세,상해없음,보행자,여,6세,중상
2015081900100513,2015년 8월 19일 19시,수요일,충청북도 청주시 상당구 금천동,경상사고,0,0,1,0,차대차 - 측면직각충돌,신호위반,건조,맑음,교차로 - 교차로안,화물,남,49세,경상,화물,남,39세,상해없음
2015081900100514,2015년 8월 19일 19시,수요일,충청북도 청주시 상당구 남주동,경상사고,0,0,1,0,차대차 - 기타,안전운전불이행,건조,맑음,단일로 - 기타,승용,남,29세,상해없음,원동기,남,55세,경상
2015081900100545,2015년 8월 19일 20시,수요일,충청북도 청주시 흥덕구 오송읍,중상사고,0,1,0,0,차대사람 - 기타,보행자보호의무위반,건조,맑음,교차로 - 교차로안,승용,남,58세,상해없음,보행자,남,48세,중상
2015081900100546,2015년 8월 19일 20시,수요일,충청북도 청주시 서원구 수곡동,경상사고,0,0,2,0,차대차 - 기타,안전운전불이행,건조,맑음,교차로 - 교차로안,승용,여,45세,경상,승용,남,58세,경상
2015081900100588,2015년 8월 19일 21시,수요일,충청북도 영동군 영동읍,중상사고,0,1,0,0,차대사람 - 횡단중,보행자보호의무위반,건조,기타,교차로 - 교차로안,승용,여,46세,상해없음,보행자,여,41세,중상
2015081900100589,2015년 8월 19일 21시,수요일,충청북도 음성군 금왕읍,경상사고,0,0,4,0,차대차 - 추돌 - 주정차중,안전운전불이행,건조,맑음,교차로 - 교차로부근,승합,남,43세,경상,승용,여,37세,경상
2015081900100590,2015년 8월 19일 21시,수요일,충청북도 음성군 대소면,경상사고,0,0,1,0,차대차 - 추돌 - 진행중,차로위반,습기,비,단일로 - 기타,승용,남,35세,상해없음,승용,남,29세,경상
2015081900100591,2015년 8월 19일 21시,수요일,충청북도 청주시 흥덕구 봉명동,경상사고,0,0,1,0,차대차 - 기타,중앙선침범,건조,맑음,단일로 - 기타,승용,남,49세,상해없음,이륜,남,17세,경상
2015081900100592,2015년 8월 19일 21시,수요일,충청북도 청주시 서원구 분평동,경상사고,0,0,1,0,차대차 - 추돌 - 주정차중,안전운전불이행,건조,맑음,단일로 - 기타,승용,여,40세,상해없음,승용,남,29세,경상
2015081900100646,2015년 8월 19일 23시,수요일,충청북도 청주시 서원구 장암동,중상사고,0,1,1,0,차대차 - 기타,안전운전불이행,습기,비,교차로 - 교차로부근,승용,여,48세,상해없음,승용,남,47세,경상
2015082000100007,2015년 8월 20일 00시,목요일,충청북도 청주시 상당구 탑동,경상사고,0,0,1,0,차대차 - 정면충돌,중앙선침범,건조,맑음,단일로 - 기타,화물,남,57세,상해없음,원동기,남,16세,경상
2015082000100021,2015년 8월 20일 01시,목요일,충청북도 청주시 청원구 내덕동,경상사고,0,0,1,0,차대차 - 추돌 - 주정차중,안전운전불이행,건조,맑음,교차로 - 교차로부근,승용,남,41세,상해없음,승용,남,37세,경상
2015082000100022,2015년 8월 20일 01시,목요일,충청북도 청주시 흥덕구 복대동,중상사고,0,1,0,0,차대차 - 기타,안전운전불이행,건조,맑음,단일로 - 기타,승용,남,29세,상해없음,이륜,남,27세,중상
2015082000100034,2015년 8월 20일 02시,목요일,충청북도 음성군 감곡면,부상신고사고,0,0,0,1,차대사람 - 기타,안전운전불이행,건조,맑음,단일로 - 기타,승용,남,47세,부상신고,보행자,남,33세,상해없음
2015082000100059,2015년 8월 20일 05시,목요일,충청북도 충주시 금릉동,경상사고,0,0,2,0,차대차 - 측면직각충돌,신호위반,건조,맑음,교차로 - 교차로안,화물,남,60세,경상,화물,남,46세,경상
2015082000100131,2015년 8월 20일 08시,목요일,충청북도 청주시 서원구 사직동,경상사고,0,0,1,0,차대차 - 측면직각충돌,직진우회전진행방해,건조,맑음,교차로 - 교차로안,승용,여,57세,상해없음,승용,남,38세,경상
2015082000100132,2015년 8월 20일 08시,목요일,충청북도 충주시 연수동,경상사고,0,0,2,0,차대차 - 기타,안전거리미확보,건조,맑음,단일로 - 기타,승용,남,57세,상해없음,화물,남,48세,상해없음
2015082000100133,2015년 8월 20일 08시,목요일,충청북도 충주시 봉방동,경상사고,0,0,1,1,차대차 - 기타,직진우회전진행방해,건조,맑음,교차로 - 교차로안,승용,남,68세,부상신고,승용,남,44세,경상
2015082000100197,2015년 8월 20일 10시,목요일,충청북도 진천군 진천읍,중상사고,0,1,0,0,차대차 - 측면직각충돌,안전운전불이행,건조,맑음,교차로 - 교차로부근,화물,남,54세,상해없음,원동기,남,73세,중상
2015082000100198,2015년 8월 20일 10시,목요일,충청북도 청주시 상당구 서운동,경상사고,0,0,1,0,차대차 - 측면직각충돌,안전운전불이행,건조,맑음,교차로 - 교차로안,승용,여,43세,상해없음,자전거,남,64세,경상
2015082000100228,2015년 8월 20일 11시,목요일,충청북도 음성군 감곡면,중상사고,0,3,0,0,차량단독 - 도로외이탈 - 추락,안전운전불이행,건조,맑음,단일로 - 기타,승용,남,63세,중상,,,,
2015082000100260,2015년 8월 20일 12시,목요일,충청북도 청주시 청원구 내덕동,중상사고,0,1,0,0,차대차 - 기타,안전운전불이행,건조,맑음,교차로 - 교차로부근,승용,남,34세,상해없음,이륜,남,54세,중상
2015082000100284,2015년 8월 20일 13시,목요일,충청북도 청주시 청원구 율량동,중상사고,0,1,0,0,차량단독 - 기타,안전운전불이행,건조,맑음,단일로 - 기타,승합,남,55세,상해없음,,,,
2015082000100285,2015년 8월 20일 13시,목요일,충청북도 청주시 청원구 내수읍,중상사고,0,1,0,0,차대차 - 측면직각충돌,교차로운행방법위반,건조,맑음,교차로 - 교차로안,승용,남,60세,상해없음,승용,여,39세,중상
2015082000100286,2015년 8월 20일 13시,목요일,충청북도 제천시 송학면,중상사고,0,1,4,0,차대차 - 측면직각충돌,안전운전불이행,건조,맑음,교차로 - 교차로안,승용,남,47세,상해없음,승용,남,40세,경상
2015082000100287,2015년 8월 20일 13시,목요일,충청북도 청주시 서원구 현도면,중상사고,0,1,0,0,차량단독 - 기타,기타,건조,맑음,단일로 - 기타,승합,남,49세,상해없음,,,,
2015082000100288,2015년 8월 20일 13시,목요일,충청북도 청주시 상당구 북문로2가동,경상사고,0,0,1,0,차량단독 - 기타,안전운전불이행,건조,맑음,단일로 - 기타,승합,남,62세,상해없음,,,,
2015082000100324,2015년 8월 20일 14시,목요일,충청북도 청주시 서원구 사창동,경상사고,0,0,4,0,차대차 - 기타,안전운전불이행,건조,맑음,교차로 - 교차로안,승용,남,53세,경상,승용,여,58세,경상
2015082000100325,2015년 8월 20일 14시,목요일,충청북도 청주시 서원구 남이면,중상사고,0,1,0,0,차대사람 - 기타,안전운전불이행,건조,맑음,단일로 - 기타,화물,남,51세,상해없음,보행자,남,47세,중상
2015082000100365,2015년 8월 20일 15시,목요일,충청북도 충주시 금릉동,경상사고,0,0,1,0,차대차 - 기타,안전거리미확보,건조,맑음,단일로 - 기타,승용,남,23세,상해없음,화물,남,46세,상해없음
2015082000100405,2015년 8월 20일 16시,목요일,충청북도 제천시 봉양읍,경상사고,0,0,2,0,차대차 - 추돌 - 진행중,안전운전불이행,건조,맑음,교차로 - 교차로부근,화물,남,57세,상해없음,승용,남,60세,경상
2015082000100406,2015년 8월 20일 16시,목요일,충청북도 청주시 흥덕구 복대동,중상사고,0,1,0,0,차대사람 - 기타,안전운전불이행,건조,맑음,교차로 - 교차로부근,승용,남,45세,상해없음,보행자,남,9세,중상
2015082000100482,2015년 8월 20일 18시,목요일,충청북도 충주시 주덕읍,중상사고,0,1,0,0,차대사람 - 기타,안전운전불이행,건조,맑음,단일로 - 기타,기타불명,기타불명,기타불명,기타불명,보행자,여,55세,중상
2015082000100483,2015년 8월 20일 18시,목요일,충청북도 음성군 생극면,중상사고,0,1,0,1,차대차 - 측면직각충돌,안전운전불이행,건조,맑음,교차로 - 교차로안,승용,남,62세,부상신고,화물,남,53세,중상
2015082000100484,2015년 8월 20일 18시,목요일,충청북도 진천군 진천읍,경상사고,0,0,1,0,차대차 - 추돌 - 주정차중,안전운전불이행,건조,맑음,단일로 - 기타,승용,남,41세,상해없음,승용,여,35세,경상
2015082000100514,2015년 8월 20일 19시,목요일,충청북도 영동군 영동읍,사망사고,1,0,0,0,차대사람 - 횡단중,안전운전불이행,건조,맑음,교차로 - 교차로안,승용,남,66세,상해없음,보행자,여,85세,사망
2015082000100588,2015년 8월 20일 21시,목요일,충청북도 증평군 증평읍,경상사고,0,0,1,0,차대차 - 기타,안전운전불이행,습기,비,교차로 - 교차로부근,승용,남,45세,상해없음,자전거,남,55세,경상
2015082000100589,2015년 8월 20일 21시,목요일,충청북도 청주시 흥덕구 강내면,중상사고,0,1,0,0,차대차 - 추돌 - 진행중,안전거리미확보,습기,비,교차로 - 교차로부근,승용,남,49세,상해없음,승용,여,46세,중상
2015082000100590,2015년 8월 20일 21시,목요일,충청북도 청주시 서원구 산남동,중상사고,0,1,0,0,차대차 - 측면직각충돌,안전운전불이행,건조,맑음,단일로 - 기타,승용,남,55세,상해없음,이륜,남,23세,중상
2015082000100619,2015년 8월 20일 22시,목요일,충청북도 청주시 서원구 성화동,중상사고,0,1,0,0,차대차 - 측면직각충돌,안전운전불이행,건조,맑음,단일로 - 기타,승용,여,43세,상해없음,이륜,여,39세,중상
2015082000100648,2015년 8월 20일 23시,목요일,충청북도 청주시 서원구 미평동,경상사고,0,0,1,0,차량단독 - 공작물충돌,안전운전불이행,습기,비,교차로 - 교차로부근,승용,남,28세,경상,,,,
2015082100100012,2015년 8월 21일 00시,금요일,충청북도 청주시 청원구 오창읍,경상사고,0,0,2,0,차대차 - 측면직각충돌,안전운전불이행,습기,비,교차로 - 교차로안,승용,남,37세,상해없음,승용,남,34세,경상
2015082100100013,2015년 8월 21일 00시,금요일,충청북도 청주시 흥덕구 복대동,경상사고,0,0,1,0,차대차 - 기타,안전운전불이행,건조,맑음,교차로 - 교차로부근,승용,여,60세,상해없음,승용,남,41세,경상
2015082100100037,2015년 8월 21일 01시,금요일,충청북도 증평군 증평읍,중상사고,0,1,0,0,차대차 - 측면직각충돌,차로위반,습기,비,단일로 - 기타,승용,남,63세,상해없음,농기계,남,31세,중상
2015082100100069,2015년 8월 21일 03시,금요일,충청북도 청주시 청원구 우암동,경상사고,0,0,1,1,차대차 - 측면직각충돌,신호위반,습기,비,교차로 - 교차로안,원동기,남,24세,부상신고,승용,남,24세,경상
2015082100100114,2015년 8월 21일 06시,금요일,충청북도 충주시 살미면,경상사고,0,0,2,1,차대차 - 기타,중앙선침범,습기,비,교차로 - 교차로부근,승용,남,43세,부상신고,화물,남,40세,경상
2015082100100115,2015년 8월 21일 06시,금요일,충청북도 청주시 흥덕구 복대동,경상사고,0,0,1,0,차대차 - 추돌 - 주정차중,안전운전불이행,건조,맑음,단일로 - 횡단보도부근,승용,남,77세,상해없음,승용,남,54세,경상
2015082100100116,2015년 8월 21일 06시,금요일,충청북도 청주시 상당구 석교동,중상사고,0,1,1,0,차대차 - 기타,안전운전불이행,습기,비,교차로 - 교차로부근,승합,남,56세,상해없음,승용,남,67세,중상
2015082100100128,2015년 8월 21일 07시,금요일,충청북도 청주시 상당구 금천동,경상사고,0,0,1,0,차대사람 - 기타,안전운전불이행,건조,맑음,단일로 - 기타,승용,남,52세,상해없음,보행자,남,58세,경상
2015082100100160,2015년 8월 21일 08시,금요일,충청북도 제천시 천남동,중상사고,0,1,1,0,차대차 - 추돌 - 진행중,안전거리미확보,습기,비,교차로 - 교차로부근,화물,남,61세,상해없음,승용,남,55세,중상
2015082100100228,2015년 8월 21일 10시,금요일,충청북도 괴산군 문광면,경상사고,0,0,1,0,차대차 - 측면직각충돌,중앙선침범,습기,흐림,단일로 - 기타,승용,남,38세,상해없음,승용,여,52세,상해없음
2015082100100229,2015년 8월 21일 10시,금요일,충청북도 청주시 흥덕구 강서동,경상사고,0,0,3,0,차대차 - 측면직각충돌,안전운전불이행,건조,맑음,교차로 - 교차로안,승용,남,29세,경상,승용,남,69세,경상