사고번호,사고일시,요일,시군구,사고내용,사망자수,중상자수,경상자수,부상신고자수,사고유형,법규위반,노면상태,기상상태,도로형태,가해운전자 차종,가해운전자 성별,가해운전자 연령,가해운전자 상해정도,피해운전자 차종,피해운전자 성별,피해운전자 연령,피해운전자 상해정도
2015082100100263,2015년 8월 21일 11시,금요일,충청북도 충주시 호암동,부상신고사고,0,0,0,1,차대차 - 기타,중앙선침범,건조,맑음,교차로 - 교차로부근,자전거,남,81세,부상신고,승용,여,30세,상해없음
2015082100100264,2015년 8월 21일 11시,금요일,충청북도 옥천군 군서면,중상사고,0,2,1,0,차대차 - 기타,중앙선침범,건조,맑음,단일로 - 기타,승용,남,47세,상해없음,승용,남,60세,경상
2015082100100265,2015년 8월 21일 11시,금요일,충청북도 청주시 흥덕구 강내면,경상사고,0,0,1,0,차대차 - 측면직각충돌,안전운전불이행,건조,맑음,교차로 - 교차로부근,특수,남,65세,상해없음,승용,남,46세,상해없음
2015082100100291,2015년 8월 21일 12시,금요일,충청북도 청주시 상당구 용암동,경상사고,0,0,1,0,차대사람 - 기타,안전운전불이행,건조,맑음,단일로 - 기타,승용,여,32세,상해없음,보행자,남,62세,경상
2015082100100414,2015년 8월 21일 16시,금요일,충청북도 충주시 칠금동,경상사고,0,0,1,0,차대차 - 기타,교차로운행방법위반,건조,맑음,교차로 - 교차로부근,화물,남,63세,상해없음,승용,여,37세,경상
2015082100100415,2015년 8월 21일 16시,금요일,충청북도 제천시 청전동,중상사고,0,2,0,0,차대차 - 측면직각충돌,교차로운행방법위반,건조,맑음,교차로 - 교차로안,승용,여,36세,상해없음,승용,여,50세,중상
2015082100100416,2015년 8월 21일 16시,금요일,충청북도 청주시 흥덕구 비하동,중상사고,0,1,1,0,차대차 - 추돌 - 주정차중,안전운전불이행,건조,맑음,교차로 - 교차로부근,승용,남,31세,상해없음,승용,남,50세,중상
2015082100100459,2015년 8월 21일 17시,금요일,충청북도 단양군 대강면,경상사고,0,0,2,0,차대차 - 추돌 - 진행중,안전운전불이행,건조,맑음,단일로 - 기타,승용,남,21세,상해없음,승용,남,62세,경상
2015082100100574,2015년 8월 21일 20시,금요일,충청북도 청주시 서원구 분평동,경상사고,0,0,1,0,차대차 - 기타,신호위반,건조,맑음,교차로 - 교차로안,승용,남,50세,상해없음,이륜,남,17세,경상
2015082100100618,2015년 8월 21일 21시,금요일,충청북도 청주시 청원구 내덕동,경상사고,0,0,1,0,차대차 - 추돌 - 진행중,중앙선침범,건조,맑음,교차로 - 교차로부근,화물,남,43세,상해없음,이륜,남,17세,경상
2015082200100092,2015년 8월 22일 05시,토요일,충청북도 청주시 청원구 주중동,중상사고,0,1,8,0,차대차 - 추돌 - 주정차중,안전운전불이행,건조,맑음,교차로 - 교차로부근,화물,남,28세,상해없음,화물,남,53세,경상
2015082200100093,2015년 8월 22일 05시,토요일,충청북도 충주시 봉방동,중상사고,0,1,0,1,차대차 - 기타,중앙선침범,건조,맑음,단일로 - 기타,승용,여,54세,부상신고,승용,남,59세,중상
2015082200100132,2015년 8월 22일 07시,토요일,충청북도 옥천군 옥천읍,중상사고,0,1,0,0,차대차 - 측면직각충돌,안전운전불이행,건조,흐림,단일로 - 기타,이륜,남,37세,상해없음,이륜,남,79세,중상
2015082200100151,2015년 8월 22일 08시,토요일,충청북도 청주시 흥덕구 복대동,경상사고,0,0,1,0,차량단독 - 기타,안전운전불이행,건조,맑음,기타 - 기타,자전거,남,33세,경상,,,,
2015082200100152,2015년 8월 22일 08시,토요일,충청북도 청주시 상당구 용정동,경상사고,0,0,1,0,차대차 - 추돌 - 주정차중,안전운전불이행,건조,맑음,교차로 - 교차로부근,화물,남,22세,상해없음,승용,남,45세,경상
2015082200100203,2015년 8월 22일 10시,토요일,충청북도 청주시 흥덕구 봉명동,경상사고,0,0,1,0,차대차 - 추돌 - 진행중,안전운전불이행,건조,맑음,교차로 - 교차로안,승용,남,52세,상해없음,승용,여,52세,경상
2015082200100204,2015년 8월 22일 10시,토요일,충청북도 청주시 흥덕구 오송읍,경상사고,0,0,2,0,차대차 - 측면직각충돌,신호위반,건조,맑음,교차로 - 교차로안,승합,남,58세,경상,승용,남,22세,경상
2015082200100235,2015년 8월 22일 11시,토요일,충청북도 제천시 신월동,경상사고,0,0,1,0,차대차 - 추돌 - 진행중,안전운전불이행,건조,맑음,교차로 - 교차로부근,승용,남,49세,상해없음,화물,남,44세,경상
2015082200100300,2015년 8월 22일 13시,토요일,충청북도 보은군 보은읍,경상사고,0,0,1,0,차대차 - 측면직각충돌,교차로운행방법위반,건조,맑음,교차로 - 교차로안,승용,남,31세,상해없음,승용,남,55세,경상
2015082200100301,2015년 8월 22일 13시,토요일,충청북도 청주시 흥덕구 옥산면,경상사고,0,0,1,0,차대차 - 추돌 - 진행중,안전운전불이행,건조,맑음,교차로 - 교차로부근,화물,남,54세,상해없음,원동기,여,60세,경상
2015082200100302,2015년 8월 22일 13시,토요일,충청북도 청주시 흥덕구 송정동,경상사고,0,0,1,0,차대사람 - 횡단중,보행자보호의무위반,건조,맑음,교차로 - 교차로안,화물,남,37세,상해없음,보행자,남,40세,경상
2015082200100412,2015년 8월 22일 16시,토요일,충청북도 단양군 단양읍,경상사고,0,0,1,0,차대사람 - 차도통행중,안전운전불이행,건조,맑음,단일로 - 기타,화물,남,56세,상해없음,보행자,여,53세,경상
2015082200100481,2015년 8월 22일 18시,토요일,충청북도 청주시 흥덕구 가경동,부상신고사고,0,0,0,1,차대차 - 추돌 - 진행중,안전운전불이행,습기,비,교차로 - 교차로부근,원동기,남,22세,상해없음,승용,남,32세,상해없음
2015082200100482,2015년 8월 22일 18시,토요일,충청북도 청주시 서원구 미평동,중상사고,0,1,1,0,차대차 - 추돌 - 진행중,안전운전불이행,건조,맑음,단일로 - 기타,승용,여,50세,중상,승용,남,34세,경상
2015082200100510,2015년 8월 22일 19시,토요일,충청북도 청주시 청원구 주성동,경상사고,0,0,1,0,차대사람 - 기타,안전운전불이행,건조,맑음,단일로 - 기타,원동기,남,18세,상해없음,보행자,여,6세,경상
2015082200100511,2015년 8월 22일 19시,토요일,충청북도 청주시 상당구 영운동,중상사고,0,1,0,0,차대사람 - 기타,안전운전불이행,건조,맑음,단일로 - 기타,화물,남,56세,상해없음,보행자,남,63세,중상
2015082200100545,2015년 8월 22일 20시,토요일,충청북도 충주시 수안보면,중상사고,0,1,4,0,차대차 - 기타,기타,건조,맑음,교차로 - 교차로안,승용,남,49세,상해없음,승용,남,60세,경상
2015082200100546,2015년 8월 22일 20시,토요일,충청북도 제천시 하소동,중상사고,0,1,0,0,차대차 - 측면직각충돌,안전거리미확보,건조,맑음,기타 - 기타,승용,남,54세,상해없음,원동기,남,17세,중상
2015082200100576,2015년 8월 22일 21시,토요일,충청북도 청주시 흥덕구 가경동,경상사고,0,0,1,0,차대차 - 측면직각충돌,안전운전불이행,건조,맑음,교차로 - 교차로안,화물,남,48세,상해없음,승용,여,60세,경상
2015082200100605,2015년 8월 22일 22시,토요일,충청북도 청주시 서원구 수곡동,경상사고,0,0,1,0,차대차 - 기타,신호위반,건조,맑음,교차로 - 교차로부근,승용,여,30세,상해없음,승용,남,52세,경상
2015082200100635,2015년 8월 22일 23시,토요일,충청북도 충주시 칠금동,사망사고,1,1,0,0,차량단독 - 공작물충돌,안전운전불이행,건조,맑음,단일로 - 기타,승용,남,65세,사망,,,,
2015082200100636,2015년 8월 22일 23시,토요일,충청북도 음성군 대소면,경상사고,0,0,1,0,차대차 - 측면직각충돌,중앙선침범,건조,맑음,단일로 - 기타,승합,남,30세,상해없음,화물,남,51세,경상
2015082300100017,2015년 8월 23일 00시,일요일,충청북도 충주시 호암동,부상신고사고,0,0,0,1,차대차 - 기타,안전운전불이행,건조,맑음,교차로 - 교차로안,승용,여,50세,부상신고,승용,남,48세,상해없음
2015082300100018,2015년 8월 23일 00시,일요일,충청북도 음성군 금왕읍,부상신고사고,0,0,0,2,차대차 - 측면직각충돌,중앙선침범,건조,맑음,단일로 - 기타,자전거,남,16세,부상신고,승합,남,25세,상해없음
2015082300100036,2015년 8월 23일 01시,일요일,충청북도 충주시 칠금동,경상사고,0,0,3,0,차대차 - 기타,안전거리미확보,건조,맑음,단일로 - 기타,승용,남,21세,상해없음,승용,남,29세,상해없음
2015082300100051,2015년 8월 23일 02시,일요일,충청북도 충주시 봉방동,중상사고,0,1,0,0,차대사람 - 기타,안전운전불이행,건조,맑음,단일로 - 기타,승용,남,64세,상해없음,보행자,남,43세,중상
2015082300100114,2015년 8월 23일 07시,일요일,충청북도 청주시 서원구 모충동,경상사고,0,0,1,0,차량단독 - 기타,기타,건조,맑음,단일로 - 기타,승용,남,69세,상해없음,,,,
2015082300100125,2015년 8월 23일 08시,일요일,충청북도 청주시 서원구 사창동,중상사고,0,1,0,0,차대차 - 측면직각충돌,신호위반,건조,맑음,교차로 - 교차로안,승용,남,55세,상해없음,승용,남,54세,중상
2015082300100137,2015년 8월 23일 09시,일요일,충청북도 음성군 원남면,중상사고,0,1,3,1,차대차 - 측면직각충돌,안전운전불이행,건조,맑음,교차로 - 교차로안,승용,남,29세,부상신고,승합,여,44세,경상
2015082300100138,2015년 8월 23일 09시,일요일,충청북도 진천군 문백면,경상사고,0,0,1,0,차량단독 - 공작물충돌,안전운전불이행,건조,맑음,단일로 - 기타,승용,여,36세,경상,,,,
2015082300100175,2015년 8월 23일 11시,일요일,충청북도 괴산군 청천면,사망사고,1,0,0,0,차량단독 - 기타,안전운전불이행,건조,맑음,단일로 - 기타,농기계,남,59세,사망,,,,
2015082300100176,2015년 8월 23일 11시,일요일,충청북도 청주시 흥덕구 지동동,경상사고,0,0,1,0,차대차 - 측면직각충돌,직진우회전진행방해,건조,맑음,교차로 - 교차로안,승용,여,21세,상해없음,승용,여,52세,경상
2015082300100177,2015년 8월 23일 11시,일요일,충청북도 청주시 흥덕구 봉명동,사망사고,1,0,0,0,차대차 - 측면직각충돌,직진우회전진행방해,건조,맑음,교차로 - 교차로부근,이륜,남,77세,사망,승용,남,35세,상해없음
2015082300100229,2015년 8월 23일 13시,일요일,충청북도 청주시 서원구 죽림동,중상사고,0,3,1,0,차대차 - 측면직각충돌,신호위반,건조,맑음,교차로 - 교차로안,승용,남,79세,중상,승용,남,51세,중상
2015082300100250,2015년 8월 23일 14시,일요일,충청북도 제천시 산곡동,중상사고,0,1,1,0,차대차 - 측면직각충돌,안전거리미확보,건조,맑음,기타 - 기타,화물,여,37세,상해없음,승용,남,56세,중상
2015082300100291,2015년 8월 23일 15시,일요일,충청북도 괴산군 괴산읍,중상사고,0,3,1,0,차대차 - 측면직각충돌,직진우회전진행방해,건조,맑음,교차로 - 교차로안,화물,남,32세,상해없음,승용,남,28세,중상
2015082300100365,2015년 8월 23일 17시,일요일,충청북도 청주시 청원구 율량동,중상사고,0,1,1,0,차대차 - 기타,안전운전불이행,건조,맑음,교차로 - 교차로안,이륜,남,24세,중상,승용,남,80세,경상
2015082300100366,2015년 8월 23일 17시,일요일,충청북도 제천시 신백동,경상사고,0,0,1,0,차대차 - 측면직각충돌,안전운전불이행,건조,맑음,교차로 - 교차로안,화물,남,50세,상해없음,승용,여,49세,경상
2015082300100394,2015년 8월 23일 18시,일요일,충청북도 청주시 상당구 영동,경상사고,0,0,1,0,차대차 - 기타,교차로운행방법위반,건조,맑음,교차로 - 교차로안,승용,남,57세,상해없음,승용,여,51세,경상
2015082300100426,2015년 8월 23일 19시,일요일,충청북도 음성군 음성읍,경상사고,0,0,1,0,차대차 - 측면직각충돌,안전운전불이행,건조,맑음,단일로 - 기타,승용,남,26세,상해없음,승합,남,53세,상해없음
2015082300100464,2015년 8월 23일 20시,일요일,충청북도 충주시 호암동,부상신고사고,0,0,0,1,차대차 - 기타,안전운전불이행,건조,맑음,교차로 - 교차로부근,이륜,남,20세,부상신고,승용,여,49세,상해없음
2015082300100465,2015년 8월 23일 20시,일요일,충청북도 청주시 흥덕구 봉명동,경상사고,0,0,1,0,차대차 - 기타,안전거리미확보,건조,맑음,단일로 - 기타,승용,남,50세,상해없음,승용,남,26세,상해없음
2015082400100011,2015년 8월 24일 00시,월요일,충청북도 청주시 서원구 사창동,중상사고,0,1,0,0,차대사람 - 횡단중,안전운전불이행,건조,맑음,단일로 - 기타,승용,남,56세,상해없음,보행자,여,47세,중상
2015082400100012,2015년 8월 24일 00시,월요일,충청북도 청주시 서원구 사창동,중상사고,0,1,0,0,차대차 - 측면직각충돌,중앙선침범,건조,맑음,단일로 - 기타,승용,남,50세,상해없음,이륜,남,27세,중상
2015082400100031,2015년 8월 24일 02시,월요일,충청북도 충주시 칠금동,부상신고사고,0,0,0,1,차대차 - 기타,안전운전불이행,건조,맑음,교차로 - 교차로부근,이륜,남,24세,부상신고,이륜,남,52세,상해없음
2015082400100036,2015년 8월 24일 03시,월요일,충청북도 청주시 서원구 장암동,중상사고,0,3,0,0,차대차 - 기타,안전운전불이행,건조,맑음,교차로 - 교차로부근,승용,여,31세,상해없음,승용,남,60세,중상
2015082400100049,2015년 8월 24일 05시,월요일,충청북도 충주시 금릉동,중상사고,0,1,0,1,차대차 - 기타,신호위반,건조,맑음,교차로 - 교차로안,화물,남,34세,부상신고,승용,남,33세,중상
2015082400100150,2015년 8월 24일 09시,월요일,충청북도 청주시 흥덕구 복대동,중상사고,0,1,1,1,차대차 - 기타,안전거리미확보,건조,맑음,단일로 - 기타,승용,남,29세,부상신고,승용,여,37세,상해없음
2015082400100180,2015년 8월 24일 10시,월요일,충청북도 제천시 서부동,중상사고,0,1,0,0,차대차 - 기타,신호위반,건조,맑음,교차로 - 교차로안,승용,여,58세,기타불명,승용,남,49세,중상
2015082400100210,2015년 8월 24일 11시,월요일,충청북도 제천시 화산동,중상사고,0,1,0,0,차대사람 - 기타,안전운전불이행,건조,맑음,교차로 - 교차로안,승용,여,33세,상해없음,보행자,여,71세,중상
2015082400100211,2015년 8월 24일 11시,월요일,충청북도 진천군 이월면,중상사고,0,1,0,0,차대차 - 기타,안전운전불이행,건조,맑음,단일로 - 기타,이륜,남,58세,중상,화물,남,46세,상해없음
2015082400100243,2015년 8월 24일 12시,월요일,충청북도 청주시 서원구 남이면,경상사고,0,0,3,0,차대차 - 기타,안전운전불이행,건조,맑음,교차로 - 교차로부근,화물,남,25세,상해없음,승용,남,39세,경상
2015082400100275,2015년 8월 24일 13시,월요일,충청북도 충주시 연수동,경상사고,0,0,1,0,차대차 - 추돌 - 진행중,신호위반,건조,맑음,교차로 - 교차로안,이륜,남,78세,상해없음,승용,남,55세,상해없음
2015082400100340,2015년 8월 24일 15시,월요일,충청북도 청주시 청원구 우암동,경상사고,0,0,1,0,차대차 - 기타,교차로운행방법위반,건조,맑음,교차로 - 교차로안,승용,여,53세,상해없음,승용,남,47세,경상
2015082400100341,2015년 8월 24일 15시,월요일,충청북도 청주시 흥덕구 강내면,경상사고,0,0,1,0,차대차 - 기타,안전운전불이행,건조,맑음,교차로 - 교차로부근,승용,남,23세,상해없음,승용,남,53세,경상
2015082400100342,2015년 8월 24일 15시,월요일,충청북도 청주시 상당구 서문동,경상사고,0,0,1,0,차대차 - 측면직각충돌,안전운전불이행,건조,맑음,교차로 - 교차로안,화물,남,30세,상해없음,자전거,남,66세,경상
2015082400100414,2015년 8월 24일 17시,월요일,충청북도 청주시 흥덕구 송정동,부상신고사고,0,0,0,1,차대차 - 기타,안전운전불이행,건조,맑음,단일로 - 기타,이륜,남,76세,부상신고,화물,남,47세,상해없음
2015082400100415,2015년 8월 24일 17시,월요일,충청북도 청주시 서원구 성화동,중상사고,0,1,0,0,차대차 - 기타,교차로운행방법위반,건조,맑음,교차로 - 교차로안,승용,남,60세,상해없음,이륜,남,24세,중상
2015082400100454,2015년 8월 24일 18시,월요일,충청북도 음성군 음성읍,중상사고,0,3,2,1,차대차 - 측면직각충돌,교차로운행방법위반,건조,맑음,교차로 - 교차로안,승용,남,70세,부상신고,승합,남,49세,중상
2015082400100488,2015년 8월 24일 19시,월요일,충청북도 증평군 증평읍,경상사고,0,0,1,0,차대차 - 측면직각충돌,교차로운행방법위반,건조,맑음,교차로 - 교차로안,화물,남,61세,상해없음,화물,남,52세,경상
2015082400100489,2015년 8월 24일 19시,월요일,충청북도 음성군 맹동면,중상사고,0,1,0,0,차대차 - 측면직각충돌,안전운전불이행,건조,맑음,단일로 - 기타,승용,남,34세,상해없음,농기계,남,60세,중상
2015082400100490,2015년 8월 24일 19시,월요일,충청북도 청주시 서원구 산남동,경상사고,0,0,1,0,차대차 - 기타,안전운전불이행,건조,맑음,교차로 - 교차로부근,승용,남,54세,상해없음,승용,여,41세,경상
2015082400100491,2015년 8월 24일 19시,월요일,충청북도 청주시 서원구 산남동,중상사고,0,1,0,0,차대차 - 기타,교차로운행방법위반,건조,맑음,교차로 - 교차로안,승용,남,33세,상해없음,원동기,남,24세,중상
2015082400100530,2015년 8월 24일 20시,월요일,충청북도 청주시 청원구 오창읍,경상사고,0,0,1,0,차대차 - 기타,안전운전불이행,건조,맑음,교차로 - 교차로안,승용,여,39세,상해없음,승용,여,38세,경상
2015082400100531,2015년 8월 24일 20시,월요일,충청북도 청주시 상당구 용암동,중상사고,0,1,0,0,차대사람 - 기타,보행자보호의무위반,건조,맑음,교차로 - 교차로안,승용,남,23세,상해없음,보행자,남,48세,중상
2015082400100614,2015년 8월 24일 23시,월요일,충청북도 청주시 흥덕구 복대동,경상사고,0,0,1,0,차대차 - 기타,신호위반,건조,맑음,교차로 - 교차로안,화물,남,64세,상해없음,승합,여,55세,경상
2015082500100012,2015년 8월 25일 00시,화요일,충청북도 제천시 장락동,중상사고,0,1,1,0,차대차 - 측면직각충돌,불법유턴,건조,맑음,교차로 - 교차로부근,승용,남,45세,상해없음,승용,남,50세,상해없음
2015082500100035,2015년 8월 25일 01시,화요일,충청북도 충주시 성남동,경상사고,0,0,1,0,차대차 - 추돌 - 진행중,교차로운행방법위반,건조,맑음,교차로 - 교차로안,승용,남,54세,상해없음,원동기,남,47세,경상
2015082500100036,2015년 8월 25일 01시,화요일,충청북도 진천군 초평면,중상사고,0,1,0,0,차대차 - 측면직각충돌,신호위반,건조,맑음,교차로 - 교차로안,승합,남,37세,상해없음,화물,남,57세,중상
2015082500100037,2015년 8월 25일 01시,화요일,충청북도 청주시 상당구 금천동,중상사고,0,1,0,0,차대사람 - 횡단중,보행자보호의무위반,습기,비,교차로 - 교차로안,승용,남,59세,상해없음,보행자,여,18세,중상
2015082500100139,2015년 8월 25일 08시,화요일,충청북도 영동군 영동읍,중상사고,0,1,0,0,차대사람 - 횡단중,보행자보호의무위반,건조,맑음,단일로 - 기타,승용,여,34세,상해없음,보행자,남,53세,중상
2015082500100170,2015년 8월 25일 09시,화요일,충청북도 청주시 청원구 율량동,경상사고,0,0,1,0,차대차 - 추돌 - 주정차중,안전운전불이행,습기,비,교차로 - 교차로부근,승용,남,46세,상해없음,승용,여,40세,경상
2015082500100171,2015년 8월 25일 09시,화요일,충청북도 충주시 단월동,중상사고,0,2,2,1,차대차 - 추돌 - 진행중,안전운전불이행,습기,비,단일로 - 기타,화물,남,57세,경상,승용,남,78세,중상
2015082500100203,2015년 8월 25일 10시,화요일,충청북도 충주시 봉방동,경상사고,0,0,1,0,차대차 - 측면직각충돌,안전운전불이행,습기,비,교차로 - 교차로안,승용,여,44세,상해없음,승용,남,41세,경상
2015082500100204,2015년 8월 25일 10시,화요일,충청북도 제천시 영천동,중상사고,0,1,0,0,차대차 - 추돌 - 진행중,안전운전불이행,습기,비,교차로 - 교차로부근,승용,남,42세,상해없음,승용,남,53세,중상
2015082500100236,2015년 8월 25일 11시,화요일,충청북도 제천시 서부동,경상사고,0,0,3,0,차대차 - 추돌 - 진행중,안전거리미확보,건조,흐림,교차로 - 교차로안,승용,여,33세,상해없음,승용,남,29세,경상
2015082500100296,2015년 8월 25일 13시,화요일,충청북도 옥천군 동이면,중상사고,0,2,0,1,차대차 - 정면충돌,중앙선침범,습기,비,단일로 - 기타,승용,남,27세,부상신고,화물,남,64세,중상
2015082500100297,2015년 8월 25일 13시,화요일,충청북도 단양군 매포읍,중상사고,0,3,1,0,차량단독 - 공작물충돌,안전운전불이행,습기,비,단일로 - 기타,승합,남,54세,상해없음,,,,
2015082500100298,2015년 8월 25일 13시,화요일,충청북도 청주시 상당구 금천동,경상사고,0,0,1,0,차대차 - 기타,안전운전불이행,습기,비,단일로 - 기타,승용,여,56세,기타불명,승용,여,50세,경상
2015082500100299,2015년 8월 25일 13시,화요일,충청북도 청주시 상당구 용암동,경상사고,0,0,2,0,차대차 - 기타,안전운전불이행,습기,비,교차로 - 교차로부근,승용,여,56세,기타불명,승용,남,57세,상해없음
2015082500100329,2015년 8월 25일 14시,화요일,충청북도 청주시 서원구 분평동,경상사고,0,0,1,1,차대차 - 기타,안전거리미확보,건조,맑음,교차로 - 교차로부근,승합,남,60세,상해없음,승용,남,28세,경상
2015082500100330,2015년 8월 25일 14시,화요일,충청북도 청주시 상당구 영운동,경상사고,0,0,1,0,차대차 - 측면직각충돌,안전운전불이행,습기,비,교차로 - 교차로부근,승합,남,58세,상해없음,승용,여,45세,경상
2015082500100364,2015년 8월 25일 15시,화요일,충청북도 단양군 매포읍,경상사고,0,0,1,0,차량단독 - 공작물충돌,안전운전불이행,습기,비,단일로 - 기타,승용,남,35세,상해없음,,,,
2015082500100495,2015년 8월 25일 18시,화요일,충청북도 충주시 연수동,중상사고,0,1,0,0,차대차 - 기타,안전운전불이행,습기,비,교차로 - 교차로부근,승용,여,45세,상해없음,이륜,남,18세,중상
2015082500100496,2015년 8월 25일 18시,화요일,충청북도 음성군 감곡면,경상사고,0,0,1,0,차대차 - 측면직각충돌,교차로운행방법위반,건조,맑음,교차로 - 교차로안,승용,남,62세,상해없음,화물,남,43세,상해없음
2015082500100533,2015년 8월 25일 19시,화요일,충청북도 청주시 서원구 사직동,경상사고,0,0,1,0,차량단독 - 기타,기타,습기,비,단일로 - 기타,승합,남,48세,상해없음,,,,
2015082500100534,2015년 8월 25일 19시,화요일,충청북도 충주시 성서동,경상사고,0,0,1,0,차대사람 - 횡단중,신호위반,건조,맑음,교차로 - 교차로부근,이륜,남,20세,상해없음,보행자,남,61세,경상
2015082500100535,2015년 8월 25일 19시,화요일,충청북도 충주시 교현동,경상사고,0,0,1,0,차대차 - 측면직각충돌,안전운전불이행,건조,맑음,단일로 - 기타,승용,남,53세,기타불명,승용,남,50세,경상
2015082500100537,2015년 8월 25일 19시,화요일,충청북도 청주시 흥덕구 강서동,중상사고,0,1,0,0,차대사람 - 횡단중,안전운전불이행,건조,맑음,단일로 - 기타,승합,남,61세,상해없음,보행자,남,44세,중상
2015082500100585,2015년 8월 25일 20시,화요일,충청북도 청주시 청원구 우암동,경상사고,0,0,1,0,차대차 - 측면직각충돌,안전운전불이행,습기,비,교차로 - 교차로부근,승용,여,44세,상해없음,승합,남,46세,경상
2015082500100586,2015년 8월 25일 20시,화요일,충청북도 음성군 대소면,중상사고,0,1,4,0,차대차 - 추돌 - 주정차중,안전거리미확보,습기,비,교차로 - 교차로부근,승용,남,43세,상해없음,승용,여,29세,경상
2015082500100636,2015년 8월 25일 21시,화요일,충청북도 청주시 서원구 사직동,경상사고,0,0,1,0,차대차 - 추돌 - 주정차중,안전운전불이행,습기,흐림,교차로 - 교차로안,승용,남,53세,상해없음,승용,남,38세,경상
2015082500100667,2015년 8월 25일 22시,화요일,충청북도 청주시 청원구 오창읍,중상사고,0,2,0,0,차량단독 - 공작물충돌,안전운전불이행,습기,흐림,단일로 - 기타,승용,남,40세,중상,,,,
2015082500100668,2015년 8월 25일 22시,화요일,충청북도 음성군 대소면,중상사고,0,2,1,0,차대차 - 측면직각충돌,교차로운행방법위반,습기,흐림,교차로 - 교차로안,승용,여,55세,경상,승용,남,40세,상해없음
2015082500100669,2015년 8월 25일 22시,화요일,충청북도 청주시 흥덕구 복대동,경상사고,0,0,2,0,차대차 - 측면직각충돌,교차로운행방법위반,건조,맑음,교차로 - 교차로안,승용,남,32세,상해없음,승용,남,54세,경상
2015082600100018,2015년 8월 26일 00시,수요일,충청북도 청주시 흥덕구 봉명동,경상사고,0,0,2,0,차대사람 - 기타,안전운전불이행,건조,맑음,교차로 - 교차로안,승용,남,34세,상해없음,보행자,남,24세,경상
2015082600100068,2015년 8월 26일 05시,수요일,충청북도 충주시 문화동,경상사고,0,0,2,0,차대차 - 측면직각충돌,안전운전불이행,건조,맑음,교차로 - 교차로부근,승용,남,52세,상해없음,승용,남,55세,경상
2015082600100096,2015년 8월 26일 07시,수요일,충청북도 청주시 상당구 금천동,중상사고,0,1,1,0,차대차 - 추돌 - 진행중,안전운전불이행,건조,맑음,교차로 - 교차로안,승용,남,45세,경상,승용,남,53세,중상
2015082600100126,2015년 8월 26일 08시,수요일,충청북도 청주시 청원구 주중동,경상사고,0,0,2,0,차대차 - 기타,안전운전불이행,건조,맑음,단일로 - 기타,승용,여,48세,기타불명,승용,남,33세,경상
2015082600100127,2015년 8월 26일 08시,수요일,충청북도 청주시 청원구 율량동,중상사고,0,1,0,0,차대차 - 기타,안전운전불이행,건조,맑음,단일로 - 기타,승용,남,57세,상해없음,승용,남,31세,중상
2015082600100236,2015년 8월 26일 11시,수요일,충청북도 진천군 백곡면,중상사고,0,1,0,0,차량단독 - 기타,안전운전불이행,기타,맑음,기타 - 기타,농기계,남,71세,중상,,,,
2015082600100237,2015년 8월 26일 11시,수요일,충청북도 청주시 흥덕구 복대동,경상사고,0,0,1,0,차대차 - 추돌 - 진행중,안전운전불이행,건조,맑음,교차로 - 교차로안,승용,남,60세,상해없음,자전거,남,27세,경상
2015082600100269,2015년 8월 26일 12시,수요일,충청북도 증평군 증평읍,경상사고,0,0,2,0,차대차 - 정면충돌,신호위반,건조,맑음,교차로 - 교차로안,승용,여,47세,경상,승용,남,52세,경상
2015082600100296,2015년 8월 26일 13시,수요일,충청북도 청주시 청원구 정하동,중상사고,0,1,0,0,차대차 - 측면직각충돌,안전운전불이행,건조,맑음,교차로 - 교차로안,승용,남,40세,상해없음,자전거,남,76세,중상
2015082600100297,2015년 8월 26일 13시,수요일,충청북도 청주시 서원구 남이면,경상사고,0,0,2,0,차대차 - 추돌 - 주정차중,안전운전불이행,건조,맑음,교차로 - 교차로부근,승용,남,42세,상해없음,화물,남,44세,경상
2015082600100362,2015년 8월 26일 15시,수요일,충청북도 음성군 금왕읍,경상사고,0,0,5,0,차대차 - 측면직각충돌,교차로운행방법위반,건조,맑음,교차로 - 교차로안,화물,남,48세,경상,화물,남,55세,경상
2015082600100403,2015년 8월 26일 16시,수요일,충청북도 청주시 흥덕구 봉명동,중상사고,0,1,0,0,차대차 - 측면직각충돌,신호위반,건조,맑음,교차로 - 교차로부근,화물,남,54세,상해없음,승용,남,26세,중상
2015082600100442,2015년 8월 26일 17시,수요일,충청북도 제천시 봉양읍,경상사고,0,0,1,0,차대차 - 측면직각충돌,중앙선침범,건조,맑음,단일로 - 기타,승용,여,35세,상해없음,화물,남,50세,경상
2015082600100538,2015년 8월 26일 19시,수요일,충청북도 청주시 청원구 사천동,부상신고사고,0,0,0,1,차대차 - 기타,안전운전불이행,건조,맑음,단일로 - 기타,자전거,남,13세,부상신고,승용,남,23세,상해없음
2015082600100539,2015년 8월 26일 19시,수요일,충청북도 영동군 영동읍,중상사고,0,1,0,0,차대사람 - 기타,안전운전불이행,건조,맑음,교차로 - 교차로안,승용,여,54세,상해없음,보행자,남,63세,중상