사고번호,사고일시,요일,시군구,사고내용,사망자수,중상자수,경상자수,부상신고자수,사고유형,법규위반,노면상태,기상상태,도로형태,가해운전자 차종,가해운전자 성별,가해운전자 연령,가해운전자 상해정도,피해운전자 차종,피해운전자 성별,피해운전자 연령,피해운전자 상해정도
2015090400100539,2015년 9월 4일 19시,금요일,충청북도 옥천군 동이면,경상사고,0,0,1,0,차대차 - 측면직각충돌,교차로운행방법위반,건조,맑음,교차로 - 교차로안,승용,남,20세,상해없음,승용,남,34세,경상
2015090400100540,2015년 9월 4일 19시,금요일,충청북도 청주시 상당구 지북동,중상사고,0,1,1,0,차대차 - 기타,신호위반,건조,맑음,교차로 - 교차로안,승용,여,30세,상해없음,승용,남,56세,경상
2015090400100590,2015년 9월 4일 20시,금요일,충청북도 증평군 증평읍,중상사고,0,1,0,0,차대차 - 추돌 - 진행중,안전운전불이행,건조,맑음,단일로 - 기타,승용,남,34세,상해없음,승용,남,39세,중상
2015090400100591,2015년 9월 4일 20시,금요일,충청북도 청주시 흥덕구 송정동,경상사고,0,0,2,0,차대차 - 측면직각충돌,교차로운행방법위반,건조,맑음,교차로 - 교차로안,승용,남,23세,경상,승용,남,45세,경상
2015090400100592,2015년 9월 4일 20시,금요일,충청북도 진천군 진천읍,경상사고,0,0,1,0,차대차 - 추돌 - 진행중,안전운전불이행,건조,맑음,단일로 - 기타,화물,남,41세,상해없음,승용,남,27세,경상
2015090400100652,2015년 9월 4일 22시,금요일,충청북도 청주시 청원구 오창읍,경상사고,0,0,3,0,차대차 - 기타,신호위반,건조,맑음,교차로 - 교차로안,승용,남,25세,경상,승용,여,47세,경상
2015090400100653,2015년 9월 4일 22시,금요일,충청북도 청주시 흥덕구 봉명동,중상사고,0,1,2,0,차대사람 - 길가장자리구역통행중,안전운전불이행,건조,맑음,단일로 - 기타,승용,남,27세,상해없음,보행자,남,35세,경상
2015090400100688,2015년 9월 4일 23시,금요일,충청북도 충주시 용산동,부상신고사고,0,0,0,1,차대차 - 추돌 - 주정차중,안전운전불이행,건조,맑음,단일로 - 기타,이륜,남,45세,부상신고,특수,남,34세,기타불명
2015090400100689,2015년 9월 4일 23시,금요일,충청북도 진천군 문백면,경상사고,0,0,1,0,차대차 - 추돌 - 주정차중,안전운전불이행,건조,기타,단일로 - 기타,승용,남,45세,경상,화물,남,43세,상해없음
2015090400100690,2015년 9월 4일 23시,금요일,충청북도 청주시 흥덕구 복대동,중상사고,0,1,0,0,차대사람 - 길가장자리구역통행중,안전운전불이행,건조,맑음,단일로 - 기타,기타불명,기타불명,기타불명,기타불명,보행자,남,30세,중상
2015090500100009,2015년 9월 5일 00시,토요일,충청북도 청주시 흥덕구 가경동,경상사고,0,0,3,0,차대차 - 기타,신호위반,건조,맑음,교차로 - 교차로안,승용,남,18세,경상,승용,남,23세,경상
2015090500100010,2015년 9월 5일 00시,토요일,충청북도 청주시 서원구 개신동,경상사고,0,0,1,0,차대차 - 추돌 - 진행중,안전운전불이행,건조,맑음,단일로 - 기타,승용,여,49세,상해없음,승용,여,44세,경상
2015090500100011,2015년 9월 5일 00시,토요일,충청북도 청주시 상당구 용암동,중상사고,0,1,0,0,차량단독 - 공작물충돌,중앙선침범,건조,맑음,단일로 - 기타,승용,여,33세,중상,,,,
2015090500100057,2015년 9월 5일 02시,토요일,충청북도 청주시 청원구 율량동,경상사고,0,0,1,0,차량단독 - 공작물충돌,안전운전불이행,건조,맑음,단일로 - 기타,승용,남,59세,경상,,,,
2015090500100058,2015년 9월 5일 02시,토요일,충청북도 증평군 도안면,중상사고,0,1,0,0,차대차 - 측면직각충돌,신호위반,건조,맑음,교차로 - 교차로안,승용,남,45세,상해없음,승용,남,37세,중상
2015090500100086,2015년 9월 5일 04시,토요일,충청북도 충주시 단월동,경상사고,0,0,1,0,차대차 - 추돌 - 진행중,신호위반,건조,맑음,교차로 - 교차로안,승용,남,59세,상해없음,승용,남,60세,경상
2015090500100135,2015년 9월 5일 07시,토요일,충청북도 진천군 진천읍,경상사고,0,0,1,0,차대차 - 기타,교차로운행방법위반,건조,맑음,교차로 - 교차로안,승용,여,37세,상해없음,원동기,여,58세,경상
2015090500100136,2015년 9월 5일 07시,토요일,충청북도 영동군 용산면,경상사고,0,0,1,0,차대차 - 기타,안전운전불이행,건조,흐림,단일로 - 기타,화물,남,42세,기타불명,승합,남,38세,상해없음
2015090500100151,2015년 9월 5일 08시,토요일,충청북도 옥천군 옥천읍,중상사고,0,1,0,0,차대차 - 기타,안전운전불이행,건조,맑음,단일로 - 기타,승용,남,27세,상해없음,이륜,남,69세,중상
2015090500100185,2015년 9월 5일 09시,토요일,충청북도 진천군 문백면,경상사고,0,0,1,0,차대차 - 기타,교차로운행방법위반,기타,맑음,기타 - 기타,승용,남,45세,상해없음,이륜,남,65세,경상
2015090500100247,2015년 9월 5일 11시,토요일,충청북도 충주시 단월동,중상사고,0,2,0,0,차대차 - 측면직각충돌,안전운전불이행,건조,맑음,단일로 - 기타,화물,남,37세,상해없음,승용,남,71세,중상
2015090500100248,2015년 9월 5일 11시,토요일,충청북도 청주시 흥덕구 복대동,경상사고,0,0,2,0,차대차 - 기타,불법유턴,건조,맑음,단일로 - 기타,화물,남,54세,상해없음,승용,여,37세,경상
2015090500100282,2015년 9월 5일 12시,토요일,충청북도 증평군 도안면,중상사고,0,1,0,0,차대차 - 측면직각충돌,교차로운행방법위반,건조,흐림,교차로 - 교차로안,승용,남,23세,상해없음,승용,남,31세,중상
2015090500100283,2015년 9월 5일 12시,토요일,충청북도 단양군 매포읍,경상사고,0,0,1,0,차대차 - 추돌 - 진행중,안전거리미확보,건조,흐림,단일로 - 기타,화물,남,46세,상해없음,승용,여,49세,경상
2015090500100326,2015년 9월 5일 13시,토요일,충청북도 청주시 서원구 사직동,경상사고,0,0,1,0,차대차 - 기타,안전운전불이행,습기,맑음,교차로 - 교차로부근,승용,여,44세,상해없음,이륜,남,38세,경상
2015090500100327,2015년 9월 5일 13시,토요일,충청북도 청주시 흥덕구 가경동,경상사고,0,0,1,0,차대사람 - 횡단중,보행자보호의무위반,습기,비,단일로 - 횡단보도상,승용,남,65세,상해없음,보행자,여,12세,경상
2015090500100328,2015년 9월 5일 13시,토요일,충청북도 청주시 흥덕구 정봉동,경상사고,0,0,5,0,차대차 - 측면직각충돌,직진우회전진행방해,건조,맑음,교차로 - 교차로안,화물,남,55세,상해없음,승용,남,36세,경상
2015090500100359,2015년 9월 5일 14시,토요일,충청북도 청주시 청원구 내수읍,경상사고,0,0,1,0,차대차 - 측면직각충돌,교차로운행방법위반,습기,비,교차로 - 교차로안,승용,남,38세,경상,승용,여,58세,상해없음
2015090500100360,2015년 9월 5일 14시,토요일,충청북도 진천군 진천읍,경상사고,0,0,1,0,차대차 - 측면직각충돌,교차로운행방법위반,건조,맑음,교차로 - 교차로안,승용,남,55세,상해없음,화물,남,45세,경상
2015090500100361,2015년 9월 5일 14시,토요일,충청북도 청주시 흥덕구 비하동,중상사고,0,1,0,0,차대차 - 기타,안전운전불이행,습기,비,교차로 - 교차로안,승용,여,38세,상해없음,이륜,남,44세,중상
2015090500100362,2015년 9월 5일 14시,토요일,충청북도 청주시 흥덕구 가경동,경상사고,0,0,1,0,차대사람 - 기타,기타,건조,맑음,기타 - 기타,자전거,남,10세,기타불명,보행자,여,23세,경상
2015090500100363,2015년 9월 5일 14시,토요일,충청북도 청주시 서원구 분평동,경상사고,0,0,1,0,차대사람 - 횡단중,안전운전불이행,건조,맑음,교차로 - 교차로안,승용,남,57세,상해없음,보행자,여,21세,경상
2015090500100365,2015년 9월 5일 14시,토요일,충청북도 청주시 흥덕구 옥산면,중상사고,0,1,0,0,차대차 - 추돌 - 진행중,안전운전불이행,습기,비,단일로 - 기타,승용,남,64세,상해없음,승용,남,36세,중상
2015090500100402,2015년 9월 5일 15시,토요일,충청북도 청주시 청원구 오창읍,경상사고,0,0,2,0,차대차 - 측면직각충돌,중앙선침범,습기,비,교차로 - 교차로안,승용,남,54세,상해없음,승용,남,46세,경상
2015090500100403,2015년 9월 5일 15시,토요일,충청북도 청주시 흥덕구 오송읍,중상사고,0,1,1,0,차대차 - 기타,직진우회전진행방해,습기,비,교차로 - 교차로안,승용,여,47세,상해없음,승용,여,45세,중상
2015090500100404,2015년 9월 5일 15시,토요일,충청북도 청주시 상당구 남문로2가동,경상사고,0,0,1,0,차대차 - 측면직각충돌,안전운전불이행,습기,흐림,단일로 - 기타,승용,여,55세,상해없음,승용,남,38세,경상
2015090500100438,2015년 9월 5일 16시,토요일,충청북도 보은군 삼승면,경상사고,0,0,2,0,차대차 - 측면직각충돌,안전운전불이행,습기,비,교차로 - 교차로부근,승용,남,42세,상해없음,승용,남,43세,경상
2015090500100439,2015년 9월 5일 16시,토요일,충청북도 단양군 매포읍,경상사고,0,0,4,0,차대차 - 추돌 - 주정차중,안전거리미확보,습기,비,단일로 - 기타,승합,남,59세,상해없음,승합,남,38세,경상
2015090500100470,2015년 9월 5일 17시,토요일,충청북도 충주시 칠금동,중상사고,0,1,0,0,차대차 - 측면직각충돌,안전운전불이행,습기,비,단일로 - 횡단보도상,원동기,남,31세,상해없음,자전거,남,86세,중상
2015090500100471,2015년 9월 5일 17시,토요일,충청북도 청주시 흥덕구 복대동,중상사고,0,1,1,0,차대차 - 측면직각충돌,신호위반,건조,맑음,교차로 - 교차로부근,기타불명,기타불명,기타불명,기타불명,승용,남,36세,경상
2015090500100512,2015년 9월 5일 18시,토요일,충청북도 청주시 청원구 내덕동,경상사고,0,0,1,0,차대차 - 기타,안전운전불이행,건조,맑음,교차로 - 교차로부근,승용,남,68세,상해없음,원동기,남,32세,경상
2015090500100513,2015년 9월 5일 18시,토요일,충청북도 청주시 흥덕구 운천동,경상사고,0,0,1,0,차대차 - 측면직각충돌,중앙선침범,건조,맑음,단일로 - 기타,승용,여,59세,상해없음,승용,남,33세,상해없음
2015090500100555,2015년 9월 5일 19시,토요일,충청북도 진천군 문백면,경상사고,0,0,1,0,차대차 - 기타,안전거리미확보,기타,맑음,기타 - 기타,승용,남,65세,상해없음,농기계,남,56세,경상
2015090500100556,2015년 9월 5일 19시,토요일,충청북도 청주시 서원구 모충동,경상사고,0,0,1,0,차대차 - 측면직각충돌,교차로운행방법위반,건조,맑음,교차로 - 교차로안,원동기,남,65세,경상,승용,남,55세,상해없음
2015090500100601,2015년 9월 5일 20시,토요일,충청북도 청주시 흥덕구 오송읍,중상사고,0,1,0,0,차대사람 - 횡단중,안전운전불이행,건조,맑음,단일로 - 기타,승용,남,24세,상해없음,보행자,남,61세,중상
2015090600100068,2015년 9월 6일 03시,일요일,충청북도 제천시 청전동,중상사고,0,1,0,0,차대사람 - 기타,안전운전불이행,건조,맑음,교차로 - 교차로안,승용,여,50세,상해없음,보행자,남,42세,중상
2015090600100097,2015년 9월 6일 05시,일요일,충청북도 청주시 상당구 명암동,중상사고,0,1,0,0,차대차 - 기타,안전운전불이행,건조,맑음,단일로 - 기타,승용,남,63세,상해없음,자전거,남,73세,중상
2015090600100110,2015년 9월 6일 06시,일요일,충청북도 청주시 청원구 율량동,경상사고,0,0,1,0,차대차 - 추돌 - 진행중,안전운전불이행,건조,맑음,단일로 - 터널,승용,남,27세,상해없음,승용,남,29세,경상
2015090600100111,2015년 9월 6일 06시,일요일,충청북도 청주시 흥덕구 복대동,경상사고,0,0,1,0,차대차 - 측면직각충돌,교차로운행방법위반,건조,맑음,교차로 - 교차로안,화물,여,45세,상해없음,화물,남,61세,경상
2015090600100121,2015년 9월 6일 07시,일요일,충청북도 청주시 청원구 율량동,경상사고,0,0,1,0,차량단독 - 공작물충돌,안전운전불이행,건조,맑음,단일로 - 기타,승용,여,20세,경상,,,,
2015090600100146,2015년 9월 6일 09시,일요일,충청북도 제천시 화산동,중상사고,0,1,0,0,차대사람 - 기타,보행자보호의무위반,건조,맑음,단일로 - 횡단보도상,승용,남,26세,상해없음,보행자,남,60세,중상
2015090600100147,2015년 9월 6일 09시,일요일,충청북도 청주시 흥덕구 가경동,중상사고,0,1,0,0,차대사람 - 횡단중,보행자보호의무위반,건조,흐림,단일로 - 기타,승용,남,64세,상해없음,보행자,여,23세,중상
2015090600100167,2015년 9월 6일 10시,일요일,충청북도 청주시 흥덕구 가경동,중상사고,0,1,2,0,차대차 - 기타,불법유턴,건조,맑음,교차로 - 교차로안,승용,남,63세,경상,승용,여,28세,중상
2015090600100212,2015년 9월 6일 12시,일요일,충청북도 제천시 청풍면,중상사고,0,1,2,0,차대차 - 측면직각충돌,중앙선침범,건조,맑음,단일로 - 기타,화물,남,78세,상해없음,승용,남,42세,경상
2015090600100272,2015년 9월 6일 14시,일요일,충청북도 충주시 중앙탑면,부상신고사고,0,0,0,1,차대차 - 기타,신호위반,건조,맑음,교차로 - 교차로안,원동기,남,75세,부상신고,승합,남,52세,상해없음
2015090600100304,2015년 9월 6일 15시,일요일,충청북도 음성군 음성읍,경상사고,0,0,2,0,차대차 - 추돌 - 주정차중,안전운전불이행,건조,맑음,교차로 - 교차로부근,승용,남,45세,상해없음,승용,남,53세,경상
2015090600100305,2015년 9월 6일 15시,일요일,충청북도 청주시 상당구 남문로1가동,경상사고,0,0,1,0,차대차 - 기타,안전운전불이행,건조,맑음,교차로 - 교차로안,승용,남,78세,상해없음,승용,남,57세,경상
2015090600100376,2015년 9월 6일 17시,일요일,충청북도 진천군 진천읍,중상사고,0,1,0,0,차대차 - 기타,안전운전불이행,건조,맑음,단일로 - 기타,승용,남,65세,중상,승합,남,68세,기타불명
2015090600100377,2015년 9월 6일 17시,일요일,충청북도 청주시 흥덕구 가경동,중상사고,0,1,0,0,차대차 - 측면직각충돌,교차로운행방법위반,건조,맑음,교차로 - 교차로안,승용,남,28세,상해없음,원동기,남,62세,중상
2015090600100402,2015년 9월 6일 18시,일요일,충청북도 제천시 백운면,중상사고,0,1,1,0,차대차 - 기타,중앙선침범,건조,맑음,단일로 - 기타,승합,남,43세,상해없음,화물,남,61세,중상
2015090600100436,2015년 9월 6일 19시,일요일,충청북도 충주시 호암동,경상사고,0,0,4,0,차대차 - 기타,신호위반,건조,맑음,교차로 - 교차로안,승용,남,61세,상해없음,승용,남,28세,경상
2015090600100437,2015년 9월 6일 19시,일요일,충청북도 옥천군 옥천읍,중상사고,0,1,0,0,차대차 - 기타,신호위반,건조,맑음,교차로 - 교차로안,화물,남,47세,상해없음,원동기,여,52세,중상
2015090600100498,2015년 9월 6일 21시,일요일,충청북도 충주시 주덕읍,경상사고,0,0,1,1,차대차 - 기타,신호위반,건조,맑음,교차로 - 교차로안,승용,여,51세,상해없음,승용,여,51세,경상
2015090700100012,2015년 9월 7일 00시,월요일,충청북도 청주시 흥덕구 복대동,경상사고,0,0,2,0,차대차 - 추돌 - 진행중,안전운전불이행,건조,맑음,단일로 - 기타,승용,남,64세,상해없음,기타불명,기타불명,기타불명,기타불명
2015090700100026,2015년 9월 7일 01시,월요일,충청북도 음성군 삼성면,중상사고,0,2,0,0,차량단독 - 공작물충돌,안전운전불이행,건조,맑음,단일로 - 기타,승용,남,28세,중상,,,,
2015090700100027,2015년 9월 7일 01시,월요일,충청북도 청주시 흥덕구 봉명동,경상사고,0,0,2,0,차대차 - 추돌 - 진행중,안전운전불이행,건조,맑음,교차로 - 교차로부근,승용,남,22세,상해없음,승용,여,33세,경상
2015090700100089,2015년 9월 7일 07시,월요일,충청북도 청주시 흥덕구 송정동,경상사고,0,0,1,0,차대차 - 추돌 - 진행중,안전운전불이행,건조,맑음,교차로 - 교차로부근,승용,남,31세,상해없음,화물,남,55세,경상
2015090700100090,2015년 9월 7일 07시,월요일,충청북도 청주시 흥덕구 복대동,경상사고,0,0,3,0,차대차 - 측면직각충돌,안전거리미확보,건조,맑음,단일로 - 기타,화물,남,51세,경상,승용,남,48세,경상
2015090700100136,2015년 9월 7일 08시,월요일,충청북도 음성군 대소면,중상사고,0,2,0,0,차대차 - 추돌 - 주정차중,안전운전불이행,건조,맑음,단일로 - 기타,승용,여,58세,상해없음,원동기,남,49세,중상
2015090700100137,2015년 9월 7일 08시,월요일,충청북도 청주시 흥덕구 복대동,경상사고,0,0,1,0,차대차 - 기타,중앙선침범,건조,맑음,단일로 - 기타,승용,남,28세,상해없음,자전거,남,21세,경상
2015090700100138,2015년 9월 7일 08시,월요일,충청북도 청주시 흥덕구 복대동,경상사고,0,0,1,0,차대차 - 추돌 - 주정차중,안전운전불이행,건조,맑음,교차로 - 교차로안,원동기,남,18세,기타불명,승용,여,43세,경상
2015090700100218,2015년 9월 7일 10시,월요일,충청북도 음성군 원남면,중상사고,0,2,0,0,차대차 - 추돌 - 주정차중,안전운전불이행,건조,맑음,단일로 - 기타,화물,남,54세,상해없음,농기계,남,67세,중상
2015090700100219,2015년 9월 7일 10시,월요일,충청북도 청주시 흥덕구 정봉동,경상사고,0,0,1,0,차대차 - 기타,신호위반,건조,맑음,교차로 - 교차로안,승용,여,27세,상해없음,승용,남,65세,경상
2015090700100254,2015년 9월 7일 11시,월요일,충청북도 청주시 흥덕구 신봉동,중상사고,0,1,0,0,차대차 - 측면직각충돌,안전운전불이행,건조,맑음,단일로 - 기타,화물,남,24세,상해없음,자전거,남,73세,중상
2015090700100322,2015년 9월 7일 13시,월요일,충청북도 청주시 청원구 주중동,경상사고,0,0,1,0,차대차 - 추돌 - 진행중,안전운전불이행,건조,맑음,단일로 - 횡단보도상,승용,남,30세,상해없음,화물,여,49세,경상
2015090700100323,2015년 9월 7일 13시,월요일,충청북도 괴산군 괴산읍,중상사고,0,1,0,0,차대차 - 기타,안전운전불이행,건조,맑음,단일로 - 기타,승용,여,46세,상해없음,원동기,남,48세,중상
2015090700100324,2015년 9월 7일 13시,월요일,충청북도 음성군 음성읍,사망사고,1,1,0,0,차량단독 - 공작물충돌,안전운전불이행,건조,맑음,단일로 - 기타,승합,남,55세,중상,,,,
2015090700100325,2015년 9월 7일 13시,월요일,충청북도 단양군 매포읍,경상사고,0,0,1,0,차대차 - 측면직각충돌,안전거리미확보,건조,맑음,단일로 - 기타,화물,남,48세,상해없음,승용,여,62세,경상
2015090700100360,2015년 9월 7일 14시,월요일,충청북도 제천시 서부동,경상사고,0,0,2,0,차대차 - 기타,직진우회전진행방해,건조,맑음,교차로 - 교차로안,이륜,남,71세,경상,화물,남,57세,상해없음
2015090700100361,2015년 9월 7일 14시,월요일,충청북도 영동군 황간면,경상사고,0,0,1,0,차량단독 - 도로외이탈 - 추락,안전운전불이행,건조,맑음,교차로 - 교차로부근,승용,남,39세,경상,,,,
2015090700100362,2015년 9월 7일 14시,월요일,충청북도 증평군 증평읍,경상사고,0,0,1,0,차대차 - 추돌 - 진행중,안전운전불이행,건조,맑음,단일로 - 기타,화물,남,40세,상해없음,승용,여,54세,경상
2015090700100413,2015년 9월 7일 15시,월요일,충청북도 청주시 흥덕구 복대동,경상사고,0,0,2,0,차대차 - 측면직각충돌,교차로운행방법위반,건조,맑음,교차로 - 교차로안,승용,여,42세,경상,화물,남,47세,경상
2015090700100451,2015년 9월 7일 16시,월요일,충청북도 충주시 문화동,부상신고사고,0,0,0,1,차대차 - 기타,직진우회전진행방해,건조,맑음,교차로 - 교차로안,이륜,여,71세,부상신고,승용,남,55세,상해없음
2015090700100452,2015년 9월 7일 16시,월요일,충청북도 충주시 봉방동,경상사고,0,0,1,0,차대차 - 기타,안전운전불이행,건조,맑음,교차로 - 교차로안,화물,남,46세,상해없음,승용,여,56세,경상
2015090700100503,2015년 9월 7일 17시,월요일,충청북도 청주시 흥덕구 봉명동,경상사고,0,0,1,0,차대차 - 추돌 - 진행중,안전운전불이행,건조,맑음,교차로 - 교차로안,건설기계,남,72세,상해없음,승용,남,32세,경상
2015090700100553,2015년 9월 7일 18시,월요일,충청북도 충주시 문화동,경상사고,0,0,1,0,차대차 - 기타,중앙선침범,건조,맑음,단일로 - 기타,승용,남,25세,상해없음,승용,여,40세,경상
2015090700100596,2015년 9월 7일 19시,월요일,충청북도 충주시 교현동,중상사고,0,1,0,0,차대차 - 기타,안전거리미확보,건조,맑음,단일로 - 기타,승용,여,41세,상해없음,이륜,남,33세,중상
2015090700100597,2015년 9월 7일 19시,월요일,충청북도 제천시 명동,경상사고,0,0,1,0,차대차 - 기타,안전거리미확보,건조,맑음,단일로 - 횡단보도부근,승용,여,43세,상해없음,승용,남,37세,상해없음
2015090700100640,2015년 9월 7일 20시,월요일,충청북도 괴산군 문광면,부상신고사고,0,0,0,1,차대차 - 정면충돌,안전운전불이행,건조,맑음,교차로 - 교차로안,승용,남,53세,부상신고,승용,남,35세,상해없음
2015090700100676,2015년 9월 7일 21시,월요일,충청북도 제천시 모산동,경상사고,0,0,1,0,차대사람 - 기타,불법유턴,건조,맑음,단일로 - 기타,승용,여,19세,상해없음,보행자,여,21세,경상
2015090700100700,2015년 9월 7일 22시,월요일,충청북도 청주시 상당구 용암동,경상사고,0,0,1,0,차대차 - 측면직각충돌,교차로운행방법위반,건조,맑음,교차로 - 교차로안,승용,남,44세,상해없음,승용,남,27세,경상
2015090700100719,2015년 9월 7일 23시,월요일,충청북도 청주시 상당구 용암동,경상사고,0,0,1,0,차대사람 - 기타,안전운전불이행,기타,기타,교차로 - 교차로부근,기타불명,기타불명,기타불명,기타불명,보행자,남,44세,경상
2015090800100012,2015년 9월 8일 00시,화요일,충청북도 청주시 청원구 내덕동,중상사고,0,1,0,0,차대사람 - 기타,안전운전불이행,건조,맑음,단일로 - 기타,승용,남,38세,상해없음,보행자,여,56세,중상
2015090800100029,2015년 9월 8일 01시,화요일,충청북도 음성군 금왕읍,경상사고,0,0,1,0,차대차 - 추돌 - 주정차중,안전운전불이행,건조,맑음,단일로 - 기타,승용,여,37세,상해없음,승용,남,31세,상해없음
2015090800100078,2015년 9월 8일 06시,화요일,충청북도 청주시 흥덕구 봉명동,경상사고,0,0,1,0,차대차 - 측면직각충돌,안전운전불이행,건조,맑음,교차로 - 교차로안,승용,남,59세,상해없음,승용,남,33세,경상
2015090800100147,2015년 9월 8일 08시,화요일,충청북도 청주시 청원구 율량동,중상사고,0,1,0,0,차대차 - 측면직각충돌,교차로운행방법위반,건조,맑음,교차로 - 교차로안,승용,남,27세,상해없음,원동기,여,70세,중상
2015090800100148,2015년 9월 8일 08시,화요일,충청북도 제천시 명동,경상사고,0,0,1,0,차대차 - 측면직각충돌,직진우회전진행방해,건조,맑음,교차로 - 교차로안,승용,여,41세,상해없음,승용,남,47세,경상
2015090800100149,2015년 9월 8일 08시,화요일,충청북도 청주시 흥덕구 비하동,중상사고,0,1,0,0,차대사람 - 기타,안전운전불이행,건조,맑음,단일로 - 기타,승용,남,51세,상해없음,보행자,남,12세,중상
2015090800100201,2015년 9월 8일 09시,화요일,충청북도 증평군 증평읍,중상사고,0,1,0,0,차대차 - 기타,불법유턴,건조,맑음,교차로 - 교차로안,승용,여,52세,상해없음,승용,여,34세,중상
2015090800100202,2015년 9월 8일 09시,화요일,충청북도 음성군 생극면,중상사고,0,2,0,0,차대차 - 기타,교차로운행방법위반,기타,맑음,교차로 - 교차로안,승용,여,60세,상해없음,승합,남,30세,상해없음
2015090800100203,2015년 9월 8일 09시,화요일,충청북도 청주시 서원구 사직동,경상사고,0,0,1,0,차대차 - 기타,안전운전불이행,건조,맑음,단일로 - 기타,승용,남,56세,상해없음,승용,남,56세,상해없음
2015090800100204,2015년 9월 8일 09시,화요일,충청북도 청주시 서원구 산남동,경상사고,0,0,1,0,차대차 - 기타,안전거리미확보,건조,맑음,단일로 - 기타,승용,남,48세,상해없음,승합,남,50세,상해없음
2015090800100314,2015년 9월 8일 12시,화요일,충청북도 청주시 흥덕구 복대동,중상사고,0,1,0,0,차대사람 - 기타,기타,건조,맑음,단일로 - 기타,승용,남,59세,기타불명,보행자,여,57세,중상
2015090800100418,2015년 9월 8일 15시,화요일,충청북도 청주시 청원구 내덕동,경상사고,0,0,1,0,차대차 - 추돌 - 진행중,안전운전불이행,건조,맑음,단일로 - 기타,승용,남,49세,상해없음,승용,여,55세,경상
2015090800100466,2015년 9월 8일 16시,화요일,충청북도 청주시 서원구 모충동,중상사고,0,1,1,0,차대차 - 측면직각충돌,교차로운행방법위반,건조,맑음,교차로 - 교차로안,승용,남,65세,경상,화물,남,37세,중상
2015090800100518,2015년 9월 8일 17시,화요일,충청북도 청주시 청원구 율량동,경상사고,0,0,2,0,차대차 - 추돌 - 주정차중,안전운전불이행,건조,맑음,단일로 - 기타,승합,남,60세,상해없음,승용,여,24세,경상
2015090800100519,2015년 9월 8일 17시,화요일,충청북도 음성군 금왕읍,중상사고,0,1,0,0,차대차 - 측면직각충돌,안전운전불이행,건조,맑음,단일로 - 기타,승용,남,54세,상해없음,승용,여,51세,중상
2015090800100520,2015년 9월 8일 17시,화요일,충청북도 괴산군 연풍면,경상사고,0,0,3,0,차대차 - 추돌 - 주정차중,안전운전불이행,건조,맑음,단일로 - 기타,화물,남,26세,상해없음,승합,남,37세,경상
2015090800100616,2015년 9월 8일 19시,화요일,충청북도 청주시 흥덕구 송정동,경상사고,0,0,1,0,차대차 - 기타,안전운전불이행,건조,맑음,교차로 - 교차로부근,승용,남,24세,상해없음,화물,남,59세,경상
2015090800100617,2015년 9월 8일 19시,화요일,충청북도 청주시 서원구 남이면,중상사고,0,1,0,0,차대사람 - 기타,안전운전불이행,건조,맑음,기타 - 기타,승용,남,47세,상해없음,보행자,남,70세,중상
2015090800100662,2015년 9월 8일 20시,화요일,충청북도 청주시 흥덕구 가경동,경상사고,0,0,1,0,차대차 - 측면직각충돌,신호위반,건조,맑음,교차로 - 교차로안,승용,남,35세,상해없음,승용,남,69세,경상
2015090800100663,2015년 9월 8일 20시,화요일,충청북도 청주시 흥덕구 송정동,부상신고사고,0,0,0,1,차대차 - 기타,안전운전불이행,건조,맑음,교차로 - 교차로부근,승용,여,33세,상해없음,승용,남,24세,부상신고
2015090800100702,2015년 9월 8일 21시,화요일,충청북도 청주시 흥덕구 복대동,경상사고,0,0,1,0,차대차 - 추돌 - 주정차중,안전운전불이행,건조,맑음,교차로 - 교차로안,승용,남,60세,상해없음,승용,남,30세,상해없음
2015090800100703,2015년 9월 8일 21시,화요일,충청북도 청주시 상당구 용암동,경상사고,0,0,1,0,차대차 - 기타,안전운전불이행,건조,맑음,단일로 - 기타,승용,남,54세,상해없음,승용,기타불명,기타불명,기타불명
2015090800100738,2015년 9월 8일 22시,화요일,충청북도 청주시 청원구 내덕동,중상사고,0,1,0,0,차대차 - 기타,안전운전불이행,건조,맑음,교차로 - 교차로부근,승용,남,23세,상해없음,이륜,남,16세,중상
2015090800100766,2015년 9월 8일 23시,화요일,충청북도 청주시 청원구 오창읍,경상사고,0,0,2,0,차량단독 - 공작물충돌,안전운전불이행,건조,맑음,교차로 - 교차로부근,승용,여,48세,경상,,,,
2015090900100104,2015년 9월 9일 07시,수요일,충청북도 청주시 흥덕구 봉명동,중상사고,0,1,0,0,차대차 - 측면직각충돌,교차로운행방법위반,건조,맑음,교차로 - 교차로안,승용,남,53세,상해없음,자전거,남,30세,중상
2015090900100105,2015년 9월 9일 07시,수요일,충청북도 청주시 흥덕구 복대동,중상사고,0,1,0,0,차대사람 - 기타,보행자보호의무위반,건조,맑음,교차로 - 교차로안,승합,남,74세,상해없음,보행자,남,79세,중상
2015090900100154,2015년 9월 9일 08시,수요일,충청북도 청주시 청원구 우암동,경상사고,0,0,1,0,차대사람 - 기타,기타,건조,맑음,교차로 - 교차로부근,승용,남,60세,상해없음,보행자,남,80세,경상
2015090900100155,2015년 9월 9일 08시,수요일,충청북도 청주시 청원구 내수읍,경상사고,0,0,1,0,차대차 - 기타,안전운전불이행,건조,흐림,기타 - 기타,승용,여,62세,상해없음,승용,여,41세,경상