사고번호,사고일시,요일,시군구,사고내용,사망자수,중상자수,경상자수,부상신고자수,사고유형,법규위반,노면상태,기상상태,도로형태,가해운전자 차종,가해운전자 성별,가해운전자 연령,가해운전자 상해정도,피해운전자 차종,피해운전자 성별,피해운전자 연령,피해운전자 상해정도
2015091200100366,2015년 9월 12일 14시,토요일,충청북도 영동군 용산면,경상사고,0,0,2,0,차대차 - 추돌 - 진행중,안전운전불이행,건조,흐림,기타 - 기타,화물,남,63세,경상,화물,남,40세,경상
2015091200100410,2015년 9월 12일 15시,토요일,충청북도 충주시 연수동,부상신고사고,0,0,0,1,차대차 - 기타,안전운전불이행,건조,맑음,교차로 - 교차로부근,원동기,남,17세,부상신고,승용,남,25세,상해없음
2015091200100411,2015년 9월 12일 15시,토요일,충청북도 충주시 교현동,경상사고,0,0,1,0,차대차 - 기타,안전운전불이행,건조,흐림,단일로 - 기타,승용,남,31세,상해없음,원동기,남,22세,경상
2015091200100500,2015년 9월 12일 17시,토요일,충청북도 청주시 서원구 사직동,경상사고,0,0,1,0,차대차 - 기타,안전운전불이행,건조,맑음,교차로 - 교차로안,승용,남,28세,상해없음,자전거,남,12세,경상
2015091200100501,2015년 9월 12일 17시,토요일,충청북도 충주시 연수동,경상사고,0,0,1,0,차대차 - 기타,신호위반,건조,맑음,교차로 - 교차로안,자전거,남,14세,경상,승용,여,36세,상해없음
2015091200100582,2015년 9월 12일 19시,토요일,충청북도 옥천군 옥천읍,중상사고,0,1,0,0,차대차 - 정면충돌,중앙선침범,건조,맑음,교차로 - 교차로부근,승용,남,52세,기타불명,승용,남,32세,중상
2015091200100584,2015년 9월 12일 19시,토요일,충청북도 청주시 상당구 용암동,중상사고,0,2,0,0,차대차 - 기타,신호위반,건조,맑음,교차로 - 교차로안,승용,남,44세,상해없음,승용,남,55세,중상
2015091200100627,2015년 9월 12일 20시,토요일,충청북도 청주시 청원구 내덕동,경상사고,0,0,2,0,차대차 - 기타,교차로운행방법위반,습기,비,교차로 - 교차로안,승용,여,47세,상해없음,승용,남,57세,경상
2015091200100628,2015년 9월 12일 20시,토요일,충청북도 청주시 흥덕구 복대동,중상사고,0,2,4,0,차대차 - 측면직각충돌,신호위반,습기,비,교차로 - 교차로안,승용,남,45세,상해없음,승합,남,46세,중상
2015091200100689,2015년 9월 12일 22시,토요일,충청북도 충주시 봉방동,사망사고,1,1,0,0,차대차 - 기타,신호위반,건조,맑음,교차로 - 교차로안,원동기,남,22세,중상,승용,남,38세,상해없음
2015091200100690,2015년 9월 12일 22시,토요일,충청북도 청주시 서원구 미평동,경상사고,0,0,1,0,차대차 - 기타,안전운전불이행,건조,맑음,단일로 - 기타,승용,남,25세,경상,승합,남,51세,기타불명
2015091200100722,2015년 9월 12일 23시,토요일,충청북도 청주시 서원구 개신동,중상사고,0,1,0,0,차량단독 - 전도전복,안전운전불이행,건조,맑음,단일로 - 기타,승용,남,31세,중상,,,,
2015091300100012,2015년 9월 13일 00시,일요일,충청북도 청주시 서원구 사창동,경상사고,0,0,1,0,차대사람 - 기타,안전운전불이행,건조,맑음,단일로 - 기타,승용,남,26세,상해없음,보행자,남,22세,경상
2015091300100036,2015년 9월 13일 01시,일요일,충청북도 음성군 원남면,경상사고,0,0,2,0,차대차 - 기타,중앙선침범,건조,맑음,단일로 - 기타,승용,남,40세,상해없음,승용,남,47세,경상
2015091300100073,2015년 9월 13일 04시,일요일,충청북도 청주시 흥덕구 복대동,경상사고,0,0,1,0,차대차 - 추돌 - 주정차중,안전운전불이행,습기,흐림,교차로 - 교차로부근,승용,여,47세,상해없음,승용,남,58세,경상
2015091300100085,2015년 9월 13일 05시,일요일,충청북도 청주시 서원구 사창동,경상사고,0,0,1,0,차대사람 - 길가장자리구역통행중,안전운전불이행,건조,맑음,단일로 - 기타,승용,남,24세,상해없음,보행자,남,21세,경상
2015091300100115,2015년 9월 13일 07시,일요일,충청북도 청주시 상당구 석교동,중상사고,0,1,2,0,차대차 - 기타,안전운전불이행,건조,맑음,단일로 - 기타,승합,남,57세,상해없음,화물,여,46세,경상
2015091300100161,2015년 9월 13일 09시,일요일,충청북도 청주시 흥덕구 복대동,경상사고,0,0,1,0,차대사람 - 횡단중,신호위반,건조,맑음,교차로 - 교차로부근,승용,남,60세,상해없음,보행자,여,20세,경상
2015091300100204,2015년 9월 13일 11시,일요일,충청북도 음성군 감곡면,경상사고,0,0,1,0,차대차 - 측면직각충돌,안전운전불이행,건조,맑음,교차로 - 교차로안,승용,남,47세,상해없음,자전거,남,15세,경상
2015091300100205,2015년 9월 13일 11시,일요일,충청북도 청주시 상당구 용정동,중상사고,0,1,0,0,차량단독 - 전도전복,안전운전불이행,건조,맑음,단일로 - 기타,승용,남,36세,상해없음,,,,
2015091300100269,2015년 9월 13일 13시,일요일,충청북도 충주시 칠금동,중상사고,0,1,1,0,차대차 - 기타,안전운전불이행,건조,맑음,단일로 - 기타,승용,남,40세,상해없음,승용,여,36세,중상
2015091300100270,2015년 9월 13일 13시,일요일,충청북도 진천군 덕산면,경상사고,0,0,4,0,차대차 - 측면직각충돌,안전운전불이행,건조,맑음,교차로 - 교차로부근,승용,남,62세,상해없음,승용,남,24세,경상
2015091300100306,2015년 9월 13일 14시,일요일,충청북도 청주시 서원구 사창동,중상사고,0,1,0,0,차량단독 - 기타,안전운전불이행,건조,맑음,단일로 - 기타,승합,남,50세,기타불명,,,,
2015091300100352,2015년 9월 13일 15시,일요일,충청북도 보은군 보은읍,경상사고,0,0,1,0,차대사람 - 길가장자리구역통행중,안전운전불이행,건조,맑음,기타 - 기타,승용,남,55세,상해없음,보행자,남,65세,경상
2015091300100389,2015년 9월 13일 16시,일요일,충청북도 청주시 청원구 오창읍,경상사고,0,0,2,0,차대차 - 측면직각충돌,안전운전불이행,건조,맑음,교차로 - 교차로안,승용,남,51세,상해없음,화물,남,46세,상해없음
2015091300100390,2015년 9월 13일 16시,일요일,충청북도 괴산군 소수면,중상사고,0,2,2,0,차대차 - 추돌 - 주정차중,안전운전불이행,건조,맑음,단일로 - 기타,승용,남,19세,상해없음,승합,남,47세,중상
2015091300100391,2015년 9월 13일 16시,일요일,충청북도 단양군 영춘면,중상사고,0,4,1,0,차대차 - 정면충돌,중앙선침범,건조,맑음,단일로 - 기타,승용,남,40세,상해없음,승용,남,52세,상해없음
2015091300100487,2015년 9월 13일 18시,일요일,충청북도 충주시 수안보면,중상사고,0,1,0,1,차대차 - 추돌 - 진행중,안전거리미확보,건조,맑음,교차로 - 교차로안,이륜,남,37세,부상신고,이륜,남,37세,중상
2015091300100488,2015년 9월 13일 18시,일요일,충청북도 보은군 속리산면,중상사고,0,1,0,0,차대사람 - 횡단중,안전운전불이행,건조,맑음,단일로 - 기타,승용,남,67세,상해없음,보행자,남,6세,중상
2015091300100489,2015년 9월 13일 18시,일요일,충청북도 옥천군 이원면,중상사고,0,1,0,1,차량단독 - 기타,안전운전불이행,건조,맑음,단일로 - 기타,승용,남,17세,상해없음,,,,
2015091300100490,2015년 9월 13일 18시,일요일,충청북도 청주시 상당구 서문동,경상사고,0,0,1,0,차대차 - 기타,신호위반,건조,맑음,교차로 - 교차로안,승용,남,31세,상해없음,자전거,남,39세,경상
2015091300100530,2015년 9월 13일 19시,일요일,충청북도 충주시 교현동,경상사고,0,0,1,0,차대차 - 추돌 - 진행중,안전거리미확보,건조,맑음,단일로 - 기타,화물,남,53세,상해없음,승용,남,56세,경상
2015091300100599,2015년 9월 13일 21시,일요일,충청북도 청주시 상당구 수동,경상사고,0,0,2,0,차대차 - 기타,안전운전불이행,건조,맑음,교차로 - 교차로부근,화물,남,54세,상해없음,승용,남,29세,경상
2015091300100600,2015년 9월 13일 21시,일요일,충청북도 옥천군 이원면,경상사고,0,0,4,0,차대차 - 측면직각충돌,교차로운행방법위반,건조,맑음,교차로 - 교차로안,승용,남,26세,경상,승용,여,35세,경상
2015091400100025,2015년 9월 14일 02시,월요일,충청북도 청주시 상당구 명암동,중상사고,0,3,0,0,차대차 - 측면직각충돌,교차로운행방법위반,건조,맑음,교차로 - 교차로안,승용,여,53세,중상,승용,남,47세,중상
2015091400100026,2015년 9월 14일 02시,월요일,충청북도 청주시 상당구 명암동,경상사고,0,0,1,0,차량단독 - 도로외이탈 - 기타,안전운전불이행,건조,맑음,단일로 - 기타,승용,남,31세,경상,,,,
2015091400100062,2015년 9월 14일 06시,월요일,충청북도 청주시 청원구 오창읍,경상사고,0,0,2,0,차대차 - 측면직각충돌,교차로운행방법위반,건조,맑음,교차로 - 교차로안,승용,남,28세,경상,승용,남,35세,경상
2015091400100063,2015년 9월 14일 06시,월요일,충청북도 충주시 목행동,중상사고,0,1,1,0,차대차 - 기타,안전운전불이행,건조,맑음,단일로 - 기타,화물,남,40세,경상,승용,남,29세,중상
2015091400100086,2015년 9월 14일 07시,월요일,충청북도 충주시 봉방동,경상사고,0,0,3,0,차대차 - 기타,안전거리미확보,건조,맑음,단일로 - 기타,승용,남,41세,경상,승합,남,57세,경상
2015091400100087,2015년 9월 14일 07시,월요일,충청북도 청주시 흥덕구 복대동,경상사고,0,0,1,0,차대차 - 정면충돌,안전운전불이행,건조,맑음,단일로 - 기타,승용,남,55세,상해없음,승용,남,39세,경상
2015091400100131,2015년 9월 14일 08시,월요일,충청북도 청주시 흥덕구 지동동,경상사고,0,0,1,0,차대차 - 추돌 - 진행중,안전운전불이행,건조,맑음,교차로 - 교차로부근,승용,남,60세,상해없음,승용,여,42세,경상
2015091400100275,2015년 9월 14일 12시,월요일,충청북도 제천시 청전동,경상사고,0,0,2,0,차대차 - 기타,기타,건조,맑음,교차로 - 교차로안,이륜,남,27세,경상,승용,여,43세,경상
2015091400100276,2015년 9월 14일 12시,월요일,충청북도 청주시 흥덕구 복대동,경상사고,0,0,1,0,차대차 - 측면직각충돌,안전거리미확보,건조,맑음,단일로 - 기타,승용,남,26세,상해없음,이륜,남,45세,경상
2015091400100344,2015년 9월 14일 14시,월요일,충청북도 제천시 청전동,경상사고,0,0,1,0,차대사람 - 횡단중,보행자보호의무위반,건조,맑음,교차로 - 교차로안,승용,남,76세,기타불명,보행자,여,40세,경상
2015091400100345,2015년 9월 14일 14시,월요일,충청북도 증평군 증평읍,사망사고,1,0,0,0,차대사람 - 횡단중,안전운전불이행,건조,맑음,교차로 - 교차로안,승용,여,52세,상해없음,보행자,남,85세,사망
2015091400100346,2015년 9월 14일 14시,월요일,충청북도 괴산군 괴산읍,경상사고,0,0,1,0,차대차 - 기타,안전거리미확보,건조,맑음,단일로 - 기타,승용,남,22세,상해없음,화물,남,37세,경상
2015091400100347,2015년 9월 14일 14시,월요일,충청북도 청주시 서원구 성화동,경상사고,0,0,1,0,차대차 - 측면직각충돌,안전운전불이행,건조,맑음,단일로 - 기타,승합,남,53세,상해없음,승용,여,35세,경상
2015091400100385,2015년 9월 14일 15시,월요일,충청북도 청주시 청원구 오창읍,중상사고,0,3,0,0,차대차 - 측면직각충돌,신호위반,건조,맑음,교차로 - 교차로안,승용,남,38세,상해없음,화물,남,61세,중상
2015091400100386,2015년 9월 14일 15시,월요일,충청북도 청주시 상당구 북문로1가동,경상사고,0,0,2,0,차대차 - 기타,안전운전불이행,건조,맑음,단일로 - 기타,승용,남,53세,상해없음,승용,남,43세,경상
2015091400100422,2015년 9월 14일 16시,월요일,충청북도 충주시 동량면,중상사고,0,1,0,0,차대차 - 기타,안전운전불이행,건조,맑음,단일로 - 기타,화물,남,56세,상해없음,승용,여,53세,중상
2015091400100460,2015년 9월 14일 17시,월요일,충청북도 제천시 장락동,경상사고,0,0,1,0,차대차 - 기타,안전운전불이행,기타,맑음,단일로 - 기타,화물,남,25세,상해없음,자전거,남,18세,경상
2015091400100461,2015년 9월 14일 17시,월요일,충청북도 영동군 영동읍,경상사고,0,0,1,0,차대차 - 기타,안전운전불이행,건조,맑음,단일로 - 기타,화물,남,69세,상해없음,원동기,남,54세,경상
2015091400100504,2015년 9월 14일 18시,월요일,충청북도 청주시 청원구 내덕동,경상사고,0,0,2,0,차대차 - 추돌 - 주정차중,안전운전불이행,건조,맑음,교차로 - 교차로안,승용,남,33세,상해없음,승용,남,50세,경상
2015091400100505,2015년 9월 14일 18시,월요일,충청북도 청주시 청원구 우암동,중상사고,0,1,0,0,차대사람 - 횡단중,안전운전불이행,건조,맑음,교차로 - 교차로부근,승용,여,61세,상해없음,보행자,여,50세,중상
2015091400100551,2015년 9월 14일 19시,월요일,충청북도 충주시 교현동,경상사고,0,0,1,0,차대차 - 기타,안전운전불이행,건조,맑음,교차로 - 교차로안,승용,남,57세,상해없음,승용,여,33세,경상
2015091400100552,2015년 9월 14일 19시,월요일,충청북도 제천시 고암동,경상사고,0,0,1,0,차대차 - 기타,신호위반,건조,맑음,교차로 - 교차로안,승합,남,39세,상해없음,승용,남,43세,경상
2015091400100553,2015년 9월 14일 19시,월요일,충청북도 청주시 흥덕구 수의동,사망사고,1,0,0,0,차대차 - 측면직각충돌,안전운전불이행,건조,맑음,단일로 - 횡단보도상,승용,남,37세,상해없음,자전거,남,19세,사망
2015091400100554,2015년 9월 14일 19시,월요일,충청북도 청주시 흥덕구 운천동,경상사고,0,0,1,0,차대차 - 추돌 - 주정차중,안전운전불이행,건조,맑음,단일로 - 기타,승용,남,64세,상해없음,화물,남,65세,상해없음
2015091400100595,2015년 9월 14일 20시,월요일,충청북도 청주시 청원구 율량동,중상사고,0,2,0,0,차대차 - 기타,안전운전불이행,건조,맑음,단일로 - 기타,이륜,남,61세,중상,승용,남,36세,상해없음
2015091400100596,2015년 9월 14일 20시,월요일,충청북도 청주시 흥덕구 복대동,경상사고,0,0,1,0,차대차 - 추돌 - 주정차중,안전운전불이행,건조,맑음,단일로 - 기타,승용,남,55세,상해없음,승용,여,44세,경상
2015091400100597,2015년 9월 14일 20시,월요일,충청북도 청주시 흥덕구 봉명동,중상사고,0,1,1,0,차대차 - 기타,기타,건조,맑음,단일로 - 기타,승합,남,59세,상해없음,원동기,남,19세,경상
2015091400100598,2015년 9월 14일 20시,월요일,충청북도 청주시 서원구 남이면,중상사고,0,1,3,0,차대차 - 기타,안전운전불이행,건조,맑음,단일로 - 기타,화물,남,55세,상해없음,승용,남,45세,경상
2015091400100701,2015년 9월 14일 23시,월요일,충청북도 충주시 연수동,경상사고,0,0,1,0,차대사람 - 기타,안전운전불이행,건조,맑음,단일로 - 기타,원동기,남,36세,상해없음,보행자,여,79세,경상
2015091500100006,2015년 9월 15일 00시,화요일,충청북도 청주시 흥덕구 가경동,경상사고,0,0,1,0,차대차 - 측면직각충돌,안전운전불이행,건조,맑음,교차로 - 교차로부근,승용,남,41세,상해없음,승용,남,50세,경상
2015091500100038,2015년 9월 15일 03시,화요일,충청북도 음성군 소이면,경상사고,0,0,3,0,차대차 - 추돌 - 진행중,안전거리미확보,건조,맑음,단일로 - 기타,화물,남,41세,상해없음,화물,남,54세,경상
2015091500100058,2015년 9월 15일 05시,화요일,충청북도 음성군 삼성면,경상사고,0,0,1,0,차대차 - 정면충돌,중앙선침범,건조,흐림,단일로 - 기타,승용,여,58세,기타불명,승용,남,43세,경상
2015091500100072,2015년 9월 15일 06시,화요일,충청북도 옥천군 동이면,경상사고,0,0,1,0,차대차 - 추돌 - 진행중,안전운전불이행,건조,맑음,단일로 - 기타,승용,남,57세,기타불명,승합,남,59세,경상
2015091500100090,2015년 9월 15일 07시,화요일,충청북도 진천군 문백면,경상사고,0,0,3,0,차대차 - 측면직각충돌,신호위반,건조,맑음,교차로 - 교차로안,승합,남,58세,상해없음,승용,남,40세,경상
2015091500100143,2015년 9월 15일 08시,화요일,충청북도 청주시 상당구 수동,경상사고,0,0,1,0,차대차 - 추돌 - 진행중,안전운전불이행,건조,맑음,단일로 - 기타,승용,남,61세,상해없음,승용,여,41세,경상
2015091500100144,2015년 9월 15일 08시,화요일,충청북도 충주시 지현동,경상사고,0,0,1,0,차대사람 - 기타,안전운전불이행,건조,맑음,단일로 - 기타,기타불명,기타불명,기타불명,기타불명,보행자,남,11세,경상
2015091500100145,2015년 9월 15일 08시,화요일,충청북도 옥천군 옥천읍,중상사고,0,1,2,0,차대차 - 추돌 - 진행중,안전거리미확보,건조,맑음,단일로 - 기타,화물,남,41세,경상,화물,여,54세,경상
2015091500100146,2015년 9월 15일 08시,화요일,충청북도 청주시 서원구 남이면,경상사고,0,0,1,0,차대차 - 측면직각충돌,차로위반,건조,맑음,단일로 - 기타,이륜,남,24세,경상,승용,여,27세,상해없음
2015091500100194,2015년 9월 15일 09시,화요일,충청북도 충주시 대소원면,부상신고사고,0,0,0,1,차대차 - 기타,신호위반,건조,맑음,교차로 - 교차로안,이륜,남,79세,부상신고,화물,남,71세,상해없음
2015091500100219,2015년 9월 15일 10시,화요일,충청북도 충주시 산척면,중상사고,0,1,0,0,차대차 - 기타,안전거리미확보,건조,맑음,교차로 - 교차로부근,화물,남,41세,상해없음,승용,여,33세,중상
2015091500100220,2015년 9월 15일 10시,화요일,충청북도 충주시 금릉동,경상사고,0,0,1,0,차대차 - 기타,안전운전불이행,건조,맑음,교차로 - 교차로안,기타불명,기타불명,기타불명,기타불명,승용,여,45세,경상
2015091500100244,2015년 9월 15일 11시,화요일,충청북도 영동군 매곡면,중상사고,0,1,3,0,차대차 - 측면직각충돌,안전운전불이행,건조,맑음,단일로 - 기타,승용,남,62세,경상,화물,남,49세,중상
2015091500100316,2015년 9월 15일 13시,화요일,충청북도 청주시 서원구 사창동,경상사고,0,0,2,0,차대차 - 기타,안전운전불이행,건조,맑음,단일로 - 기타,승용,여,36세,상해없음,승용,남,47세,경상
2015091500100317,2015년 9월 15일 13시,화요일,충청북도 청주시 청원구 오창읍,중상사고,0,1,0,0,차대차 - 측면직각충돌,안전운전불이행,건조,맑음,단일로 - 기타,화물,남,69세,상해없음,이륜,남,77세,중상
2015091500100318,2015년 9월 15일 13시,화요일,충청북도 진천군 이월면,경상사고,0,0,1,0,차대차 - 측면직각충돌,차로위반,건조,맑음,단일로 - 기타,화물,남,54세,상해없음,승용,남,46세,경상
2015091500100361,2015년 9월 15일 14시,화요일,충청북도 영동군 학산면,중상사고,0,1,0,0,차대차 - 기타,안전운전불이행,건조,맑음,단일로 - 기타,농기계,남,54세,중상,화물,남,34세,상해없음
2015091500100362,2015년 9월 15일 14시,화요일,충청북도 옥천군 옥천읍,경상사고,0,0,1,0,차대차 - 추돌 - 주정차중,안전운전불이행,건조,맑음,교차로 - 교차로부근,승용,여,52세,상해없음,원동기,남,54세,경상
2015091500100404,2015년 9월 15일 15시,화요일,충청북도 충주시 중앙탑면,중상사고,0,1,7,0,차대차 - 기타,신호위반,건조,맑음,교차로 - 교차로안,화물,남,39세,경상,승합,남,54세,상해없음
2015091500100405,2015년 9월 15일 15시,화요일,충청북도 청주시 상당구 북문로1가동,경상사고,0,0,1,0,차대차 - 추돌 - 주정차중,안전운전불이행,건조,맑음,단일로 - 기타,이륜,남,16세,경상,승용,남,54세,상해없음
2015091500100444,2015년 9월 15일 16시,화요일,충청북도 충주시 엄정면,중상사고,0,1,0,1,차대차 - 기타,중앙선침범,건조,맑음,단일로 - 기타,화물,남,54세,부상신고,화물,남,62세,중상
2015091500100445,2015년 9월 15일 16시,화요일,충청북도 괴산군 장연면,사망사고,1,0,0,0,차대사람 - 기타,안전운전불이행,건조,맑음,단일로 - 기타,화물,남,57세,상해없음,보행자,남,80세,사망
2015091500100491,2015년 9월 15일 17시,화요일,충청북도 청주시 상당구 금천동,경상사고,0,0,3,0,차대차 - 기타,안전운전불이행,건조,맑음,단일로 - 기타,승합,남,56세,상해없음,승용,남,52세,경상
2015091500100539,2015년 9월 15일 18시,화요일,충청북도 청주시 상당구 영운동,경상사고,0,0,2,0,차대차 - 기타,교차로운행방법위반,건조,맑음,교차로 - 교차로안,승용,남,35세,상해없음,승용,여,26세,경상
2015091500100589,2015년 9월 15일 19시,화요일,충청북도 청주시 흥덕구 가경동,중상사고,0,1,0,0,차대차 - 측면직각충돌,교차로운행방법위반,건조,맑음,교차로 - 교차로안,승용,여,66세,상해없음,이륜,남,17세,중상
2015091500100590,2015년 9월 15일 19시,화요일,충청북도 청주시 흥덕구 가경동,경상사고,0,0,2,0,차대차 - 추돌 - 진행중,안전운전불이행,건조,맑음,교차로 - 교차로부근,승용,남,36세,상해없음,승용,여,25세,경상
2015091500100591,2015년 9월 15일 19시,화요일,충청북도 청주시 상당구 용암동,경상사고,0,0,1,0,차대사람 - 기타,보행자보호의무위반,건조,맑음,교차로 - 교차로안,이륜,남,21세,상해없음,보행자,여,22세,경상
2015091500100592,2015년 9월 15일 19시,화요일,충청북도 청주시 상당구 지북동,경상사고,0,0,2,0,차대차 - 기타,신호위반,건조,맑음,교차로 - 교차로안,승합,남,59세,상해없음,승용,남,61세,경상
2015091500100671,2015년 9월 15일 21시,화요일,충청북도 충주시 용산동,경상사고,0,0,1,0,차대사람 - 길가장자리구역통행중,안전운전불이행,건조,맑음,단일로 - 기타,승용,남,31세,상해없음,보행자,남,17세,경상
2015091500100672,2015년 9월 15일 21시,화요일,충청북도 청주시 흥덕구 강서동,경상사고,0,0,1,0,차대차 - 측면직각충돌,안전운전불이행,건조,맑음,교차로 - 교차로부근,승용,남,50세,상해없음,자전거,남,14세,경상
2015091500100699,2015년 9월 15일 22시,화요일,충청북도 청주시 흥덕구 오송읍,중상사고,0,1,1,0,차대차 - 측면직각충돌,신호위반,건조,맑음,교차로 - 교차로안,승용,여,34세,상해없음,승용,남,47세,중상
2015091500100724,2015년 9월 15일 23시,화요일,충청북도 청주시 흥덕구 강내면,경상사고,0,0,1,0,차대차 - 추돌 - 진행중,안전운전불이행,건조,맑음,단일로 - 기타,승용,여,57세,상해없음,승용,남,30세,경상
2015091600100040,2015년 9월 16일 02시,수요일,충청북도 청주시 서원구 남이면,경상사고,0,0,2,0,차대차 - 추돌 - 주정차중,안전운전불이행,건조,맑음,단일로 - 기타,화물,남,54세,경상,화물,남,49세,경상
2015091600100077,2015년 9월 16일 06시,수요일,충청북도 충주시 봉방동,경상사고,0,0,2,0,차대차 - 기타,기타,건조,맑음,교차로 - 교차로안,화물,남,67세,경상,승용,남,60세,경상
2015091600100078,2015년 9월 16일 06시,수요일,충청북도 청주시 흥덕구 가경동,경상사고,0,0,1,0,차대차 - 측면직각충돌,신호위반,건조,맑음,교차로 - 교차로안,원동기,남,22세,경상,승용,남,63세,상해없음
2015091600100098,2015년 9월 16일 07시,수요일,충청북도 괴산군 장연면,중상사고,0,1,2,1,차량단독 - 도로외이탈 - 기타,안전운전불이행,건조,맑음,단일로 - 기타,승용,여,47세,부상신고,,,,
2015091600100139,2015년 9월 16일 08시,수요일,충청북도 제천시 청전동,경상사고,0,0,1,1,차대차 - 측면직각충돌,안전거리미확보,건조,맑음,교차로 - 교차로부근,화물,남,60세,부상신고,승용,여,37세,경상
2015091600100140,2015년 9월 16일 08시,수요일,충청북도 음성군 금왕읍,중상사고,0,1,1,0,차대차 - 측면직각충돌,안전거리미확보,건조,맑음,단일로 - 기타,화물,남,53세,경상,화물,남,31세,중상
2015091600100141,2015년 9월 16일 08시,수요일,충청북도 음성군 감곡면,경상사고,0,0,1,0,차대차 - 기타,안전운전불이행,건조,맑음,기타 - 기타,승용,남,27세,상해없음,승용,남,38세,경상
2015091600100142,2015년 9월 16일 08시,수요일,충청북도 청주시 서원구 모충동,중상사고,0,1,1,0,차대차 - 측면직각충돌,교차로운행방법위반,건조,맑음,교차로 - 교차로안,승용,여,44세,중상,승용,남,59세,경상
2015091600100181,2015년 9월 16일 09시,수요일,충청북도 제천시 청전동,경상사고,0,0,1,0,차대차 - 기타,기타,건조,맑음,교차로 - 교차로안,승용,여,52세,상해없음,승용,여,55세,경상
2015091600100225,2015년 9월 16일 10시,수요일,충청북도 영동군 추풍령면,중상사고,0,1,0,0,차량단독 - 기타,안전운전불이행,건조,맑음,단일로 - 기타,원동기,남,71세,중상,,,,
2015091600100269,2015년 9월 16일 11시,수요일,충청북도 청주시 흥덕구 가경동,경상사고,0,0,2,0,차대차 - 측면직각충돌,신호위반,건조,맑음,교차로 - 교차로부근,원동기,남,31세,경상,승용,남,42세,상해없음
2015091600100293,2015년 9월 16일 12시,수요일,충청북도 청주시 청원구 주성동,경상사고,0,0,2,0,차대사람 - 기타,안전운전불이행,건조,맑음,단일로 - 기타,승용,남,52세,상해없음,보행자,여,33세,경상
2015091600100294,2015년 9월 16일 12시,수요일,충청북도 청주시 흥덕구 복대동,경상사고,0,0,2,0,차대차 - 측면직각충돌,교차로운행방법위반,건조,맑음,교차로 - 교차로안,승용,남,54세,경상,승용,남,24세,경상
2015091600100325,2015년 9월 16일 13시,수요일,충청북도 청주시 흥덕구 비하동,중상사고,0,1,0,0,차대차 - 측면직각충돌,안전운전불이행,건조,맑음,교차로 - 교차로안,화물,남,38세,상해없음,원동기,남,26세,중상
2015091600100356,2015년 9월 16일 14시,수요일,충청북도 제천시 왕암동,중상사고,0,2,1,0,차대차 - 측면직각충돌,안전운전불이행,건조,맑음,교차로 - 교차로안,승용,여,46세,상해없음,승용,남,54세,중상
2015091600100391,2015년 9월 16일 15시,수요일,충청북도 청주시 흥덕구 봉명동,중상사고,0,1,0,0,차대차 - 측면직각충돌,중앙선침범,건조,맑음,단일로 - 기타,승용,여,45세,상해없음,원동기,남,44세,중상
2015091600100392,2015년 9월 16일 15시,수요일,충청북도 청주시 상당구 용암동,경상사고,0,0,2,0,차대차 - 기타,안전운전불이행,건조,맑음,단일로 - 기타,승용,남,61세,경상,승용,남,38세,경상
2015091600100509,2015년 9월 16일 18시,수요일,충청북도 청주시 서원구 사직동,경상사고,0,0,4,0,차대차 - 추돌 - 주정차중,안전운전불이행,건조,맑음,교차로 - 교차로안,승용,남,58세,상해없음,승용,여,38세,경상
2015091600100510,2015년 9월 16일 18시,수요일,충청북도 영동군 영동읍,경상사고,0,0,1,0,차대차 - 측면직각충돌,중앙선침범,건조,맑음,단일로 - 기타,이륜,남,73세,상해없음,이륜,여,25세,경상
2015091600100559,2015년 9월 16일 19시,수요일,충청북도 진천군 진천읍,중상사고,0,1,0,0,차대사람 - 기타,안전운전불이행,건조,맑음,단일로 - 기타,승용,기타불명,기타불명,기타불명,보행자,남,62세,중상
2015091600100560,2015년 9월 16일 19시,수요일,충청북도 청주시 흥덕구 강내면,중상사고,0,1,0,0,차대차 - 정면충돌,안전운전불이행,건조,맑음,단일로 - 기타,자전거,남,39세,중상,승용,남,30세,상해없음
2015091600100645,2015년 9월 16일 21시,수요일,충청북도 청주시 청원구 우암동,중상사고,0,1,0,0,차대차 - 측면직각충돌,신호위반,건조,맑음,교차로 - 교차로안,승용,남,56세,상해없음,원동기,남,66세,중상
2015091600100697,2015년 9월 16일 22시,수요일,충청북도 청주시 흥덕구 봉명동,중상사고,0,1,0,0,차대차 - 측면직각충돌,직진우회전진행방해,건조,맑음,교차로 - 교차로안,승용,남,28세,상해없음,원동기,남,18세,중상
2015091600100729,2015년 9월 16일 23시,수요일,충청북도 청주시 청원구 율량동,경상사고,0,0,3,0,차대차 - 측면직각충돌,교차로운행방법위반,건조,맑음,교차로 - 교차로안,승용,남,55세,경상,승용,여,24세,경상
2015091700100016,2015년 9월 17일 00시,목요일,충청북도 청주시 서원구 사창동,경상사고,0,0,1,0,차대차 - 추돌 - 주정차중,안전운전불이행,건조,맑음,단일로 - 기타,승용,남,29세,상해없음,승용,남,35세,경상