사고번호,사고일시,요일,시군구,사고내용,사망자수,중상자수,경상자수,부상신고자수,사고유형,법규위반,노면상태,기상상태,도로형태,가해운전자 차종,가해운전자 성별,가해운전자 연령,가해운전자 상해정도,피해운전자 차종,피해운전자 성별,피해운전자 연령,피해운전자 상해정도
2015092000100588,2015년 9월 20일 23시,일요일,충청북도 청주시 흥덕구 봉명동,경상사고,0,0,1,0,차대차 - 추돌 - 진행중,안전운전불이행,건조,맑음,단일로 - 기타,승용,여,46세,상해없음,이륜,남,18세,경상
2015092000100589,2015년 9월 20일 23시,일요일,충청북도 청주시 서원구 분평동,경상사고,0,0,1,0,차대사람 - 횡단중,보행자보호의무위반,건조,맑음,교차로 - 교차로부근,승용,남,65세,상해없음,보행자,남,57세,경상
2015092100100038,2015년 9월 21일 04시,월요일,충청북도 충주시 주덕읍,경상사고,0,0,1,0,차량단독 - 기타,안전운전불이행,건조,맑음,단일로 - 기타,승용,여,52세,경상,,,,
2015092100100124,2015년 9월 21일 08시,월요일,충청북도 청주시 상당구 남일면,중상사고,0,1,0,0,차대사람 - 길가장자리구역통행중,안전운전불이행,건조,맑음,단일로 - 기타,승용,여,39세,상해없음,보행자,여,56세,중상
2015092100100163,2015년 9월 21일 09시,월요일,충청북도 청주시 서원구 사직동,경상사고,0,0,1,0,차대차 - 기타,안전운전불이행,건조,맑음,단일로 - 기타,승용,남,19세,상해없음,승용,여,31세,경상
2015092100100207,2015년 9월 21일 10시,월요일,충청북도 충주시 엄정면,경상사고,0,0,2,0,차대차 - 기타,중앙선침범,건조,맑음,단일로 - 기타,승용,남,72세,상해없음,승용,남,56세,경상
2015092100100275,2015년 9월 21일 12시,월요일,충청북도 제천시 고암동,경상사고,0,0,1,0,차대차 - 기타,신호위반,건조,맑음,교차로 - 교차로안,승용,남,62세,상해없음,승용,남,30세,경상
2015092100100276,2015년 9월 21일 12시,월요일,충청북도 옥천군 동이면,중상사고,0,2,0,0,차대차 - 기타,신호위반,건조,맑음,교차로 - 교차로안,승용,남,73세,중상,특수,남,50세,상해없음
2015092100100277,2015년 9월 21일 12시,월요일,충청북도 청주시 서원구 현도면,중상사고,0,1,1,0,차대차 - 추돌 - 진행중,안전거리미확보,건조,맑음,단일로 - 기타,승용,남,24세,상해없음,승용,남,24세,경상
2015092100100304,2015년 9월 21일 13시,월요일,충청북도 충주시 교현동,경상사고,0,0,1,1,차대차 - 기타,안전운전불이행,건조,맑음,단일로 - 기타,승용,남,49세,부상신고,승용,여,49세,경상
2015092100100348,2015년 9월 21일 14시,월요일,충청북도 청주시 청원구 율량동,경상사고,0,0,1,0,차대차 - 기타,안전운전불이행,건조,맑음,단일로 - 교량,승용,남,50세,상해없음,이륜,남,22세,경상
2015092100100349,2015년 9월 21일 14시,월요일,충청북도 청주시 서원구 산남동,경상사고,0,0,1,0,차대차 - 측면직각충돌,안전운전불이행,건조,맑음,단일로 - 기타,화물,남,54세,상해없음,승용,여,28세,경상
2015092100100401,2015년 9월 21일 15시,월요일,충청북도 청주시 흥덕구 복대동,경상사고,0,0,2,0,차대차 - 측면직각충돌,안전운전불이행,건조,맑음,교차로 - 교차로안,이륜,남,33세,경상,승용,남,35세,경상
2015092100100456,2015년 9월 21일 16시,월요일,충청북도 제천시 백운면,중상사고,0,1,0,0,차대차 - 기타,중앙선침범,건조,맑음,기타 - 기타,기타불명,기타불명,기타불명,기타불명,이륜,남,72세,중상
2015092100100457,2015년 9월 21일 16시,월요일,충청북도 청주시 상당구 낭성면,경상사고,0,0,3,0,차대차 - 측면직각충돌,안전거리미확보,건조,맑음,교차로 - 교차로부근,승용,남,48세,상해없음,승용,남,29세,경상
2015092100100516,2015년 9월 21일 17시,월요일,충청북도 청주시 청원구 내덕동,경상사고,0,0,1,0,차대차 - 기타,신호위반,건조,맑음,교차로 - 교차로안,승용,여,60세,상해없음,자전거,남,45세,경상
2015092100100568,2015년 9월 21일 18시,월요일,충청북도 청주시 청원구 내수읍,중상사고,0,1,0,0,차대차 - 추돌 - 주정차중,안전운전불이행,건조,맑음,단일로 - 기타,승용,남,54세,상해없음,농기계,남,76세,중상
2015092100100569,2015년 9월 21일 18시,월요일,충청북도 충주시 문화동,경상사고,0,0,4,0,차대차 - 기타,안전운전불이행,건조,맑음,단일로 - 기타,승용,남,53세,상해없음,승용,여,44세,경상
2015092100100570,2015년 9월 21일 18시,월요일,충청북도 충주시 봉방동,중상사고,0,1,0,0,차대사람 - 기타,안전운전불이행,건조,맑음,단일로 - 기타,승합,남,55세,상해없음,보행자,여,89세,중상
2015092100100571,2015년 9월 21일 18시,월요일,충청북도 청주시 상당구 남문로1가동,경상사고,0,0,1,0,차대차 - 측면직각충돌,안전운전불이행,건조,맑음,단일로 - 기타,화물,남,47세,상해없음,승용,여,43세,경상
2015092100100621,2015년 9월 21일 19시,월요일,충청북도 청주시 상당구 명암동,중상사고,0,1,2,0,차대차 - 측면직각충돌,안전운전불이행,건조,맑음,교차로 - 교차로부근,승용,여,35세,상해없음,승용,여,46세,경상
2015092100100656,2015년 9월 21일 20시,월요일,충청북도 보은군 보은읍,중상사고,0,1,0,0,차대차 - 측면직각충돌,교차로운행방법위반,건조,맑음,교차로 - 교차로안,승용,남,60세,상해없음,승용,남,32세,중상
2015092100100692,2015년 9월 21일 21시,월요일,충청북도 증평군 증평읍,경상사고,0,0,1,0,차대사람 - 횡단중,안전운전불이행,건조,맑음,교차로 - 교차로안,승용,남,56세,상해없음,보행자,여,56세,경상
2015092100100719,2015년 9월 21일 22시,월요일,충청북도 제천시 신월동,경상사고,0,0,1,0,차대차 - 측면직각충돌,안전거리미확보,건조,맑음,단일로 - 기타,이륜,남,59세,상해없음,이륜,남,19세,경상
2015092100100720,2015년 9월 21일 22시,월요일,충청북도 청주시 흥덕구 강내면,경상사고,0,0,1,0,차대차 - 측면직각충돌,신호위반,건조,맑음,교차로 - 교차로안,화물,남,38세,상해없음,승용,여,47세,경상
2015092200100065,2015년 9월 22일 06시,화요일,충청북도 음성군 삼성면,중상사고,0,1,0,0,차량단독 - 전도전복,안전운전불이행,건조,맑음,단일로 - 기타,승용,여,24세,중상,,,,
2015092200100089,2015년 9월 22일 07시,화요일,충청북도 청주시 청원구 율량동,중상사고,0,1,0,0,차대차 - 측면직각충돌,직진우회전진행방해,건조,맑음,교차로 - 교차로안,승용,여,56세,상해없음,자전거,남,17세,중상
2015092200100090,2015년 9월 22일 07시,화요일,충청북도 충주시 성서동,중상사고,0,1,0,1,차대차 - 기타,안전운전불이행,건조,맑음,단일로 - 기타,이륜,남,21세,부상신고,승용,남,49세,상해없음
2015092200100091,2015년 9월 22일 07시,화요일,충청북도 청주시 서원구 분평동,경상사고,0,0,2,0,차대차 - 측면직각충돌,안전운전불이행,건조,맑음,교차로 - 교차로안,승용,남,57세,경상,승용,남,46세,경상
2015092200100137,2015년 9월 22일 08시,화요일,충청북도 충주시 안림동,중상사고,0,1,3,1,차대차 - 기타,안전거리미확보,건조,맑음,단일로 - 기타,승용,여,32세,경상,승용,남,54세,부상신고
2015092200100188,2015년 9월 22일 09시,화요일,충청북도 진천군 문백면,경상사고,0,0,1,0,차대차 - 추돌 - 진행중,안전운전불이행,건조,맑음,단일로 - 기타,승용,남,21세,상해없음,승합,남,39세,경상
2015092200100189,2015년 9월 22일 09시,화요일,충청북도 진천군 초평면,경상사고,0,0,1,0,차대차 - 측면직각충돌,교차로운행방법위반,건조,맑음,교차로 - 교차로안,화물,남,60세,상해없음,화물,남,52세,경상
2015092200100190,2015년 9월 22일 09시,화요일,충청북도 청주시 상당구 지북동,중상사고,0,1,0,0,차대차 - 기타,안전운전불이행,건조,맑음,단일로 - 기타,승용,여,67세,상해없음,이륜,남,53세,중상
2015092200100332,2015년 9월 22일 13시,화요일,충청북도 제천시 신동,경상사고,0,0,1,0,차대차 - 기타,안전운전불이행,건조,맑음,교차로 - 교차로안,화물,남,61세,상해없음,화물,남,47세,경상
2015092200100422,2015년 9월 22일 15시,화요일,충청북도 충주시 봉방동,경상사고,0,0,1,0,차대차 - 기타,안전운전불이행,건조,맑음,단일로 - 기타,승용,남,67세,상해없음,승용,남,39세,경상
2015092200100423,2015년 9월 22일 15시,화요일,충청북도 음성군 감곡면,경상사고,0,0,2,0,차대차 - 기타,차로위반,건조,맑음,단일로 - 기타,승용,남,19세,상해없음,승용,남,58세,경상
2015092200100424,2015년 9월 22일 15시,화요일,충청북도 청주시 흥덕구 복대동,경상사고,0,0,1,0,차대사람 - 기타,안전운전불이행,건조,맑음,단일로 - 기타,승용,남,56세,상해없음,보행자,여,68세,경상
2015092200100463,2015년 9월 22일 16시,화요일,충청북도 청주시 청원구 우암동,중상사고,0,1,0,0,차대차 - 기타,신호위반,건조,맑음,교차로 - 교차로안,승용,남,57세,상해없음,이륜,남,80세,중상
2015092200100464,2015년 9월 22일 16시,화요일,충청북도 청주시 상당구 북문로3가동,경상사고,0,0,1,0,차대차 - 기타,안전거리미확보,건조,맑음,교차로 - 교차로부근,승용,여,51세,상해없음,원동기,남,59세,경상
2015092200100465,2015년 9월 22일 16시,화요일,충청북도 청주시 청원구 우암동,경상사고,0,0,1,0,차대차 - 기타,안전운전불이행,건조,맑음,교차로 - 교차로부근,승용,여,55세,상해없음,승용,여,42세,경상
2015092200100466,2015년 9월 22일 16시,화요일,충청북도 충주시 주덕읍,경상사고,0,0,1,0,차대차 - 기타,안전거리미확보,건조,맑음,단일로 - 기타,화물,남,44세,상해없음,승용,여,65세,경상
2015092200100467,2015년 9월 22일 16시,화요일,충청북도 충주시 문화동,경상사고,0,0,1,0,차대차 - 기타,안전운전불이행,건조,맑음,교차로 - 교차로안,승용,남,51세,상해없음,자전거,남,12세,경상
2015092200100512,2015년 9월 22일 17시,화요일,충청북도 영동군 황간면,중상사고,0,1,1,0,차대차 - 정면충돌,중앙선침범,건조,맑음,단일로 - 기타,승용,여,57세,상해없음,화물,남,58세,중상
2015092200100567,2015년 9월 22일 18시,화요일,충청북도 제천시 동현동,경상사고,0,0,1,0,차대차 - 기타,신호위반,건조,맑음,교차로 - 교차로안,승합,남,60세,상해없음,화물,남,67세,경상
2015092200100568,2015년 9월 22일 18시,화요일,충청북도 청주시 서원구 분평동,경상사고,0,0,1,0,차대차 - 측면직각충돌,안전운전불이행,건조,맑음,교차로 - 교차로부근,승용,여,58세,상해없음,승용,여,33세,경상
2015092200100613,2015년 9월 22일 19시,화요일,충청북도 충주시 호암동,경상사고,0,0,1,0,차대차 - 기타,안전운전불이행,건조,맑음,단일로 - 기타,승용,남,59세,상해없음,자전거,남,14세,경상
2015092200100614,2015년 9월 22일 19시,화요일,충청북도 청주시 흥덕구 강내면,사망사고,1,0,1,0,차대차 - 정면충돌,중앙선침범,건조,맑음,단일로 - 기타,승용,남,56세,사망,승합,남,60세,경상
2015092200100694,2015년 9월 22일 21시,화요일,충청북도 청주시 흥덕구 비하동,경상사고,0,0,1,0,차대차 - 측면직각충돌,안전운전불이행,건조,맑음,단일로 - 기타,승용,여,60세,상해없음,자전거,남,16세,경상
2015092200100730,2015년 9월 22일 22시,화요일,충청북도 청주시 흥덕구 복대동,경상사고,0,0,1,0,차대차 - 측면직각충돌,중앙선침범,건조,맑음,교차로 - 교차로부근,승용,남,29세,상해없음,이륜,남,28세,경상
2015092200100760,2015년 9월 22일 23시,화요일,충청북도 충주시 대소원면,중상사고,0,1,0,0,차대차 - 기타,안전운전불이행,건조,맑음,단일로 - 기타,승용,남,24세,상해없음,승용,남,48세,중상
2015092200100761,2015년 9월 22일 23시,화요일,충청북도 청주시 서원구 산남동,경상사고,0,0,1,0,차대차 - 추돌 - 주정차중,안전운전불이행,건조,맑음,단일로 - 기타,승용,여,40세,상해없음,승용,남,57세,상해없음
2015092300100036,2015년 9월 23일 02시,수요일,충청북도 청주시 서원구 개신동,경상사고,0,0,1,0,차대차 - 측면직각충돌,신호위반,건조,맑음,교차로 - 교차로안,승용,남,27세,상해없음,승용,남,44세,상해없음
2015092300100063,2015년 9월 23일 05시,수요일,충청북도 보은군 마로면,경상사고,0,0,2,0,차량단독 - 전도전복,안전운전불이행,건조,맑음,단일로 - 기타,승용,남,39세,경상,,,,
2015092300100081,2015년 9월 23일 06시,수요일,충청북도 진천군 진천읍,중상사고,0,3,0,0,차대차 - 기타,안전운전불이행,건조,맑음,단일로 - 기타,화물,남,56세,상해없음,화물,남,50세,상해없음
2015092300100101,2015년 9월 23일 07시,수요일,충청북도 청주시 청원구 율량동,중상사고,0,1,0,0,차대차 - 측면직각충돌,신호위반,건조,맑음,교차로 - 교차로안,승용,남,54세,상해없음,승용,남,47세,중상
2015092300100102,2015년 9월 23일 07시,수요일,충청북도 음성군 감곡면,중상사고,0,1,0,0,차대사람 - 횡단중,안전운전불이행,건조,맑음,단일로 - 교량,승용,남,42세,상해없음,보행자,여,17세,중상
2015092300100138,2015년 9월 23일 08시,수요일,충청북도 충주시 칠금동,중상사고,0,1,0,0,차대차 - 기타,안전거리미확보,건조,맑음,단일로 - 기타,승용,남,25세,상해없음,승용,여,65세,중상
2015092300100139,2015년 9월 23일 08시,수요일,충청북도 충주시 주덕읍,경상사고,0,0,1,0,차대차 - 기타,안전운전불이행,건조,맑음,단일로 - 기타,건설기계,남,52세,상해없음,자전거,남,16세,경상
2015092300100140,2015년 9월 23일 08시,수요일,충청북도 영동군 영동읍,중상사고,0,1,0,0,차대차 - 기타,교차로운행방법위반,건조,흐림,교차로 - 교차로안,승용,여,61세,상해없음,원동기,남,78세,중상
2015092300100182,2015년 9월 23일 09시,수요일,충청북도 충주시 동량면,경상사고,0,0,2,0,차대차 - 기타,안전거리미확보,건조,맑음,교차로 - 교차로부근,화물,남,43세,경상,승용,남,29세,경상
2015092300100211,2015년 9월 23일 10시,수요일,충청북도 제천시 송학면,경상사고,0,0,3,0,차대차 - 기타,안전거리미확보,건조,맑음,단일로 - 기타,승용,남,34세,상해없음,승용,남,53세,경상
2015092300100212,2015년 9월 23일 10시,수요일,충청북도 청주시 서원구 현도면,경상사고,0,0,1,0,차대차 - 기타,안전운전불이행,건조,맑음,교차로 - 교차로부근,화물,남,60세,상해없음,화물,남,23세,경상
2015092300100213,2015년 9월 23일 10시,수요일,충청북도 청주시 상당구 문의면,중상사고,0,1,1,0,차대차 - 기타,교차로운행방법위반,건조,맑음,교차로 - 교차로안,승용,여,67세,경상,승용,남,41세,중상
2015092300100242,2015년 9월 23일 11시,수요일,충청북도 청주시 흥덕구 가경동,경상사고,0,0,2,0,차대차 - 측면직각충돌,안전운전불이행,건조,맑음,교차로 - 교차로부근,승용,남,56세,상해없음,승용,여,36세,경상
2015092300100277,2015년 9월 23일 12시,수요일,충청북도 청주시 서원구 성화동,중상사고,0,1,0,0,차대차 - 기타,직진우회전진행방해,건조,맑음,교차로 - 교차로안,승용,여,43세,상해없음,이륜,남,30세,중상
2015092300100318,2015년 9월 23일 13시,수요일,충청북도 청주시 청원구 사천동,중상사고,0,1,1,0,차대차 - 측면직각충돌,교차로운행방법위반,건조,맑음,교차로 - 교차로안,승용,남,23세,중상,승용,남,56세,경상
2015092300100319,2015년 9월 23일 13시,수요일,충청북도 청주시 청원구 오창읍,경상사고,0,0,2,0,차대차 - 측면직각충돌,교차로운행방법위반,건조,맑음,교차로 - 교차로안,승용,남,36세,경상,화물,남,43세,경상
2015092300100320,2015년 9월 23일 13시,수요일,충청북도 청주시 청원구 율량동,경상사고,0,0,1,0,차대차 - 기타,안전운전불이행,건조,맑음,단일로 - 기타,승용,여,49세,상해없음,승합,남,55세,상해없음
2015092300100358,2015년 9월 23일 14시,수요일,충청북도 영동군 매곡면,중상사고,0,1,0,0,차대차 - 기타,안전운전불이행,건조,흐림,단일로 - 기타,화물,남,59세,상해없음,원동기,남,79세,중상
2015092300100359,2015년 9월 23일 14시,수요일,충청북도 청주시 상당구 금천동,경상사고,0,0,1,0,차대차 - 기타,안전운전불이행,건조,맑음,교차로 - 교차로안,승용,남,54세,상해없음,자전거,남,40세,경상
2015092300100395,2015년 9월 23일 15시,수요일,충청북도 충주시 연수동,경상사고,0,0,1,0,차대차 - 추돌 - 진행중,안전운전불이행,건조,맑음,단일로 - 기타,승용,여,47세,상해없음,승용,여,32세,경상
2015092300100443,2015년 9월 23일 16시,수요일,충청북도 충주시 봉방동,경상사고,0,0,1,0,차대차 - 추돌 - 진행중,안전거리미확보,건조,맑음,교차로 - 교차로부근,승합,남,52세,상해없음,승용,남,35세,경상
2015092300100444,2015년 9월 23일 16시,수요일,충청북도 청주시 상당구 용담동,경상사고,0,0,1,0,차대차 - 기타,신호위반,건조,맑음,교차로 - 교차로안,승용,여,22세,상해없음,승용,여,40세,경상
2015092300100489,2015년 9월 23일 17시,수요일,충청북도 청주시 흥덕구 송절동,경상사고,0,0,4,0,차대차 - 추돌 - 진행중,안전운전불이행,건조,맑음,단일로 - 기타,승용,남,45세,경상,승용,남,45세,상해없음
2015092300100549,2015년 9월 23일 18시,수요일,충청북도 충주시 교현동,부상신고사고,0,0,0,1,차대차 - 추돌 - 진행중,안전운전불이행,건조,맑음,단일로 - 기타,원동기,남,28세,부상신고,승용,남,56세,상해없음
2015092300100550,2015년 9월 23일 18시,수요일,충청북도 충주시 지현동,부상신고사고,0,0,0,1,차대차 - 추돌 - 진행중,안전운전불이행,건조,맑음,교차로 - 교차로안,원동기,남,21세,부상신고,승용,남,30세,상해없음
2015092300100551,2015년 9월 23일 18시,수요일,충청북도 제천시 서부동,경상사고,0,0,1,0,차대차 - 기타,중앙선침범,건조,맑음,교차로 - 교차로부근,자전거,남,14세,경상,승용,여,35세,상해없음
2015092300100615,2015년 9월 23일 19시,수요일,충청북도 진천군 진천읍,경상사고,0,0,1,0,차대차 - 추돌 - 주정차중,차로위반,건조,흐림,교차로 - 교차로안,승합,남,47세,상해없음,승용,여,34세,경상
2015092300100767,2015년 9월 23일 22시,수요일,충청북도 청주시 흥덕구 봉명동,경상사고,0,0,2,0,차대차 - 측면직각충돌,신호위반,건조,맑음,교차로 - 교차로안,승용,남,24세,상해없음,이륜,남,19세,경상
2015092300100768,2015년 9월 23일 22시,수요일,충청북도 청주시 흥덕구 봉명동,부상신고사고,0,0,0,1,차대차 - 추돌 - 진행중,교차로운행방법위반,건조,맑음,교차로 - 교차로안,자전거,남,15세,부상신고,승용,남,51세,상해없음
2015092400100011,2015년 9월 24일 00시,목요일,충청북도 음성군 생극면,중상사고,0,1,0,0,차량단독 - 공작물충돌,안전운전불이행,건조,맑음,단일로 - 기타,승용,남,36세,중상,,,,
2015092400100066,2015년 9월 24일 03시,목요일,충청북도 제천시 강제동,경상사고,0,0,1,1,차대차 - 기타,안전운전불이행,건조,맑음,기타 - 기타,승용,남,39세,부상신고,승용,남,50세,경상
2015092400100101,2015년 9월 24일 06시,목요일,충청북도 청주시 서원구 산남동,경상사고,0,0,1,0,차대사람 - 기타,안전운전불이행,건조,맑음,단일로 - 기타,승용,남,43세,상해없음,보행자,남,19세,경상
2015092400100199,2015년 9월 24일 09시,목요일,충청북도 청주시 상당구 석교동,경상사고,0,0,1,0,차대차 - 기타,기타,건조,맑음,단일로 - 기타,승용,남,53세,상해없음,자전거,남,86세,경상
2015092400100236,2015년 9월 24일 10시,목요일,충청북도 음성군 금왕읍,중상사고,0,2,2,0,차대차 - 기타,중앙선침범,건조,맑음,단일로 - 기타,승용,남,58세,중상,승용,남,53세,경상
2015092400100264,2015년 9월 24일 11시,목요일,충청북도 충주시 교현동,경상사고,0,0,1,0,차대차 - 기타,안전운전불이행,건조,맑음,단일로 - 기타,승용,남,47세,상해없음,승용,남,29세,경상
2015092400100265,2015년 9월 24일 11시,목요일,충청북도 제천시 송학면,경상사고,0,0,1,0,차대사람 - 기타,안전운전불이행,건조,맑음,기타 - 기타,승용,여,47세,상해없음,보행자,남,54세,경상
2015092400100266,2015년 9월 24일 11시,목요일,충청북도 청주시 상당구 영운동,경상사고,0,0,1,0,차대차 - 측면직각충돌,교차로운행방법위반,건조,맑음,교차로 - 교차로안,승용,남,73세,상해없음,승용,남,56세,상해없음
2015092400100300,2015년 9월 24일 12시,목요일,충청북도 영동군 양강면,중상사고,0,1,0,0,차대차 - 기타,안전운전불이행,건조,맑음,단일로 - 기타,승용,남,83세,상해없음,원동기,남,88세,중상
2015092400100333,2015년 9월 24일 13시,목요일,충청북도 청주시 청원구 우암동,경상사고,0,0,4,0,차대차 - 기타,안전운전불이행,건조,맑음,단일로 - 기타,승용,남,50세,상해없음,승용,여,40세,경상
2015092400100400,2015년 9월 24일 15시,목요일,충청북도 제천시 신백동,경상사고,0,0,1,0,차대사람 - 횡단중,보행자보호의무위반,건조,맑음,교차로 - 교차로부근,승용,여,38세,상해없음,보행자,여,60세,경상
2015092400100401,2015년 9월 24일 15시,목요일,충청북도 음성군 대소면,중상사고,0,1,0,0,차대사람 - 횡단중,안전운전불이행,건조,맑음,단일로 - 기타,화물,남,53세,상해없음,보행자,남,11세,중상
2015092400100450,2015년 9월 24일 16시,목요일,충청북도 청주시 청원구 오창읍,중상사고,0,1,0,0,차대사람 - 기타,안전운전불이행,건조,맑음,교차로 - 교차로안,승용,남,54세,상해없음,보행자,여,65세,중상
2015092400100451,2015년 9월 24일 16시,목요일,충청북도 청주시 청원구 사천동,경상사고,0,0,1,0,차대차 - 기타,안전운전불이행,건조,맑음,단일로 - 기타,승용,남,39세,상해없음,승용,남,31세,경상
2015092400100452,2015년 9월 24일 16시,목요일,충청북도 충주시 칠금동,중상사고,0,1,0,0,차대차 - 측면직각충돌,안전운전불이행,건조,맑음,교차로 - 교차로안,승용,남,59세,상해없음,원동기,남,74세,중상
2015092400100453,2015년 9월 24일 16시,목요일,충청북도 음성군 금왕읍,경상사고,0,0,3,0,차대차 - 측면직각충돌,안전운전불이행,건조,맑음,교차로 - 교차로안,승용,남,54세,상해없음,승용,남,42세,경상
2015092400100454,2015년 9월 24일 16시,목요일,충청북도 음성군 감곡면,중상사고,0,1,1,0,차대차 - 추돌 - 주정차중,안전거리미확보,건조,맑음,단일로 - 터널,승합,남,54세,상해없음,승용,남,29세,경상
2015092400100496,2015년 9월 24일 17시,목요일,충청북도 청주시 청원구 주중동,중상사고,0,1,0,0,차대차 - 기타,안전운전불이행,건조,맑음,교차로 - 교차로안,자전거,남,79세,중상,승합,남,58세,상해없음
2015092400100497,2015년 9월 24일 17시,목요일,충청북도 청주시 서원구 분평동,중상사고,0,1,0,0,차대차 - 기타,안전운전불이행,건조,맑음,단일로 - 기타,승용,남,28세,상해없음,자전거,남,42세,중상
2015092400100540,2015년 9월 24일 18시,목요일,충청북도 충주시 문화동,경상사고,0,0,1,0,차대차 - 기타,안전거리미확보,건조,맑음,단일로 - 기타,승용,남,34세,상해없음,원동기,남,37세,경상
2015092400100541,2015년 9월 24일 18시,목요일,충청북도 청주시 흥덕구 복대동,경상사고,0,0,1,0,차대차 - 측면직각충돌,교차로운행방법위반,건조,맑음,교차로 - 교차로안,화물,남,44세,상해없음,원동기,남,33세,경상
2015092400100542,2015년 9월 24일 18시,목요일,충청북도 청주시 상당구 남일면,경상사고,0,0,1,0,차대차 - 기타,중앙선침범,건조,맑음,단일로 - 기타,승용,남,71세,상해없음,화물,남,50세,경상
2015092400100649,2015년 9월 24일 20시,목요일,충청북도 청주시 서원구 미평동,중상사고,0,1,0,0,차대차 - 기타,신호위반,건조,맑음,교차로 - 교차로부근,승용,남,22세,상해없음,승용,남,60세,중상
2015092400100686,2015년 9월 24일 21시,목요일,충청북도 충주시 연수동,중상사고,0,1,1,0,차대사람 - 기타,안전운전불이행,건조,맑음,단일로 - 기타,원동기,남,20세,경상,보행자,여,48세,중상
2015092400100730,2015년 9월 24일 22시,목요일,충청북도 충주시 칠금동,중상사고,0,1,0,0,차대사람 - 기타,신호위반,건조,맑음,교차로 - 교차로안,승용,여,60세,상해없음,보행자,여,23세,중상
2015092400100764,2015년 9월 24일 23시,목요일,충청북도 제천시 하소동,경상사고,0,0,1,0,차대차 - 기타,안전운전불이행,건조,맑음,단일로 - 기타,자전거,남,17세,기타불명,이륜,남,17세,경상
2015092400100765,2015년 9월 24일 23시,목요일,충청북도 청주시 흥덕구 복대동,경상사고,0,0,1,0,차대차 - 측면직각충돌,기타,건조,맑음,단일로 - 기타,승용,남,56세,상해없음,이륜,남,53세,경상
2015092500100020,2015년 9월 25일 00시,금요일,충청북도 청주시 청원구 내덕동,경상사고,0,0,1,0,차대차 - 기타,안전운전불이행,건조,맑음,교차로 - 교차로부근,승용,남,29세,경상,승용,남,43세,상해없음
2015092500100042,2015년 9월 25일 01시,금요일,충청북도 음성군 금왕읍,부상신고사고,0,0,0,1,차량단독 - 공작물충돌,안전운전불이행,건조,맑음,단일로 - 기타,화물,남,65세,부상신고,,,,
2015092500100043,2015년 9월 25일 01시,금요일,충청북도 청주시 흥덕구 운천동,중상사고,0,2,0,0,차대차 - 기타,신호위반,건조,맑음,교차로 - 교차로안,승용,남,29세,상해없음,승용,남,37세,중상
2015092500100057,2015년 9월 25일 02시,금요일,충청북도 청주시 흥덕구 강서동,경상사고,0,0,1,0,차대차 - 측면직각충돌,신호위반,기타,맑음,교차로 - 교차로안,승용,여,47세,상해없음,승용,남,39세,경상
2015092500100065,2015년 9월 25일 03시,금요일,충청북도 청주시 서원구 모충동,경상사고,0,0,1,0,차대사람 - 기타,신호위반,건조,맑음,단일로 - 횡단보도상,승용,남,30세,상해없음,보행자,남,64세,경상
2015092500100102,2015년 9월 25일 06시,금요일,충청북도 보은군 수한면,중상사고,0,1,0,0,차량단독 - 전도전복,안전운전불이행,건조,맑음,단일로 - 기타,원동기,남,73세,중상,,,,
2015092500100123,2015년 9월 25일 07시,금요일,충청북도 충주시 연수동,중상사고,0,1,0,0,차대차 - 기타,교차로운행방법위반,건조,맑음,단일로 - 기타,승용,남,50세,상해없음,자전거,남,12세,중상
2015092500100124,2015년 9월 25일 07시,금요일,충청북도 진천군 문백면,중상사고,0,1,1,0,차대차 - 정면충돌,안전거리미확보,건조,맑음,단일로 - 터널,승용,남,28세,상해없음,승용,남,21세,상해없음
2015092500100125,2015년 9월 25일 07시,금요일,충청북도 진천군 문백면,중상사고,0,1,1,0,차대차 - 추돌 - 진행중,안전거리미확보,건조,맑음,단일로 - 터널,승용,남,21세,기타불명,승용,여,24세,경상
2015092500100166,2015년 9월 25일 08시,금요일,충청북도 청주시 서원구 사직동,경상사고,0,0,1,0,차대차 - 측면직각충돌,안전운전불이행,건조,맑음,단일로 - 기타,승용,남,69세,상해없음,승용,여,48세,경상
2015092500100167,2015년 9월 25일 08시,금요일,충청북도 청주시 흥덕구 강내면,경상사고,0,0,4,0,차대차 - 추돌 - 주정차중,중앙선침범,건조,맑음,단일로 - 기타,승용,남,24세,상해없음,승용,여,44세,경상
2015092500100168,2015년 9월 25일 08시,금요일,충청북도 청주시 상당구 용담동,경상사고,0,0,1,0,차대차 - 측면직각충돌,교차로운행방법위반,건조,맑음,교차로 - 교차로안,승용,남,58세,상해없음,승용,여,43세,상해없음
2015092500100204,2015년 9월 25일 09시,금요일,충청북도 충주시 봉방동,중상사고,0,1,0,0,차대사람 - 기타,안전운전불이행,건조,맑음,단일로 - 기타,승용,남,44세,상해없음,보행자,여,77세,중상
2015092500100235,2015년 9월 25일 10시,금요일,충청북도 진천군 문백면,경상사고,0,0,1,0,차대차 - 추돌 - 진행중,안전거리미확보,건조,맑음,단일로 - 기타,승용,여,30세,상해없음,승용,남,33세,상해없음