사고번호,사고일시,요일,시군구,사고내용,사망자수,중상자수,경상자수,부상신고자수,사고유형,법규위반,노면상태,기상상태,도로형태,가해운전자 차종,가해운전자 성별,가해운전자 연령,가해운전자 상해정도,피해운전자 차종,피해운전자 성별,피해운전자 연령,피해운전자 상해정도
2015092500100323,2015년 9월 25일 12시,금요일,충청북도 청주시 상당구 지북동,경상사고,0,0,1,0,차량단독 - 기타,기타,건조,맑음,단일로 - 기타,승합,남,52세,상해없음,,,,
2015092500100369,2015년 9월 25일 13시,금요일,충청북도 제천시 봉양읍,사망사고,1,0,0,0,차대차 - 기타,교차로운행방법위반,건조,맑음,교차로 - 교차로안,농기계,남,58세,상해없음,원동기,남,67세,사망
2015092500100370,2015년 9월 25일 13시,금요일,충청북도 청주시 흥덕구 복대동,중상사고,0,1,0,0,차대사람 - 횡단중,보행자보호의무위반,건조,맑음,단일로 - 횡단보도상,화물,남,55세,상해없음,보행자,남,79세,중상
2015092500100414,2015년 9월 25일 14시,금요일,충청북도 청주시 흥덕구 봉명동,부상신고사고,0,0,0,1,차대사람 - 길가장자리구역통행중,안전운전불이행,건조,맑음,단일로 - 기타,승용,여,53세,상해없음,보행자,여,60세,부상신고
2015092500100415,2015년 9월 25일 14시,금요일,충청북도 청주시 흥덕구 오송읍,경상사고,0,0,1,0,차대차 - 측면직각충돌,안전운전불이행,건조,맑음,단일로 - 기타,승용,남,59세,상해없음,이륜,여,63세,경상
2015092500100462,2015년 9월 25일 15시,금요일,충청북도 청주시 상당구 북문로1가동,경상사고,0,0,2,0,차대차 - 추돌 - 주정차중,안전운전불이행,건조,맑음,교차로 - 교차로부근,승용,남,15세,상해없음,승용,남,20세,경상
2015092500100463,2015년 9월 25일 15시,금요일,충청북도 청주시 흥덕구 옥산면,경상사고,0,0,1,0,차대사람 - 길가장자리구역통행중,안전운전불이행,건조,맑음,단일로 - 기타,승용,남,41세,상해없음,보행자,여,41세,경상
2015092500100464,2015년 9월 25일 15시,금요일,충청북도 청주시 서원구 수곡동,경상사고,0,0,1,0,차대차 - 측면직각충돌,신호위반,건조,맑음,교차로 - 교차로안,승용,남,41세,상해없음,자전거,남,16세,경상
2015092500100572,2015년 9월 25일 17시,금요일,충청북도 영동군 심천면,중상사고,0,1,0,0,차대차 - 기타,안전거리미확보,건조,맑음,단일로 - 기타,자전거,남,82세,중상,승용,남,34세,상해없음
2015092500100573,2015년 9월 25일 17시,금요일,충청북도 음성군 맹동면,경상사고,0,0,1,0,차대사람 - 기타,안전운전불이행,건조,맑음,단일로 - 기타,기타불명,기타불명,기타불명,기타불명,보행자,남,82세,경상
2015092500100574,2015년 9월 25일 17시,금요일,충청북도 청주시 서원구 개신동,경상사고,0,0,1,0,차대사람 - 횡단중,보행자보호의무위반,건조,맑음,단일로 - 횡단보도상,승용,남,51세,상해없음,보행자,남,13세,경상
2015092500100575,2015년 9월 25일 17시,금요일,충청북도 청주시 흥덕구 봉명동,경상사고,0,0,1,0,차대차 - 추돌 - 주정차중,안전운전불이행,건조,맑음,교차로 - 교차로안,승용,여,46세,상해없음,승용,남,27세,경상
2015092500100576,2015년 9월 25일 17시,금요일,충청북도 청주시 상당구 탑동,경상사고,0,0,1,0,차대사람 - 보도통행중,안전운전불이행,건조,맑음,교차로 - 교차로안,승용,여,39세,상해없음,보행자,여,54세,경상
2015092500100633,2015년 9월 25일 18시,금요일,충청북도 청주시 청원구 율량동,경상사고,0,0,1,0,차대차 - 기타,안전운전불이행,건조,맑음,단일로 - 기타,기타불명,기타불명,기타불명,기타불명,원동기,남,17세,경상
2015092500100634,2015년 9월 25일 18시,금요일,충청북도 옥천군 이원면,경상사고,0,0,3,0,차대차 - 측면직각충돌,안전운전불이행,건조,맑음,단일로 - 기타,승용,남,50세,경상,승용,남,68세,경상
2015092500100635,2015년 9월 25일 18시,금요일,충청북도 청주시 서원구 현도면,경상사고,0,0,2,0,차대차 - 추돌 - 주정차중,안전운전불이행,건조,맑음,교차로 - 교차로부근,승합,남,57세,상해없음,승용,여,38세,경상
2015092500100636,2015년 9월 25일 18시,금요일,충청북도 청주시 상당구 용암동,중상사고,0,1,0,0,차대차 - 추돌 - 주정차중,안전운전불이행,건조,맑음,단일로 - 기타,승용,남,35세,상해없음,이륜,남,47세,중상
2015092500100699,2015년 9월 25일 19시,금요일,충청북도 진천군 문백면,중상사고,0,1,0,0,차대차 - 기타,교차로운행방법위반,건조,맑음,교차로 - 교차로안,화물,남,67세,상해없음,원동기,여,59세,중상
2015092500100700,2015년 9월 25일 19시,금요일,충청북도 청주시 흥덕구 강서동,경상사고,0,0,1,0,차대차 - 기타,안전운전불이행,건조,맑음,교차로 - 교차로부근,원동기,남,30세,경상,승용,남,29세,상해없음
2015092500100701,2015년 9월 25일 19시,금요일,충청북도 청주시 상당구 금천동,사망사고,1,0,0,0,차대사람 - 횡단중,안전운전불이행,건조,맑음,단일로 - 횡단보도부근,화물,남,61세,상해없음,보행자,여,86세,사망
2015092500100755,2015년 9월 25일 20시,금요일,충청북도 청주시 청원구 사천동,중상사고,0,4,5,0,차대차 - 추돌 - 주정차중,안전운전불이행,건조,맑음,단일로 - 기타,승합,남,45세,상해없음,승합,남,43세,중상
2015092500100756,2015년 9월 25일 20시,금요일,충청북도 청주시 청원구 율량동,경상사고,0,0,1,0,차대사람 - 기타,안전운전불이행,건조,맑음,교차로 - 교차로부근,승합,남,29세,상해없음,보행자,남,50세,경상
2015092500100757,2015년 9월 25일 20시,금요일,충청북도 청주시 흥덕구 봉명동,경상사고,0,0,1,0,차대차 - 추돌 - 진행중,안전거리미확보,건조,맑음,단일로 - 기타,승용,남,49세,상해없음,승용,여,33세,경상
2015092500100801,2015년 9월 25일 21시,금요일,충청북도 청주시 흥덕구 운천동,경상사고,0,0,1,0,차대사람 - 횡단중,안전운전불이행,건조,맑음,단일로 - 기타,승용,남,32세,상해없음,보행자,여,56세,경상
2015092500100802,2015년 9월 25일 21시,금요일,충청북도 청주시 흥덕구 옥산면,경상사고,0,0,1,0,차대차 - 측면직각충돌,중앙선침범,건조,맑음,단일로 - 기타,승용,남,49세,상해없음,승용,남,67세,경상
2015092500100844,2015년 9월 25일 22시,금요일,충청북도 청주시 상당구 문의면,경상사고,0,0,5,0,차대차 - 측면직각충돌,신호위반,건조,맑음,교차로 - 교차로안,승용,남,40세,경상,승용,남,38세,경상
2015092600100017,2015년 9월 26일 00시,토요일,충청북도 청주시 청원구 내덕동,경상사고,0,0,1,0,차대차 - 기타,안전운전불이행,건조,맑음,단일로 - 기타,승용,남,50세,상해없음,승용,남,51세,경상
2015092600100057,2015년 9월 26일 02시,토요일,충청북도 진천군 광혜원면,경상사고,0,0,1,0,차량단독 - 전도전복,안전운전불이행,건조,맑음,기타 - 기타,이륜,남,20세,경상,,,,
2015092600100080,2015년 9월 26일 03시,토요일,충청북도 청주시 서원구 산남동,경상사고,0,0,1,0,차대사람 - 횡단중,보행자보호의무위반,건조,맑음,단일로 - 횡단보도상,승용,남,44세,상해없음,보행자,여,24세,경상
2015092600100103,2015년 9월 26일 04시,토요일,충청북도 청주시 서원구 남이면,경상사고,0,0,2,0,차대차 - 추돌 - 주정차중,안전운전불이행,건조,맑음,교차로 - 교차로부근,승용,남,39세,상해없음,승용,남,43세,경상
2015092600100118,2015년 9월 26일 05시,토요일,충청북도 청주시 청원구 오동동,경상사고,0,0,1,0,차대차 - 추돌 - 주정차중,안전운전불이행,건조,맑음,교차로 - 교차로부근,승용,남,38세,상해없음,승용,남,59세,경상
2015092600100132,2015년 9월 26일 06시,토요일,충청북도 청주시 상당구 석교동,경상사고,0,0,1,0,차대사람 - 기타,안전운전불이행,건조,맑음,단일로 - 기타,승용,남,74세,상해없음,보행자,남,57세,경상
2015092600100182,2015년 9월 26일 09시,토요일,충청북도 청주시 청원구 주성동,경상사고,0,0,1,0,차대차 - 기타,교차로운행방법위반,건조,맑음,교차로 - 교차로안,승용,여,40세,상해없음,승용,남,63세,경상
2015092600100183,2015년 9월 26일 09시,토요일,충청북도 충주시 대소원면,부상신고사고,0,0,0,1,차량단독 - 도로외이탈 - 추락,안전운전불이행,건조,맑음,기타 - 기타,농기계,남,78세,부상신고,,,,
2015092600100184,2015년 9월 26일 09시,토요일,충청북도 제천시 신백동,중상사고,0,1,0,0,차대사람 - 기타,안전운전불이행,건조,맑음,기타 - 기타,승합,남,55세,상해없음,보행자,여,68세,중상
2015092600100185,2015년 9월 26일 09시,토요일,충청북도 청주시 흥덕구 복대동,경상사고,0,0,3,0,차대차 - 추돌 - 주정차중,안전운전불이행,건조,맑음,교차로 - 교차로안,승용,남,58세,상해없음,승용,여,37세,경상
2015092600100186,2015년 9월 26일 09시,토요일,충청북도 청주시 상당구 남일면,경상사고,0,0,1,0,차대차 - 측면직각충돌,불법유턴,건조,맑음,교차로 - 교차로부근,승용,남,59세,상해없음,승용,여,64세,경상
2015092600100214,2015년 9월 26일 10시,토요일,충청북도 음성군 금왕읍,경상사고,0,0,1,0,차대차 - 추돌 - 진행중,안전거리미확보,건조,맑음,단일로 - 기타,승용,남,53세,상해없음,승합,여,41세,경상
2015092600100215,2015년 9월 26일 10시,토요일,충청북도 옥천군 안내면,경상사고,0,0,3,0,차대차 - 기타,중앙선침범,건조,맑음,단일로 - 기타,화물,여,35세,상해없음,승용,남,35세,경상
2015092600100216,2015년 9월 26일 10시,토요일,충청북도 진천군 진천읍,중상사고,0,1,12,0,차대차 - 추돌 - 진행중,안전운전불이행,건조,맑음,기타 - 기타,화물,남,58세,경상,승용,여,33세,경상
2015092600100246,2015년 9월 26일 11시,토요일,충청북도 충주시 교현동,경상사고,0,0,1,1,차대차 - 측면직각충돌,직진우회전진행방해,건조,맑음,교차로 - 교차로안,승용,여,46세,부상신고,승용,남,54세,경상
2015092600100247,2015년 9월 26일 11시,토요일,충청북도 제천시 청전동,경상사고,0,0,2,0,차대차 - 기타,직진우회전진행방해,건조,맑음,교차로 - 교차로안,승용,남,24세,기타불명,승합,남,34세,경상
2015092600100248,2015년 9월 26일 11시,토요일,충청북도 괴산군 소수면,경상사고,0,0,4,0,차대차 - 추돌 - 진행중,안전운전불이행,건조,맑음,단일로 - 기타,승용,남,49세,상해없음,승용,남,34세,경상
2015092600100249,2015년 9월 26일 11시,토요일,충청북도 청주시 흥덕구 복대동,중상사고,0,1,0,0,차대사람 - 길가장자리구역통행중,안전운전불이행,건조,맑음,단일로 - 기타,승용,남,81세,상해없음,보행자,여,60세,중상
2015092600100277,2015년 9월 26일 12시,토요일,충청북도 충주시 봉방동,경상사고,0,0,1,0,차대차 - 기타,안전운전불이행,건조,맑음,단일로 - 기타,승용,여,41세,상해없음,자전거,남,7세,경상
2015092600100359,2015년 9월 26일 15시,토요일,충청북도 청주시 상당구 수동,중상사고,0,2,4,0,차대차 - 측면직각충돌,안전거리미확보,건조,맑음,교차로 - 교차로부근,승용,남,58세,상해없음,승용,남,66세,중상
2015092600100419,2015년 9월 26일 17시,토요일,충청북도 청주시 청원구 내수읍,중상사고,0,1,0,0,차대사람 - 기타,보행자보호의무위반,건조,맑음,교차로 - 교차로안,승용,남,45세,상해없음,보행자,여,61세,중상
2015092600100525,2015년 9월 26일 22시,토요일,충청북도 충주시 신니면,중상사고,0,2,0,0,차대차 - 정면충돌,중앙선침범,건조,맑음,단일로 - 기타,승용,남,43세,중상,승용,남,58세,중상
2015092600100541,2015년 9월 26일 23시,토요일,충청북도 충주시 호암동,경상사고,0,0,1,0,차대차 - 기타,안전거리미확보,건조,맑음,교차로 - 교차로부근,승용,여,43세,상해없음,이륜,남,39세,경상
2015092600100542,2015년 9월 26일 23시,토요일,충청북도 청주시 상당구 남일면,부상신고사고,0,0,0,1,차량단독 - 공작물충돌,안전운전불이행,건조,맑음,단일로 - 기타,승용,남,35세,부상신고,,,,
2015092700100082,2015년 9월 27일 07시,일요일,충청북도 청주시 흥덕구 강서동,경상사고,0,0,2,0,차대차 - 추돌 - 진행중,안전운전불이행,건조,맑음,단일로 - 기타,승용,남,27세,상해없음,승용,여,58세,경상
2015092700100095,2015년 9월 27일 08시,일요일,충청북도 단양군 단양읍,중상사고,0,1,0,0,차대차 - 정면충돌,중앙선침범,건조,맑음,단일로 - 기타,승용,여,44세,상해없음,승용,남,56세,중상
2015092700100133,2015년 9월 27일 10시,일요일,충청북도 제천시 서부동,경상사고,0,0,2,0,차대차 - 측면직각충돌,신호위반,건조,맑음,교차로 - 교차로안,화물,남,62세,상해없음,승용,남,32세,경상
2015092700100134,2015년 9월 27일 10시,일요일,충청북도 청주시 흥덕구 신전동,중상사고,0,4,0,0,차대차 - 측면직각충돌,교차로운행방법위반,건조,맑음,교차로 - 교차로안,승용,남,36세,상해없음,승용,남,53세,중상
2015092700100136,2015년 9월 27일 10시,일요일,충청북도 청주시 흥덕구 강내면,경상사고,0,0,2,0,차대차 - 추돌 - 진행중,안전운전불이행,건조,맑음,단일로 - 기타,승용,남,57세,상해없음,승용,남,53세,상해없음
2015092700100156,2015년 9월 27일 11시,일요일,충청북도 청주시 서원구 산남동,경상사고,0,0,2,0,차대차 - 추돌 - 진행중,안전운전불이행,건조,맑음,단일로 - 기타,승용,남,55세,상해없음,승용,남,60세,경상
2015092700100191,2015년 9월 27일 12시,일요일,충청북도 영동군 심천면,중상사고,0,2,0,0,차대차 - 측면직각충돌,직진우회전진행방해,건조,맑음,교차로 - 교차로안,승용,남,37세,상해없음,승용,남,59세,중상
2015092700100192,2015년 9월 27일 12시,일요일,충청북도 보은군 마로면,중상사고,0,1,0,0,차대차 - 측면직각충돌,중앙선침범,건조,맑음,단일로 - 기타,승합,남,39세,상해없음,원동기,남,63세,중상
2015092700100193,2015년 9월 27일 12시,일요일,충청북도 청주시 흥덕구 봉명동,경상사고,0,0,4,0,차대차 - 추돌 - 주정차중,신호위반,건조,맑음,교차로 - 교차로안,화물,남,74세,상해없음,승합,남,55세,경상
2015092700100224,2015년 9월 27일 13시,일요일,충청북도 증평군 증평읍,경상사고,0,0,1,0,차대차 - 추돌 - 주정차중,안전운전불이행,건조,맑음,교차로 - 교차로부근,승용,남,40세,상해없음,승용,남,52세,경상
2015092700100225,2015년 9월 27일 13시,일요일,충청북도 청주시 서원구 남이면,경상사고,0,0,2,0,차대차 - 추돌 - 진행중,안전운전불이행,건조,맑음,교차로 - 교차로부근,승용,남,41세,상해없음,화물,남,60세,경상
2015092700100231,2015년 9월 27일 13시,일요일,충청북도 옥천군 동이면,경상사고,0,0,1,0,차대사람 - 기타,안전운전불이행,건조,맑음,교차로 - 교차로부근,승용,남,53세,상해없음,보행자,남,16세,경상
2015092700100251,2015년 9월 27일 14시,일요일,충청북도 청주시 청원구 율량동,경상사고,0,0,3,0,차대차 - 추돌 - 진행중,안전운전불이행,건조,맑음,교차로 - 교차로부근,승용,남,60세,상해없음,승용,남,31세,경상
2015092700100252,2015년 9월 27일 14시,일요일,충청북도 충주시 달천동,경상사고,0,0,2,0,차대차 - 기타,안전운전불이행,건조,맑음,단일로 - 기타,승용,남,78세,상해없음,승용,남,33세,경상
2015092700100253,2015년 9월 27일 14시,일요일,충청북도 괴산군 문광면,경상사고,0,0,3,0,차대차 - 정면충돌,직진우회전진행방해,건조,맑음,교차로 - 교차로안,승용,남,32세,경상,승용,남,47세,상해없음
2015092700100286,2015년 9월 27일 15시,일요일,충청북도 청주시 상당구 평촌동,중상사고,0,1,2,0,차대차 - 추돌 - 진행중,신호위반,건조,맑음,교차로 - 교차로안,승용,남,35세,기타불명,승용,남,54세,상해없음
2015092700100313,2015년 9월 27일 16시,일요일,충청북도 증평군 도안면,경상사고,0,0,3,0,차대차 - 추돌 - 진행중,안전운전불이행,건조,맑음,교차로 - 교차로안,승용,남,61세,상해없음,승용,남,34세,상해없음
2015092700100314,2015년 9월 27일 16시,일요일,충청북도 청주시 흥덕구 강내면,경상사고,0,0,2,0,차대차 - 기타,안전운전불이행,건조,맑음,교차로 - 교차로부근,승용,남,67세,상해없음,승합,남,43세,경상
2015092700100344,2015년 9월 27일 17시,일요일,충청북도 제천시 청전동,중상사고,0,1,2,0,차대차 - 측면직각충돌,안전운전불이행,건조,맑음,교차로 - 교차로안,승용,남,25세,상해없음,승용,남,57세,중상
2015092700100345,2015년 9월 27일 17시,일요일,충청북도 청주시 흥덕구 옥산면,중상사고,0,1,0,0,차대차 - 측면직각충돌,안전운전불이행,건조,맑음,교차로 - 교차로부근,승용,남,55세,상해없음,자전거,여,61세,중상
2015092700100371,2015년 9월 27일 18시,일요일,충청북도 영동군 용산면,중상사고,0,2,2,0,차대차 - 추돌 - 진행중,안전운전불이행,건조,맑음,단일로 - 기타,승용,남,59세,상해없음,승용,남,52세,중상
2015092700100418,2015년 9월 27일 20시,일요일,충청북도 충주시 성내동,중상사고,0,1,0,1,차대사람 - 기타,안전운전불이행,건조,맑음,교차로 - 교차로안,이륜,남,17세,부상신고,보행자,여,15세,중상
2015092700100462,2015년 9월 27일 22시,일요일,충청북도 충주시 안림동,중상사고,0,1,1,0,차대차 - 기타,안전운전불이행,건조,맑음,단일로 - 기타,승용,남,60세,상해없음,승용,여,23세,중상
2015092700100463,2015년 9월 27일 22시,일요일,충청북도 영동군 영동읍,중상사고,0,1,1,0,차량단독 - 기타,안전운전불이행,건조,맑음,단일로 - 기타,화물,남,22세,상해없음,,,,
2015092700100485,2015년 9월 27일 23시,일요일,충청북도 충주시 문화동,경상사고,0,0,1,1,차대차 - 기타,교차로운행방법위반,건조,맑음,교차로 - 교차로부근,이륜,남,50세,부상신고,이륜,남,17세,경상
2015092800100007,2015년 9월 28일 00시,월요일,충청북도 충주시 달천동,경상사고,0,0,1,1,차대차 - 기타,안전운전불이행,건조,맑음,단일로 - 기타,승용,남,39세,부상신고,승용,남,33세,상해없음
2015092800100016,2015년 9월 28일 01시,월요일,충청북도 청주시 상당구 금천동,사망사고,1,0,1,0,차량단독 - 공작물충돌,안전운전불이행,건조,맑음,교차로 - 교차로부근,승용,여,57세,경상,,,,
2015092800100027,2015년 9월 28일 02시,월요일,충청북도 괴산군 괴산읍,경상사고,0,0,2,0,차대차 - 측면직각충돌,안전운전불이행,건조,맑음,교차로 - 교차로안,이륜,남,49세,상해없음,승용,남,32세,경상
2015092800100061,2015년 9월 28일 05시,월요일,충청북도 청주시 흥덕구 신봉동,중상사고,0,1,0,0,차대사람 - 길가장자리구역통행중,안전운전불이행,건조,맑음,단일로 - 기타,자전거,기타불명,기타불명,기타불명,보행자,여,71세,중상
2015092800100074,2015년 9월 28일 06시,월요일,충청북도 청주시 상당구 북문로1가동,중상사고,0,1,0,0,차대사람 - 기타,안전운전불이행,건조,맑음,교차로 - 교차로부근,기타불명,기타불명,기타불명,기타불명,보행자,여,64세,중상
2015092800100075,2015년 9월 28일 06시,월요일,충청북도 옥천군 군북면,사망사고,1,0,0,0,차량단독 - 도로외이탈 - 추락,안전운전불이행,건조,맑음,단일로 - 기타,승합,여,32세,사망,,,,
2015092800100127,2015년 9월 28일 11시,월요일,충청북도 괴산군 괴산읍,경상사고,0,0,1,0,차대차 - 측면직각충돌,기타,건조,맑음,교차로 - 교차로안,이륜,남,84세,경상,승용,남,59세,상해없음
2015092800100130,2015년 9월 28일 11시,월요일,충청북도 청주시 서원구 현도면,경상사고,0,0,2,0,차대차 - 기타,안전운전불이행,건조,맑음,단일로 - 기타,승용,남,35세,상해없음,승용,남,35세,경상
2015092800100161,2015년 9월 28일 12시,월요일,충청북도 제천시 동현동,중상사고,0,1,1,0,차대차 - 측면직각충돌,신호위반,건조,맑음,교차로 - 교차로안,원동기,남,69세,중상,승용,남,41세,상해없음
2015092800100202,2015년 9월 28일 14시,월요일,충청북도 음성군 금왕읍,경상사고,0,0,2,0,차대차 - 추돌 - 진행중,안전운전불이행,건조,맑음,단일로 - 기타,승용,남,25세,상해없음,승용,남,30세,경상
2015092800100236,2015년 9월 28일 15시,월요일,충청북도 청주시 청원구 내수읍,중상사고,0,1,0,0,차대사람 - 기타,안전운전불이행,건조,맑음,단일로 - 기타,승용,남,72세,상해없음,보행자,남,68세,중상
2015092800100237,2015년 9월 28일 15시,월요일,충청북도 충주시 살미면,경상사고,0,0,2,0,차대차 - 추돌 - 주정차중,안전운전불이행,건조,맑음,교차로 - 교차로부근,승용,남,18세,상해없음,승용,남,39세,경상
2015092800100270,2015년 9월 28일 16시,월요일,충청북도 청주시 상당구 금천동,중상사고,0,1,0,0,차대차 - 기타,안전운전불이행,건조,맑음,교차로 - 교차로안,자전거,남,66세,중상,승용,남,73세,상해없음
2015092800100299,2015년 9월 28일 17시,월요일,충청북도 청주시 흥덕구 복대동,중상사고,0,2,1,0,차대차 - 측면직각충돌,안전운전불이행,건조,맑음,교차로 - 교차로부근,승합,남,23세,상해없음,이륜,남,19세,경상
2015092800100400,2015년 9월 28일 20시,월요일,충청북도 청주시 상당구 영운동,경상사고,0,0,1,0,차대사람 - 기타,보행자보호의무위반,건조,맑음,교차로 - 교차로안,화물,남,54세,상해없음,보행자,남,52세,경상
2015092800100426,2015년 9월 28일 21시,월요일,충청북도 음성군 감곡면,경상사고,0,0,4,0,차대차 - 측면직각충돌,신호위반,건조,맑음,교차로 - 교차로안,승용,여,50세,상해없음,승용,남,28세,경상
2015092800100427,2015년 9월 28일 21시,월요일,충청북도 청주시 흥덕구 옥산면,경상사고,0,0,2,0,차량단독 - 기타,안전운전불이행,건조,맑음,단일로 - 기타,승합,남,50세,상해없음,,,,
2015092800100483,2015년 9월 28일 23시,월요일,충청북도 청주시 상당구 영운동,경상사고,0,0,1,0,차대사람 - 길가장자리구역통행중,안전운전불이행,건조,맑음,단일로 - 기타,화물,남,53세,상해없음,보행자,남,38세,경상
2015092900100011,2015년 9월 29일 00시,화요일,충청북도 청주시 상당구 용암동,경상사고,0,0,3,0,차대차 - 기타,중앙선침범,건조,맑음,단일로 - 기타,화물,남,53세,상해없음,승용,남,28세,경상
2015092900100052,2015년 9월 29일 03시,화요일,충청북도 청주시 흥덕구 가경동,경상사고,0,0,1,0,차대차 - 측면직각충돌,교차로운행방법위반,건조,맑음,교차로 - 교차로안,승용,남,19세,상해없음,이륜,남,25세,경상
2015092900100075,2015년 9월 29일 05시,화요일,충청북도 충주시 봉방동,경상사고,0,0,1,0,차대차 - 추돌 - 주정차중,안전운전불이행,건조,맑음,교차로 - 교차로부근,승용,남,71세,상해없음,승용,남,71세,경상
2015092900100130,2015년 9월 29일 10시,화요일,충청북도 청주시 청원구 오창읍,경상사고,0,0,1,0,차대차 - 측면직각충돌,교차로운행방법위반,건조,맑음,교차로 - 교차로안,승용,남,34세,상해없음,승용,여,49세,경상
2015092900100131,2015년 9월 29일 10시,화요일,충청북도 청주시 청원구 율량동,경상사고,0,0,1,0,차대차 - 측면직각충돌,신호위반,건조,맑음,교차로 - 교차로안,승용,남,45세,상해없음,승용,여,54세,경상
2015092900100152,2015년 9월 29일 11시,화요일,충청북도 청주시 상당구 용암동,경상사고,0,0,1,0,차대차 - 기타,안전운전불이행,건조,맑음,교차로 - 교차로부근,승용,남,58세,상해없음,자전거,여,56세,경상
2015092900100216,2015년 9월 29일 13시,화요일,충청북도 청주시 서원구 현도면,중상사고,0,3,1,0,차대차 - 추돌 - 진행중,안전거리미확보,건조,맑음,단일로 - 기타,승용,남,45세,상해없음,승용,남,54세,중상
2015092900100248,2015년 9월 29일 14시,화요일,충청북도 증평군 도안면,경상사고,0,0,1,0,차대차 - 측면직각충돌,안전거리미확보,건조,맑음,교차로 - 교차로부근,승용,남,28세,상해없음,승용,여,51세,경상
2015092900100249,2015년 9월 29일 14시,화요일,충청북도 청주시 흥덕구 가경동,중상사고,0,1,0,0,차대사람 - 기타,보행자보호의무위반,건조,맑음,교차로 - 교차로안,승용,남,38세,상해없음,보행자,남,3세,중상
2015092900100290,2015년 9월 29일 15시,화요일,충청북도 영동군 추풍령면,경상사고,0,0,4,0,차대차 - 측면직각충돌,안전운전불이행,건조,맑음,교차로 - 교차로부근,화물,남,47세,상해없음,승용,남,22세,경상
2015092900100291,2015년 9월 29일 15시,화요일,충청북도 청주시 서원구 현도면,경상사고,0,0,2,0,차대차 - 측면직각충돌,안전운전불이행,건조,맑음,단일로 - 기타,승용,여,45세,상해없음,승용,남,50세,경상
2015092900100318,2015년 9월 29일 16시,화요일,충청북도 음성군 대소면,경상사고,0,0,1,0,차대차 - 측면직각충돌,교차로운행방법위반,건조,맑음,교차로 - 교차로안,화물,남,48세,상해없음,승용,남,43세,경상
2015092900100319,2015년 9월 29일 16시,화요일,충청북도 청주시 서원구 산남동,경상사고,0,0,2,0,차대차 - 기타,안전운전불이행,건조,맑음,교차로 - 교차로부근,승용,남,54세,상해없음,승용,여,48세,경상
2015092900100384,2015년 9월 29일 18시,화요일,충청북도 괴산군 감물면,사망사고,1,0,0,0,차량단독 - 도로외이탈 - 추락,안전운전불이행,건조,맑음,단일로 - 기타,농기계,남,80세,사망,,,,
2015092900100432,2015년 9월 29일 19시,화요일,충청북도 청주시 상당구 용담동,중상사고,0,1,0,0,차량단독 - 기타,안전운전불이행,건조,맑음,단일로 - 기타,승합,남,60세,상해없음,,,,
2015092900100458,2015년 9월 29일 20시,화요일,충청북도 청주시 서원구 남이면,경상사고,0,0,3,0,차대차 - 추돌 - 주정차중,안전운전불이행,건조,맑음,교차로 - 교차로부근,승용,여,54세,상해없음,승합,남,46세,경상
2015092900100525,2015년 9월 29일 22시,화요일,충청북도 청주시 흥덕구 봉명동,경상사고,0,0,1,0,차대차 - 추돌 - 주정차중,안전운전불이행,건조,맑음,단일로 - 기타,승용,남,51세,상해없음,승용,여,27세,경상
2015093000100023,2015년 9월 30일 01시,수요일,충청북도 영동군 영동읍,중상사고,0,1,0,0,차대차 - 추돌 - 진행중,중앙선침범,건조,흐림,교차로 - 교차로안,승용,남,21세,상해없음,승용,여,43세,중상
2015093000100132,2015년 9월 30일 08시,수요일,충청북도 영동군 영동읍,사망사고,1,0,0,0,차대차 - 측면직각충돌,안전운전불이행,건조,흐림,교차로 - 교차로안,승용,여,46세,상해없음,원동기,남,82세,사망
2015093000100176,2015년 9월 30일 09시,수요일,충청북도 진천군 진천읍,경상사고,0,0,1,0,차대차 - 측면직각충돌,교차로운행방법위반,건조,맑음,교차로 - 교차로안,승용,남,54세,상해없음,승용,여,30세,경상
2015093000100209,2015년 9월 30일 10시,수요일,충청북도 청주시 청원구 내덕동,중상사고,0,1,0,0,차대차 - 기타,교차로운행방법위반,건조,맑음,교차로 - 교차로안,원동기,남,22세,중상,화물,남,25세,상해없음
2015093000100240,2015년 9월 30일 11시,수요일,충청북도 청주시 상당구 수동,경상사고,0,0,1,0,차량단독 - 기타,기타,건조,맑음,단일로 - 기타,승합,남,44세,상해없음,,,,
2015093000100241,2015년 9월 30일 11시,수요일,충청북도 청주시 서원구 남이면,경상사고,0,0,1,0,차대차 - 측면직각충돌,안전운전불이행,건조,맑음,단일로 - 기타,승용,남,69세,상해없음,승용,남,34세,경상
2015093000100273,2015년 9월 30일 12시,수요일,충청북도 청주시 상당구 수동,중상사고,0,1,0,0,차대사람 - 기타,안전운전불이행,건조,맑음,단일로 - 기타,승합,남,56세,상해없음,보행자,여,5세,중상
2015093000100299,2015년 9월 30일 13시,수요일,충청북도 충주시 칠금동,부상신고사고,0,0,0,1,차대차 - 기타,안전운전불이행,건조,맑음,교차로 - 교차로부근,이륜,남,19세,부상신고,승용,남,39세,상해없음