사고번호,사고일시,요일,시군구,사고내용,사망자수,중상자수,경상자수,부상신고자수,사고유형,법규위반,노면상태,기상상태,도로형태,가해운전자 차종,가해운전자 성별,가해운전자 연령,가해운전자 상해정도,피해운전자 차종,피해운전자 성별,피해운전자 연령,피해운전자 상해정도
2015093000100300,2015년 9월 30일 13시,수요일,충청북도 충주시 봉방동,경상사고,0,0,2,0,차대차 - 기타,신호위반,건조,맑음,교차로 - 교차로안,승용,남,69세,상해없음,승용,여,38세,경상
2015093000100301,2015년 9월 30일 13시,수요일,충청북도 제천시 대랑동,부상신고사고,0,0,0,2,차대차 - 기타,안전운전불이행,건조,맑음,단일로 - 기타,승용,남,44세,부상신고,건설기계,남,53세,부상신고
2015093000100302,2015년 9월 30일 13시,수요일,충청북도 음성군 음성읍,중상사고,0,1,1,0,차량단독 - 전도전복,안전운전불이행,건조,맑음,단일로 - 기타,화물,남,34세,경상,,,,
2015093000100337,2015년 9월 30일 14시,수요일,충청북도 청주시 청원구 주중동,경상사고,0,0,2,0,차대차 - 정면충돌,안전운전불이행,건조,맑음,교차로 - 교차로안,승용,여,50세,상해없음,승용,남,58세,경상
2015093000100338,2015년 9월 30일 14시,수요일,충청북도 충주시 교현동,경상사고,0,0,1,0,차대차 - 기타,안전운전불이행,건조,맑음,단일로 - 기타,승용,남,67세,상해없음,승용,여,30세,경상
2015093000100339,2015년 9월 30일 14시,수요일,충청북도 음성군 맹동면,중상사고,0,2,1,0,차대차 - 측면직각충돌,신호위반,건조,맑음,교차로 - 교차로안,승합,남,69세,경상,승용,남,55세,중상
2015093000100384,2015년 9월 30일 15시,수요일,충청북도 청주시 청원구 북이면,중상사고,0,2,0,0,차대차 - 기타,교차로운행방법위반,건조,맑음,교차로 - 교차로부근,승용,여,46세,상해없음,이륜,남,75세,중상
2015093000100411,2015년 9월 30일 16시,수요일,충청북도 증평군 증평읍,부상신고사고,0,0,0,1,차대차 - 추돌 - 주정차중,안전운전불이행,건조,맑음,단일로 - 기타,자전거,남,68세,부상신고,화물,남,52세,기타불명
2015093000100495,2015년 9월 30일 18시,수요일,충청북도 청주시 청원구 오창읍,경상사고,0,0,1,0,차대차 - 기타,신호위반,건조,맑음,교차로 - 교차로안,승용,여,44세,상해없음,승용,남,47세,경상
2015093000100496,2015년 9월 30일 18시,수요일,충청북도 충주시 교현동,경상사고,0,0,1,0,차대차 - 기타,신호위반,건조,맑음,교차로 - 교차로안,이륜,남,16세,상해없음,승용,여,44세,경상
2015093000100497,2015년 9월 30일 18시,수요일,충청북도 충주시 문화동,경상사고,0,0,1,0,차대차 - 기타,안전운전불이행,건조,맑음,교차로 - 교차로부근,승용,남,54세,상해없음,승용,남,56세,경상
2015093000100498,2015년 9월 30일 18시,수요일,충청북도 청주시 흥덕구 복대동,경상사고,0,0,1,0,차대차 - 측면직각충돌,중앙선침범,건조,맑음,교차로 - 교차로안,자전거,남,23세,경상,승용,여,45세,상해없음
2015093000100499,2015년 9월 30일 18시,수요일,충청북도 청주시 흥덕구 가경동,중상사고,0,1,0,0,차대사람 - 횡단중,보행자보호의무위반,건조,맑음,단일로 - 횡단보도상,승용,여,32세,상해없음,보행자,남,55세,중상
2015093000100500,2015년 9월 30일 18시,수요일,충청북도 청주시 흥덕구 강서동,중상사고,0,3,6,0,차대차 - 측면직각충돌,신호위반,건조,맑음,교차로 - 교차로안,승합,남,60세,상해없음,승용,여,44세,중상
2015093000100501,2015년 9월 30일 18시,수요일,충청북도 청주시 흥덕구 복대동,경상사고,0,0,1,0,차대차 - 기타,기타,건조,맑음,단일로 - 기타,승용,남,42세,상해없음,승합,남,60세,상해없음
2015093000100543,2015년 9월 30일 19시,수요일,충청북도 영동군 매곡면,사망사고,1,0,1,0,차대차 - 추돌 - 진행중,안전운전불이행,건조,맑음,단일로 - 기타,승용,남,41세,경상,농기계,남,69세,사망
2015093000100544,2015년 9월 30일 19시,수요일,충청북도 음성군 대소면,중상사고,0,1,1,1,차대차 - 측면직각충돌,차로위반,건조,맑음,단일로 - 기타,승용,여,63세,부상신고,화물,남,53세,상해없음
2015093000100612,2015년 9월 30일 21시,수요일,충청북도 음성군 금왕읍,부상신고사고,0,0,0,1,차대차 - 추돌 - 주정차중,안전운전불이행,건조,맑음,단일로 - 기타,기타불명,기타불명,기타불명,기타불명,화물,여,40세,부상신고
2015093000100665,2015년 9월 30일 23시,수요일,충청북도 청주시 서원구 모충동,사망사고,1,0,0,0,차대사람 - 기타,안전운전불이행,건조,맑음,단일로 - 기타,승용,남,58세,상해없음,보행자,남,37세,사망
2015100100100018,2015년 10월 1일 00시,목요일,충청북도 청주시 청원구 율량동,경상사고,0,0,1,0,차대차 - 기타,신호위반,건조,흐림,교차로 - 교차로안,승용,남,53세,상해없음,승용,남,60세,상해없음
2015100100100019,2015년 10월 1일 00시,목요일,충청북도 청주시 흥덕구 복대동,중상사고,0,1,0,0,차대사람 - 횡단중,안전운전불이행,건조,맑음,교차로 - 교차로부근,이륜,남,17세,상해없음,보행자,남,30세,중상
2015100100100079,2015년 10월 1일 04시,목요일,충청북도 충주시 연수동,경상사고,0,0,2,0,차대차 - 기타,안전운전불이행,습기,비,단일로 - 기타,화물,남,56세,상해없음,화물,남,60세,경상
2015100100100080,2015년 10월 1일 04시,목요일,충청북도 충주시 동량면,중상사고,0,1,0,0,차대차 - 기타,안전운전불이행,습기,비,교차로 - 교차로안,특수,남,27세,상해없음,화물,남,43세,중상
2015100100100092,2015년 10월 1일 05시,목요일,충청북도 청주시 흥덕구 복대동,중상사고,0,1,0,0,차대사람 - 횡단중,보행자보호의무위반,습기,비,교차로 - 교차로부근,화물,남,47세,상해없음,보행자,남,72세,중상
2015100100100093,2015년 10월 1일 05시,목요일,충청북도 청주시 흥덕구 오송읍,경상사고,0,0,2,0,차대차 - 측면직각충돌,신호위반,습기,비,교차로 - 교차로안,승용,남,49세,경상,승용,남,26세,경상
2015100100100109,2015년 10월 1일 06시,목요일,충청북도 청주시 청원구 율량동,중상사고,0,1,0,0,차대사람 - 기타,안전운전불이행,습기,비,교차로 - 교차로부근,승용,남,45세,상해없음,보행자,남,40세,중상
2015100100100159,2015년 10월 1일 08시,목요일,충청북도 단양군 단양읍,경상사고,0,0,3,0,차대차 - 추돌 - 주정차중,안전거리미확보,습기,비,단일로 - 기타,승용,남,55세,상해없음,승용,여,59세,경상
2015100100100201,2015년 10월 1일 09시,목요일,충청북도 제천시 봉양읍,중상사고,0,6,7,0,차량단독 - 공작물충돌,안전운전불이행,습기,비,단일로 - 기타,승합,남,55세,상해없음,,,,
2015100100100231,2015년 10월 1일 10시,목요일,충청북도 청주시 흥덕구 가경동,경상사고,0,0,1,0,차대차 - 측면직각충돌,신호위반,습기,비,교차로 - 교차로안,기타불명,기타불명,기타불명,기타불명,승용,여,63세,경상
2015100100100252,2015년 10월 1일 11시,목요일,충청북도 단양군 가곡면,경상사고,0,0,2,0,차대차 - 정면충돌,중앙선침범,습기,비,단일로 - 기타,승용,남,72세,상해없음,승용,여,55세,경상
2015100100100288,2015년 10월 1일 12시,목요일,충청북도 충주시 수안보면,중상사고,0,1,0,0,차대차 - 기타,안전운전불이행,습기,비,기타 - 기타,승용,남,75세,상해없음,화물,남,57세,상해없음
2015100100100315,2015년 10월 1일 13시,목요일,충청북도 청주시 청원구 북이면,중상사고,0,1,1,0,차량단독 - 공작물충돌,안전운전불이행,습기,비,단일로 - 기타,승용,남,46세,상해없음,,,,
2015100100100316,2015년 10월 1일 13시,목요일,충청북도 음성군 음성읍,경상사고,0,0,1,0,차대차 - 측면직각충돌,교차로운행방법위반,습기,비,교차로 - 교차로안,승용,남,31세,상해없음,원동기,남,56세,경상
2015100100100350,2015년 10월 1일 14시,목요일,충청북도 청주시 서원구 사창동,경상사고,0,0,1,0,차대차 - 추돌 - 주정차중,안전운전불이행,습기,비,단일로 - 기타,화물,남,53세,상해없음,승용,여,25세,경상
2015100100100351,2015년 10월 1일 14시,목요일,충청북도 진천군 진천읍,중상사고,0,1,0,0,차대차 - 기타,신호위반,습기,비,교차로 - 교차로안,승용,남,45세,상해없음,승용,여,57세,중상
2015100100100352,2015년 10월 1일 14시,목요일,충청북도 청주시 흥덕구 강서동,경상사고,0,0,2,0,차량단독 - 전도전복,안전운전불이행,습기,비,단일로 - 기타,원동기,남,23세,경상,,,,
2015100100100389,2015년 10월 1일 15시,목요일,충청북도 청주시 상당구 용암동,경상사고,0,0,1,0,차대차 - 추돌 - 주정차중,안전운전불이행,습기,비,교차로 - 교차로부근,승용,남,73세,상해없음,승용,남,44세,경상
2015100100100448,2015년 10월 1일 17시,목요일,충청북도 청주시 청원구 우암동,경상사고,0,0,1,0,차대사람 - 기타,안전운전불이행,건조,맑음,단일로 - 기타,승용,여,33세,상해없음,보행자,남,24세,경상
2015100100100522,2015년 10월 1일 19시,목요일,충청북도 옥천군 옥천읍,경상사고,0,0,1,0,차대차 - 측면직각충돌,직진우회전진행방해,습기,흐림,교차로 - 교차로안,승용,남,33세,상해없음,승용,남,56세,상해없음
2015100100100558,2015년 10월 1일 20시,목요일,충청북도 음성군 맹동면,사망사고,1,0,0,0,차대사람 - 기타,안전운전불이행,습기,비,단일로 - 기타,승용,남,31세,상해없음,보행자,남,56세,사망
2015100100100559,2015년 10월 1일 20시,목요일,충청북도 단양군 단양읍,경상사고,0,0,1,0,차량단독 - 공작물충돌,안전운전불이행,습기,흐림,단일로 - 기타,승용,여,42세,경상,,,,
2015100100100612,2015년 10월 1일 22시,목요일,충청북도 청주시 청원구 우암동,경상사고,0,0,1,0,차대차 - 측면직각충돌,안전운전불이행,건조,맑음,단일로 - 기타,승용,남,32세,상해없음,승용,남,43세,기타불명
2015100100100613,2015년 10월 1일 22시,목요일,충청북도 영동군 영동읍,부상신고사고,0,0,0,1,차대차 - 기타,안전운전불이행,건조,흐림,단일로 - 기타,기타불명,기타불명,기타불명,기타불명,원동기,남,24세,부상신고
2015100100100614,2015년 10월 1일 22시,목요일,충청북도 청주시 흥덕구 석곡동,경상사고,0,0,1,0,차대차 - 추돌 - 주정차중,안전운전불이행,건조,맑음,교차로 - 교차로부근,승용,남,44세,상해없음,승용,남,48세,경상
2015100200100032,2015년 10월 2일 02시,금요일,충청북도 청주시 상당구 운동동,경상사고,0,0,1,0,차량단독 - 도로외이탈 - 기타,기타,건조,맑음,단일로 - 기타,승용,남,38세,경상,,,,
2015100200100067,2015년 10월 2일 06시,금요일,충청북도 청주시 청원구 우암동,경상사고,0,0,1,0,차대차 - 기타,직진우회전진행방해,건조,맑음,교차로 - 교차로안,승용,여,43세,상해없음,자전거,여,72세,경상
2015100200100089,2015년 10월 2일 07시,금요일,충청북도 청주시 상당구 남일면,경상사고,0,0,2,0,차대차 - 기타,안전운전불이행,건조,맑음,교차로 - 교차로부근,승용,남,45세,상해없음,승용,여,33세,경상
2015100200100133,2015년 10월 2일 08시,금요일,충청북도 제천시 영천동,경상사고,0,0,2,0,차대차 - 기타,직진우회전진행방해,건조,맑음,교차로 - 교차로부근,승용,여,54세,경상,승용,남,32세,경상
2015100200100134,2015년 10월 2일 08시,금요일,충청북도 괴산군 감물면,중상사고,0,1,0,0,차량단독 - 기타,안전운전불이행,건조,맑음,교차로 - 교차로부근,농기계,남,73세,중상,,,,
2015100200100135,2015년 10월 2일 08시,금요일,충청북도 청주시 상당구 용암동,중상사고,0,1,1,0,차대차 - 기타,안전운전불이행,건조,맑음,교차로 - 교차로부근,승용,남,35세,경상,승용,여,51세,중상
2015100200100136,2015년 10월 2일 08시,금요일,충청북도 청주시 상당구 용정동,경상사고,0,0,1,0,차대차 - 기타,안전거리미확보,건조,맑음,단일로 - 기타,화물,남,47세,경상,승용,남,53세,상해없음
2015100200100173,2015년 10월 2일 09시,금요일,충청북도 청주시 청원구 오창읍,경상사고,0,0,2,0,차대차 - 측면직각충돌,신호위반,건조,맑음,교차로 - 교차로안,승용,남,44세,상해없음,승용,남,69세,경상
2015100200100174,2015년 10월 2일 09시,금요일,충청북도 옥천군 군북면,경상사고,0,0,1,0,차대차 - 기타,직진우회전진행방해,건조,맑음,교차로 - 교차로안,농기계,남,57세,상해없음,승용,여,30세,경상
2015100200100175,2015년 10월 2일 09시,금요일,충청북도 청주시 흥덕구 신봉동,중상사고,0,1,2,0,차대차 - 측면직각충돌,안전운전불이행,건조,맑음,교차로 - 교차로안,승용,여,50세,중상,승합,남,60세,경상
2015100200100176,2015년 10월 2일 09시,금요일,충청북도 청주시 상당구 금천동,중상사고,0,1,0,0,차대사람 - 기타,안전운전불이행,건조,맑음,교차로 - 교차로안,승합,남,51세,상해없음,보행자,여,54세,중상
2015100200100218,2015년 10월 2일 10시,금요일,충청북도 옥천군 옥천읍,경상사고,0,0,1,0,차대차 - 기타,교차로운행방법위반,건조,맑음,교차로 - 교차로안,승용,남,65세,상해없음,원동기,남,80세,상해없음
2015100200100219,2015년 10월 2일 10시,금요일,충청북도 청주시 흥덕구 가경동,경상사고,0,0,1,0,차대차 - 측면직각충돌,안전운전불이행,건조,맑음,교차로 - 교차로안,승합,남,65세,상해없음,승용,여,48세,경상
2015100200100220,2015년 10월 2일 10시,금요일,충청북도 청주시 흥덕구 강서동,경상사고,0,0,2,0,차대차 - 측면직각충돌,안전거리미확보,건조,맑음,단일로 - 기타,승용,남,42세,상해없음,승용,여,47세,경상
2015100200100281,2015년 10월 2일 12시,금요일,충청북도 충주시 연수동,중상사고,0,1,0,0,차대차 - 기타,안전운전불이행,건조,맑음,교차로 - 교차로부근,승용,남,73세,상해없음,자전거,여,28세,중상
2015100200100282,2015년 10월 2일 12시,금요일,충청북도 보은군 삼승면,중상사고,0,2,1,0,차대차 - 측면직각충돌,교차로운행방법위반,건조,맑음,교차로 - 교차로안,승용,남,61세,경상,화물,남,28세,중상
2015100200100321,2015년 10월 2일 13시,금요일,충청북도 청주시 흥덕구 신봉동,경상사고,0,0,1,0,차대차 - 측면직각충돌,신호위반,건조,맑음,교차로 - 교차로안,화물,남,66세,상해없음,승용,남,24세,경상
2015100200100322,2015년 10월 2일 13시,금요일,충청북도 청주시 흥덕구 복대동,중상사고,0,1,0,0,차대사람 - 기타,기타,건조,맑음,단일로 - 기타,승용,남,44세,상해없음,보행자,여,83세,중상
2015100200100360,2015년 10월 2일 14시,금요일,충청북도 청주시 서원구 사창동,경상사고,0,0,1,0,차대사람 - 길가장자리구역통행중,안전운전불이행,건조,맑음,단일로 - 기타,화물,기타불명,기타불명,기타불명,보행자,남,62세,경상
2015100200100361,2015년 10월 2일 14시,금요일,충청북도 진천군 진천읍,중상사고,0,1,1,0,차대차 - 측면직각충돌,기타,건조,맑음,교차로 - 교차로안,이륜,남,58세,중상,승용,남,46세,경상
2015100200100362,2015년 10월 2일 14시,금요일,충청북도 청주시 상당구 금천동,경상사고,0,0,1,0,차대차 - 기타,신호위반,건조,맑음,교차로 - 교차로안,승용,여,38세,상해없음,화물,남,59세,경상
2015100200100363,2015년 10월 2일 14시,금요일,충청북도 청주시 상당구 용암동,경상사고,0,0,1,0,차대차 - 기타,안전운전불이행,건조,맑음,교차로 - 교차로안,승용,남,40세,상해없음,자전거,남,12세,경상
2015100200100411,2015년 10월 2일 15시,금요일,충청북도 진천군 진천읍,경상사고,0,0,1,0,차대차 - 추돌 - 진행중,안전운전불이행,건조,맑음,단일로 - 기타,화물,남,62세,상해없음,화물,남,40세,경상
2015100200100412,2015년 10월 2일 15시,금요일,충청북도 진천군 진천읍,중상사고,0,1,2,0,차대차 - 측면직각충돌,신호위반,건조,맑음,교차로 - 교차로부근,승용,남,32세,상해없음,승용,남,60세,경상
2015100200100456,2015년 10월 2일 16시,금요일,충청북도 청주시 청원구 주중동,경상사고,0,0,1,0,차대사람 - 횡단중,보행자보호의무위반,건조,맑음,교차로 - 교차로안,자전거,남,15세,상해없음,보행자,여,5세,경상
2015100200100457,2015년 10월 2일 16시,금요일,충청북도 청주시 흥덕구 강내면,경상사고,0,0,1,0,차량단독 - 기타,안전운전불이행,건조,맑음,단일로 - 기타,승합,남,48세,상해없음,,,,
2015100200100499,2015년 10월 2일 17시,금요일,충청북도 청주시 청원구 율량동,경상사고,0,0,2,0,차대차 - 추돌 - 주정차중,안전운전불이행,건조,맑음,단일로 - 기타,승용,남,56세,상해없음,승용,여,51세,경상
2015100200100500,2015년 10월 2일 17시,금요일,충청북도 청주시 서원구 사직동,경상사고,0,0,1,0,차대차 - 측면직각충돌,차로위반,건조,맑음,단일로 - 기타,승용,남,42세,상해없음,승용,남,52세,상해없음
2015100200100501,2015년 10월 2일 17시,금요일,충청북도 진천군 진천읍,중상사고,0,1,0,0,차대사람 - 횡단중,보행자보호의무위반,건조,맑음,교차로 - 교차로부근,원동기,남,21세,상해없음,보행자,여,31세,중상
2015100200100502,2015년 10월 2일 17시,금요일,충청북도 청주시 흥덕구 운천동,중상사고,0,1,0,0,차대차 - 측면직각충돌,안전운전불이행,건조,맑음,단일로 - 기타,자전거,여,72세,중상,승용,여,54세,상해없음
2015100200100503,2015년 10월 2일 17시,금요일,충청북도 청주시 상당구 용암동,중상사고,0,1,1,0,차대차 - 측면직각충돌,안전운전불이행,건조,맑음,교차로 - 교차로안,화물,남,50세,상해없음,승용,남,30세,중상
2015100200100545,2015년 10월 2일 18시,금요일,충청북도 청주시 청원구 오창읍,중상사고,0,1,1,0,차대차 - 추돌 - 진행중,안전운전불이행,건조,맑음,단일로 - 기타,승용,여,39세,상해없음,승용,남,46세,중상
2015100200100546,2015년 10월 2일 18시,금요일,충청북도 충주시 중앙탑면,경상사고,0,0,2,0,차대차 - 기타,안전운전불이행,건조,맑음,교차로 - 교차로부근,화물,남,25세,경상,화물,남,49세,경상
2015100200100547,2015년 10월 2일 18시,금요일,충청북도 영동군 영동읍,중상사고,0,1,0,0,차대사람 - 길가장자리구역통행중,안전운전불이행,건조,맑음,단일로 - 기타,원동기,남,75세,중상,보행자,남,18세,상해없음
2015100200100548,2015년 10월 2일 18시,금요일,충청북도 괴산군 칠성면,경상사고,0,0,2,0,차대차 - 측면직각충돌,중앙선침범,건조,맑음,단일로 - 기타,화물,남,31세,상해없음,승용,여,62세,경상
2015100200100549,2015년 10월 2일 18시,금요일,충청북도 청주시 흥덕구 운천동,경상사고,0,0,2,0,차대차 - 측면직각충돌,직진우회전진행방해,건조,맑음,교차로 - 교차로안,승용,여,59세,경상,승용,여,50세,경상
2015100200100609,2015년 10월 2일 19시,금요일,충청북도 청주시 상당구 북문로3가동,경상사고,0,0,1,0,차대차 - 측면직각충돌,안전운전불이행,건조,맑음,단일로 - 기타,승용,남,20세,상해없음,원동기,남,18세,경상
2015100200100610,2015년 10월 2일 19시,금요일,충청북도 청주시 서원구 개신동,경상사고,0,0,1,0,차대사람 - 기타,신호위반,건조,맑음,단일로 - 기타,승용,남,52세,상해없음,보행자,남,76세,경상
2015100200100611,2015년 10월 2일 19시,금요일,충청북도 청주시 흥덕구 오송읍,경상사고,0,0,1,0,차량단독 - 기타,안전운전불이행,건조,맑음,단일로 - 기타,승합,남,50세,상해없음,,,,
2015100200100612,2015년 10월 2일 19시,금요일,충청북도 청주시 상당구 금천동,부상신고사고,0,0,0,1,차대차 - 기타,안전운전불이행,건조,맑음,단일로 - 기타,자전거,남,15세,부상신고,이륜,남,23세,상해없음
2015100200100653,2015년 10월 2일 20시,금요일,충청북도 청주시 청원구 오창읍,경상사고,0,0,6,0,차대차 - 측면직각충돌,안전운전불이행,건조,맑음,단일로 - 기타,승용,여,52세,경상,승용,남,30세,경상
2015100200100654,2015년 10월 2일 20시,금요일,충청북도 충주시 칠금동,중상사고,0,1,0,0,차대차 - 기타,신호위반,건조,맑음,교차로 - 교차로부근,승용,남,48세,상해없음,승용,남,58세,중상
2015100200100729,2015년 10월 2일 22시,금요일,충청북도 충주시 칠금동,경상사고,0,0,1,0,차대사람 - 기타,안전운전불이행,건조,맑음,단일로 - 기타,승용,남,54세,상해없음,보행자,여,35세,경상
2015100200100730,2015년 10월 2일 22시,금요일,충청북도 증평군 증평읍,경상사고,0,0,1,0,차대차 - 정면충돌,교차로운행방법위반,건조,맑음,교차로 - 교차로안,기타불명,기타불명,기타불명,기타불명,자전거,남,47세,경상
2015100200100731,2015년 10월 2일 22시,금요일,충청북도 증평군 증평읍,경상사고,0,0,1,0,차대차 - 측면직각충돌,직진우회전진행방해,건조,맑음,교차로 - 교차로안,이륜,여,53세,경상,승용,남,34세,상해없음
2015100200100755,2015년 10월 2일 23시,금요일,충청북도 음성군 금왕읍,중상사고,0,2,0,0,차대차 - 측면직각충돌,안전운전불이행,건조,맑음,단일로 - 기타,승용,남,28세,상해없음,승용,남,24세,중상
2015100200100756,2015년 10월 2일 23시,금요일,충청북도 진천군 진천읍,경상사고,0,0,1,0,차대차 - 추돌 - 진행중,안전거리미확보,건조,맑음,교차로 - 교차로부근,승합,남,50세,상해없음,승용,남,34세,경상
2015100300100088,2015년 10월 3일 04시,토요일,충청북도 충주시 연수동,부상신고사고,0,0,0,1,차대차 - 기타,안전운전불이행,건조,맑음,단일로 - 기타,이륜,여,22세,부상신고,화물,남,63세,기타불명
2015100300100089,2015년 10월 3일 04시,토요일,충청북도 청주시 흥덕구 옥산면,경상사고,0,0,1,0,차량단독 - 기타,안전운전불이행,건조,맑음,단일로 - 기타,이륜,남,19세,경상,,,,
2015100300100090,2015년 10월 3일 04시,토요일,충청북도 청주시 상당구 미원면,경상사고,0,0,1,0,차량단독 - 기타,안전운전불이행,건조,맑음,단일로 - 기타,승용,남,52세,상해없음,,,,
2015100300100101,2015년 10월 3일 05시,토요일,충청북도 충주시 산척면,중상사고,0,1,1,0,차량단독 - 기타,안전운전불이행,건조,맑음,단일로 - 기타,이륜,남,62세,경상,,,,
2015100300100111,2015년 10월 3일 06시,토요일,충청북도 청주시 흥덕구 오송읍,경상사고,0,0,1,0,차대차 - 기타,신호위반,건조,맑음,교차로 - 교차로안,자전거,남,85세,경상,승용,남,55세,상해없음
2015100300100112,2015년 10월 3일 06시,토요일,충청북도 청주시 상당구 용암동,중상사고,0,1,0,0,차대사람 - 기타,안전운전불이행,건조,맑음,단일로 - 기타,승용,남,56세,상해없음,보행자,남,47세,중상
2015100300100113,2015년 10월 3일 06시,토요일,충청북도 괴산군 장연면,경상사고,0,0,1,0,차대차 - 추돌 - 진행중,안전운전불이행,건조,맑음,단일로 - 기타,화물,남,55세,상해없음,화물,남,57세,경상
2015100300100129,2015년 10월 3일 07시,토요일,충청북도 충주시 금릉동,경상사고,0,0,2,0,차대차 - 측면직각충돌,신호위반,건조,맑음,교차로 - 교차로안,승용,여,44세,경상,승용,남,38세,경상
2015100300100164,2015년 10월 3일 09시,토요일,충청북도 청주시 청원구 사천동,중상사고,0,1,2,0,차대차 - 기타,중앙선침범,건조,맑음,교차로 - 교차로부근,승용,남,34세,상해없음,승용,남,51세,경상
2015100300100165,2015년 10월 3일 09시,토요일,충청북도 영동군 영동읍,경상사고,0,0,3,0,차대차 - 측면직각충돌,교차로운행방법위반,건조,맑음,교차로 - 교차로안,승용,남,71세,경상,화물,남,51세,경상
2015100300100166,2015년 10월 3일 09시,토요일,충청북도 음성군 감곡면,사망사고,1,0,0,0,차량단독 - 기타,안전운전불이행,건조,맑음,단일로 - 기타,이륜,남,29세,사망,,,,
2015100300100167,2015년 10월 3일 09시,토요일,충청북도 청주시 흥덕구 신봉동,중상사고,0,2,0,0,차대차 - 추돌 - 진행중,안전운전불이행,건조,맑음,교차로 - 교차로부근,승용,남,49세,상해없음,승용,여,32세,중상
2015100300100168,2015년 10월 3일 09시,토요일,충청북도 청주시 흥덕구 오송읍,경상사고,0,0,1,0,차대사람 - 기타,안전운전불이행,건조,맑음,미분류 - 미분류,승용,남,47세,상해없음,보행자,남,44세,경상
2015100300100198,2015년 10월 3일 10시,토요일,충청북도 진천군 초평면,사망사고,1,0,0,0,차대차 - 기타,안전운전불이행,건조,맑음,단일로 - 기타,원동기,남,70세,사망,건설기계,남,38세,상해없음
2015100300100224,2015년 10월 3일 11시,토요일,충청북도 청주시 청원구 주성동,경상사고,0,0,2,0,차대차 - 기타,안전운전불이행,건조,맑음,교차로 - 교차로안,건설기계,남,61세,상해없음,승용,여,53세,경상
2015100300100259,2015년 10월 3일 12시,토요일,충청북도 괴산군 칠성면,중상사고,0,1,2,1,차대차 - 정면충돌,중앙선침범,건조,맑음,단일로 - 기타,승용,남,29세,부상신고,승용,남,31세,경상
2015100300100260,2015년 10월 3일 12시,토요일,충청북도 청주시 흥덕구 옥산면,중상사고,0,1,0,0,차대차 - 측면직각충돌,교차로운행방법위반,건조,맑음,교차로 - 교차로부근,승용,남,55세,상해없음,이륜,남,32세,중상
2015100300100366,2015년 10월 3일 15시,토요일,충청북도 청주시 흥덕구 비하동,경상사고,0,0,1,0,차대차 - 기타,안전운전불이행,건조,맑음,교차로 - 교차로안,승용,남,58세,상해없음,자전거,남,38세,경상
2015100300100410,2015년 10월 3일 16시,토요일,충청북도 청주시 청원구 율량동,중상사고,0,1,0,0,차대사람 - 보도통행중,안전운전불이행,건조,맑음,단일로 - 기타,승합,남,57세,상해없음,보행자,여,62세,중상
2015100300100411,2015년 10월 3일 16시,토요일,충청북도 청주시 상당구 낭성면,사망사고,1,0,0,0,차량단독 - 기타,안전운전불이행,건조,맑음,단일로 - 기타,화물,남,59세,사망,,,,
2015100300100447,2015년 10월 3일 17시,토요일,충청북도 청주시 흥덕구 가경동,중상사고,0,1,0,0,차대차 - 기타,교차로운행방법위반,건조,맑음,교차로 - 교차로안,승용,여,25세,상해없음,자전거,남,12세,중상
2015100300100448,2015년 10월 3일 17시,토요일,충청북도 청주시 서원구 분평동,중상사고,0,1,0,0,차대차 - 기타,중앙선침범,건조,맑음,단일로 - 기타,자전거,여,56세,중상,승용,남,47세,상해없음
2015100300100449,2015년 10월 3일 17시,토요일,충청북도 청주시 상당구 남일면,경상사고,0,0,1,0,차대차 - 기타,안전운전불이행,건조,맑음,단일로 - 기타,승용,남,59세,상해없음,승용,남,22세,경상
2015100300100498,2015년 10월 3일 18시,토요일,충청북도 청주시 청원구 내덕동,경상사고,0,0,1,0,차대사람 - 기타,안전운전불이행,건조,맑음,교차로 - 교차로안,승용,남,37세,상해없음,보행자,남,47세,경상
2015100300100499,2015년 10월 3일 18시,토요일,충청북도 충주시 금가면,경상사고,0,0,1,0,차대차 - 추돌 - 주정차중,안전운전불이행,건조,맑음,교차로 - 교차로안,승합,남,41세,상해없음,자전거,남,12세,경상
2015100300100500,2015년 10월 3일 18시,토요일,충청북도 청주시 흥덕구 봉명동,부상신고사고,0,0,0,1,차대차 - 측면직각충돌,안전운전불이행,건조,맑음,교차로 - 교차로안,승용,남,21세,부상신고,승용,남,30세,상해없음
2015100300100501,2015년 10월 3일 18시,토요일,충청북도 청주시 상당구 영운동,경상사고,0,0,3,0,차대차 - 기타,교차로운행방법위반,건조,맑음,교차로 - 교차로안,승용,여,58세,경상,승용,남,59세,경상
2015100300100532,2015년 10월 3일 19시,토요일,충청북도 청주시 청원구 율량동,경상사고,0,0,2,0,차대차 - 측면직각충돌,교차로운행방법위반,건조,맑음,교차로 - 교차로안,이륜,남,42세,경상,승용,여,42세,경상
2015100300100533,2015년 10월 3일 19시,토요일,충청북도 충주시 용산동,경상사고,0,0,1,0,차대차 - 정면충돌,안전운전불이행,건조,맑음,단일로 - 기타,화물,남,54세,상해없음,승용,남,52세,경상