사고번호,사고일시,요일,시군구,사고내용,사망자수,중상자수,경상자수,부상신고자수,사고유형,법규위반,노면상태,기상상태,도로형태,가해운전자 차종,가해운전자 성별,가해운전자 연령,가해운전자 상해정도,피해운전자 차종,피해운전자 성별,피해운전자 연령,피해운전자 상해정도
2015100700100447,2015년 10월 7일 17시,수요일,충청북도 청주시 흥덕구 옥산면,경상사고,0,0,2,0,차대차 - 측면직각충돌,안전운전불이행,건조,맑음,교차로 - 교차로안,승용,여,40세,상해없음,승용,여,31세,경상
2015100700100540,2015년 10월 7일 19시,수요일,충청북도 옥천군 옥천읍,경상사고,0,0,1,0,차대사람 - 차도통행중,안전운전불이행,건조,맑음,단일로 - 기타,승용,남,61세,상해없음,보행자,남,6세,경상
2015100700100541,2015년 10월 7일 19시,수요일,충청북도 청주시 흥덕구 봉명동,경상사고,0,0,3,0,차대차 - 측면직각충돌,교차로운행방법위반,건조,맑음,교차로 - 교차로안,승용,남,47세,경상,승용,남,60세,경상
2015100700100587,2015년 10월 7일 20시,수요일,충청북도 청주시 흥덕구 비하동,경상사고,0,0,1,0,차대차 - 측면직각충돌,중앙선침범,건조,맑음,교차로 - 교차로안,승용,남,33세,상해없음,이륜,남,45세,경상
2015100700100588,2015년 10월 7일 20시,수요일,충청북도 청주시 흥덕구 봉명동,경상사고,0,0,1,0,차대차 - 측면직각충돌,기타,건조,맑음,교차로 - 교차로부근,승용,여,49세,상해없음,이륜,남,41세,경상
2015100700100589,2015년 10월 7일 20시,수요일,충청북도 청주시 서원구 성화동,중상사고,0,1,0,1,차대차 - 추돌 - 주정차중,안전운전불이행,건조,맑음,단일로 - 기타,승용,남,48세,부상신고,승용,여,55세,상해없음
2015100700100590,2015년 10월 7일 20시,수요일,충청북도 청주시 흥덕구 지동동,경상사고,0,0,3,0,차대차 - 측면직각충돌,과속,건조,맑음,단일로 - 기타,승용,남,35세,상해없음,승용,여,41세,경상
2015100700100591,2015년 10월 7일 20시,수요일,충청북도 청주시 서원구 분평동,경상사고,0,0,1,0,차대차 - 기타,안전운전불이행,건조,맑음,교차로 - 교차로안,승용,남,54세,상해없음,승용,여,48세,경상
2015100700100656,2015년 10월 7일 22시,수요일,충청북도 충주시 앙성면,중상사고,0,2,1,0,차대차 - 측면직각충돌,안전운전불이행,건조,맑음,단일로 - 기타,승용,남,52세,상해없음,승용,남,28세,중상
2015100700100657,2015년 10월 7일 22시,수요일,충청북도 청주시 상당구 석교동,중상사고,0,1,0,0,차대사람 - 기타,신호위반,건조,맑음,교차로 - 교차로안,승용,남,54세,상해없음,보행자,여,64세,중상
2015100700100688,2015년 10월 7일 23시,수요일,충청북도 청주시 상당구 남문로1가동,경상사고,0,0,1,0,차대차 - 기타,안전운전불이행,건조,맑음,단일로 - 기타,승용,남,55세,상해없음,승용,남,24세,경상
2015100800100016,2015년 10월 8일 00시,목요일,충청북도 청주시 서원구 산남동,경상사고,0,0,3,0,차대차 - 기타,안전운전불이행,건조,맑음,단일로 - 기타,승용,남,35세,상해없음,승용,여,55세,경상
2015100800100042,2015년 10월 8일 01시,목요일,충청북도 보은군 내북면,경상사고,0,0,1,0,차량단독 - 공작물충돌,안전운전불이행,건조,맑음,단일로 - 기타,승용,남,18세,상해없음,,,,
2015100800100115,2015년 10월 8일 07시,목요일,충청북도 청주시 흥덕구 강서동,경상사고,0,0,1,0,차대차 - 측면직각충돌,안전거리미확보,건조,맑음,단일로 - 기타,승합,남,60세,상해없음,승용,여,34세,상해없음
2015100800100161,2015년 10월 8일 08시,목요일,충청북도 청주시 청원구 북이면,경상사고,0,0,1,0,차대사람 - 기타,안전운전불이행,건조,맑음,단일로 - 기타,승용,남,67세,상해없음,보행자,남,45세,경상
2015100800100199,2015년 10월 8일 09시,목요일,충청북도 충주시 봉방동,중상사고,0,1,0,0,차대사람 - 기타,안전운전불이행,건조,맑음,교차로 - 교차로부근,건설기계,남,56세,상해없음,보행자,여,80세,중상
2015100800100200,2015년 10월 8일 09시,목요일,충청북도 진천군 광혜원면,경상사고,0,0,3,0,차대차 - 측면직각충돌,안전운전불이행,건조,맑음,단일로 - 기타,승용,남,31세,경상,승용,여,32세,경상
2015100800100201,2015년 10월 8일 09시,목요일,충청북도 진천군 초평면,경상사고,0,0,1,0,차대차 - 추돌 - 주정차중,안전운전불이행,건조,맑음,단일로 - 기타,건설기계,남,40세,상해없음,화물,남,25세,경상
2015100800100202,2015년 10월 8일 09시,목요일,충청북도 청주시 흥덕구 강내면,경상사고,0,0,3,0,차대차 - 추돌 - 진행중,안전운전불이행,건조,맑음,교차로 - 교차로부근,승용,남,31세,상해없음,승용,여,44세,경상
2015100800100234,2015년 10월 8일 10시,목요일,충청북도 청주시 상당구 영운동,중상사고,0,1,0,0,차대차 - 기타,안전운전불이행,건조,맑음,교차로 - 교차로안,승용,남,58세,상해없음,자전거,남,31세,중상
2015100800100275,2015년 10월 8일 11시,목요일,충청북도 청주시 서원구 사직동,중상사고,0,1,0,0,차량단독 - 기타,안전운전불이행,건조,맑음,단일로 - 기타,승합,남,52세,상해없음,,,,
2015100800100344,2015년 10월 8일 13시,목요일,충청북도 청주시 청원구 내수읍,중상사고,0,1,1,0,차대차 - 측면직각충돌,교차로운행방법위반,건조,맑음,교차로 - 교차로안,승용,남,27세,상해없음,승용,여,50세,경상
2015100800100345,2015년 10월 8일 13시,목요일,충청북도 청주시 청원구 내덕동,경상사고,0,0,1,0,차대차 - 측면직각충돌,안전운전불이행,건조,맑음,단일로 - 기타,승용,여,45세,상해없음,원동기,남,17세,경상
2015100800100346,2015년 10월 8일 13시,목요일,충청북도 제천시 청전동,경상사고,0,0,1,0,차대차 - 측면직각충돌,안전운전불이행,건조,맑음,교차로 - 교차로부근,승용,남,54세,경상,건설기계,남,40세,상해없음
2015100800100409,2015년 10월 8일 15시,목요일,충청북도 충주시 수안보면,중상사고,0,2,0,0,차대차 - 기타,안전운전불이행,건조,맑음,교차로 - 교차로안,승용,여,45세,상해없음,원동기,남,74세,중상
2015100800100410,2015년 10월 8일 15시,목요일,충청북도 청주시 서원구 개신동,중상사고,0,1,2,0,차대차 - 측면직각충돌,교차로운행방법위반,건조,맑음,교차로 - 교차로안,승용,남,30세,상해없음,승용,남,35세,경상
2015100800100411,2015년 10월 8일 15시,목요일,충청북도 청주시 상당구 용암동,중상사고,0,1,0,0,차대차 - 기타,안전운전불이행,건조,맑음,교차로 - 교차로부근,자전거,남,12세,중상,승용,여,58세,상해없음
2015100800100452,2015년 10월 8일 16시,목요일,충청북도 청주시 상당구 미원면,중상사고,0,1,0,0,차대차 - 추돌 - 주정차중,기타,건조,맑음,교차로 - 교차로안,화물,남,51세,상해없음,농기계,남,69세,중상
2015100800100492,2015년 10월 8일 17시,목요일,충청북도 청주시 청원구 북이면,경상사고,0,0,2,0,차대차 - 측면직각충돌,안전운전불이행,건조,맑음,교차로 - 교차로부근,승용,남,51세,상해없음,특수,남,42세,경상
2015100800100493,2015년 10월 8일 17시,목요일,충청북도 충주시 금가면,중상사고,0,2,0,0,차대차 - 기타,안전운전불이행,건조,맑음,교차로 - 교차로부근,화물,남,63세,상해없음,승용,여,43세,중상
2015100800100494,2015년 10월 8일 17시,목요일,충청북도 영동군 추풍령면,중상사고,0,1,0,0,차대차 - 추돌 - 진행중,안전운전불이행,건조,맑음,단일로 - 기타,승용,여,55세,상해없음,농기계,남,76세,중상
2015100800100550,2015년 10월 8일 18시,목요일,충청북도 청주시 청원구 오창읍,경상사고,0,0,2,0,차대차 - 측면직각충돌,안전운전불이행,건조,맑음,교차로 - 교차로부근,승용,남,31세,상해없음,승용,남,28세,경상
2015100800100551,2015년 10월 8일 18시,목요일,충청북도 옥천군 옥천읍,경상사고,0,0,1,0,차대차 - 기타,안전운전불이행,건조,맑음,교차로 - 교차로안,승용,여,41세,상해없음,승용,남,55세,경상
2015100800100552,2015년 10월 8일 18시,목요일,충청북도 청주시 상당구 용암동,경상사고,0,0,2,0,차대차 - 기타,중앙선침범,건조,맑음,단일로 - 기타,화물,남,65세,상해없음,승합,남,36세,상해없음
2015100800100660,2015년 10월 8일 20시,목요일,충청북도 청주시 상당구 북문로2가동,경상사고,0,0,1,0,차대차 - 측면직각충돌,안전운전불이행,건조,맑음,교차로 - 교차로안,승용,남,38세,상해없음,자전거,여,59세,경상
2015100800100692,2015년 10월 8일 21시,목요일,충청북도 청주시 청원구 오창읍,경상사고,0,0,1,0,차대차 - 기타,교차로운행방법위반,건조,맑음,교차로 - 교차로안,승용,남,23세,상해없음,이륜,남,32세,경상
2015100800100693,2015년 10월 8일 21시,목요일,충청북도 충주시 안림동,중상사고,0,1,0,0,차대차 - 기타,신호위반,건조,맑음,교차로 - 교차로안,승용,남,19세,상해없음,승용,여,56세,중상
2015100800100694,2015년 10월 8일 21시,목요일,충청북도 단양군 매포읍,부상신고사고,0,0,0,1,차대차 - 기타,안전운전불이행,건조,맑음,교차로 - 교차로부근,화물,남,53세,부상신고,화물,남,54세,상해없음
2015100800100695,2015년 10월 8일 21시,목요일,충청북도 청주시 흥덕구 복대동,경상사고,0,0,1,0,차대차 - 기타,안전운전불이행,건조,맑음,교차로 - 교차로안,승용,남,51세,상해없음,자전거,남,14세,경상
2015100800100696,2015년 10월 8일 21시,목요일,충청북도 청주시 흥덕구 강서동,경상사고,0,0,2,0,차대차 - 측면직각충돌,안전거리미확보,건조,맑음,단일로 - 기타,승용,남,23세,상해없음,승용,남,40세,경상
2015100800100697,2015년 10월 8일 21시,목요일,충청북도 청주시 서원구 분평동,경상사고,0,0,1,0,차대차 - 측면직각충돌,중앙선침범,건조,맑음,단일로 - 기타,승용,여,28세,상해없음,원동기,남,17세,경상
2015100800100730,2015년 10월 8일 22시,목요일,충청북도 제천시 청전동,중상사고,0,1,0,0,차대차 - 측면직각충돌,안전운전불이행,건조,맑음,교차로 - 교차로안,승용,여,39세,기타불명,승용,남,45세,중상
2015100800100769,2015년 10월 8일 23시,목요일,충청북도 증평군 증평읍,중상사고,0,1,0,0,차대사람 - 횡단중,안전운전불이행,건조,기타,단일로 - 기타,승용,여,37세,상해없음,보행자,남,58세,중상
2015100800100770,2015년 10월 8일 23시,목요일,충청북도 진천군 진천읍,경상사고,0,0,2,0,차대차 - 기타,안전운전불이행,건조,흐림,교차로 - 교차로안,승합,남,22세,상해없음,승합,남,63세,경상
2015100800100771,2015년 10월 8일 23시,목요일,충청북도 진천군 진천읍,중상사고,0,1,0,0,차대차 - 정면충돌,중앙선침범,건조,맑음,단일로 - 기타,승용,남,22세,상해없음,승용,남,40세,중상
2015100800100772,2015년 10월 8일 23시,목요일,충청북도 청주시 상당구 서문동,경상사고,0,0,1,0,차대사람 - 기타,안전운전불이행,건조,맑음,교차로 - 교차로부근,승용,남,26세,상해없음,보행자,남,44세,경상
2015100900100085,2015년 10월 9일 03시,금요일,충청북도 청주시 청원구 내덕동,부상신고사고,0,0,0,2,차대차 - 기타,안전운전불이행,건조,맑음,단일로 - 기타,화물,남,66세,상해없음,이륜,남,18세,부상신고
2015100900100150,2015년 10월 9일 07시,금요일,충청북도 음성군 맹동면,경상사고,0,0,2,0,차대차 - 측면직각충돌,교차로운행방법위반,건조,맑음,교차로 - 교차로안,화물,남,54세,경상,건설기계,남,45세,경상
2015100900100176,2015년 10월 9일 08시,금요일,충청북도 청주시 서원구 수곡동,경상사고,0,0,1,0,차대차 - 측면직각충돌,안전운전불이행,건조,맑음,단일로 - 기타,이륜,남,50세,경상,승용,여,52세,상해없음
2015100900100277,2015년 10월 9일 11시,금요일,충청북도 충주시 연수동,경상사고,0,0,3,0,차대차 - 기타,신호위반,건조,맑음,교차로 - 교차로안,승합,남,64세,상해없음,승용,남,69세,경상
2015100900100278,2015년 10월 9일 11시,금요일,충청북도 청주시 흥덕구 문암동,경상사고,0,0,1,0,차대차 - 측면직각충돌,안전거리미확보,건조,맑음,단일로 - 기타,승용,여,40세,상해없음,승용,남,46세,경상
2015100900100306,2015년 10월 9일 12시,금요일,충청북도 청주시 서원구 남이면,경상사고,0,0,5,0,차대차 - 추돌 - 진행중,안전운전불이행,건조,맑음,교차로 - 교차로안,승용,남,70세,상해없음,승용,남,57세,경상
2015100900100307,2015년 10월 9일 12시,금요일,충청북도 청주시 상당구 미원면,경상사고,0,0,2,0,차대차 - 추돌 - 진행중,안전운전불이행,건조,맑음,단일로 - 기타,승용,여,57세,상해없음,승용,남,54세,경상
2015100900100375,2015년 10월 9일 14시,금요일,충청북도 청주시 서원구 모충동,중상사고,0,1,0,0,차대차 - 기타,안전운전불이행,건조,맑음,교차로 - 교차로안,승용,남,25세,상해없음,승용,남,48세,상해없음
2015100900100413,2015년 10월 9일 15시,금요일,충청북도 제천시 봉양읍,경상사고,0,0,2,0,차대차 - 추돌 - 진행중,기타,건조,맑음,단일로 - 기타,화물,남,39세,상해없음,승용,남,42세,경상
2015100900100414,2015년 10월 9일 15시,금요일,충청북도 충주시 소태면,경상사고,0,0,2,1,차대차 - 측면직각충돌,직진우회전진행방해,건조,맑음,교차로 - 교차로안,승용,남,25세,부상신고,승용,여,38세,경상
2015100900100453,2015년 10월 9일 16시,금요일,충청북도 충주시 노은면,경상사고,0,0,1,0,차대차 - 기타,안전운전불이행,건조,맑음,단일로 - 기타,승용,여,63세,상해없음,화물,여,60세,상해없음
2015100900100498,2015년 10월 9일 17시,금요일,충청북도 증평군 증평읍,경상사고,0,0,1,0,차대차 - 기타,안전운전불이행,건조,맑음,교차로 - 교차로안,승용,여,47세,상해없음,승합,남,45세,상해없음
2015100900100499,2015년 10월 9일 17시,금요일,충청북도 보은군 내북면,중상사고,0,1,0,0,차대사람 - 기타,안전운전불이행,건조,맑음,단일로 - 기타,농기계,남,56세,상해없음,보행자,여,46세,중상
2015100900100500,2015년 10월 9일 17시,금요일,충청북도 청주시 상당구 낭성면,경상사고,0,0,1,0,차대차 - 측면직각충돌,안전운전불이행,건조,맑음,교차로 - 교차로안,승용,남,76세,상해없음,승용,남,62세,경상
2015100900100501,2015년 10월 9일 17시,금요일,충청북도 청주시 상당구 문화동,경상사고,0,0,1,0,차대차 - 기타,안전운전불이행,건조,맑음,단일로 - 횡단보도상,승용,남,50세,상해없음,자전거,여,18세,경상
2015100900100539,2015년 10월 9일 18시,금요일,충청북도 증평군 증평읍,경상사고,0,0,5,0,차대차 - 추돌 - 진행중,안전운전불이행,건조,맑음,교차로 - 교차로부근,화물,남,46세,상해없음,승용,여,38세,경상
2015100900100540,2015년 10월 9일 18시,금요일,충청북도 진천군 광혜원면,경상사고,0,0,1,0,차대차 - 추돌 - 진행중,안전운전불이행,건조,맑음,교차로 - 교차로안,승용,남,56세,상해없음,승용,여,29세,경상
2015100900100541,2015년 10월 9일 18시,금요일,충청북도 청주시 흥덕구 오송읍,경상사고,0,0,1,0,차대차 - 기타,중앙선침범,건조,맑음,단일로 - 기타,승용,남,50세,상해없음,승용,여,24세,경상
2015100900100542,2015년 10월 9일 18시,금요일,충청북도 청주시 흥덕구 강서동,경상사고,0,0,4,0,차대차 - 측면직각충돌,안전운전불이행,건조,맑음,단일로 - 기타,화물,남,43세,상해없음,승용,여,48세,경상
2015100900100543,2015년 10월 9일 18시,금요일,충청북도 청주시 상당구 남일면,중상사고,0,1,0,0,차대차 - 측면직각충돌,안전운전불이행,건조,맑음,교차로 - 교차로안,승용,여,59세,상해없음,이륜,남,48세,중상
2015100900100544,2015년 10월 9일 18시,금요일,충청북도 진천군 문백면,중상사고,0,4,5,1,차대차 - 추돌 - 진행중,안전거리미확보,건조,맑음,단일로 - 기타,승용,남,83세,상해없음,승합,여,25세,중상
2015100900100631,2015년 10월 9일 20시,금요일,충청북도 청주시 상당구 가덕면,중상사고,0,1,0,0,차대사람 - 기타,안전운전불이행,건조,맑음,단일로 - 기타,승용,남,72세,상해없음,보행자,여,75세,중상
2015100900100715,2015년 10월 9일 23시,금요일,충청북도 청주시 흥덕구 봉명동,경상사고,0,0,1,0,차대차 - 측면직각충돌,안전운전불이행,건조,맑음,교차로 - 교차로안,승용,여,44세,상해없음,승용,남,32세,경상
2015100900100716,2015년 10월 9일 23시,금요일,충청북도 청주시 흥덕구 봉명동,경상사고,0,0,1,0,차대차 - 측면직각충돌,안전운전불이행,건조,맑음,단일로 - 기타,승용,여,36세,상해없음,승용,남,54세,상해없음
2015101000100043,2015년 10월 10일 02시,토요일,충청북도 청주시 흥덕구 가경동,경상사고,0,0,1,0,차대차 - 기타,신호위반,건조,맑음,교차로 - 교차로안,승용,남,31세,상해없음,승용,남,44세,경상
2015101000100093,2015년 10월 10일 05시,토요일,충청북도 청주시 흥덕구 강서동,중상사고,0,1,0,0,차대차 - 기타,안전운전불이행,건조,맑음,단일로 - 기타,특수,남,50세,상해없음,승용,남,38세,중상
2015101000100114,2015년 10월 10일 06시,토요일,충청북도 충주시 대소원면,중상사고,0,1,0,0,차대차 - 측면직각충돌,안전운전불이행,건조,맑음,기타 - 기타,승용,여,54세,상해없음,승합,남,58세,중상
2015101000100183,2015년 10월 10일 09시,토요일,충청북도 청주시 청원구 내수읍,경상사고,0,0,1,0,차대차 - 기타,안전운전불이행,습기,비,교차로 - 교차로안,원동기,남,79세,경상,승용,여,54세,상해없음
2015101000100184,2015년 10월 10일 09시,토요일,충청북도 청주시 상당구 명암동,경상사고,0,0,1,0,차대차 - 추돌 - 진행중,안전운전불이행,건조,맑음,단일로 - 기타,화물,남,47세,상해없음,승용,남,51세,상해없음
2015101000100185,2015년 10월 10일 09시,토요일,충청북도 청주시 상당구 용담동,경상사고,0,0,1,0,차량단독 - 공작물충돌,안전운전불이행,건조,맑음,단일로 - 기타,승용,남,40세,경상,,,,
2015101000100220,2015년 10월 10일 10시,토요일,충청북도 충주시 칠금동,경상사고,0,0,1,0,차대사람 - 기타,안전운전불이행,건조,맑음,단일로 - 기타,기타불명,기타불명,기타불명,기타불명,보행자,여,44세,경상
2015101000100221,2015년 10월 10일 10시,토요일,충청북도 제천시 중앙로2가,경상사고,0,0,1,0,차대사람 - 기타,안전운전불이행,건조,맑음,단일로 - 기타,승용,남,47세,기타불명,보행자,남,23세,경상
2015101000100251,2015년 10월 10일 11시,토요일,충청북도 영동군 용산면,경상사고,0,0,1,0,차대사람 - 기타,안전운전불이행,건조,맑음,단일로 - 기타,기타불명,기타불명,기타불명,기타불명,보행자,남,72세,경상
2015101000100277,2015년 10월 10일 12시,토요일,충청북도 청주시 상당구 남문로1가동,경상사고,0,0,1,0,차대사람 - 횡단중,안전운전불이행,건조,맑음,단일로 - 기타,승용,남,74세,기타불명,보행자,남,55세,경상
2015101000100278,2015년 10월 10일 12시,토요일,충청북도 청주시 상당구 금천동,중상사고,0,1,3,0,차대차 - 기타,교차로운행방법위반,건조,흐림,교차로 - 교차로안,승용,남,43세,경상,승용,여,44세,중상
2015101000100308,2015년 10월 10일 13시,토요일,충청북도 제천시 화산동,경상사고,0,0,1,0,차대차 - 기타,직진우회전진행방해,건조,흐림,교차로 - 교차로안,화물,남,63세,상해없음,자전거,남,14세,경상
2015101000100309,2015년 10월 10일 13시,토요일,충청북도 제천시 명동,경상사고,0,0,1,0,차대사람 - 기타,안전운전불이행,건조,흐림,단일로 - 기타,승용,여,59세,상해없음,보행자,남,43세,경상
2015101000100310,2015년 10월 10일 13시,토요일,충청북도 음성군 원남면,경상사고,0,0,1,1,차대차 - 추돌 - 진행중,안전거리미확보,습기,비,단일로 - 기타,승용,남,52세,부상신고,화물,남,66세,경상
2015101000100311,2015년 10월 10일 13시,토요일,충청북도 청주시 흥덕구 가경동,중상사고,0,2,4,0,차대차 - 측면직각충돌,안전운전불이행,건조,맑음,단일로 - 기타,승용,남,35세,중상,승용,여,36세,경상
2015101000100312,2015년 10월 10일 13시,토요일,충청북도 청주시 흥덕구 가경동,경상사고,0,0,1,0,차량단독 - 기타,안전운전불이행,건조,맑음,교차로 - 교차로부근,승합,남,54세,상해없음,,,,
2015101000100387,2015년 10월 10일 15시,토요일,충청북도 청주시 흥덕구 복대동,경상사고,0,0,3,0,차대차 - 추돌 - 진행중,안전운전불이행,습기,비,교차로 - 교차로부근,승용,남,55세,상해없음,승용,남,36세,경상
2015101000100421,2015년 10월 10일 16시,토요일,충청북도 청주시 서원구 사창동,경상사고,0,0,1,0,차대차 - 기타,안전운전불이행,건조,맑음,교차로 - 교차로안,승용,남,34세,상해없음,이륜,남,32세,경상
2015101000100450,2015년 10월 10일 17시,토요일,충청북도 충주시 성서동,중상사고,0,1,0,0,차대사람 - 기타,안전운전불이행,건조,맑음,교차로 - 교차로부근,기타불명,기타불명,기타불명,기타불명,보행자,여,54세,중상
2015101000100451,2015년 10월 10일 17시,토요일,충청북도 영동군 양산면,중상사고,0,2,0,0,차대차 - 정면충돌,중앙선침범,건조,맑음,단일로 - 기타,화물,남,61세,중상,건설기계,남,50세,상해없음
2015101000100510,2015년 10월 10일 18시,토요일,충청북도 제천시 봉양읍,경상사고,0,0,1,0,차대사람 - 기타,보행자보호의무위반,습기,비,단일로 - 기타,원동기,남,59세,상해없음,보행자,남,82세,경상
2015101000100511,2015년 10월 10일 18시,토요일,충청북도 단양군 매포읍,경상사고,0,0,2,0,차대차 - 측면직각충돌,중앙선침범,습기,비,단일로 - 기타,승용,남,35세,상해없음,승용,남,58세,경상
2015101000100512,2015년 10월 10일 18시,토요일,충청북도 청주시 서원구 분평동,중상사고,0,1,3,0,차대차 - 측면직각충돌,신호위반,습기,비,교차로 - 교차로안,승용,남,50세,상해없음,승용,여,43세,중상
2015101000100567,2015년 10월 10일 19시,토요일,충청북도 청주시 청원구 주성동,경상사고,0,0,1,0,차대차 - 측면직각충돌,신호위반,습기,비,교차로 - 교차로안,승용,여,28세,상해없음,승합,남,37세,경상
2015101000100568,2015년 10월 10일 19시,토요일,충청북도 증평군 증평읍,중상사고,0,1,0,0,차대사람 - 차도통행중,안전운전불이행,습기,비,단일로 - 기타,이륜,남,18세,상해없음,보행자,여,39세,중상
2015101000100569,2015년 10월 10일 19시,토요일,충청북도 청주시 상당구 지북동,경상사고,0,0,1,0,차대차 - 기타,신호위반,건조,맑음,교차로 - 교차로안,승용,남,23세,상해없음,승합,남,56세,경상
2015101000100570,2015년 10월 10일 19시,토요일,충청북도 청주시 서원구 분평동,경상사고,0,0,1,0,차대차 - 추돌 - 주정차중,안전운전불이행,건조,맑음,교차로 - 교차로안,승용,남,45세,상해없음,승용,여,59세,경상
2015101000100571,2015년 10월 10일 19시,토요일,충청북도 청주시 상당구 용암동,중상사고,0,1,0,0,차대차 - 기타,신호위반,건조,맑음,교차로 - 교차로부근,승용,여,45세,상해없음,승용,여,41세,중상
2015101000100610,2015년 10월 10일 20시,토요일,충청북도 청주시 흥덕구 가경동,경상사고,0,0,3,0,차대차 - 추돌 - 주정차중,안전운전불이행,습기,비,교차로 - 교차로부근,승용,남,56세,상해없음,승용,여,30세,경상
2015101000100699,2015년 10월 10일 22시,토요일,충청북도 충주시 주덕읍,부상신고사고,0,0,0,1,차대차 - 기타,안전운전불이행,습기,비,단일로 - 기타,승용,여,44세,부상신고,화물,남,45세,기타불명
2015101000100700,2015년 10월 10일 22시,토요일,충청북도 영동군 영동읍,경상사고,0,0,1,0,차대사람 - 차도통행중,안전운전불이행,습기,비,단일로 - 기타,승용,남,60세,상해없음,보행자,남,49세,경상
2015101000100731,2015년 10월 10일 23시,토요일,충청북도 충주시 칠금동,중상사고,0,1,0,0,차량단독 - 공작물충돌,안전운전불이행,습기,비,단일로 - 기타,승용,남,54세,중상,,,,
2015101100100013,2015년 10월 11일 00시,일요일,충청북도 청주시 상당구 용암동,경상사고,0,0,1,0,차대사람 - 횡단중,신호위반,습기,비,단일로 - 횡단보도상,승용,남,42세,상해없음,보행자,여,45세,경상
2015101100100051,2015년 10월 11일 02시,일요일,충청북도 청주시 서원구 사창동,경상사고,0,0,1,0,차대사람 - 기타,안전운전불이행,습기,비,단일로 - 기타,승합,여,58세,상해없음,보행자,남,18세,경상
2015101100100052,2015년 10월 11일 02시,일요일,충청북도 청주시 흥덕구 오송읍,중상사고,0,1,0,0,차대차 - 추돌 - 주정차중,안전운전불이행,습기,비,단일로 - 기타,승용,남,26세,상해없음,승합,남,58세,중상
2015101100100085,2015년 10월 11일 05시,일요일,충청북도 청주시 청원구 내덕동,중상사고,0,1,0,0,차대사람 - 기타,안전운전불이행,습기,흐림,단일로 - 기타,승용,남,55세,상해없음,보행자,남,36세,중상
2015101100100102,2015년 10월 11일 07시,일요일,충청북도 증평군 증평읍,경상사고,0,0,4,0,차대차 - 측면직각충돌,교차로운행방법위반,건조,기타,교차로 - 교차로안,승합,남,46세,상해없음,화물,남,38세,경상
2015101100100156,2015년 10월 11일 10시,일요일,충청북도 충주시 용산동,경상사고,0,0,1,0,차대차 - 기타,중앙선침범,건조,흐림,단일로 - 기타,자전거,남,16세,경상,승용,여,37세,상해없음
2015101100100157,2015년 10월 11일 10시,일요일,충청북도 진천군 진천읍,중상사고,0,1,0,0,차대사람 - 횡단중,안전운전불이행,습기,비,단일로 - 기타,승용,남,44세,상해없음,보행자,남,78세,중상
2015101100100190,2015년 10월 11일 11시,일요일,충청북도 제천시 고암동,경상사고,0,0,1,0,차대차 - 측면직각충돌,안전거리미확보,습기,비,단일로 - 기타,승용,남,35세,상해없음,승용,남,49세,경상
2015101100100191,2015년 10월 11일 11시,일요일,충청북도 단양군 단양읍,경상사고,0,0,1,0,차대차 - 측면직각충돌,직진우회전진행방해,습기,흐림,교차로 - 교차로안,승용,남,33세,상해없음,원동기,남,85세,경상
2015101100100211,2015년 10월 11일 12시,일요일,충청북도 청주시 흥덕구 복대동,중상사고,0,1,0,0,차대차 - 측면직각충돌,신호위반,습기,비,교차로 - 교차로안,자전거,남,73세,중상,승합,남,41세,상해없음
2015101100100212,2015년 10월 11일 12시,일요일,충청북도 청주시 상당구 수동,경상사고,0,0,3,0,차대차 - 기타,교차로운행방법위반,건조,맑음,교차로 - 교차로안,승용,남,75세,상해없음,승용,여,25세,경상
2015101100100239,2015년 10월 11일 13시,일요일,충청북도 청주시 청원구 오창읍,중상사고,0,1,0,0,차대차 - 측면직각충돌,안전운전불이행,습기,비,교차로 - 교차로부근,화물,남,52세,상해없음,이륜,남,28세,중상
2015101100100240,2015년 10월 11일 13시,일요일,충청북도 청주시 청원구 내덕동,중상사고,0,2,2,0,차대차 - 측면직각충돌,교차로운행방법위반,습기,비,교차로 - 교차로안,화물,남,58세,중상,승용,여,58세,경상
2015101100100262,2015년 10월 11일 14시,일요일,충청북도 영동군 영동읍,중상사고,0,1,0,0,차대차 - 기타,중앙선침범,건조,흐림,단일로 - 기타,승용,여,61세,중상,건설기계,남,42세,상해없음
2015101100100290,2015년 10월 11일 15시,일요일,충청북도 제천시 청전동,중상사고,0,2,1,0,차대차 - 측면직각충돌,기타,건조,맑음,교차로 - 교차로안,승용,남,64세,중상,승합,남,63세,경상
2015101100100358,2015년 10월 11일 17시,일요일,충청북도 청주시 서원구 사직동,경상사고,0,0,1,0,차대차 - 기타,신호위반,습기,비,교차로 - 교차로안,승합,남,54세,상해없음,특수,남,35세,경상
2015101100100359,2015년 10월 11일 17시,일요일,충청북도 충주시 교현동,경상사고,0,0,2,0,차대차 - 기타,안전운전불이행,습기,흐림,교차로 - 교차로부근,승용,남,39세,상해없음,승용,여,46세,경상