사고번호,사고일시,요일,시군구,사고내용,사망자수,중상자수,경상자수,부상신고자수,사고유형,법규위반,노면상태,기상상태,도로형태,가해운전자 차종,가해운전자 성별,가해운전자 연령,가해운전자 상해정도,피해운전자 차종,피해운전자 성별,피해운전자 연령,피해운전자 상해정도
2015101100100360,2015년 10월 11일 17시,일요일,충청북도 증평군 증평읍,경상사고,0,0,1,0,차대차 - 측면직각충돌,직진우회전진행방해,건조,흐림,교차로 - 교차로안,이륜,여,50세,경상,승용,남,55세,상해없음
2015101100100395,2015년 10월 11일 18시,일요일,충청북도 충주시 칠금동,중상사고,0,1,0,0,차대차 - 기타,안전운전불이행,건조,맑음,단일로 - 기타,승용,남,51세,상해없음,자전거,남,63세,중상
2015101100100400,2015년 10월 11일 18시,일요일,충청북도 청주시 흥덕구 신전동,경상사고,0,0,2,0,차대차 - 추돌 - 진행중,안전운전불이행,건조,맑음,단일로 - 기타,승용,남,24세,상해없음,승용,남,32세,경상
2015101100100430,2015년 10월 11일 19시,일요일,충청북도 충주시 연수동,경상사고,0,0,1,0,차대차 - 기타,안전운전불이행,기타,맑음,기타 - 기타,승용,남,29세,상해없음,자전거,남,73세,경상
2015101100100431,2015년 10월 11일 19시,일요일,충청북도 괴산군 괴산읍,사망사고,1,0,0,0,차대사람 - 횡단중,과속,습기,흐림,교차로 - 교차로부근,승합,남,56세,상해없음,보행자,남,65세,사망
2015101100100461,2015년 10월 11일 20시,일요일,충청북도 증평군 증평읍,중상사고,0,1,0,0,차대차 - 기타,교차로운행방법위반,건조,맑음,교차로 - 교차로안,화물,남,79세,상해없음,승용,남,44세,중상
2015101100100491,2015년 10월 11일 21시,일요일,충청북도 청주시 상당구 영운동,경상사고,0,0,3,0,차대차 - 추돌 - 주정차중,안전운전불이행,건조,맑음,교차로 - 교차로부근,승용,남,33세,상해없음,승용,남,30세,경상
2015101100100511,2015년 10월 11일 22시,일요일,충청북도 청주시 청원구 내덕동,중상사고,0,1,0,0,차대사람 - 기타,안전운전불이행,건조,맑음,교차로 - 교차로안,승용,남,49세,상해없음,보행자,남,43세,중상
2015101100100512,2015년 10월 11일 22시,일요일,충청북도 청주시 서원구 사창동,경상사고,0,0,2,0,차대차 - 기타,안전운전불이행,건조,맑음,단일로 - 기타,승용,남,58세,상해없음,승용,남,51세,경상
2015101200100044,2015년 10월 12일 05시,월요일,충청북도 진천군 진천읍,중상사고,0,1,0,0,차대차 - 기타,교차로운행방법위반,건조,맑음,교차로 - 교차로안,승용,남,33세,상해없음,자전거,여,67세,중상
2015101200100095,2015년 10월 12일 07시,월요일,충청북도 제천시 천남동,경상사고,0,0,1,0,차대차 - 추돌 - 주정차중,안전운전불이행,건조,맑음,교차로 - 교차로부근,승용,남,62세,상해없음,화물,남,42세,경상
2015101200100096,2015년 10월 12일 07시,월요일,충청북도 영동군 상촌면,중상사고,0,5,4,0,차량단독 - 공작물충돌,안전운전불이행,습기,흐림,단일로 - 기타,승합,여,36세,경상,,,,
2015101200100134,2015년 10월 12일 08시,월요일,충청북도 청주시 흥덕구 신봉동,중상사고,0,1,0,0,차대사람 - 기타,보행자보호의무위반,건조,맑음,단일로 - 횡단보도상,승용,남,39세,상해없음,보행자,여,35세,중상
2015101200100135,2015년 10월 12일 08시,월요일,충청북도 청주시 흥덕구 복대동,경상사고,0,0,2,0,차대차 - 추돌 - 진행중,안전운전불이행,건조,맑음,교차로 - 교차로부근,승용,남,23세,상해없음,승용,여,41세,경상
2015101200100182,2015년 10월 12일 09시,월요일,충청북도 제천시 청전동,중상사고,0,1,0,0,차대차 - 기타,안전운전불이행,건조,맑음,교차로 - 교차로안,승용,남,34세,중상,승용,남,46세,상해없음
2015101200100183,2015년 10월 12일 09시,월요일,충청북도 청주시 흥덕구 봉명동,경상사고,0,0,1,0,차대차 - 측면직각충돌,중앙선침범,건조,맑음,단일로 - 기타,승용,남,26세,상해없음,승용,남,60세,경상
2015101200100184,2015년 10월 12일 09시,월요일,충청북도 청주시 서원구 성화동,경상사고,0,0,1,1,차대차 - 측면직각충돌,신호위반,건조,맑음,교차로 - 교차로안,승용,여,45세,부상신고,승용,남,48세,경상
2015101200100225,2015년 10월 12일 10시,월요일,충청북도 청주시 청원구 내덕동,경상사고,0,0,1,0,차대차 - 기타,안전운전불이행,건조,맑음,교차로 - 교차로안,승용,남,52세,상해없음,승용,여,25세,경상
2015101200100263,2015년 10월 12일 11시,월요일,충청북도 단양군 가곡면,중상사고,0,1,0,0,차대차 - 기타,중앙선침범,건조,맑음,단일로 - 기타,원동기,남,79세,중상,승용,남,27세,상해없음
2015101200100296,2015년 10월 12일 12시,월요일,충청북도 청주시 서원구 사직동,중상사고,0,1,1,0,차대차 - 측면직각충돌,교차로운행방법위반,건조,맑음,교차로 - 교차로안,승용,여,51세,경상,이륜,남,17세,중상
2015101200100297,2015년 10월 12일 12시,월요일,충청북도 제천시 봉양읍,경상사고,0,0,1,0,차대차 - 기타,안전운전불이행,건조,맑음,교차로 - 교차로안,승용,남,68세,상해없음,화물,남,49세,경상
2015101200100331,2015년 10월 12일 13시,월요일,충청북도 충주시 엄정면,경상사고,0,0,1,0,차대차 - 기타,안전운전불이행,건조,맑음,단일로 - 기타,건설기계,남,32세,경상,승용,남,70세,상해없음
2015101200100368,2015년 10월 12일 14시,월요일,충청북도 충주시 성남동,경상사고,0,0,1,0,차대차 - 기타,직진우회전진행방해,건조,맑음,교차로 - 교차로안,기타불명,기타불명,기타불명,기타불명,승용,여,51세,경상
2015101200100407,2015년 10월 12일 15시,월요일,충청북도 음성군 금왕읍,경상사고,0,0,1,0,차대차 - 추돌 - 진행중,안전거리미확보,건조,맑음,단일로 - 기타,건설기계,남,57세,상해없음,승용,여,56세,경상
2015101200100408,2015년 10월 12일 15시,월요일,충청북도 청주시 상당구 금천동,경상사고,0,0,1,0,차대차 - 기타,안전운전불이행,건조,맑음,단일로 - 기타,승합,남,56세,상해없음,자전거,남,57세,경상
2015101200100445,2015년 10월 12일 16시,월요일,충청북도 청주시 청원구 북이면,경상사고,0,0,2,0,차대차 - 기타,안전운전불이행,건조,맑음,교차로 - 교차로안,승용,여,47세,경상,승합,남,49세,경상
2015101200100446,2015년 10월 12일 16시,월요일,충청북도 옥천군 군서면,중상사고,0,1,0,0,차대차 - 기타,중앙선침범,건조,맑음,단일로 - 기타,원동기,남,77세,중상,승용,남,88세,상해없음
2015101200100497,2015년 10월 12일 17시,월요일,충청북도 청주시 흥덕구 봉명동,부상신고사고,0,0,0,1,차대사람 - 기타,안전운전불이행,건조,맑음,단일로 - 기타,자전거,기타불명,기타불명,기타불명,보행자,남,14세,부상신고
2015101200100550,2015년 10월 12일 18시,월요일,충청북도 충주시 문화동,부상신고사고,0,0,0,1,차대차 - 측면직각충돌,중앙선침범,건조,흐림,단일로 - 기타,자전거,남,77세,부상신고,승용,여,45세,상해없음
2015101200100551,2015년 10월 12일 18시,월요일,충청북도 청주시 흥덕구 강내면,중상사고,0,1,0,0,차량단독 - 전도전복,안전운전불이행,습기,흐림,단일로 - 기타,이륜,남,53세,중상,,,,
2015101200100604,2015년 10월 12일 19시,월요일,충청북도 음성군 대소면,경상사고,0,0,2,0,차대차 - 기타,신호위반,건조,맑음,교차로 - 교차로안,승용,여,54세,경상,화물,남,58세,경상
2015101200100605,2015년 10월 12일 19시,월요일,충청북도 청주시 상당구 금천동,경상사고,0,0,2,0,차대차 - 추돌 - 진행중,안전운전불이행,건조,맑음,교차로 - 교차로안,승용,남,25세,상해없음,승용,남,24세,경상
2015101200100639,2015년 10월 12일 20시,월요일,충청북도 청주시 상당구 용암동,중상사고,0,1,0,0,차대차 - 기타,안전운전불이행,건조,맑음,교차로 - 교차로부근,화물,남,33세,상해없음,이륜,남,22세,중상
2015101200100699,2015년 10월 12일 22시,월요일,충청북도 청주시 서원구 분평동,부상신고사고,0,0,0,1,차대사람 - 기타,안전운전불이행,건조,맑음,교차로 - 교차로부근,이륜,남,33세,상해없음,보행자,남,18세,부상신고
2015101300100023,2015년 10월 13일 01시,화요일,충청북도 충주시 금릉동,중상사고,0,1,0,0,차대차 - 측면직각충돌,신호위반,건조,맑음,교차로 - 교차로안,승용,여,24세,상해없음,승용,남,42세,중상
2015101300100059,2015년 10월 13일 05시,화요일,충청북도 청주시 흥덕구 봉명동,중상사고,0,1,1,0,차대차 - 추돌 - 진행중,안전운전불이행,건조,맑음,교차로 - 교차로안,승용,남,45세,상해없음,승용,남,35세,경상
2015101300100091,2015년 10월 13일 07시,화요일,충청북도 옥천군 안내면,사망사고,1,1,0,0,차대차 - 정면충돌,중앙선침범,습기,안개,단일로 - 기타,화물,남,79세,중상,승용,남,66세,사망
2015101300100092,2015년 10월 13일 07시,화요일,충청북도 청주시 상당구 용정동,중상사고,0,1,0,0,차대차 - 기타,안전거리미확보,건조,맑음,교차로 - 교차로부근,승용,남,56세,상해없음,승용,여,49세,중상
2015101300100142,2015년 10월 13일 08시,화요일,충청북도 보은군 탄부면,경상사고,0,0,5,0,차대차 - 측면직각충돌,교차로운행방법위반,건조,맑음,교차로 - 교차로안,화물,여,55세,경상,승합,남,54세,상해없음
2015101300100143,2015년 10월 13일 08시,화요일,충청북도 보은군 보은읍,중상사고,0,1,0,0,차량단독 - 전도전복,안전운전불이행,건조,맑음,교차로 - 교차로부근,원동기,여,75세,중상,,,,
2015101300100144,2015년 10월 13일 08시,화요일,충청북도 음성군 대소면,경상사고,0,0,1,0,차대차 - 기타,차로위반,건조,맑음,단일로 - 기타,화물,남,45세,상해없음,승용,여,28세,경상
2015101300100145,2015년 10월 13일 08시,화요일,충청북도 청주시 상당구 용암동,중상사고,0,1,3,0,차대차 - 기타,안전거리미확보,건조,맑음,단일로 - 기타,승용,남,35세,상해없음,승용,여,41세,중상
2015101300100146,2015년 10월 13일 08시,화요일,충청북도 청주시 서원구 수곡동,경상사고,0,0,1,0,차대차 - 기타,안전운전불이행,건조,맑음,단일로 - 기타,승용,남,61세,상해없음,승용,여,46세,경상
2015101300100185,2015년 10월 13일 09시,화요일,충청북도 청주시 흥덕구 봉명동,경상사고,0,0,1,0,차대차 - 측면직각충돌,안전운전불이행,건조,맑음,교차로 - 교차로안,승합,남,48세,경상,화물,남,41세,상해없음
2015101300100186,2015년 10월 13일 09시,화요일,충청북도 청주시 상당구 서운동,중상사고,0,1,0,0,차량단독 - 기타,안전운전불이행,건조,맑음,단일로 - 기타,승합,남,34세,상해없음,,,,
2015101300100224,2015년 10월 13일 10시,화요일,충청북도 음성군 생극면,사망사고,1,0,0,0,차대차 - 기타,교차로운행방법위반,건조,맑음,교차로 - 교차로안,화물,남,57세,상해없음,원동기,남,83세,사망
2015101300100225,2015년 10월 13일 10시,화요일,충청북도 청주시 서원구 모충동,경상사고,0,0,1,0,차대사람 - 기타,안전운전불이행,건조,맑음,단일로 - 기타,승합,남,54세,상해없음,보행자,여,67세,경상
2015101300100316,2015년 10월 13일 13시,화요일,충청북도 청주시 청원구 주성동,경상사고,0,0,1,0,차대차 - 측면직각충돌,안전운전불이행,건조,맑음,교차로 - 교차로안,건설기계,남,48세,상해없음,승용,여,38세,경상
2015101300100317,2015년 10월 13일 13시,화요일,충청북도 음성군 삼성면,사망사고,1,0,0,0,차대차 - 측면직각충돌,안전운전불이행,건조,맑음,교차로 - 교차로안,승용,여,50세,상해없음,자전거,남,70세,사망
2015101300100318,2015년 10월 13일 13시,화요일,충청북도 진천군 진천읍,경상사고,0,0,1,0,차대사람 - 횡단중,안전운전불이행,건조,맑음,단일로 - 기타,승용,여,46세,상해없음,보행자,남,7세,경상
2015101300100319,2015년 10월 13일 13시,화요일,충청북도 청주시 흥덕구 가경동,중상사고,0,1,0,0,차대차 - 기타,안전운전불이행,건조,맑음,단일로 - 기타,화물,남,39세,상해없음,이륜,남,20세,중상
2015101300100320,2015년 10월 13일 13시,화요일,충청북도 청주시 흥덕구 옥산면,경상사고,0,0,1,0,차대차 - 기타,교차로운행방법위반,건조,맑음,교차로 - 교차로안,화물,남,69세,상해없음,화물,남,50세,경상
2015101300100347,2015년 10월 13일 14시,화요일,충청북도 청주시 흥덕구 가경동,중상사고,0,1,1,0,차대차 - 측면직각충돌,교차로운행방법위반,건조,맑음,교차로 - 교차로안,승용,남,51세,상해없음,승용,남,65세,중상
2015101300100384,2015년 10월 13일 15시,화요일,충청북도 충주시 호암동,경상사고,0,0,1,1,차대차 - 기타,안전운전불이행,건조,맑음,단일로 - 기타,자전거,여,62세,부상신고,이륜,남,80세,경상
2015101300100385,2015년 10월 13일 15시,화요일,충청북도 진천군 광혜원면,경상사고,0,0,3,0,차대차 - 추돌 - 진행중,안전운전불이행,건조,맑음,교차로 - 교차로부근,승용,남,53세,상해없음,승용,여,29세,경상
2015101300100386,2015년 10월 13일 15시,화요일,충청북도 청주시 흥덕구 복대동,중상사고,0,1,0,0,차대차 - 기타,안전운전불이행,건조,맑음,단일로 - 기타,승용,여,56세,상해없음,승용,남,56세,중상
2015101300100387,2015년 10월 13일 15시,화요일,충청북도 청주시 상당구 명암동,경상사고,0,0,2,0,차대차 - 기타,안전운전불이행,건조,맑음,단일로 - 기타,화물,남,51세,상해없음,승용,남,48세,경상
2015101300100388,2015년 10월 13일 15시,화요일,충청북도 청주시 상당구 금천동,중상사고,0,1,0,0,차대사람 - 기타,신호위반,건조,맑음,단일로 - 횡단보도상,화물,남,43세,상해없음,보행자,여,17세,중상
2015101300100390,2015년 10월 13일 15시,화요일,충청북도 청주시 흥덕구 강내면,중상사고,0,1,0,0,차대차 - 기타,안전운전불이행,건조,맑음,단일로 - 기타,승용,남,42세,상해없음,승용,남,51세,중상
2015101300100427,2015년 10월 13일 16시,화요일,충청북도 청주시 청원구 율량동,중상사고,0,2,0,0,차대차 - 추돌 - 주정차중,안전거리미확보,건조,맑음,단일로 - 기타,승용,남,53세,상해없음,승용,여,34세,중상
2015101300100428,2015년 10월 13일 16시,화요일,충청북도 충주시 노은면,중상사고,0,1,7,1,차대차 - 기타,직진우회전진행방해,건조,맑음,교차로 - 교차로안,화물,남,48세,부상신고,화물,남,21세,경상
2015101300100429,2015년 10월 13일 16시,화요일,충청북도 영동군 영동읍,경상사고,0,0,6,0,차대차 - 기타,직진우회전진행방해,건조,맑음,교차로 - 교차로안,승합,남,54세,경상,승용,남,61세,경상
2015101300100430,2015년 10월 13일 16시,화요일,충청북도 괴산군 소수면,중상사고,0,1,0,0,차대사람 - 길가장자리구역통행중,안전운전불이행,건조,맑음,단일로 - 기타,화물,남,57세,상해없음,보행자,여,72세,중상
2015101300100431,2015년 10월 13일 16시,화요일,충청북도 음성군 음성읍,경상사고,0,0,1,0,차대사람 - 횡단중,안전운전불이행,건조,맑음,단일로 - 기타,승용,남,31세,상해없음,보행자,여,31세,경상
2015101300100461,2015년 10월 13일 17시,화요일,충청북도 충주시 연수동,경상사고,0,0,1,0,차대사람 - 기타,안전운전불이행,건조,맑음,단일로 - 기타,승용,여,58세,상해없음,보행자,남,16세,경상
2015101300100462,2015년 10월 13일 17시,화요일,충청북도 옥천군 동이면,중상사고,0,1,2,0,차대차 - 측면직각충돌,안전거리미확보,건조,맑음,교차로 - 교차로부근,승용,여,46세,중상,승용,남,39세,경상
2015101300100463,2015년 10월 13일 17시,화요일,충청북도 진천군 광혜원면,경상사고,0,0,1,0,차대사람 - 기타,안전운전불이행,건조,맑음,기타 - 기타,승용,여,42세,상해없음,보행자,남,56세,경상
2015101300100464,2015년 10월 13일 17시,화요일,충청북도 청주시 흥덕구 오송읍,경상사고,0,0,1,0,차대차 - 추돌 - 진행중,안전운전불이행,건조,맑음,단일로 - 기타,승용,남,55세,상해없음,승용,남,42세,경상
2015101300100465,2015년 10월 13일 17시,화요일,충청북도 청주시 서원구 산남동,경상사고,0,0,1,0,차대차 - 기타,안전운전불이행,건조,맑음,단일로 - 기타,승용,남,62세,상해없음,자전거,남,6세,경상
2015101300100510,2015년 10월 13일 18시,화요일,충청북도 청주시 흥덕구 옥산면,경상사고,0,0,1,0,차대차 - 기타,안전운전불이행,건조,맑음,단일로 - 기타,화물,남,55세,상해없음,승용,남,36세,경상
2015101300100511,2015년 10월 13일 18시,화요일,충청북도 청주시 서원구 성화동,중상사고,0,1,0,0,차대차 - 기타,불법유턴,건조,맑음,교차로 - 교차로안,승용,남,44세,상해없음,자전거,남,45세,중상
2015101300100570,2015년 10월 13일 19시,화요일,충청북도 증평군 도안면,경상사고,0,0,2,0,차대차 - 측면직각충돌,안전거리미확보,건조,맑음,단일로 - 기타,화물,남,33세,상해없음,승용,여,46세,경상
2015101300100571,2015년 10월 13일 19시,화요일,충청북도 청주시 서원구 수곡동,중상사고,0,1,0,0,차대차 - 측면직각충돌,안전운전불이행,건조,맑음,단일로 - 횡단보도상,승용,남,46세,상해없음,자전거,남,43세,중상
2015101300100609,2015년 10월 13일 20시,화요일,충청북도 청주시 상당구 남문로1가동,중상사고,0,1,0,0,차대사람 - 기타,보행자보호의무위반,건조,맑음,단일로 - 횡단보도상,승용,남,62세,상해없음,보행자,여,56세,중상
2015101300100701,2015년 10월 13일 23시,화요일,충청북도 단양군 단양읍,경상사고,0,0,1,0,차대차 - 측면직각충돌,안전운전불이행,건조,맑음,단일로 - 기타,화물,남,57세,상해없음,승용,남,65세,기타불명
2015101400100063,2015년 10월 14일 05시,수요일,충청북도 옥천군 이원면,중상사고,0,1,0,0,차대차 - 측면직각충돌,신호위반,건조,맑음,교차로 - 교차로안,특수,남,69세,상해없음,화물,남,67세,중상
2015101400100097,2015년 10월 14일 07시,수요일,충청북도 청주시 청원구 오창읍,경상사고,0,0,2,0,차대차 - 기타,안전운전불이행,건조,맑음,단일로 - 기타,기타불명,기타불명,기타불명,기타불명,승합,남,44세,상해없음
2015101400100151,2015년 10월 14일 08시,수요일,충청북도 증평군 증평읍,중상사고,0,1,0,0,차대차 - 측면직각충돌,직진우회전진행방해,건조,맑음,교차로 - 교차로안,승용,여,54세,상해없음,승용,여,32세,중상
2015101400100193,2015년 10월 14일 09시,수요일,충청북도 충주시 엄정면,중상사고,0,1,0,0,차대차 - 기타,기타,건조,맑음,교차로 - 교차로안,화물,남,62세,상해없음,원동기,남,71세,중상
2015101400100194,2015년 10월 14일 09시,수요일,충청북도 청주시 서원구 모충동,경상사고,0,0,1,0,차대차 - 추돌 - 진행중,안전운전불이행,건조,맑음,단일로 - 기타,승용,남,55세,상해없음,원동기,남,74세,경상
2015101400100223,2015년 10월 14일 10시,수요일,충청북도 청주시 흥덕구 강내면,사망사고,1,1,0,0,차대차 - 정면충돌,안전운전불이행,건조,맑음,교차로 - 교차로안,승용,남,29세,중상,승합,남,33세,사망
2015101400100255,2015년 10월 14일 11시,수요일,충청북도 청주시 흥덕구 봉명동,중상사고,0,2,0,0,차대차 - 기타,직진우회전진행방해,건조,맑음,교차로 - 교차로안,승용,여,48세,중상,승용,남,60세,중상
2015101400100306,2015년 10월 14일 13시,수요일,충청북도 충주시 노은면,경상사고,0,0,2,0,차대차 - 추돌 - 진행중,안전운전불이행,건조,맑음,단일로 - 기타,화물,남,56세,상해없음,승용,남,73세,경상
2015101400100383,2015년 10월 14일 15시,수요일,충청북도 청주시 흥덕구 문암동,중상사고,0,1,0,0,차대차 - 측면직각충돌,안전운전불이행,건조,맑음,단일로 - 기타,자전거,남,57세,중상,자전거,남,38세,상해없음
2015101400100384,2015년 10월 14일 15시,수요일,충청북도 청주시 상당구 금천동,경상사고,0,0,3,0,차대차 - 추돌 - 진행중,중앙선침범,건조,맑음,단일로 - 기타,승용,여,53세,상해없음,승용,남,27세,경상
2015101400100429,2015년 10월 14일 16시,수요일,충청북도 제천시 봉양읍,중상사고,0,1,0,0,차대차 - 기타,안전운전불이행,건조,맑음,단일로 - 기타,화물,남,44세,상해없음,화물,남,40세,중상
2015101400100430,2015년 10월 14일 16시,수요일,충청북도 음성군 금왕읍,사망사고,1,0,0,0,차대차 - 기타,안전운전불이행,건조,맑음,교차로 - 교차로안,승합,남,66세,상해없음,원동기,남,79세,사망
2015101400100488,2015년 10월 14일 17시,수요일,충청북도 충주시 문화동,중상사고,0,1,0,0,차대차 - 측면직각충돌,안전운전불이행,건조,맑음,단일로 - 기타,승용,남,62세,상해없음,원동기,남,54세,중상
2015101400100489,2015년 10월 14일 17시,수요일,충청북도 충주시 주덕읍,중상사고,0,1,2,0,차대차 - 측면직각충돌,안전운전불이행,건조,맑음,교차로 - 교차로부근,승용,남,43세,상해없음,승용,남,35세,경상
2015101400100490,2015년 10월 14일 17시,수요일,충청북도 옥천군 옥천읍,중상사고,0,1,0,0,차대차 - 기타,직진우회전진행방해,건조,맑음,교차로 - 교차로안,승용,남,44세,상해없음,원동기,남,71세,중상
2015101400100540,2015년 10월 14일 18시,수요일,충청북도 제천시 장락동,경상사고,0,0,1,0,차대차 - 기타,중앙선침범,건조,맑음,단일로 - 기타,승용,남,61세,상해없음,이륜,남,17세,경상
2015101400100541,2015년 10월 14일 18시,수요일,충청북도 음성군 음성읍,중상사고,0,1,0,0,차대사람 - 횡단중,안전운전불이행,건조,맑음,단일로 - 기타,승용,여,44세,상해없음,보행자,여,64세,중상
2015101400100542,2015년 10월 14일 18시,수요일,충청북도 청주시 상당구 영동,경상사고,0,0,1,0,차대차 - 기타,안전운전불이행,건조,맑음,교차로 - 교차로안,승용,남,28세,상해없음,자전거,남,63세,경상
2015101400100603,2015년 10월 14일 19시,수요일,충청북도 제천시 교동,중상사고,0,1,0,0,차대차 - 기타,안전거리미확보,건조,맑음,단일로 - 기타,승용,남,53세,상해없음,승용,여,46세,중상
2015101400100604,2015년 10월 14일 19시,수요일,충청북도 옥천군 옥천읍,중상사고,0,2,0,0,차대차 - 정면충돌,안전운전불이행,건조,맑음,교차로 - 교차로안,화물,남,50세,상해없음,승용,남,51세,중상
2015101400100689,2015년 10월 14일 21시,수요일,충청북도 증평군 증평읍,경상사고,0,0,1,0,차대차 - 측면직각충돌,안전운전불이행,습기,흐림,교차로 - 교차로안,원동기,남,16세,경상,승용,남,30세,상해없음
2015101400100690,2015년 10월 14일 21시,수요일,충청북도 청주시 흥덕구 비하동,경상사고,0,0,2,0,차대차 - 정면충돌,안전운전불이행,건조,맑음,교차로 - 교차로부근,승용,남,41세,상해없음,승용,남,29세,경상
2015101400100691,2015년 10월 14일 21시,수요일,충청북도 청주시 상당구 가덕면,중상사고,0,1,0,0,차량단독 - 기타,안전운전불이행,건조,맑음,교차로 - 교차로부근,승용,남,42세,상해없음,,,,
2015101400100749,2015년 10월 14일 23시,수요일,충청북도 청주시 청원구 오동동,중상사고,0,1,0,0,차대차 - 정면충돌,안전운전불이행,건조,맑음,단일로 - 기타,승용,남,44세,상해없음,승용,남,33세,중상
2015101500100008,2015년 10월 15일 00시,목요일,충청북도 충주시 대소원면,경상사고,0,0,2,0,차량단독 - 공작물충돌,안전운전불이행,건조,맑음,교차로 - 교차로안,승용,남,32세,상해없음,,,,
2015101500100009,2015년 10월 15일 00시,목요일,충청북도 청주시 흥덕구 봉명동,경상사고,0,0,1,0,차대차 - 추돌 - 진행중,안전운전불이행,건조,맑음,교차로 - 교차로부근,원동기,남,19세,기타불명,승용,남,50세,경상
2015101500100090,2015년 10월 15일 07시,목요일,충청북도 청주시 청원구 주중동,중상사고,0,1,0,0,차대차 - 기타,안전운전불이행,건조,맑음,단일로 - 기타,화물,남,50세,상해없음,원동기,남,29세,중상
2015101500100091,2015년 10월 15일 07시,목요일,충청북도 청주시 흥덕구 옥산면,중상사고,0,1,0,0,차량단독 - 공작물충돌,안전운전불이행,건조,맑음,단일로 - 기타,승용,여,26세,중상,,,,
2015101500100119,2015년 10월 15일 08시,목요일,충청북도 청주시 청원구 율량동,경상사고,0,0,1,0,차대사람 - 횡단중,보행자보호의무위반,건조,맑음,교차로 - 교차로부근,승용,여,50세,상해없음,보행자,남,17세,경상
2015101500100120,2015년 10월 15일 08시,목요일,충청북도 충주시 금릉동,경상사고,0,0,2,0,차대차 - 측면직각충돌,안전운전불이행,건조,맑음,교차로 - 교차로안,화물,남,60세,상해없음,승용,남,33세,경상
2015101500100121,2015년 10월 15일 08시,목요일,충청북도 충주시 칠금동,경상사고,0,0,2,1,차대차 - 기타,안전운전불이행,건조,맑음,단일로 - 기타,승용,남,30세,부상신고,승용,남,33세,경상
2015101500100122,2015년 10월 15일 08시,목요일,충청북도 제천시 봉양읍,중상사고,0,1,2,0,차대차 - 추돌 - 진행중,안전거리미확보,건조,맑음,단일로 - 기타,승합,남,45세,상해없음,승용,남,53세,중상
2015101500100123,2015년 10월 15일 08시,목요일,충청북도 보은군 보은읍,중상사고,0,1,1,0,차대차 - 측면직각충돌,교차로운행방법위반,건조,맑음,교차로 - 교차로안,승용,여,47세,상해없음,승용,여,38세,중상
2015101500100163,2015년 10월 15일 09시,목요일,충청북도 제천시 서부동,중상사고,0,1,0,0,차대차 - 측면직각충돌,신호위반,건조,맑음,교차로 - 교차로안,승용,여,54세,상해없음,승용,여,57세,중상
2015101500100196,2015년 10월 15일 10시,목요일,충청북도 청주시 청원구 오창읍,경상사고,0,0,3,0,차대차 - 추돌 - 주정차중,안전운전불이행,건조,맑음,단일로 - 기타,건설기계,남,36세,상해없음,승합,남,52세,경상
2015101500100197,2015년 10월 15일 10시,목요일,충청북도 청주시 흥덕구 수의동,중상사고,0,1,1,0,차대차 - 측면직각충돌,안전거리미확보,건조,맑음,기타 - 기타,승합,남,51세,상해없음,승용,남,46세,상해없음
2015101500100236,2015년 10월 15일 11시,목요일,충청북도 보은군 보은읍,경상사고,0,0,2,0,차대차 - 측면직각충돌,교차로운행방법위반,건조,맑음,교차로 - 교차로안,승용,여,55세,경상,승용,여,51세,경상
2015101500100259,2015년 10월 15일 12시,목요일,충청북도 청주시 서원구 개신동,경상사고,0,0,1,0,차량단독 - 기타,기타,건조,맑음,단일로 - 기타,승합,남,59세,상해없음,,,,
2015101500100325,2015년 10월 15일 14시,목요일,충청북도 괴산군 연풍면,경상사고,0,0,1,0,차대차 - 추돌 - 주정차중,안전운전불이행,건조,맑음,단일로 - 기타,승합,남,57세,상해없음,승용,남,57세,경상
2015101500100357,2015년 10월 15일 15시,목요일,충청북도 청주시 서원구 사직동,경상사고,0,0,1,0,차량단독 - 기타,기타,건조,맑음,단일로 - 기타,승합,남,52세,기타불명,,,,
2015101500100358,2015년 10월 15일 15시,목요일,충청북도 충주시 안림동,경상사고,0,0,2,1,차대차 - 기타,안전거리미확보,건조,맑음,교차로 - 교차로부근,승용,여,63세,부상신고,승용,여,57세,경상
2015101500100359,2015년 10월 15일 15시,목요일,충청북도 진천군 광혜원면,경상사고,0,0,2,0,차대차 - 추돌 - 진행중,안전운전불이행,건조,맑음,단일로 - 기타,승합,남,42세,상해없음,화물,남,43세,경상
2015101500100384,2015년 10월 15일 16시,목요일,충청북도 청주시 청원구 내덕동,중상사고,0,1,0,0,차대차 - 기타,안전운전불이행,건조,맑음,단일로 - 기타,승용,여,39세,상해없음,승용,남,70세,중상
2015101500100385,2015년 10월 15일 16시,목요일,충청북도 보은군 보은읍,중상사고,0,1,0,0,차량단독 - 전도전복,안전운전불이행,건조,맑음,단일로 - 기타,원동기,여,55세,중상,,,,