사고번호,사고일시,요일,시군구,사고내용,사망자수,중상자수,경상자수,부상신고자수,사고유형,법규위반,노면상태,기상상태,도로형태,가해운전자 차종,가해운전자 성별,가해운전자 연령,가해운전자 상해정도,피해운전자 차종,피해운전자 성별,피해운전자 연령,피해운전자 상해정도
2015101500100424,2015년 10월 15일 17시,목요일,충청북도 청주시 흥덕구 복대동,중상사고,0,1,4,0,차대차 - 측면직각충돌,신호위반,건조,맑음,교차로 - 교차로안,승용,남,58세,상해없음,승용,남,40세,경상
2015101500100534,2015년 10월 15일 19시,목요일,충청북도 충주시 용탄동,중상사고,0,1,0,1,차대차 - 기타,중앙선침범,건조,기타,교차로 - 교차로부근,승용,남,57세,부상신고,승용,남,29세,중상
2015101500100535,2015년 10월 15일 19시,목요일,충청북도 영동군 영동읍,경상사고,0,0,1,0,차대차 - 추돌 - 주정차중,안전운전불이행,건조,맑음,교차로 - 교차로안,화물,남,74세,상해없음,승용,남,38세,경상
2015101500100536,2015년 10월 15일 19시,목요일,충청북도 음성군 금왕읍,경상사고,0,0,1,0,차대차 - 기타,안전운전불이행,건조,맑음,교차로 - 교차로부근,화물,남,50세,상해없음,승용,남,45세,경상
2015101500100537,2015년 10월 15일 19시,목요일,충청북도 청주시 흥덕구 봉명동,중상사고,0,1,0,0,차대차 - 측면직각충돌,안전운전불이행,건조,맑음,단일로 - 기타,승용,여,28세,상해없음,승용,남,25세,중상
2015101500100538,2015년 10월 15일 19시,목요일,충청북도 청주시 흥덕구 봉명동,경상사고,0,0,3,0,차대차 - 측면직각충돌,불법유턴,건조,맑음,교차로 - 교차로안,승용,남,22세,경상,승용,남,34세,경상
2015101500100571,2015년 10월 15일 20시,목요일,충청북도 청주시 흥덕구 복대동,중상사고,0,1,0,0,차대사람 - 횡단중,안전운전불이행,건조,맑음,교차로 - 교차로안,승용,남,34세,상해없음,보행자,여,57세,중상
2015101500100572,2015년 10월 15일 20시,목요일,충청북도 청주시 상당구 남일면,중상사고,0,1,1,0,차대차 - 기타,안전거리미확보,건조,맑음,단일로 - 기타,승용,여,55세,상해없음,승용,여,58세,경상
2015101500100625,2015년 10월 15일 22시,목요일,충청북도 진천군 광혜원면,중상사고,0,1,2,0,차대차 - 정면충돌,신호위반,건조,맑음,교차로 - 교차로안,승용,남,50세,경상,승용,여,41세,경상
2015101500100651,2015년 10월 15일 23시,목요일,충청북도 청주시 청원구 오창읍,중상사고,0,1,2,0,차대차 - 기타,신호위반,건조,맑음,교차로 - 교차로안,승용,남,28세,경상,승합,남,15세,경상
2015101500100652,2015년 10월 15일 23시,목요일,충청북도 제천시 고명동,중상사고,0,1,0,0,차대차 - 기타,중앙선침범,건조,맑음,교차로 - 교차로부근,승용,남,44세,상해없음,승용,남,69세,중상
2015101500100653,2015년 10월 15일 23시,목요일,충청북도 청주시 상당구 용정동,경상사고,0,0,1,0,차대차 - 기타,안전운전불이행,건조,맑음,교차로 - 교차로부근,승용,남,44세,상해없음,승용,남,39세,경상
2015101600100007,2015년 10월 16일 00시,금요일,충청북도 충주시 연수동,중상사고,0,1,2,0,차대차 - 기타,신호위반,건조,맑음,교차로 - 교차로안,승용,남,55세,상해없음,승용,남,55세,경상
2015101600100008,2015년 10월 16일 00시,금요일,충청북도 청주시 상당구 용암동,중상사고,0,1,0,0,차량단독 - 공작물충돌,안전운전불이행,건조,맑음,단일로 - 기타,이륜,남,54세,중상,,,,
2015101600100030,2015년 10월 16일 01시,금요일,충청북도 청주시 서원구 모충동,경상사고,0,0,1,0,차대차 - 기타,안전운전불이행,건조,맑음,단일로 - 기타,승용,남,48세,경상,승용,여,62세,기타불명
2015101600100075,2015년 10월 16일 06시,금요일,충청북도 충주시 연수동,경상사고,0,0,1,0,차대차 - 기타,안전운전불이행,기타,안개,단일로 - 기타,화물,남,61세,상해없음,이륜,남,61세,경상
2015101600100076,2015년 10월 16일 06시,금요일,충청북도 증평군 증평읍,중상사고,0,1,0,0,차대사람 - 횡단중,보행자보호의무위반,건조,맑음,교차로 - 교차로부근,승용,남,73세,상해없음,보행자,여,73세,중상
2015101600100144,2015년 10월 16일 08시,금요일,충청북도 영동군 상촌면,경상사고,0,0,2,0,차대차 - 정면충돌,교차로운행방법위반,건조,맑음,교차로 - 교차로안,승용,남,84세,경상,승용,여,44세,경상
2015101600100145,2015년 10월 16일 08시,금요일,충청북도 진천군 문백면,경상사고,0,0,1,0,차대차 - 측면직각충돌,교차로운행방법위반,건조,맑음,교차로 - 교차로안,승용,남,31세,상해없음,승용,남,56세,경상
2015101600100192,2015년 10월 16일 09시,금요일,충청북도 증평군 증평읍,경상사고,0,0,1,0,차대차 - 측면직각충돌,안전운전불이행,건조,맑음,단일로 - 기타,승용,남,61세,상해없음,승용,여,28세,경상
2015101600100222,2015년 10월 16일 10시,금요일,충청북도 음성군 음성읍,경상사고,0,0,1,0,차대차 - 기타,안전운전불이행,건조,맑음,단일로 - 기타,특수,남,60세,상해없음,승용,여,44세,경상
2015101600100255,2015년 10월 16일 11시,금요일,충청북도 괴산군 청안면,중상사고,0,1,1,0,차대차 - 측면직각충돌,직진우회전진행방해,건조,맑음,교차로 - 교차로안,승용,남,68세,상해없음,화물,남,53세,경상
2015101600100256,2015년 10월 16일 11시,금요일,충청북도 옥천군 청산면,중상사고,0,1,0,0,차대차 - 측면직각충돌,중앙선침범,건조,맑음,교차로 - 교차로부근,승용,여,51세,상해없음,원동기,여,55세,중상
2015101600100277,2015년 10월 16일 12시,금요일,충청북도 청주시 흥덕구 신봉동,경상사고,0,0,1,0,차대차 - 추돌 - 진행중,안전운전불이행,건조,맑음,단일로 - 기타,화물,남,82세,상해없음,승용,여,36세,경상
2015101600100352,2015년 10월 16일 14시,금요일,충청북도 충주시 중앙탑면,경상사고,0,0,4,0,차대차 - 기타,신호위반,건조,맑음,교차로 - 교차로안,승용,여,74세,상해없음,승용,여,48세,경상
2015101600100353,2015년 10월 16일 14시,금요일,충청북도 옥천군 옥천읍,중상사고,0,1,0,0,차대차 - 기타,교차로운행방법위반,건조,맑음,교차로 - 교차로안,승용,남,55세,상해없음,원동기,남,73세,중상
2015101600100387,2015년 10월 16일 15시,금요일,충청북도 충주시 안림동,중상사고,0,2,0,0,차대차 - 기타,안전운전불이행,건조,맑음,교차로 - 교차로부근,승용,여,37세,상해없음,승용,남,71세,중상
2015101600100428,2015년 10월 16일 16시,금요일,충청북도 진천군 초평면,사망사고,1,0,2,0,차대차 - 정면충돌,교차로운행방법위반,건조,흐림,교차로 - 교차로안,승용,남,35세,경상,승용,여,61세,경상
2015101600100518,2015년 10월 16일 18시,금요일,충청북도 옥천군 옥천읍,경상사고,0,0,2,0,차대차 - 측면직각충돌,직진우회전진행방해,건조,맑음,교차로 - 교차로안,승용,여,61세,상해없음,화물,남,46세,경상
2015101600100574,2015년 10월 16일 19시,금요일,충청북도 보은군 보은읍,중상사고,0,4,1,0,차대차 - 기타,안전운전불이행,건조,맑음,단일로 - 기타,승용,남,34세,상해없음,승합,남,40세,중상
2015101600100575,2015년 10월 16일 19시,금요일,충청북도 보은군 탄부면,경상사고,0,0,1,0,차대차 - 측면직각충돌,교차로운행방법위반,건조,맑음,교차로 - 교차로안,승용,남,42세,상해없음,승용,남,26세,경상
2015101600100576,2015년 10월 16일 19시,금요일,충청북도 청주시 흥덕구 오송읍,경상사고,0,0,3,0,차대차 - 추돌 - 진행중,안전운전불이행,건조,맑음,단일로 - 기타,승합,남,70세,상해없음,승용,여,32세,상해없음
2015101600100735,2015년 10월 16일 23시,금요일,충청북도 영동군 영동읍,경상사고,0,0,2,0,차대차 - 추돌 - 진행중,안전운전불이행,건조,맑음,교차로 - 교차로부근,승용,남,57세,상해없음,승용,여,55세,경상
2015101700100014,2015년 10월 17일 00시,토요일,충청북도 청주시 청원구 내덕동,경상사고,0,0,3,0,차대차 - 추돌 - 주정차중,안전운전불이행,건조,맑음,교차로 - 교차로부근,승용,남,38세,상해없음,승용,남,44세,경상
2015101700100016,2015년 10월 17일 00시,토요일,충청북도 청주시 흥덕구 가경동,경상사고,0,0,1,0,차대사람 - 횡단중,안전운전불이행,건조,맑음,교차로 - 교차로안,승용,여,47세,상해없음,보행자,남,46세,경상
2015101700100056,2015년 10월 17일 02시,토요일,충청북도 옥천군 옥천읍,부상신고사고,0,0,0,1,차량단독 - 전도전복,안전운전불이행,습기,안개,단일로 - 기타,승용,남,42세,부상신고,,,,
2015101700100057,2015년 10월 17일 02시,토요일,충청북도 청주시 흥덕구 비하동,중상사고,0,1,1,0,차대차 - 추돌 - 진행중,안전운전불이행,건조,맑음,단일로 - 기타,승용,남,45세,상해없음,승용,남,29세,중상
2015101700100082,2015년 10월 17일 04시,토요일,충청북도 청주시 청원구 북이면,사망사고,1,0,0,0,차대사람 - 기타,안전운전불이행,기타,안개,단일로 - 기타,화물,남,35세,상해없음,보행자,여,71세,사망
2015101700100093,2015년 10월 17일 05시,토요일,충청북도 청주시 서원구 사창동,경상사고,0,0,2,0,차대차 - 측면직각충돌,안전운전불이행,건조,맑음,단일로 - 기타,승용,남,21세,상해없음,승용,남,19세,경상
2015101700100094,2015년 10월 17일 05시,토요일,충청북도 청주시 서원구 산남동,중상사고,0,5,1,0,차대차 - 추돌 - 진행중,안전운전불이행,건조,맑음,단일로 - 기타,승용,남,21세,상해없음,승용,남,53세,중상
2015101700100110,2015년 10월 17일 06시,토요일,충청북도 충주시 용두동,중상사고,0,1,3,0,차대차 - 추돌 - 주정차중,안전운전불이행,습기,안개,단일로 - 기타,건설기계,남,52세,상해없음,화물,남,69세,중상
2015101700100131,2015년 10월 17일 07시,토요일,충청북도 청주시 흥덕구 강내면,중상사고,0,3,2,0,차대차 - 측면직각충돌,안전운전불이행,습기,안개,단일로 - 기타,화물,남,24세,상해없음,화물,남,45세,경상
2015101700100154,2015년 10월 17일 08시,토요일,충청북도 음성군 음성읍,경상사고,0,0,1,0,차대사람 - 기타,안전운전불이행,건조,맑음,교차로 - 교차로안,승용,남,59세,상해없음,보행자,남,66세,경상
2015101700100182,2015년 10월 17일 09시,토요일,충청북도 청주시 서원구 사직동,경상사고,0,0,1,0,차대사람 - 기타,안전운전불이행,건조,맑음,단일로 - 기타,화물,남,61세,상해없음,보행자,여,41세,경상
2015101700100183,2015년 10월 17일 09시,토요일,충청북도 제천시 봉양읍,중상사고,0,2,1,0,차대차 - 측면직각충돌,신호위반,건조,맑음,교차로 - 교차로안,승용,남,78세,상해없음,승용,남,50세,중상
2015101700100184,2015년 10월 17일 09시,토요일,충청북도 제천시 화산동,경상사고,0,0,2,0,차대차 - 기타,기타,건조,맑음,교차로 - 교차로안,승용,여,46세,경상,승용,남,38세,상해없음
2015101700100185,2015년 10월 17일 09시,토요일,충청북도 옥천군 옥천읍,경상사고,0,0,3,0,차대차 - 기타,안전거리미확보,건조,흐림,교차로 - 교차로안,원동기,남,61세,경상,승용,남,38세,경상
2015101700100186,2015년 10월 17일 09시,토요일,충청북도 단양군 단양읍,경상사고,0,0,1,0,차대차 - 추돌 - 진행중,안전거리미확보,건조,맑음,교차로 - 교차로안,승용,남,57세,상해없음,승용,여,44세,경상
2015101700100221,2015년 10월 17일 10시,토요일,충청북도 옥천군 옥천읍,중상사고,0,2,0,0,차대차 - 측면직각충돌,신호위반,건조,맑음,교차로 - 교차로안,승용,남,74세,상해없음,이륜,남,61세,중상
2015101700100252,2015년 10월 17일 11시,토요일,충청북도 청주시 서원구 남이면,경상사고,0,0,1,0,차대차 - 기타,안전운전불이행,건조,맑음,교차로 - 교차로안,자전거,남,74세,경상,승용,여,64세,상해없음
2015101700100285,2015년 10월 17일 12시,토요일,충청북도 청주시 흥덕구 복대동,중상사고,0,1,0,0,차대차 - 측면직각충돌,안전운전불이행,건조,맑음,단일로 - 기타,승용,남,73세,상해없음,승용,남,37세,중상
2015101700100322,2015년 10월 17일 13시,토요일,충청북도 청주시 청원구 율량동,경상사고,0,0,1,0,차대차 - 측면직각충돌,중앙선침범,건조,맑음,단일로 - 기타,승용,여,44세,상해없음,승용,남,39세,경상
2015101700100323,2015년 10월 17일 13시,토요일,충청북도 음성군 음성읍,중상사고,0,1,0,0,차대차 - 기타,교차로운행방법위반,건조,맑음,교차로 - 교차로안,승용,여,28세,상해없음,원동기,남,75세,중상
2015101700100324,2015년 10월 17일 13시,토요일,충청북도 청주시 흥덕구 송절동,경상사고,0,0,2,0,차대차 - 측면직각충돌,신호위반,건조,맑음,교차로 - 교차로안,승용,남,69세,상해없음,승용,여,34세,경상
2015101700100410,2015년 10월 17일 15시,토요일,충청북도 청주시 청원구 내덕동,중상사고,0,1,0,0,차대차 - 기타,교차로운행방법위반,건조,맑음,교차로 - 교차로안,승용,남,64세,상해없음,자전거,남,23세,중상
2015101700100461,2015년 10월 17일 16시,토요일,충청북도 보은군 장안면,경상사고,0,0,1,0,차대차 - 기타,안전운전불이행,건조,맑음,단일로 - 기타,자전거,여,6세,경상,승용,남,51세,상해없음
2015101700100491,2015년 10월 17일 17시,토요일,충청북도 충주시 봉방동,경상사고,0,0,1,0,차대차 - 기타,안전거리미확보,건조,맑음,단일로 - 기타,화물,남,73세,상해없음,승용,남,62세,경상
2015101700100492,2015년 10월 17일 17시,토요일,충청북도 충주시 종민동,경상사고,0,0,1,0,차대차 - 기타,직진우회전진행방해,건조,맑음,교차로 - 교차로부근,승용,남,40세,상해없음,승용,남,59세,경상
2015101700100493,2015년 10월 17일 17시,토요일,충청북도 진천군 문백면,경상사고,0,0,2,0,차대차 - 기타,교차로운행방법위반,건조,맑음,교차로 - 교차로안,승용,남,39세,상해없음,승용,여,43세,경상
2015101700100534,2015년 10월 17일 18시,토요일,충청북도 증평군 증평읍,사망사고,1,0,0,0,차대차 - 측면직각충돌,안전운전불이행,건조,맑음,단일로 - 기타,화물,남,64세,상해없음,자전거,남,57세,사망
2015101700100535,2015년 10월 17일 18시,토요일,충청북도 음성군 음성읍,경상사고,0,0,2,0,차대차 - 기타,중앙선침범,건조,맑음,단일로 - 기타,화물,남,58세,상해없음,화물,남,59세,경상
2015101700100536,2015년 10월 17일 18시,토요일,충청북도 음성군 감곡면,경상사고,0,0,1,0,차대차 - 기타,안전운전불이행,건조,맑음,단일로 - 기타,화물,남,72세,경상,화물,남,43세,상해없음
2015101700100537,2015년 10월 17일 18시,토요일,충청북도 옥천군 청성면,사망사고,1,0,0,0,차량단독 - 도로외이탈 - 기타,안전운전불이행,건조,맑음,단일로 - 기타,화물,남,69세,사망,,,,
2015101700100538,2015년 10월 17일 18시,토요일,충청북도 진천군 진천읍,경상사고,0,0,1,0,차대차 - 기타,신호위반,건조,맑음,단일로 - 기타,자전거,남,31세,경상,원동기,남,17세,상해없음
2015101700100539,2015년 10월 17일 18시,토요일,충청북도 청주시 서원구 수곡동,중상사고,0,1,1,0,차대차 - 측면직각충돌,신호위반,건조,맑음,교차로 - 교차로안,승용,여,30세,경상,승용,여,57세,중상
2015101700100540,2015년 10월 17일 18시,토요일,충청북도 청주시 상당구 서문동,경상사고,0,0,3,0,차대차 - 기타,안전운전불이행,건조,맑음,교차로 - 교차로부근,화물,남,57세,상해없음,승용,여,23세,경상
2015101700100641,2015년 10월 17일 20시,토요일,충청북도 충주시 칠금동,경상사고,0,0,1,0,차대차 - 기타,안전운전불이행,건조,맑음,단일로 - 기타,승용,남,47세,상해없음,승용,여,49세,경상
2015101700100642,2015년 10월 17일 20시,토요일,충청북도 괴산군 불정면,사망사고,1,0,0,0,차량단독 - 기타,안전운전불이행,건조,기타,단일로 - 기타,이륜,남,68세,사망,,,,
2015101700100643,2015년 10월 17일 20시,토요일,충청북도 증평군 도안면,중상사고,0,1,0,0,차량단독 - 공작물충돌,안전운전불이행,건조,기타,단일로 - 기타,화물,남,34세,중상,,,,
2015101700100644,2015년 10월 17일 20시,토요일,충청북도 청주시 서원구 개신동,중상사고,0,1,0,0,차대차 - 측면직각충돌,안전운전불이행,건조,맑음,교차로 - 교차로안,승용,남,58세,상해없음,이륜,남,33세,중상
2015101700100645,2015년 10월 17일 20시,토요일,충청북도 청주시 흥덕구 복대동,경상사고,0,0,3,0,차대차 - 추돌 - 주정차중,안전운전불이행,건조,맑음,교차로 - 교차로안,승용,여,43세,상해없음,승용,여,40세,경상
2015101700100646,2015년 10월 17일 20시,토요일,충청북도 청주시 서원구 분평동,경상사고,0,0,1,0,차대차 - 측면직각충돌,신호위반,건조,맑음,교차로 - 교차로안,승용,여,26세,상해없음,승용,남,59세,상해없음
2015101700100724,2015년 10월 17일 22시,토요일,충청북도 음성군 금왕읍,중상사고,0,1,1,0,차대차 - 기타,교차로운행방법위반,건조,맑음,교차로 - 교차로안,승용,남,24세,상해없음,승용,남,49세,중상
2015101800100038,2015년 10월 18일 01시,일요일,충청북도 음성군 음성읍,부상신고사고,0,0,0,1,차대사람 - 기타,안전운전불이행,건조,맑음,단일로 - 기타,기타불명,기타불명,기타불명,기타불명,보행자,남,34세,부상신고
2015101800100074,2015년 10월 18일 03시,일요일,충청북도 청주시 청원구 오창읍,경상사고,0,0,1,0,차량단독 - 공작물충돌,안전운전불이행,건조,맑음,교차로 - 교차로안,승용,남,30세,상해없음,,,,
2015101800100116,2015년 10월 18일 07시,일요일,충청북도 청주시 흥덕구 송정동,중상사고,0,1,0,0,차대차 - 기타,중앙선침범,건조,맑음,단일로 - 기타,승용,남,35세,상해없음,승용,남,63세,중상
2015101800100147,2015년 10월 18일 09시,일요일,충청북도 제천시 화산동,경상사고,0,0,1,0,차대차 - 기타,안전운전불이행,건조,맑음,단일로 - 기타,자전거,남,58세,경상,승용,남,54세,상해없음
2015101800100177,2015년 10월 18일 10시,일요일,충청북도 청주시 청원구 우암동,중상사고,0,1,0,0,차대차 - 기타,안전운전불이행,건조,맑음,교차로 - 교차로안,원동기,남,71세,중상,승합,남,50세,상해없음
2015101800100178,2015년 10월 18일 10시,일요일,충청북도 단양군 단성면,경상사고,0,0,2,0,차대차 - 기타,직진우회전진행방해,건조,맑음,교차로 - 교차로안,승용,남,82세,상해없음,이륜,남,53세,경상
2015101800100203,2015년 10월 18일 11시,일요일,충청북도 충주시 연수동,경상사고,0,0,2,1,차대차 - 기타,직진우회전진행방해,건조,맑음,교차로 - 교차로안,승용,여,30세,부상신고,승용,남,47세,경상
2015101800100204,2015년 10월 18일 11시,일요일,충청북도 충주시 교현동,부상신고사고,0,0,0,1,차대차 - 기타,안전운전불이행,건조,맑음,교차로 - 교차로안,원동기,남,19세,부상신고,승용,여,38세,상해없음
2015101800100231,2015년 10월 18일 12시,일요일,충청북도 진천군 진천읍,경상사고,0,0,1,0,차대차 - 추돌 - 주정차중,안전운전불이행,건조,맑음,단일로 - 기타,승용,남,52세,상해없음,승용,여,45세,경상
2015101800100232,2015년 10월 18일 12시,일요일,충청북도 청주시 흥덕구 송정동,경상사고,0,0,1,0,차대차 - 측면직각충돌,중앙선침범,건조,맑음,단일로 - 기타,자전거,남,24세,경상,승용,남,22세,상해없음
2015101800100260,2015년 10월 18일 13시,일요일,충청북도 보은군 보은읍,경상사고,0,0,3,0,차대차 - 기타,안전운전불이행,건조,맑음,단일로 - 기타,승용,남,22세,상해없음,승용,남,75세,경상
2015101800100261,2015년 10월 18일 13시,일요일,충청북도 진천군 광혜원면,경상사고,0,0,5,0,차대차 - 기타,교차로운행방법위반,건조,맑음,교차로 - 교차로부근,승용,남,66세,상해없음,승용,여,32세,경상
2015101800100398,2015년 10월 18일 17시,일요일,충청북도 음성군 맹동면,경상사고,0,0,3,0,차대차 - 기타,안전운전불이행,건조,흐림,단일로 - 기타,화물,남,71세,경상,승합,남,41세,경상
2015101800100516,2015년 10월 18일 20시,일요일,충청북도 청주시 청원구 율량동,경상사고,0,0,2,0,차대차 - 추돌 - 진행중,안전운전불이행,건조,맑음,단일로 - 기타,승용,남,59세,상해없음,승합,남,59세,경상
2015101800100537,2015년 10월 18일 21시,일요일,충청북도 청주시 흥덕구 봉명동,경상사고,0,0,3,0,차대차 - 측면직각충돌,안전운전불이행,건조,맑음,교차로 - 교차로안,승용,남,63세,상해없음,승용,여,24세,경상
2015101800100559,2015년 10월 18일 22시,일요일,충청북도 충주시 교현동,경상사고,0,0,1,0,차대차 - 기타,직진우회전진행방해,건조,맑음,교차로 - 교차로안,승용,남,27세,상해없음,이륜,남,40세,경상
2015101800100560,2015년 10월 18일 22시,일요일,충청북도 청주시 흥덕구 석소동,경상사고,0,0,2,0,차대차 - 추돌 - 주정차중,안전운전불이행,건조,맑음,단일로 - 기타,승용,남,32세,상해없음,승용,남,57세,경상
2015101800100581,2015년 10월 18일 23시,일요일,충청북도 청주시 청원구 오창읍,경상사고,0,0,1,0,차대차 - 기타,차로위반,건조,맑음,교차로 - 교차로부근,승용,여,59세,상해없음,승용,여,28세,경상
2015101800100582,2015년 10월 18일 23시,일요일,충청북도 제천시 동현동,경상사고,0,0,3,0,차대차 - 측면직각충돌,신호위반,건조,맑음,교차로 - 교차로부근,승용,남,33세,경상,화물,남,62세,경상
2015101900100009,2015년 10월 19일 00시,월요일,충청북도 청주시 상당구 용담동,중상사고,0,1,0,0,차대차 - 추돌 - 진행중,안전운전불이행,건조,맑음,단일로 - 기타,승용,여,56세,상해없음,승용,여,52세,중상
2015101900100053,2015년 10월 19일 05시,월요일,충청북도 청주시 흥덕구 복대동,중상사고,0,2,0,0,차대차 - 측면직각충돌,신호위반,건조,맑음,교차로 - 교차로안,승용,남,33세,상해없음,승용,남,56세,중상
2015101900100098,2015년 10월 19일 07시,월요일,충청북도 청주시 흥덕구 복대동,중상사고,0,1,0,0,차대차 - 측면직각충돌,안전운전불이행,건조,맑음,교차로 - 교차로안,승용,남,41세,상해없음,자전거,여,40세,중상
2015101900100139,2015년 10월 19일 08시,월요일,충청북도 제천시 서부동,경상사고,0,0,2,0,차대차 - 측면직각충돌,직진우회전진행방해,건조,맑음,교차로 - 교차로안,승용,남,51세,기타불명,승용,남,65세,경상
2015101900100268,2015년 10월 19일 12시,월요일,충청북도 청주시 청원구 내덕동,중상사고,0,1,0,0,차대사람 - 기타,중앙선침범,건조,맑음,단일로 - 기타,승용,남,55세,상해없음,보행자,여,6세,중상
2015101900100295,2015년 10월 19일 13시,월요일,충청북도 청주시 청원구 주성동,경상사고,0,0,2,0,차대차 - 기타,안전운전불이행,건조,맑음,단일로 - 기타,승용,남,36세,상해없음,승용,여,37세,경상
2015101900100328,2015년 10월 19일 14시,월요일,충청북도 충주시 문화동,경상사고,0,0,1,0,차대차 - 기타,안전운전불이행,건조,맑음,단일로 - 기타,승용,남,65세,상해없음,승용,남,37세,경상
2015101900100329,2015년 10월 19일 14시,월요일,충청북도 청주시 흥덕구 복대동,경상사고,0,0,1,0,차대차 - 추돌 - 주정차중,안전운전불이행,건조,맑음,교차로 - 교차로부근,승용,여,42세,상해없음,이륜,남,51세,경상
2015101900100375,2015년 10월 19일 15시,월요일,충청북도 제천시 고암동,중상사고,0,1,0,0,차대차 - 측면직각충돌,안전운전불이행,건조,맑음,교차로 - 교차로안,승용,여,51세,상해없음,자전거,남,76세,중상
2015101900100376,2015년 10월 19일 15시,월요일,충청북도 음성군 대소면,경상사고,0,0,1,0,차대사람 - 기타,안전운전불이행,건조,맑음,기타 - 기타,화물,남,61세,상해없음,보행자,남,40세,경상
2015101900100463,2015년 10월 19일 17시,월요일,충청북도 충주시 달천동,경상사고,0,0,1,0,차대차 - 기타,안전거리미확보,건조,맑음,단일로 - 기타,승용,여,56세,상해없음,승용,여,38세,경상
2015101900100464,2015년 10월 19일 17시,월요일,충청북도 진천군 광혜원면,경상사고,0,0,1,0,차대차 - 측면직각충돌,안전운전불이행,건조,맑음,교차로 - 교차로안,승용,여,28세,상해없음,승용,남,42세,경상
2015101900100465,2015년 10월 19일 17시,월요일,충청북도 청주시 흥덕구 강내면,사망사고,1,0,0,0,차대차 - 측면직각충돌,중앙선침범,건조,맑음,단일로 - 기타,화물,남,45세,상해없음,원동기,남,40세,사망
2015101900100519,2015년 10월 19일 18시,월요일,충청북도 음성군 삼성면,사망사고,1,0,0,0,차대사람 - 차도통행중,안전운전불이행,건조,맑음,교차로 - 교차로안,승용,여,53세,상해없음,보행자,남,64세,사망
2015101900100520,2015년 10월 19일 18시,월요일,충청북도 청주시 상당구 운동동,중상사고,0,2,1,0,차대차 - 기타,교차로운행방법위반,건조,맑음,교차로 - 교차로안,승용,여,73세,중상,승용,남,68세,중상
2015101900100521,2015년 10월 19일 18시,월요일,충청북도 청주시 상당구 미원면,경상사고,0,0,1,0,차량단독 - 기타,안전운전불이행,건조,맑음,단일로 - 기타,승용,남,48세,상해없음,,,,
2015101900100579,2015년 10월 19일 19시,월요일,충청북도 음성군 삼성면,경상사고,0,0,2,1,차대차 - 측면직각충돌,신호위반,건조,맑음,교차로 - 교차로안,화물,남,20세,부상신고,승합,여,49세,경상
2015101900100620,2015년 10월 19일 20시,월요일,충청북도 충주시 교현동,중상사고,0,1,0,0,차대사람 - 기타,안전운전불이행,건조,맑음,기타 - 기타,이륜,남,45세,상해없음,보행자,남,25세,중상
2015101900100621,2015년 10월 19일 20시,월요일,충청북도 진천군 덕산면,경상사고,0,0,1,0,차대차 - 정면충돌,교차로운행방법위반,건조,맑음,교차로 - 교차로안,승용,남,53세,상해없음,원동기,남,34세,경상
2015101900100622,2015년 10월 19일 20시,월요일,충청북도 청주시 흥덕구 가경동,경상사고,0,0,2,0,차대차 - 추돌 - 진행중,안전운전불이행,건조,맑음,단일로 - 기타,승용,남,42세,상해없음,승용,여,43세,경상
2015102000100026,2015년 10월 20일 01시,화요일,충청북도 청주시 서원구 개신동,경상사고,0,0,1,0,차대사람 - 보도통행중,안전운전불이행,건조,맑음,교차로 - 교차로안,승용,여,47세,상해없음,보행자,남,31세,경상
2015102000100035,2015년 10월 20일 02시,화요일,충청북도 청주시 서원구 산남동,사망사고,1,0,0,0,차대사람 - 기타,안전운전불이행,건조,흐림,단일로 - 기타,화물,남,42세,상해없음,보행자,남,59세,사망
2015102000100130,2015년 10월 20일 08시,화요일,충청북도 음성군 대소면,중상사고,0,4,11,0,차대차 - 기타,중앙선침범,건조,맑음,단일로 - 기타,승용,기타불명,기타불명,기타불명,승합,남,53세,경상
2015102000100182,2015년 10월 20일 09시,화요일,충청북도 충주시 연수동,중상사고,0,1,0,0,차대차 - 기타,안전운전불이행,기타,맑음,기타 - 기타,승용,남,29세,상해없음,승용,남,37세,중상
2015102000100183,2015년 10월 20일 09시,화요일,충청북도 청주시 흥덕구 복대동,경상사고,0,0,2,0,차대차 - 측면직각충돌,직진우회전진행방해,건조,맑음,교차로 - 교차로부근,승용,여,36세,경상,승용,남,30세,경상
2015102000100217,2015년 10월 20일 10시,화요일,충청북도 제천시 천남동,부상신고사고,0,0,0,1,차대차 - 기타,안전운전불이행,건조,맑음,교차로 - 교차로안,자전거,남,76세,부상신고,승용,남,88세,상해없음
2015102000100218,2015년 10월 20일 10시,화요일,충청북도 진천군 초평면,경상사고,0,0,2,0,차대차 - 추돌 - 주정차중,안전운전불이행,건조,맑음,단일로 - 기타,화물,남,44세,상해없음,화물,남,68세,경상