사고번호,사고일시,요일,시군구,사고내용,사망자수,중상자수,경상자수,부상신고자수,사고유형,법규위반,노면상태,기상상태,도로형태,가해운전자 차종,가해운전자 성별,가해운전자 연령,가해운전자 상해정도,피해운전자 차종,피해운전자 성별,피해운전자 연령,피해운전자 상해정도
2015102000100265,2015년 10월 20일 11시,화요일,충청북도 옥천군 옥천읍,경상사고,0,0,1,0,차대차 - 측면직각충돌,교차로운행방법위반,건조,맑음,교차로 - 교차로안,승용,남,58세,상해없음,이륜,남,76세,경상
2015102000100266,2015년 10월 20일 11시,화요일,충청북도 단양군 어상천면,경상사고,0,0,2,0,차대차 - 정면충돌,안전운전불이행,건조,맑음,단일로 - 기타,화물,남,70세,상해없음,승용,남,53세,경상
2015102000100328,2015년 10월 20일 13시,화요일,충청북도 청주시 서원구 성화동,중상사고,0,1,1,0,차대차 - 추돌 - 진행중,안전운전불이행,건조,맑음,교차로 - 교차로부근,승용,남,35세,상해없음,승용,남,46세,중상
2015102000100364,2015년 10월 20일 14시,화요일,충청북도 청주시 청원구 율량동,중상사고,0,1,0,0,차대차 - 기타,안전운전불이행,건조,맑음,단일로 - 기타,화물,남,41세,상해없음,원동기,남,48세,중상
2015102000100365,2015년 10월 20일 14시,화요일,충청북도 충주시 목행동,경상사고,0,0,1,0,차대차 - 추돌 - 주정차중,안전운전불이행,건조,맑음,교차로 - 교차로안,승용,여,37세,상해없음,승용,여,33세,경상
2015102000100366,2015년 10월 20일 14시,화요일,충청북도 단양군 단성면,부상신고사고,0,0,0,1,차대사람 - 길가장자리구역통행중,안전운전불이행,건조,맑음,단일로 - 기타,기타불명,기타불명,기타불명,기타불명,보행자,여,53세,부상신고
2015102000100394,2015년 10월 20일 15시,화요일,충청북도 충주시 용산동,경상사고,0,0,1,1,차대차 - 기타,안전운전불이행,건조,맑음,교차로 - 교차로부근,자전거,남,15세,부상신고,승용,남,53세,상해없음
2015102000100435,2015년 10월 20일 16시,화요일,충청북도 청주시 청원구 내덕동,경상사고,0,0,1,0,차대차 - 기타,안전운전불이행,건조,맑음,교차로 - 교차로안,승용,여,55세,상해없음,자전거,남,14세,경상
2015102000100436,2015년 10월 20일 16시,화요일,충청북도 단양군 영춘면,경상사고,0,0,1,0,차대차 - 기타,안전운전불이행,건조,맑음,단일로 - 기타,자전거,남,43세,경상,화물,남,59세,상해없음
2015102000100437,2015년 10월 20일 16시,화요일,충청북도 청주시 상당구 남문로1가동,중상사고,0,1,2,0,차대차 - 기타,안전거리미확보,건조,맑음,단일로 - 기타,승용,기타불명,기타불명,기타불명,승합,남,48세,상해없음
2015102000100471,2015년 10월 20일 17시,화요일,충청북도 옥천군 청산면,중상사고,0,1,0,0,차대사람 - 기타,안전운전불이행,건조,맑음,단일로 - 기타,화물,남,53세,상해없음,보행자,여,81세,중상
2015102000100526,2015년 10월 20일 18시,화요일,충청북도 충주시 금릉동,중상사고,0,2,5,0,차대차 - 기타,안전운전불이행,건조,맑음,교차로 - 교차로안,승용,남,40세,상해없음,승용,남,31세,중상
2015102000100527,2015년 10월 20일 18시,화요일,충청북도 제천시 하소동,중상사고,0,1,1,0,차대차 - 기타,안전운전불이행,건조,맑음,교차로 - 교차로부근,화물,남,56세,기타불명,승용,여,55세,중상
2015102000100528,2015년 10월 20일 18시,화요일,충청북도 음성군 생극면,부상신고사고,0,0,0,1,차대사람 - 횡단중,안전운전불이행,건조,맑음,단일로 - 기타,기타불명,기타불명,기타불명,기타불명,보행자,여,69세,부상신고
2015102000100587,2015년 10월 20일 19시,화요일,충청북도 음성군 음성읍,중상사고,0,1,0,0,차대차 - 측면직각충돌,교차로운행방법위반,건조,맑음,교차로 - 교차로안,승용,여,54세,상해없음,승용,남,58세,중상
2015102000100621,2015년 10월 20일 20시,화요일,충청북도 청주시 청원구 사천동,경상사고,0,0,1,0,차대차 - 측면직각충돌,교차로운행방법위반,건조,맑음,교차로 - 교차로안,화물,남,55세,상해없음,자전거,남,14세,경상
2015102000100653,2015년 10월 20일 21시,화요일,충청북도 청주시 청원구 우암동,중상사고,0,1,0,0,차대차 - 기타,안전운전불이행,건조,맑음,교차로 - 교차로부근,자전거,남,17세,중상,승용,여,36세,상해없음
2015102000100654,2015년 10월 20일 21시,화요일,충청북도 제천시 청전동,경상사고,0,0,2,0,차대차 - 기타,신호위반,건조,맑음,교차로 - 교차로안,원동기,남,16세,경상,승용,남,55세,경상
2015102000100655,2015년 10월 20일 21시,화요일,충청북도 제천시 청전동,경상사고,0,0,1,0,차대차 - 기타,안전운전불이행,건조,맑음,단일로 - 기타,원동기,남,20세,경상,승용,여,52세,상해없음
2015102000100656,2015년 10월 20일 21시,화요일,충청북도 옥천군 옥천읍,경상사고,0,0,1,0,차대차 - 정면충돌,교차로운행방법위반,건조,맑음,교차로 - 교차로안,승용,남,54세,상해없음,이륜,남,53세,경상
2015102000100701,2015년 10월 20일 23시,화요일,충청북도 음성군 대소면,중상사고,0,1,0,0,차대차 - 측면직각충돌,안전운전불이행,건조,맑음,교차로 - 교차로안,승용,남,53세,상해없음,화물,남,48세,중상
2015102000100702,2015년 10월 20일 23시,화요일,충청북도 청주시 서원구 산남동,중상사고,0,1,0,0,차대차 - 측면직각충돌,안전운전불이행,건조,맑음,단일로 - 기타,승용,남,61세,상해없음,승용,여,59세,중상
2015102100100008,2015년 10월 21일 00시,수요일,충청북도 청주시 청원구 내덕동,중상사고,0,1,2,0,차대차 - 기타,안전운전불이행,건조,맑음,교차로 - 교차로안,승용,남,33세,경상,화물,남,46세,경상
2015102100100028,2015년 10월 21일 01시,수요일,충청북도 충주시 주덕읍,경상사고,0,0,1,0,차대차 - 기타,안전운전불이행,습기,안개,교차로 - 교차로안,승용,남,28세,상해없음,승용,여,31세,경상
2015102100100041,2015년 10월 21일 02시,수요일,충청북도 청주시 흥덕구 봉명동,경상사고,0,0,1,0,차대사람 - 길가장자리구역통행중,보행자보호의무위반,건조,맑음,단일로 - 기타,승용,여,49세,상해없음,보행자,남,55세,경상
2015102100100077,2015년 10월 21일 06시,수요일,충청북도 청주시 서원구 수곡동,사망사고,1,0,0,0,차대사람 - 횡단중,보행자보호의무위반,건조,맑음,교차로 - 교차로안,승용,남,52세,상해없음,보행자,여,69세,사망
2015102100100099,2015년 10월 21일 07시,수요일,충청북도 진천군 문백면,경상사고,0,0,1,0,차대차 - 추돌 - 주정차중,안전운전불이행,건조,맑음,단일로 - 기타,화물,남,57세,상해없음,승용,여,36세,경상
2015102100100132,2015년 10월 21일 08시,수요일,충청북도 단양군 영춘면,경상사고,0,0,3,0,차대차 - 추돌 - 진행중,안전거리미확보,기타,안개,단일로 - 기타,승용,여,35세,상해없음,화물,남,52세,경상
2015102100100169,2015년 10월 21일 09시,수요일,충청북도 청주시 흥덕구 봉명동,경상사고,0,0,1,0,차대차 - 측면직각충돌,안전운전불이행,건조,맑음,단일로 - 기타,승용,남,34세,상해없음,승합,남,60세,경상
2015102100100194,2015년 10월 21일 10시,수요일,충청북도 충주시 산척면,경상사고,0,0,2,0,차대차 - 기타,신호위반,건조,맑음,교차로 - 교차로안,화물,남,55세,경상,화물,남,73세,경상
2015102100100195,2015년 10월 21일 10시,수요일,충청북도 청주시 흥덕구 비하동,경상사고,0,0,3,0,차대차 - 추돌 - 주정차중,안전운전불이행,건조,맑음,단일로 - 기타,승용,남,65세,상해없음,승용,남,30세,경상
2015102100100219,2015년 10월 21일 11시,수요일,충청북도 영동군 용산면,경상사고,0,0,1,0,차대차 - 측면직각충돌,직진우회전진행방해,건조,맑음,교차로 - 교차로안,승용,남,59세,상해없음,화물,남,56세,경상
2015102100100220,2015년 10월 21일 11시,수요일,충청북도 청주시 흥덕구 옥산면,경상사고,0,0,1,0,차대차 - 측면직각충돌,교차로운행방법위반,건조,맑음,교차로 - 교차로안,승용,남,67세,상해없음,승용,남,57세,경상
2015102100100246,2015년 10월 21일 12시,수요일,충청북도 음성군 금왕읍,중상사고,0,1,0,0,차대사람 - 길가장자리구역통행중,안전운전불이행,건조,맑음,단일로 - 기타,승용,여,65세,상해없음,보행자,여,68세,중상
2015102100100247,2015년 10월 21일 12시,수요일,충청북도 진천군 덕산면,경상사고,0,0,1,0,차대차 - 측면직각충돌,신호위반,건조,맑음,교차로 - 교차로안,승용,남,50세,상해없음,화물,남,40세,경상
2015102100100264,2015년 10월 21일 13시,수요일,충청북도 충주시 교현동,경상사고,0,0,1,0,차대차 - 추돌 - 주정차중,안전운전불이행,건조,맑음,단일로 - 기타,화물,남,46세,상해없음,승용,남,35세,경상
2015102100100265,2015년 10월 21일 13시,수요일,충청북도 보은군 보은읍,사망사고,1,2,2,0,차대차 - 측면직각충돌,신호위반,건조,맑음,교차로 - 교차로안,승용,남,73세,경상,승합,남,72세,중상
2015102100100318,2015년 10월 21일 15시,수요일,충청북도 충주시 교현동,경상사고,0,0,1,0,차대차 - 추돌 - 진행중,안전운전불이행,건조,맑음,교차로 - 교차로부근,승용,여,51세,상해없음,승용,여,37세,경상
2015102100100360,2015년 10월 21일 16시,수요일,충청북도 청주시 청원구 사천동,경상사고,0,0,4,0,차대차 - 추돌 - 주정차중,안전운전불이행,건조,맑음,교차로 - 교차로부근,승용,남,49세,상해없음,승용,여,63세,경상
2015102100100361,2015년 10월 21일 16시,수요일,충청북도 단양군 영춘면,중상사고,0,1,0,0,차대차 - 기타,기타,건조,맑음,단일로 - 기타,화물,남,54세,상해없음,화물,남,60세,중상
2015102100100362,2015년 10월 21일 16시,수요일,충청북도 청주시 흥덕구 가경동,경상사고,0,0,2,0,차대차 - 측면직각충돌,안전운전불이행,건조,맑음,교차로 - 교차로안,자전거,남,15세,경상,승용,남,32세,경상
2015102100100436,2015년 10월 21일 18시,수요일,충청북도 청주시 흥덕구 강서동,부상신고사고,0,0,0,1,차대차 - 측면직각충돌,안전운전불이행,건조,맑음,단일로 - 기타,원동기,남,18세,부상신고,승용,여,56세,상해없음
2015102100100481,2015년 10월 21일 19시,수요일,충청북도 음성군 음성읍,경상사고,0,0,2,0,차대차 - 추돌 - 주정차중,안전운전불이행,건조,맑음,단일로 - 기타,화물,남,54세,상해없음,승용,남,26세,경상
2015102100100482,2015년 10월 21일 19시,수요일,충청북도 청주시 서원구 죽림동,경상사고,0,0,2,0,차대차 - 측면직각충돌,안전운전불이행,건조,맑음,단일로 - 기타,승용,남,33세,상해없음,승용,남,26세,경상
2015102100100616,2015년 10월 21일 23시,수요일,충청북도 청주시 청원구 내덕동,경상사고,0,0,1,0,차대차 - 기타,안전운전불이행,건조,맑음,교차로 - 교차로부근,승용,남,23세,상해없음,화물,남,29세,경상
2015102200100016,2015년 10월 22일 00시,목요일,충청북도 청주시 서원구 사직동,중상사고,0,1,0,0,차대사람 - 기타,안전운전불이행,건조,맑음,교차로 - 교차로부근,승용,남,41세,상해없음,보행자,남,42세,중상
2015102200100041,2015년 10월 22일 02시,목요일,충청북도 청주시 서원구 산남동,경상사고,0,0,1,0,차대차 - 측면직각충돌,안전운전불이행,건조,맑음,교차로 - 교차로안,승용,남,25세,상해없음,원동기,남,25세,경상
2015102200100053,2015년 10월 22일 03시,목요일,충청북도 청주시 흥덕구 송절동,중상사고,0,4,1,0,차대차 - 측면직각충돌,과속,건조,맑음,교차로 - 교차로안,승용,남,26세,중상,승용,남,34세,중상
2015102200100097,2015년 10월 22일 07시,목요일,충청북도 충주시 용산동,경상사고,0,0,1,1,차대차 - 기타,안전운전불이행,건조,맑음,교차로 - 교차로안,승용,남,38세,상해없음,승용,남,50세,경상
2015102200100135,2015년 10월 22일 08시,목요일,충청북도 청주시 흥덕구 강서동,중상사고,0,1,0,0,차대사람 - 기타,안전운전불이행,건조,맑음,교차로 - 교차로안,승용,남,42세,상해없음,보행자,남,59세,중상
2015102200100178,2015년 10월 22일 09시,목요일,충청북도 음성군 금왕읍,중상사고,0,1,0,1,차대차 - 측면직각충돌,교차로운행방법위반,건조,맑음,교차로 - 교차로안,화물,남,62세,부상신고,승용,남,60세,중상
2015102200100179,2015년 10월 22일 09시,목요일,충청북도 청주시 상당구 금천동,중상사고,0,1,1,0,차대차 - 측면직각충돌,기타,건조,맑음,단일로 - 기타,승용,여,57세,경상,승합,남,32세,중상
2015102200100180,2015년 10월 22일 09시,목요일,충청북도 청주시 서원구 장성동,중상사고,0,1,0,0,차대차 - 측면직각충돌,안전운전불이행,기타,맑음,교차로 - 교차로안,특수,남,44세,상해없음,이륜,남,78세,중상
2015102200100275,2015년 10월 22일 12시,목요일,충청북도 청주시 상당구 남문로1가동,경상사고,0,0,2,0,차대차 - 측면직각충돌,안전운전불이행,건조,맑음,단일로 - 기타,승용,여,47세,경상,이륜,남,73세,경상
2015102200100310,2015년 10월 22일 13시,목요일,충청북도 충주시 산척면,중상사고,0,1,0,0,차량단독 - 기타,안전운전불이행,건조,맑음,단일로 - 기타,원동기,남,80세,중상,,,,
2015102200100311,2015년 10월 22일 13시,목요일,충청북도 충주시 용산동,경상사고,0,0,1,0,차대차 - 측면직각충돌,안전운전불이행,건조,맑음,교차로 - 교차로부근,승용,여,33세,상해없음,자전거,여,60세,경상
2015102200100346,2015년 10월 22일 14시,목요일,충청북도 충주시 용산동,중상사고,0,1,0,0,차대사람 - 기타,신호위반,건조,맑음,교차로 - 교차로안,화물,남,33세,상해없음,보행자,남,9세,중상
2015102200100347,2015년 10월 22일 14시,목요일,충청북도 청주시 흥덕구 봉명동,중상사고,0,1,0,0,차대차 - 측면직각충돌,안전운전불이행,건조,맑음,교차로 - 교차로안,승용,남,28세,상해없음,자전거,남,68세,중상
2015102200100379,2015년 10월 22일 15시,목요일,충청북도 청주시 흥덕구 복대동,경상사고,0,0,1,0,차대차 - 추돌 - 진행중,안전거리미확보,건조,맑음,단일로 - 기타,승용,남,58세,상해없음,이륜,남,25세,경상
2015102200100411,2015년 10월 22일 16시,목요일,충청북도 진천군 덕산면,경상사고,0,0,1,0,차대차 - 추돌 - 진행중,안전거리미확보,건조,맑음,단일로 - 기타,화물,남,30세,상해없음,농기계,남,60세,경상
2015102200100412,2015년 10월 22일 16시,목요일,충청북도 청주시 흥덕구 강서동,경상사고,0,0,1,0,차대차 - 측면직각충돌,안전운전불이행,건조,맑음,교차로 - 교차로부근,승용,남,25세,상해없음,승합,남,50세,경상
2015102200100413,2015년 10월 22일 16시,목요일,충청북도 청주시 상당구 용암동,경상사고,0,0,1,0,차대차 - 측면직각충돌,안전거리미확보,건조,맑음,교차로 - 교차로안,이륜,남,19세,상해없음,승용,남,61세,상해없음
2015102200100448,2015년 10월 22일 17시,목요일,충청북도 충주시 연수동,중상사고,0,1,0,1,차대차 - 기타,안전운전불이행,건조,맑음,단일로 - 기타,승용,여,43세,부상신고,이륜,남,41세,중상
2015102200100449,2015년 10월 22일 17시,목요일,충청북도 음성군 음성읍,부상신고사고,0,0,0,1,차대차 - 추돌 - 주정차중,안전운전불이행,건조,맑음,단일로 - 기타,이륜,남,68세,부상신고,승용,남,54세,상해없음
2015102200100450,2015년 10월 22일 17시,목요일,충청북도 청주시 상당구 탑동,경상사고,0,0,1,0,차대차 - 기타,안전운전불이행,건조,맑음,단일로 - 기타,승용,여,56세,상해없음,자전거,남,35세,경상
2015102200100495,2015년 10월 22일 18시,목요일,충청북도 음성군 생극면,중상사고,0,1,0,0,차대차 - 기타,신호위반,건조,맑음,교차로 - 교차로안,승용,남,53세,상해없음,승용,남,54세,중상
2015102200100496,2015년 10월 22일 18시,목요일,충청북도 청주시 흥덕구 가경동,중상사고,0,1,0,0,차대사람 - 기타,안전운전불이행,건조,맑음,단일로 - 기타,승용,남,60세,상해없음,보행자,여,54세,중상
2015102200100569,2015년 10월 22일 19시,목요일,충청북도 제천시 영천동,경상사고,0,0,1,0,차대차 - 측면직각충돌,안전운전불이행,건조,맑음,교차로 - 교차로부근,승합,남,64세,상해없음,승용,여,45세,경상
2015102200100570,2015년 10월 22일 19시,목요일,충청북도 청주시 흥덕구 봉명동,경상사고,0,0,1,0,차대차 - 기타,교차로운행방법위반,건조,맑음,교차로 - 교차로안,승용,여,47세,기타불명,승합,남,60세,상해없음
2015102200100614,2015년 10월 22일 20시,목요일,충청북도 청주시 서원구 성화동,사망사고,1,0,0,0,차대사람 - 횡단중,신호위반,건조,맑음,교차로 - 교차로안,승용,남,28세,상해없음,보행자,여,16세,사망
2015102200100653,2015년 10월 22일 21시,목요일,충청북도 청주시 청원구 우암동,경상사고,0,0,1,0,차대차 - 측면직각충돌,차로위반,건조,맑음,단일로 - 기타,승용,남,31세,상해없음,승용,남,41세,경상
2015102200100654,2015년 10월 22일 21시,목요일,충청북도 음성군 금왕읍,경상사고,0,0,2,1,차대차 - 측면직각충돌,교차로운행방법위반,건조,맑음,교차로 - 교차로안,승용,남,47세,부상신고,승용,여,56세,경상
2015102200100655,2015년 10월 22일 21시,목요일,충청북도 진천군 광혜원면,경상사고,0,0,1,0,차대차 - 추돌 - 진행중,안전운전불이행,건조,맑음,단일로 - 기타,승용,남,23세,경상,승용,여,41세,기타불명
2015102300100021,2015년 10월 23일 00시,금요일,충청북도 충주시 교현동,부상신고사고,0,0,0,1,차대차 - 기타,안전운전불이행,건조,맑음,교차로 - 교차로부근,원동기,남,20세,부상신고,승용,남,54세,상해없음
2015102300100038,2015년 10월 23일 01시,금요일,충청북도 청주시 서원구 성화동,중상사고,0,3,0,0,차대차 - 측면직각충돌,신호위반,건조,맑음,교차로 - 교차로안,승용,여,38세,중상,승용,남,51세,중상
2015102300100068,2015년 10월 23일 05시,금요일,충청북도 충주시 산척면,사망사고,1,0,0,0,차대차 - 기타,안전운전불이행,건조,맑음,교차로 - 교차로부근,승용,남,72세,사망,특수,남,32세,상해없음
2015102300100138,2015년 10월 23일 08시,금요일,충청북도 청주시 흥덕구 가경동,경상사고,0,0,1,0,차대차 - 기타,안전운전불이행,건조,맑음,단일로 - 기타,승용,남,24세,상해없음,화물,여,40세,경상
2015102300100211,2015년 10월 23일 10시,금요일,충청북도 청주시 흥덕구 오송읍,중상사고,0,1,0,0,차대사람 - 차도통행중,안전운전불이행,건조,맑음,단일로 - 기타,화물,남,47세,상해없음,보행자,남,25세,중상
2015102300100249,2015년 10월 23일 11시,금요일,충청북도 청주시 서원구 성화동,경상사고,0,0,1,0,차대차 - 기타,안전거리미확보,건조,맑음,단일로 - 기타,승용,남,41세,상해없음,화물,남,30세,경상
2015102300100250,2015년 10월 23일 11시,금요일,충청북도 청주시 상당구 영운동,사망사고,1,0,0,0,차대사람 - 횡단중,안전운전불이행,건조,맑음,단일로 - 기타,승용,남,59세,상해없음,보행자,여,89세,사망
2015102300100277,2015년 10월 23일 12시,금요일,충청북도 청주시 서원구 모충동,중상사고,0,1,0,0,차대사람 - 기타,안전운전불이행,건조,맑음,단일로 - 기타,승합,남,44세,상해없음,보행자,남,18세,중상
2015102300100307,2015년 10월 23일 13시,금요일,충청북도 청주시 청원구 사천동,경상사고,0,0,2,0,차대차 - 기타,안전운전불이행,건조,맑음,교차로 - 교차로안,승용,여,65세,경상,승용,남,36세,경상
2015102300100350,2015년 10월 23일 14시,금요일,충청북도 진천군 진천읍,중상사고,0,1,0,0,차대차 - 측면직각충돌,안전운전불이행,건조,맑음,교차로 - 교차로안,원동기,남,76세,중상,화물,남,48세,상해없음
2015102300100351,2015년 10월 23일 14시,금요일,충청북도 청주시 흥덕구 복대동,경상사고,0,0,1,0,차대사람 - 기타,안전운전불이행,건조,맑음,단일로 - 기타,승용,남,60세,상해없음,보행자,여,67세,경상
2015102300100476,2015년 10월 23일 17시,금요일,충청북도 괴산군 문광면,중상사고,0,3,0,1,차대차 - 측면직각충돌,직진우회전진행방해,건조,맑음,교차로 - 교차로안,승용,남,65세,부상신고,화물,남,61세,중상
2015102300100477,2015년 10월 23일 17시,금요일,충청북도 청주시 상당구 북문로1가동,경상사고,0,0,1,0,차대사람 - 기타,안전운전불이행,건조,맑음,단일로 - 기타,이륜,남,23세,상해없음,보행자,여,3세,경상
2015102300100478,2015년 10월 23일 17시,금요일,충청북도 청주시 서원구 산남동,중상사고,0,1,0,0,차대사람 - 기타,안전운전불이행,건조,맑음,단일로 - 기타,이륜,남,25세,상해없음,보행자,여,49세,중상
2015102300100535,2015년 10월 23일 18시,금요일,충청북도 옥천군 안내면,중상사고,0,1,0,0,차대차 - 기타,안전운전불이행,건조,맑음,단일로 - 기타,화물,남,36세,상해없음,농기계,남,62세,중상
2015102300100536,2015년 10월 23일 18시,금요일,충청북도 진천군 덕산면,중상사고,0,1,0,0,차대사람 - 기타,안전운전불이행,건조,맑음,기타 - 기타,승용,여,52세,상해없음,보행자,남,87세,중상
2015102300100615,2015년 10월 23일 19시,금요일,충청북도 제천시 모산동,경상사고,0,0,2,0,차대차 - 추돌 - 진행중,안전운전불이행,건조,맑음,단일로 - 기타,승용,여,44세,경상,농기계,남,60세,경상
2015102300100616,2015년 10월 23일 19시,금요일,충청북도 제천시 남천동,중상사고,0,1,5,0,차대차 - 기타,직진우회전진행방해,건조,맑음,교차로 - 교차로안,승용,남,28세,경상,승용,남,42세,경상
2015102300100768,2015년 10월 23일 23시,금요일,충청북도 청주시 청원구 율량동,경상사고,0,0,1,0,차대차 - 기타,안전운전불이행,건조,맑음,단일로 - 기타,승용,여,28세,상해없음,원동기,남,41세,경상
2015102300100769,2015년 10월 23일 23시,금요일,충청북도 청주시 흥덕구 복대동,경상사고,0,0,1,0,차대차 - 측면직각충돌,안전거리미확보,건조,맑음,단일로 - 기타,승용,남,54세,상해없음,이륜,남,20세,경상
2015102400100013,2015년 10월 24일 00시,토요일,충청북도 음성군 삼성면,경상사고,0,0,3,0,차대차 - 기타,중앙선침범,건조,맑음,교차로 - 교차로안,승용,여,48세,경상,승용,남,31세,경상
2015102400100014,2015년 10월 24일 00시,토요일,충청북도 청주시 흥덕구 복대동,중상사고,0,1,1,0,차대차 - 기타,안전운전불이행,건조,맑음,교차로 - 교차로부근,승용,남,69세,상해없음,승용,남,48세,중상
2015102400100030,2015년 10월 24일 01시,토요일,충청북도 청주시 흥덕구 복대동,중상사고,0,1,2,0,차대차 - 기타,신호위반,건조,맑음,교차로 - 교차로안,승용,남,26세,상해없음,승용,여,44세,경상
2015102400100031,2015년 10월 24일 01시,토요일,충청북도 청주시 흥덕구 복대동,경상사고,0,0,2,0,차대차 - 기타,안전운전불이행,건조,맑음,교차로 - 교차로안,승용,남,24세,상해없음,승용,남,59세,경상
2015102400100050,2015년 10월 24일 02시,토요일,충청북도 청주시 흥덕구 정봉동,부상신고사고,0,0,0,1,차량단독 - 공작물충돌,안전운전불이행,건조,맑음,단일로 - 기타,승용,남,24세,부상신고,,,,
2015102400100083,2015년 10월 24일 04시,토요일,충청북도 청주시 흥덕구 가경동,경상사고,0,0,1,0,차대차 - 측면직각충돌,신호위반,건조,맑음,교차로 - 교차로안,승용,남,54세,상해없음,이륜,남,20세,경상
2015102400100124,2015년 10월 24일 06시,토요일,충청북도 청주시 서원구 사직동,사망사고,1,0,0,0,차대사람 - 횡단중,보행자보호의무위반,습기,비,단일로 - 횡단보도상,승용,남,48세,상해없음,보행자,여,83세,사망
2015102400100125,2015년 10월 24일 06시,토요일,충청북도 충주시 달천동,경상사고,0,0,2,0,차대차 - 측면직각충돌,직진우회전진행방해,건조,맑음,교차로 - 교차로안,화물,남,45세,상해없음,승용,남,59세,경상
2015102400100126,2015년 10월 24일 06시,토요일,충청북도 청주시 흥덕구 복대동,경상사고,0,0,3,0,차대차 - 추돌 - 주정차중,안전거리미확보,건조,맑음,단일로 - 기타,승용,남,63세,경상,화물,남,57세,경상
2015102400100145,2015년 10월 24일 07시,토요일,충청북도 청주시 흥덕구 송정동,중상사고,0,1,0,0,차대차 - 정면충돌,중앙선침범,건조,흐림,단일로 - 기타,승용,남,30세,상해없음,승용,남,33세,중상
2015102400100146,2015년 10월 24일 07시,토요일,충청북도 청주시 흥덕구 강서동,중상사고,0,1,0,0,차대사람 - 횡단중,안전운전불이행,건조,맑음,교차로 - 교차로부근,승용,남,43세,상해없음,보행자,여,77세,중상
2015102400100166,2015년 10월 24일 08시,토요일,충청북도 청주시 청원구 주중동,중상사고,0,1,0,0,차대차 - 정면충돌,신호위반,건조,맑음,교차로 - 교차로안,승용,남,45세,상해없음,승용,여,37세,중상
2015102400100167,2015년 10월 24일 08시,토요일,충청북도 제천시 하소동,경상사고,0,0,3,0,차대차 - 기타,직진우회전진행방해,습기,비,교차로 - 교차로안,승용,남,72세,상해없음,승용,남,56세,경상
2015102400100197,2015년 10월 24일 09시,토요일,충청북도 충주시 연수동,중상사고,0,1,0,0,차대사람 - 기타,안전운전불이행,습기,흐림,교차로 - 교차로부근,승용,남,81세,상해없음,보행자,여,57세,중상
2015102400100198,2015년 10월 24일 09시,토요일,충청북도 청주시 흥덕구 가경동,경상사고,0,0,1,0,차대차 - 추돌 - 진행중,안전거리미확보,건조,맑음,단일로 - 기타,원동기,남,21세,경상,승용,남,67세,상해없음
2015102400100227,2015년 10월 24일 10시,토요일,충청북도 제천시 하소동,경상사고,0,0,1,0,차대차 - 기타,직진우회전진행방해,건조,맑음,교차로 - 교차로안,승용,남,43세,상해없음,승용,여,55세,경상
2015102400100228,2015년 10월 24일 10시,토요일,충청북도 보은군 보은읍,경상사고,0,0,2,0,차대차 - 측면직각충돌,교차로운행방법위반,습기,비,교차로 - 교차로안,화물,남,70세,상해없음,승용,남,69세,경상
2015102400100229,2015년 10월 24일 10시,토요일,충청북도 단양군 단양읍,중상사고,0,1,0,0,차대차 - 측면직각충돌,신호위반,건조,맑음,교차로 - 교차로안,승용,남,34세,상해없음,승용,남,71세,중상
2015102400100230,2015년 10월 24일 10시,토요일,충청북도 청주시 상당구 명암동,중상사고,0,1,0,0,차대차 - 추돌 - 진행중,안전운전불이행,습기,비,단일로 - 기타,승용,남,44세,상해없음,이륜,남,65세,중상
2015102400100265,2015년 10월 24일 11시,토요일,충청북도 청주시 청원구 주중동,중상사고,0,2,8,0,차대차 - 추돌 - 주정차중,안전운전불이행,건조,맑음,단일로 - 기타,승합,남,54세,상해없음,승용,여,44세,경상
2015102400100266,2015년 10월 24일 11시,토요일,충청북도 충주시 호암동,경상사고,0,0,2,0,차대차 - 기타,안전운전불이행,건조,맑음,단일로 - 기타,승용,남,18세,상해없음,승용,남,34세,경상
2015102400100267,2015년 10월 24일 11시,토요일,충청북도 음성군 대소면,경상사고,0,0,1,0,차대차 - 기타,교차로운행방법위반,건조,맑음,교차로 - 교차로안,승용,여,44세,상해없음,승용,남,45세,경상
2015102400100268,2015년 10월 24일 11시,토요일,충청북도 음성군 감곡면,중상사고,0,1,1,0,차대차 - 기타,안전운전불이행,건조,맑음,단일로 - 기타,화물,남,44세,상해없음,승용,여,35세,경상
2015102400100304,2015년 10월 24일 12시,토요일,충청북도 제천시 봉양읍,경상사고,0,0,4,0,차대차 - 추돌 - 진행중,안전거리미확보,건조,흐림,단일로 - 기타,승용,남,63세,상해없음,승합,남,49세,경상
2015102400100305,2015년 10월 24일 12시,토요일,충청북도 제천시 장락동,경상사고,0,0,2,0,차대차 - 추돌 - 진행중,안전거리미확보,건조,맑음,단일로 - 기타,승용,남,47세,상해없음,승용,남,34세,경상
2015102400100332,2015년 10월 24일 13시,토요일,충청북도 영동군 용산면,중상사고,0,1,0,0,차대차 - 기타,안전운전불이행,건조,흐림,단일로 - 기타,승용,남,39세,상해없음,원동기,남,72세,중상