사고번호,사고일시,요일,시군구,사고내용,사망자수,중상자수,경상자수,부상신고자수,사고유형,법규위반,노면상태,기상상태,도로형태,가해운전자 차종,가해운전자 성별,가해운전자 연령,가해운전자 상해정도,피해운전자 차종,피해운전자 성별,피해운전자 연령,피해운전자 상해정도
2015102800100721,2015년 10월 28일 22시,수요일,충청북도 청주시 서원구 장암동,경상사고,0,0,2,0,차대차 - 추돌 - 진행중,안전운전불이행,건조,맑음,교차로 - 교차로부근,승용,남,42세,상해없음,승용,남,47세,경상
2015102900100013,2015년 10월 29일 00시,목요일,충청북도 청주시 상당구 용정동,경상사고,0,0,1,0,차대차 - 측면직각충돌,안전운전불이행,건조,맑음,교차로 - 교차로안,승용,남,42세,상해없음,승용,남,38세,경상
2015102900100025,2015년 10월 29일 01시,목요일,충청북도 충주시 동량면,부상신고사고,0,0,0,1,차대차 - 기타,안전운전불이행,건조,맑음,단일로 - 기타,승용,남,32세,부상신고,승용,남,40세,상해없음
2015102900100077,2015년 10월 29일 07시,목요일,충청북도 청주시 청원구 내덕동,중상사고,0,1,0,0,차대사람 - 횡단중,보행자보호의무위반,건조,맑음,교차로 - 교차로안,승용,남,44세,상해없음,보행자,여,51세,중상
2015102900100078,2015년 10월 29일 07시,목요일,충청북도 청주시 청원구 사천동,경상사고,0,0,1,0,차대차 - 기타,차로위반,건조,맑음,단일로 - 기타,승용,여,23세,상해없음,승용,남,21세,경상
2015102900100079,2015년 10월 29일 07시,목요일,충청북도 청주시 흥덕구 비하동,경상사고,0,0,1,0,차대차 - 기타,신호위반,건조,맑음,교차로 - 교차로안,승용,여,46세,상해없음,승용,남,62세,경상
2015102900100111,2015년 10월 29일 08시,목요일,충청북도 음성군 삼성면,경상사고,0,0,2,0,차대차 - 측면직각충돌,교차로운행방법위반,건조,맑음,교차로 - 교차로안,화물,남,37세,경상,승합,남,45세,경상
2015102900100112,2015년 10월 29일 08시,목요일,충청북도 청주시 흥덕구 가경동,경상사고,0,0,1,0,차대사람 - 길가장자리구역통행중,안전운전불이행,건조,흐림,단일로 - 기타,승용,여,62세,상해없음,보행자,여,10세,경상
2015102900100113,2015년 10월 29일 08시,목요일,충청북도 청주시 상당구 용암동,중상사고,0,1,0,0,차대차 - 기타,교차로운행방법위반,건조,맑음,교차로 - 교차로안,승용,여,38세,상해없음,이륜,남,47세,중상
2015102900100146,2015년 10월 29일 09시,목요일,충청북도 청주시 서원구 수곡동,중상사고,0,1,0,0,차대사람 - 기타,안전운전불이행,건조,맑음,교차로 - 교차로부근,승용,여,35세,상해없음,보행자,여,73세,중상
2015102900100147,2015년 10월 29일 09시,목요일,충청북도 청주시 서원구 분평동,경상사고,0,0,1,0,차대차 - 추돌 - 진행중,안전거리미확보,건조,맑음,단일로 - 기타,승용,남,61세,상해없음,승용,남,24세,경상
2015102900100189,2015년 10월 29일 10시,목요일,충청북도 청주시 청원구 율량동,경상사고,0,0,2,0,차대차 - 측면직각충돌,신호위반,건조,맑음,교차로 - 교차로안,승용,여,22세,경상,승용,남,52세,경상
2015102900100190,2015년 10월 29일 10시,목요일,충청북도 충주시 목행동,부상신고사고,0,0,0,1,차대차 - 기타,안전운전불이행,건조,맑음,단일로 - 기타,원동기,남,55세,부상신고,승용,남,50세,상해없음
2015102900100221,2015년 10월 29일 11시,목요일,충청북도 청주시 흥덕구 신봉동,경상사고,0,0,1,0,차대차 - 추돌 - 진행중,안전운전불이행,건조,맑음,교차로 - 교차로안,자전거,여,67세,경상,화물,남,30세,상해없음
2015102900100252,2015년 10월 29일 12시,목요일,충청북도 충주시 칠금동,경상사고,0,0,1,0,차대차 - 기타,직진우회전진행방해,건조,맑음,교차로 - 교차로안,승용,남,31세,상해없음,자전거,여,56세,경상
2015102900100253,2015년 10월 29일 12시,목요일,충청북도 음성군 대소면,경상사고,0,0,1,0,차대차 - 추돌 - 진행중,안전운전불이행,건조,맑음,단일로 - 기타,승용,여,40세,상해없음,승용,여,45세,경상
2015102900100254,2015년 10월 29일 12시,목요일,충청북도 청주시 흥덕구 지동동,경상사고,0,0,1,0,차대차 - 기타,차로위반,건조,맑음,단일로 - 기타,화물,남,61세,상해없음,승용,남,54세,경상
2015102900100291,2015년 10월 29일 13시,목요일,충청북도 충주시 대소원면,중상사고,0,1,0,0,차대사람 - 기타,안전운전불이행,건조,맑음,교차로 - 교차로부근,건설기계,남,23세,상해없음,보행자,여,73세,중상
2015102900100292,2015년 10월 29일 13시,목요일,충청북도 충주시 교현동,경상사고,0,0,1,1,차대차 - 측면직각충돌,안전운전불이행,건조,맑음,단일로 - 기타,승용,남,62세,부상신고,승용,여,33세,경상
2015102900100293,2015년 10월 29일 13시,목요일,충청북도 청주시 상당구 용암동,중상사고,0,1,0,0,차대차 - 측면직각충돌,교차로운행방법위반,건조,맑음,교차로 - 교차로안,화물,남,52세,상해없음,자전거,여,51세,중상
2015102900100397,2015년 10월 29일 16시,목요일,충청북도 청주시 흥덕구 오송읍,중상사고,0,1,0,0,차대차 - 측면직각충돌,안전운전불이행,건조,맑음,교차로 - 교차로안,승합,남,51세,상해없음,자전거,남,8세,중상
2015102900100398,2015년 10월 29일 16시,목요일,충청북도 청주시 흥덕구 가경동,부상신고사고,0,0,0,1,차대차 - 측면직각충돌,안전운전불이행,건조,맑음,교차로 - 교차로안,자전거,남,14세,부상신고,승용,여,32세,상해없음
2015102900100439,2015년 10월 29일 17시,목요일,충청북도 단양군 적성면,중상사고,0,2,0,0,차대차 - 측면직각충돌,안전운전불이행,건조,맑음,단일로 - 기타,화물,남,53세,상해없음,화물,남,58세,중상
2015102900100440,2015년 10월 29일 17시,목요일,충청북도 음성군 대소면,경상사고,0,0,3,0,차대차 - 추돌 - 진행중,안전운전불이행,건조,맑음,단일로 - 기타,승용,여,27세,상해없음,승용,남,27세,경상
2015102900100441,2015년 10월 29일 17시,목요일,충청북도 청주시 흥덕구 오송읍,경상사고,0,0,1,0,차대차 - 측면직각충돌,안전운전불이행,건조,맑음,교차로 - 교차로안,승용,남,26세,상해없음,자전거,남,32세,경상
2015102900100442,2015년 10월 29일 17시,목요일,충청북도 청주시 상당구 용암동,중상사고,0,1,0,0,차대사람 - 기타,안전운전불이행,건조,맑음,단일로 - 기타,승용,남,59세,상해없음,보행자,여,52세,중상
2015102900100500,2015년 10월 29일 18시,목요일,충청북도 단양군 적성면,사망사고,1,0,0,0,차대사람 - 길가장자리구역통행중,과속,건조,흐림,단일로 - 기타,승용,남,37세,상해없음,보행자,남,44세,사망
2015102900100501,2015년 10월 29일 18시,목요일,충청북도 충주시 목행동,경상사고,0,0,1,0,차대차 - 추돌 - 진행중,안전운전불이행,건조,맑음,기타 - 기타,기타불명,기타불명,기타불명,기타불명,승용,남,59세,경상
2015102900100502,2015년 10월 29일 18시,목요일,충청북도 괴산군 청안면,경상사고,0,0,2,0,차대차 - 측면직각충돌,중앙선침범,건조,맑음,단일로 - 기타,화물,남,58세,경상,승용,남,46세,경상
2015102900100503,2015년 10월 29일 18시,목요일,충청북도 단양군 단양읍,경상사고,0,0,1,0,차대차 - 측면직각충돌,직진우회전진행방해,건조,맑음,교차로 - 교차로안,승용,여,44세,상해없음,이륜,남,36세,경상
2015102900100504,2015년 10월 29일 18시,목요일,충청북도 청주시 서원구 모충동,중상사고,0,1,1,0,차대차 - 기타,안전운전불이행,건조,맑음,교차로 - 교차로안,승용,여,61세,상해없음,승용,여,26세,경상
2015102900100560,2015년 10월 29일 19시,목요일,충청북도 음성군 금왕읍,중상사고,0,1,0,0,차대사람 - 기타,안전운전불이행,건조,흐림,단일로 - 기타,승합,남,46세,상해없음,보행자,남,77세,중상
2015102900100611,2015년 10월 29일 20시,목요일,충청북도 음성군 생극면,중상사고,0,1,1,0,차대차 - 측면직각충돌,안전운전불이행,건조,맑음,단일로 - 기타,승용,남,51세,상해없음,승용,여,40세,중상
2015103000100167,2015년 10월 30일 08시,금요일,충청북도 충주시 금릉동,부상신고사고,0,0,0,1,차대차 - 기타,신호위반,건조,맑음,교차로 - 교차로안,승용,여,46세,부상신고,화물,남,48세,상해없음
2015103000100168,2015년 10월 30일 08시,금요일,충청북도 충주시 앙성면,중상사고,0,1,1,1,차대차 - 기타,직진우회전진행방해,건조,맑음,교차로 - 교차로안,승용,남,79세,부상신고,승용,남,58세,경상
2015103000100169,2015년 10월 30일 08시,금요일,충청북도 제천시 강제동,중상사고,0,1,0,0,차대차 - 기타,중앙선침범,건조,맑음,단일로 - 기타,승용,남,44세,기타불명,화물,남,42세,중상
2015103000100170,2015년 10월 30일 08시,금요일,충청북도 단양군 단성면,중상사고,0,1,1,0,차대차 - 측면직각충돌,중앙선침범,건조,맑음,단일로 - 기타,승용,남,79세,상해없음,승합,남,43세,경상
2015103000100171,2015년 10월 30일 08시,금요일,충청북도 청주시 서원구 성화동,경상사고,0,0,1,0,차대차 - 측면직각충돌,신호위반,건조,맑음,교차로 - 교차로안,승용,남,51세,상해없음,승용,여,52세,경상
2015103000100243,2015년 10월 30일 10시,금요일,충청북도 제천시 모산동,중상사고,0,1,5,0,차대차 - 추돌 - 주정차중,안전운전불이행,건조,맑음,교차로 - 교차로부근,화물,남,40세,상해없음,승용,남,52세,중상
2015103000100244,2015년 10월 30일 10시,금요일,충청북도 옥천군 이원면,중상사고,0,1,2,0,차대차 - 측면직각충돌,안전운전불이행,건조,맑음,교차로 - 교차로부근,건설기계,남,58세,중상,승용,여,44세,경상
2015103000100245,2015년 10월 30일 10시,금요일,충청북도 진천군 진천읍,경상사고,0,0,1,0,차대차 - 기타,차로위반,건조,맑음,기타 - 기타,승용,남,72세,상해없음,화물,남,70세,경상
2015103000100280,2015년 10월 30일 11시,금요일,충청북도 청주시 청원구 내덕동,경상사고,0,0,1,0,차대차 - 기타,신호위반,건조,맑음,교차로 - 교차로안,승용,여,39세,상해없음,승용,남,56세,경상
2015103000100281,2015년 10월 30일 11시,금요일,충청북도 괴산군 청안면,중상사고,0,1,1,0,차대차 - 측면직각충돌,직진우회전진행방해,건조,맑음,교차로 - 교차로안,화물,남,23세,상해없음,화물,남,42세,중상
2015103000100322,2015년 10월 30일 12시,금요일,충청북도 청주시 청원구 사천동,경상사고,0,0,4,0,차대차 - 측면직각충돌,안전운전불이행,건조,맑음,단일로 - 기타,승용,남,27세,상해없음,승용,여,50세,경상
2015103000100323,2015년 10월 30일 12시,금요일,충청북도 보은군 보은읍,경상사고,0,0,1,0,차량단독 - 전도전복,안전운전불이행,건조,맑음,단일로 - 기타,화물,남,66세,경상,,,,
2015103000100324,2015년 10월 30일 12시,금요일,충청북도 진천군 덕산면,경상사고,0,0,2,0,차대차 - 측면직각충돌,신호위반,건조,맑음,교차로 - 교차로안,화물,남,56세,상해없음,승용,여,61세,경상
2015103000100325,2015년 10월 30일 12시,금요일,충청북도 청주시 흥덕구 정봉동,중상사고,0,1,0,0,차대차 - 측면직각충돌,안전운전불이행,건조,맑음,단일로 - 기타,화물,남,31세,상해없음,승용,남,40세,중상
2015103000100363,2015년 10월 30일 13시,금요일,충청북도 제천시 봉양읍,중상사고,0,1,1,0,차대차 - 기타,직진우회전진행방해,건조,맑음,교차로 - 교차로안,화물,남,47세,상해없음,승합,남,38세,상해없음
2015103000100405,2015년 10월 30일 14시,금요일,충청북도 청주시 청원구 내덕동,경상사고,0,0,2,0,차대차 - 측면직각충돌,신호위반,건조,맑음,교차로 - 교차로안,승용,여,59세,상해없음,승용,남,38세,경상
2015103000100490,2015년 10월 30일 16시,금요일,충청북도 청주시 흥덕구 가경동,경상사고,0,0,1,0,차대차 - 측면직각충돌,안전거리미확보,건조,맑음,단일로 - 기타,승용,남,34세,상해없음,승용,남,48세,경상
2015103000100540,2015년 10월 30일 17시,금요일,충청북도 제천시 중앙로2가,경상사고,0,0,1,1,차대차 - 기타,안전운전불이행,건조,맑음,교차로 - 교차로안,이륜,남,79세,부상신고,승용,남,61세,경상
2015103000100541,2015년 10월 30일 17시,금요일,충청북도 영동군 영동읍,경상사고,0,0,1,0,차대차 - 측면직각충돌,안전거리미확보,건조,맑음,단일로 - 기타,화물,남,72세,경상,승용,남,52세,상해없음
2015103000100601,2015년 10월 30일 18시,금요일,충청북도 청주시 상당구 북문로1가동,경상사고,0,0,3,0,차대차 - 기타,안전운전불이행,건조,맑음,교차로 - 교차로안,승용,남,43세,상해없음,승용,남,49세,경상
2015103000100602,2015년 10월 30일 18시,금요일,충청북도 충주시 연수동,부상신고사고,0,0,0,1,차대차 - 기타,안전운전불이행,건조,맑음,단일로 - 기타,승용,남,49세,부상신고,승용,남,38세,상해없음
2015103000100603,2015년 10월 30일 18시,금요일,충청북도 음성군 감곡면,경상사고,0,0,1,0,차대사람 - 횡단중,안전운전불이행,건조,맑음,단일로 - 기타,승용,여,43세,상해없음,보행자,여,11세,경상
2015103000100604,2015년 10월 30일 18시,금요일,충청북도 청주시 흥덕구 오송읍,경상사고,0,0,1,0,차대차 - 측면직각충돌,차로위반,건조,맑음,단일로 - 기타,승합,남,42세,상해없음,승용,여,48세,경상
2015103000100725,2015년 10월 30일 20시,금요일,충청북도 청주시 흥덕구 봉명동,중상사고,0,1,1,0,차대차 - 측면직각충돌,안전운전불이행,건조,맑음,단일로 - 기타,승용,여,41세,경상,승용,남,33세,중상
2015103000100756,2015년 10월 30일 21시,금요일,충청북도 제천시 의림동,중상사고,0,1,0,0,차대차 - 기타,안전운전불이행,건조,맑음,교차로 - 교차로부근,승용,남,38세,상해없음,승용,남,51세,중상
2015103000100757,2015년 10월 30일 21시,금요일,충청북도 증평군 증평읍,중상사고,0,2,0,0,차대차 - 추돌 - 주정차중,안전운전불이행,건조,흐림,단일로 - 기타,승용,남,22세,상해없음,승용,여,55세,중상
2015103000100758,2015년 10월 30일 21시,금요일,충청북도 진천군 진천읍,경상사고,0,0,2,0,차대차 - 추돌 - 주정차중,안전운전불이행,건조,맑음,교차로 - 교차로부근,승용,남,39세,상해없음,승용,남,59세,경상
2015103000100788,2015년 10월 30일 22시,금요일,충청북도 청주시 청원구 오창읍,경상사고,0,0,2,0,차대차 - 기타,중앙선침범,건조,맑음,단일로 - 기타,승용,여,28세,상해없음,승용,남,47세,경상
2015103000100789,2015년 10월 30일 22시,금요일,충청북도 충주시 문화동,경상사고,0,0,1,0,차대차 - 기타,안전거리미확보,기타,기타,교차로 - 교차로부근,승용,남,51세,상해없음,승용,여,43세,경상
2015103000100790,2015년 10월 30일 22시,금요일,충청북도 단양군 매포읍,경상사고,0,0,1,0,차대차 - 추돌 - 진행중,안전거리미확보,건조,맑음,단일로 - 기타,승용,남,60세,상해없음,승용,남,56세,경상
2015103100100015,2015년 10월 31일 00시,토요일,충청북도 증평군 증평읍,경상사고,0,0,3,0,차대차 - 측면직각충돌,안전운전불이행,건조,맑음,교차로 - 교차로안,승용,남,55세,상해없음,승용,남,54세,경상
2015103100100036,2015년 10월 31일 01시,토요일,충청북도 청주시 서원구 산남동,경상사고,0,0,3,0,차대차 - 정면충돌,중앙선침범,건조,맑음,단일로 - 기타,승용,남,25세,상해없음,승용,남,29세,경상
2015103100100119,2015년 10월 31일 06시,토요일,충청북도 청주시 청원구 내덕동,경상사고,0,0,1,0,차대차 - 측면직각충돌,교차로운행방법위반,건조,맑음,교차로 - 교차로안,이륜,남,21세,경상,승용,남,62세,상해없음
2015103100100138,2015년 10월 31일 07시,토요일,충청북도 단양군 매포읍,중상사고,0,1,0,0,차대차 - 기타,안전운전불이행,건조,맑음,교차로 - 교차로부근,건설기계,남,50세,중상,화물,남,41세,상해없음
2015103100100139,2015년 10월 31일 07시,토요일,충청북도 진천군 문백면,경상사고,0,0,2,0,차대차 - 추돌 - 진행중,안전거리미확보,건조,맑음,단일로 - 터널,화물,남,38세,경상,건설기계,남,40세,경상
2015103100100157,2015년 10월 31일 08시,토요일,충청북도 진천군 이월면,경상사고,0,0,1,0,차대차 - 측면직각충돌,신호위반,건조,맑음,교차로 - 교차로안,승용,여,47세,경상,승용,남,59세,상해없음
2015103100100191,2015년 10월 31일 09시,토요일,충청북도 청주시 청원구 북이면,경상사고,0,0,2,0,차대차 - 기타,교차로운행방법위반,건조,맑음,교차로 - 교차로부근,승합,남,62세,경상,화물,남,57세,경상
2015103100100192,2015년 10월 31일 09시,토요일,충청북도 증평군 증평읍,중상사고,0,1,1,0,차대차 - 정면충돌,교차로운행방법위반,건조,맑음,교차로 - 교차로안,승용,남,64세,경상,화물,남,30세,중상
2015103100100243,2015년 10월 31일 10시,토요일,충청북도 충주시 대소원면,중상사고,0,1,1,0,차대차 - 추돌 - 진행중,중앙선침범,건조,맑음,단일로 - 기타,승용,여,56세,경상,화물,남,52세,중상
2015103100100244,2015년 10월 31일 10시,토요일,충청북도 진천군 초평면,경상사고,0,0,2,0,차대차 - 추돌 - 주정차중,안전운전불이행,건조,맑음,단일로 - 기타,건설기계,남,55세,상해없음,승용,여,54세,경상
2015103100100270,2015년 10월 31일 11시,토요일,충청북도 충주시 칠금동,중상사고,0,1,0,1,차대차 - 추돌 - 진행중,안전거리미확보,건조,맑음,단일로 - 기타,원동기,남,73세,부상신고,승용,남,53세,상해없음
2015103100100271,2015년 10월 31일 11시,토요일,충청북도 충주시 용산동,중상사고,0,1,0,0,차대차 - 추돌 - 진행중,직진우회전진행방해,건조,맑음,교차로 - 교차로안,승용,여,52세,상해없음,원동기,남,30세,중상
2015103100100272,2015년 10월 31일 11시,토요일,충청북도 제천시 중앙로2가,중상사고,0,1,1,0,차대차 - 기타,안전운전불이행,건조,맑음,교차로 - 교차로안,이륜,남,77세,경상,승용,남,44세,상해없음
2015103100100273,2015년 10월 31일 11시,토요일,충청북도 제천시 봉양읍,경상사고,0,0,2,0,차대차 - 기타,중앙선침범,건조,맑음,단일로 - 기타,승용,여,56세,상해없음,승용,여,33세,경상
2015103100100274,2015년 10월 31일 11시,토요일,충청북도 청주시 서원구 개신동,경상사고,0,0,1,0,차대차 - 측면직각충돌,안전운전불이행,건조,맑음,교차로 - 교차로안,승용,여,25세,상해없음,승용,남,47세,경상
2015103100100275,2015년 10월 31일 11시,토요일,충청북도 청주시 서원구 산남동,경상사고,0,0,1,0,차대차 - 기타,중앙선침범,건조,맑음,교차로 - 교차로부근,승용,남,53세,상해없음,원동기,남,36세,경상
2015103100100326,2015년 10월 31일 12시,토요일,충청북도 제천시 봉양읍,부상신고사고,0,0,0,1,차대차 - 기타,직진우회전진행방해,건조,맑음,교차로 - 교차로안,승용,남,63세,상해없음,승용,남,69세,부상신고
2015103100100327,2015년 10월 31일 12시,토요일,충청북도 제천시 왕암동,중상사고,0,1,0,0,차대차 - 기타,안전거리미확보,건조,맑음,단일로 - 기타,이륜,남,30세,중상,화물,남,61세,상해없음
2015103100100328,2015년 10월 31일 12시,토요일,충청북도 청주시 서원구 분평동,경상사고,0,0,2,0,차대차 - 기타,안전운전불이행,건조,맑음,교차로 - 교차로부근,승용,여,44세,상해없음,승용,여,37세,경상
2015103100100378,2015년 10월 31일 13시,토요일,충청북도 음성군 생극면,중상사고,0,1,0,0,차대사람 - 횡단중,안전운전불이행,건조,맑음,단일로 - 기타,승용,남,27세,상해없음,보행자,여,80세,중상
2015103100100379,2015년 10월 31일 13시,토요일,충청북도 단양군 대강면,사망사고,1,0,0,0,차대사람 - 횡단중,안전운전불이행,건조,맑음,단일로 - 기타,승용,남,62세,상해없음,보행자,남,9세,사망
2015103100100475,2015년 10월 31일 15시,토요일,충청북도 충주시 단월동,부상신고사고,0,0,0,1,차대차 - 추돌 - 진행중,안전운전불이행,건조,맑음,단일로 - 기타,화물,남,60세,부상신고,화물,남,36세,상해없음
2015103100100476,2015년 10월 31일 15시,토요일,충청북도 청주시 서원구 분평동,경상사고,0,0,1,0,차대차 - 측면직각충돌,교차로운행방법위반,건조,맑음,교차로 - 교차로안,승합,여,45세,상해없음,이륜,남,36세,경상
2015103100100521,2015년 10월 31일 16시,토요일,충청북도 청주시 청원구 사천동,중상사고,0,1,0,0,차대사람 - 기타,안전운전불이행,건조,맑음,단일로 - 횡단보도상,승합,남,53세,상해없음,보행자,여,65세,중상
2015103100100522,2015년 10월 31일 16시,토요일,충청북도 청주시 서원구 수곡동,경상사고,0,0,1,0,차대차 - 기타,안전운전불이행,건조,맑음,교차로 - 교차로안,승용,남,46세,상해없음,승용,남,46세,상해없음
2015103100100599,2015년 10월 31일 18시,토요일,충청북도 진천군 초평면,사망사고,1,0,0,0,차대사람 - 횡단중,신호위반,건조,맑음,교차로 - 교차로안,승용,남,42세,상해없음,보행자,남,59세,사망
2015103100100649,2015년 10월 31일 19시,토요일,충청북도 충주시 수안보면,경상사고,0,0,1,0,차대사람 - 기타,안전운전불이행,건조,맑음,단일로 - 기타,화물,남,52세,상해없음,보행자,남,55세,경상
2015103100100650,2015년 10월 31일 19시,토요일,충청북도 진천군 진천읍,경상사고,0,0,2,0,차대차 - 측면직각충돌,안전거리미확보,건조,맑음,단일로 - 기타,승용,여,48세,경상,승용,남,45세,경상
2015103100100755,2015년 10월 31일 22시,토요일,충청북도 제천시 신백동,중상사고,0,1,0,0,차대사람 - 기타,안전운전불이행,건조,맑음,단일로 - 기타,승용,남,21세,상해없음,보행자,여,19세,중상
2015103100100756,2015년 10월 31일 22시,토요일,충청북도 청주시 흥덕구 옥산면,경상사고,0,0,2,0,차량단독 - 공작물충돌,안전운전불이행,건조,맑음,교차로 - 교차로안,승용,남,39세,경상,,,,
2015103100100788,2015년 10월 31일 23시,토요일,충청북도 청주시 상당구 용암동,경상사고,0,0,1,0,차대사람 - 기타,안전운전불이행,건조,맑음,단일로 - 기타,승용,남,24세,상해없음,보행자,남,33세,경상
2015110100100048,2015년 11월 1일 01시,일요일,충청북도 청주시 청원구 우암동,경상사고,0,0,1,0,차대차 - 측면직각충돌,교차로운행방법위반,건조,맑음,교차로 - 교차로안,승용,남,30세,상해없음,승용,남,60세,경상
2015110100100049,2015년 11월 1일 01시,일요일,충청북도 청주시 흥덕구 운천동,경상사고,0,0,1,0,차대차 - 측면직각충돌,중앙선침범,건조,맑음,교차로 - 교차로부근,승용,남,31세,상해없음,원동기,남,18세,경상
2015110100100110,2015년 11월 1일 05시,일요일,충청북도 청주시 서원구 사창동,경상사고,0,0,2,0,차대차 - 기타,안전운전불이행,건조,맑음,단일로 - 횡단보도부근,승용,남,35세,상해없음,승용,남,37세,경상
2015110100100111,2015년 11월 1일 05시,일요일,충청북도 청주시 흥덕구 복대동,경상사고,0,0,1,0,차대차 - 추돌 - 진행중,안전운전불이행,건조,맑음,교차로 - 교차로안,승용,남,29세,상해없음,승용,남,29세,경상
2015110100100135,2015년 11월 1일 07시,일요일,충청북도 음성군 맹동면,중상사고,0,1,1,0,차량단독 - 공작물충돌,안전운전불이행,습기,안개,단일로 - 기타,화물,남,23세,상해없음,,,,
2015110100100163,2015년 11월 1일 09시,일요일,충청북도 진천군 광혜원면,경상사고,0,0,5,0,차대차 - 추돌 - 진행중,교차로운행방법위반,건조,맑음,교차로 - 교차로안,승용,여,57세,경상,승용,남,40세,경상
2015110100100164,2015년 11월 1일 09시,일요일,충청북도 청주시 서원구 남이면,중상사고,0,3,1,0,차대차 - 추돌 - 주정차중,안전운전불이행,건조,맑음,교차로 - 교차로부근,승용,남,53세,상해없음,승용,남,33세,중상
2015110100100213,2015년 11월 1일 11시,일요일,충청북도 충주시 단월동,경상사고,0,0,1,1,차대차 - 추돌 - 진행중,안전운전불이행,건조,맑음,단일로 - 기타,화물,남,63세,부상신고,승합,남,51세,경상
2015110100100259,2015년 11월 1일 13시,일요일,충청북도 청주시 흥덕구 오송읍,경상사고,0,0,1,0,차대차 - 정면충돌,중앙선침범,건조,맑음,단일로 - 기타,승용,남,36세,상해없음,화물,남,57세,경상
2015110100100280,2015년 11월 1일 14시,일요일,충청북도 충주시 안림동,경상사고,0,0,3,0,차대차 - 기타,신호위반,건조,맑음,교차로 - 교차로안,승용,남,41세,상해없음,승용,남,53세,경상
2015110100100333,2015년 11월 1일 16시,일요일,충청북도 충주시 안림동,경상사고,0,0,2,0,차대차 - 추돌 - 주정차중,안전운전불이행,건조,맑음,단일로 - 기타,승용,남,63세,상해없음,승용,여,48세,상해없음
2015110100100334,2015년 11월 1일 16시,일요일,충청북도 청주시 서원구 미평동,중상사고,0,1,1,0,차대차 - 기타,안전운전불이행,건조,맑음,단일로 - 기타,승용,남,51세,상해없음,승용,남,75세,중상
2015110100100367,2015년 11월 1일 17시,일요일,충청북도 제천시 청전동,중상사고,0,2,0,0,차대차 - 기타,안전운전불이행,건조,맑음,교차로 - 교차로부근,승용,남,60세,기타불명,승용,남,58세,중상
2015110100100407,2015년 11월 1일 18시,일요일,충청북도 충주시 노은면,중상사고,0,1,0,0,차대차 - 기타,안전운전불이행,건조,맑음,단일로 - 기타,기타불명,기타불명,16세,기타불명,농기계,남,45세,상해없음
2015110100100408,2015년 11월 1일 18시,일요일,충청북도 옥천군 옥천읍,중상사고,0,1,0,0,차대사람 - 횡단중,안전운전불이행,건조,맑음,교차로 - 교차로안,승용,여,49세,상해없음,보행자,여,70세,중상
2015110100100409,2015년 11월 1일 18시,일요일,충청북도 청주시 흥덕구 강내면,중상사고,0,2,1,0,차대차 - 측면직각충돌,안전운전불이행,건조,맑음,단일로 - 기타,승용,남,57세,중상,승용,남,43세,경상
2015110100100410,2015년 11월 1일 18시,일요일,충청북도 청주시 서원구 산남동,경상사고,0,0,1,0,차대차 - 측면직각충돌,안전운전불이행,건조,맑음,교차로 - 교차로안,승용,남,27세,상해없음,이륜,남,16세,경상
2015110100100452,2015년 11월 1일 19시,일요일,충청북도 청주시 흥덕구 운천동,경상사고,0,0,6,0,차대차 - 추돌 - 진행중,안전운전불이행,건조,맑음,교차로 - 교차로부근,승용,남,63세,상해없음,승용,남,33세,경상
2015110100100476,2015년 11월 1일 20시,일요일,충청북도 충주시 연수동,경상사고,0,0,1,0,차대차 - 기타,안전거리미확보,건조,맑음,단일로 - 기타,승용,남,25세,상해없음,원동기,남,20세,경상
2015110100100477,2015년 11월 1일 20시,일요일,충청북도 청주시 상당구 석교동,경상사고,0,0,1,0,차대차 - 측면직각충돌,안전운전불이행,건조,맑음,교차로 - 교차로안,승용,여,45세,상해없음,승용,남,27세,경상
2015110100100478,2015년 11월 1일 20시,일요일,충청북도 청주시 상당구 방서동,경상사고,0,0,1,0,차대차 - 추돌 - 주정차중,안전운전불이행,건조,맑음,교차로 - 교차로부근,승용,남,37세,상해없음,승용,남,34세,경상
2015110100100504,2015년 11월 1일 21시,일요일,충청북도 청주시 청원구 내수읍,경상사고,0,0,1,0,차대차 - 추돌 - 주정차중,안전운전불이행,건조,맑음,단일로 - 기타,승용,남,36세,상해없음,승용,남,65세,경상
2015110200100014,2015년 11월 2일 01시,월요일,충청북도 청주시 흥덕구 복대동,경상사고,0,0,1,0,차대차 - 추돌 - 주정차중,안전거리미확보,건조,맑음,단일로 - 기타,승용,남,27세,상해없음,이륜,남,18세,경상
2015110200100017,2015년 11월 2일 02시,월요일,충청북도 청주시 청원구 율량동,경상사고,0,0,2,0,차대차 - 기타,안전운전불이행,건조,맑음,단일로 - 기타,승용,남,50세,상해없음,원동기,남,17세,경상
2015110200100063,2015년 11월 2일 06시,월요일,충청북도 청주시 흥덕구 가경동,중상사고,0,1,0,0,차대차 - 기타,안전운전불이행,건조,맑음,교차로 - 교차로부근,승용,남,27세,상해없음,승용,남,67세,중상