사고번호,사고일시,요일,시군구,사고내용,사망자수,중상자수,경상자수,부상신고자수,사고유형,법규위반,노면상태,기상상태,도로형태,가해운전자 차종,가해운전자 성별,가해운전자 연령,가해운전자 상해정도,피해운전자 차종,피해운전자 성별,피해운전자 연령,피해운전자 상해정도
2015110600100489,2015년 11월 6일 18시,금요일,충청북도 충주시 목행동,중상사고,0,2,0,1,차대차 - 기타,중앙선침범,건조,맑음,단일로 - 기타,자전거,남,29세,부상신고,원동기,남,70세,중상
2015110600100490,2015년 11월 6일 18시,금요일,충청북도 충주시 연수동,경상사고,0,0,2,0,차대차 - 기타,안전거리미확보,건조,맑음,단일로 - 기타,승용,남,53세,상해없음,승용,남,38세,경상
2015110600100491,2015년 11월 6일 18시,금요일,충청북도 진천군 백곡면,사망사고,1,0,0,0,차대사람 - 횡단중,안전운전불이행,건조,맑음,교차로 - 교차로부근,승용,남,51세,상해없음,보행자,여,71세,사망
2015110600100577,2015년 11월 6일 19시,금요일,충청북도 충주시 살미면,경상사고,0,0,1,0,차대차 - 측면직각충돌,신호위반,습기,비,교차로 - 교차로안,승용,여,57세,기타불명,화물,남,59세,경상
2015110600100578,2015년 11월 6일 19시,금요일,충청북도 청주시 서원구 수곡동,중상사고,0,1,1,0,차대사람 - 기타,신호위반,습기,비,교차로 - 교차로안,승용,남,33세,상해없음,보행자,여,58세,중상
2015110600100579,2015년 11월 6일 19시,금요일,충청북도 충주시 대소원면,경상사고,0,0,2,0,차대차 - 추돌 - 진행중,안전거리미확보,습기,비,단일로 - 기타,승용,남,25세,상해없음,승용,남,41세,상해없음
2015110600100642,2015년 11월 6일 20시,금요일,충청북도 청주시 청원구 오창읍,중상사고,0,1,0,0,차대차 - 측면직각충돌,안전운전불이행,습기,비,단일로 - 기타,승용,여,42세,상해없음,승용,여,28세,중상
2015110600100643,2015년 11월 6일 20시,금요일,충청북도 청주시 흥덕구 송정동,중상사고,0,1,0,0,차대차 - 정면충돌,안전운전불이행,습기,비,교차로 - 교차로안,승용,여,40세,상해없음,이륜,남,29세,중상
2015110600100644,2015년 11월 6일 20시,금요일,충청북도 청주시 상당구 용담동,중상사고,0,1,0,0,차대사람 - 차도통행중,안전운전불이행,건조,맑음,교차로 - 교차로부근,이륜,남,28세,상해없음,보행자,남,52세,중상
2015110600100721,2015년 11월 6일 21시,금요일,충청북도 옥천군 옥천읍,경상사고,0,0,8,0,차대차 - 측면직각충돌,직진우회전진행방해,습기,비,교차로 - 교차로안,승합,남,60세,경상,승용,남,65세,경상
2015110600100722,2015년 11월 6일 21시,금요일,충청북도 청주시 흥덕구 오송읍,중상사고,0,1,3,1,차대차 - 추돌 - 주정차중,안전운전불이행,습기,흐림,교차로 - 교차로부근,승용,남,37세,상해없음,승용,여,37세,경상
2015110600100802,2015년 11월 6일 22시,금요일,충청북도 청주시 청원구 내수읍,경상사고,0,0,1,0,차대차 - 기타,안전거리미확보,습기,비,단일로 - 기타,승용,남,66세,상해없음,승용,여,48세,경상
2015110600100803,2015년 11월 6일 22시,금요일,충청북도 증평군 증평읍,경상사고,0,0,1,0,차대차 - 기타,안전운전불이행,건조,맑음,교차로 - 교차로안,이륜,남,16세,경상,승용,남,71세,상해없음
2015110600100804,2015년 11월 6일 22시,금요일,충청북도 청주시 상당구 용암동,중상사고,0,1,0,0,차대차 - 측면직각충돌,신호위반,습기,비,교차로 - 교차로안,원동기,남,28세,중상,승용,남,51세,상해없음
2015110600100805,2015년 11월 6일 22시,금요일,충청북도 청주시 서원구 산남동,경상사고,0,0,1,0,차대차 - 추돌 - 주정차중,안전거리미확보,건조,맑음,단일로 - 기타,승용,남,24세,상해없음,승용,여,46세,경상
2015110600100878,2015년 11월 6일 23시,금요일,충청북도 청주시 서원구 산남동,경상사고,0,0,1,0,차대차 - 측면직각충돌,안전운전불이행,습기,비,단일로 - 기타,승용,남,22세,상해없음,승용,남,55세,경상
2015110600100879,2015년 11월 6일 23시,금요일,충청북도 청주시 서원구 분평동,경상사고,0,0,1,0,차대차 - 기타,안전운전불이행,습기,비,교차로 - 교차로안,이륜,남,31세,상해없음,이륜,남,33세,경상
2015110700100033,2015년 11월 7일 00시,토요일,충청북도 청주시 상당구 용암동,경상사고,0,0,1,0,차대차 - 추돌 - 진행중,안전운전불이행,건조,맑음,교차로 - 교차로부근,승합,남,47세,상해없음,승용,남,53세,경상
2015110700100113,2015년 11월 7일 02시,토요일,충청북도 괴산군 괴산읍,부상신고사고,0,0,0,1,차대차 - 추돌 - 주정차중,안전운전불이행,습기,비,단일로 - 기타,화물,남,35세,부상신고,승용,여,56세,상해없음
2015110700100114,2015년 11월 7일 02시,토요일,충청북도 음성군 대소면,중상사고,0,1,0,0,차대사람 - 횡단중,안전운전불이행,습기,비,단일로 - 기타,승용,여,46세,상해없음,보행자,남,48세,중상
2015110700100158,2015년 11월 7일 04시,토요일,충청북도 청주시 서원구 현도면,경상사고,0,0,1,0,차대차 - 추돌 - 진행중,안전운전불이행,건조,맑음,단일로 - 기타,화물,남,49세,상해없음,승용,여,26세,경상
2015110700100263,2015년 11월 7일 09시,토요일,충청북도 제천시 영천동,중상사고,0,1,0,0,차대차 - 측면직각충돌,안전운전불이행,습기,흐림,교차로 - 교차로부근,이륜,남,77세,중상,승용,여,47세,상해없음
2015110700100264,2015년 11월 7일 09시,토요일,충청북도 청주시 상당구 석교동,경상사고,0,0,1,0,차대차 - 기타,안전운전불이행,건조,맑음,교차로 - 교차로부근,승용,남,82세,상해없음,승용,여,59세,경상
2015110700100265,2015년 11월 7일 09시,토요일,충청북도 청주시 서원구 수곡동,경상사고,0,0,6,0,차대차 - 기타,안전운전불이행,건조,맑음,교차로 - 교차로안,승용,남,31세,상해없음,승용,남,47세,경상
2015110700100303,2015년 11월 7일 10시,토요일,충청북도 충주시 달천동,경상사고,0,0,1,0,차대차 - 추돌 - 주정차중,안전운전불이행,건조,맑음,교차로 - 교차로부근,승용,여,54세,상해없음,승용,여,29세,경상
2015110700100304,2015년 11월 7일 10시,토요일,충청북도 제천시 청전동,경상사고,0,0,1,0,차대차 - 기타,안전운전불이행,건조,맑음,기타 - 기타,승합,남,39세,상해없음,승용,여,32세,경상
2015110700100305,2015년 11월 7일 10시,토요일,충청북도 진천군 진천읍,경상사고,0,0,1,0,차대차 - 기타,안전거리미확보,건조,맑음,단일로 - 기타,승합,여,38세,상해없음,승용,여,69세,경상
2015110700100306,2015년 11월 7일 10시,토요일,충청북도 청주시 서원구 수곡동,중상사고,0,1,0,0,차대사람 - 횡단중,안전운전불이행,건조,맑음,단일로 - 기타,승용,여,27세,상해없음,보행자,여,64세,중상
2015110700100378,2015년 11월 7일 12시,토요일,충청북도 진천군 덕산면,중상사고,0,1,0,0,차량단독 - 도로외이탈 - 추락,안전운전불이행,건조,맑음,단일로 - 기타,승용,남,27세,중상,,,,
2015110700100379,2015년 11월 7일 12시,토요일,충청북도 청주시 상당구 북문로2가동,중상사고,0,1,0,0,차대사람 - 기타,신호위반,습기,비,단일로 - 횡단보도상,승용,남,39세,상해없음,보행자,여,60세,중상
2015110700100420,2015년 11월 7일 13시,토요일,충청북도 충주시 교현동,경상사고,0,0,2,0,차대차 - 기타,안전거리미확보,건조,맑음,단일로 - 기타,화물,남,65세,상해없음,승용,여,27세,경상
2015110700100421,2015년 11월 7일 13시,토요일,충청북도 청주시 흥덕구 강내면,중상사고,0,1,1,0,차대차 - 추돌 - 진행중,안전운전불이행,습기,비,단일로 - 횡단보도부근,승용,남,50세,상해없음,승용,남,43세,경상
2015110700100508,2015년 11월 7일 15시,토요일,충청북도 충주시 동량면,경상사고,0,0,1,0,차대차 - 추돌 - 주정차중,안전운전불이행,건조,맑음,단일로 - 기타,승용,남,56세,상해없음,승용,여,29세,경상
2015110700100509,2015년 11월 7일 15시,토요일,충청북도 음성군 금왕읍,경상사고,0,0,1,0,차대차 - 기타,교차로운행방법위반,습기,비,교차로 - 교차로안,승용,남,68세,상해없음,원동기,남,66세,경상
2015110700100510,2015년 11월 7일 15시,토요일,충청북도 음성군 생극면,경상사고,0,0,1,0,차량단독 - 공작물충돌,안전운전불이행,습기,비,단일로 - 기타,승용,남,48세,경상,,,,
2015110700100548,2015년 11월 7일 16시,토요일,충청북도 제천시 청전동,중상사고,0,1,2,0,차대차 - 측면직각충돌,직진우회전진행방해,습기,비,교차로 - 교차로안,이륜,남,60세,중상,승용,남,34세,경상
2015110700100554,2015년 11월 7일 16시,토요일,충청북도 청주시 흥덕구 석소동,중상사고,0,5,8,0,차대차 - 추돌 - 진행중,안전거리미확보,습기,비,단일로 - 기타,승용,남,32세,중상,승용,남,43세,중상
2015110700100594,2015년 11월 7일 17시,토요일,충청북도 증평군 증평읍,경상사고,0,0,1,0,차대차 - 기타,안전운전불이행,습기,비,교차로 - 교차로안,화물,남,57세,상해없음,승용,남,48세,경상
2015110700100661,2015년 11월 7일 18시,토요일,충청북도 충주시 연수동,경상사고,0,0,1,0,차대사람 - 횡단중,안전운전불이행,습기,비,단일로 - 기타,승용,남,44세,상해없음,보행자,남,19세,경상
2015110700100739,2015년 11월 7일 19시,토요일,충청북도 청주시 청원구 율량동,경상사고,0,0,1,0,차대차 - 측면직각충돌,안전운전불이행,습기,비,교차로 - 교차로안,승용,남,48세,상해없음,원동기,남,17세,경상
2015110700100740,2015년 11월 7일 19시,토요일,충청북도 제천시 청전동,경상사고,0,0,1,0,차대사람 - 횡단중,안전운전불이행,습기,비,교차로 - 교차로부근,승용,남,21세,상해없음,보행자,남,25세,경상
2015110700100799,2015년 11월 7일 20시,토요일,충청북도 청주시 청원구 율량동,경상사고,0,0,1,0,차대차 - 측면직각충돌,안전운전불이행,습기,비,단일로 - 기타,승용,남,30세,상해없음,원동기,남,45세,경상
2015110700100800,2015년 11월 7일 20시,토요일,충청북도 청주시 서원구 사창동,경상사고,0,0,1,0,차대차 - 기타,안전운전불이행,건조,맑음,교차로 - 교차로안,이륜,남,50세,경상,승용,여,27세,상해없음
2015110700100801,2015년 11월 7일 20시,토요일,충청북도 청주시 흥덕구 수의동,경상사고,0,0,1,0,차대차 - 측면직각충돌,불법유턴,습기,비,교차로 - 교차로부근,승용,남,64세,기타불명,승용,여,26세,경상
2015110700100922,2015년 11월 7일 22시,토요일,충청북도 청주시 청원구 내수읍,경상사고,0,0,2,0,차대차 - 추돌 - 진행중,안전운전불이행,습기,비,단일로 - 기타,승용,남,36세,상해없음,화물,남,33세,상해없음
2015110700100923,2015년 11월 7일 22시,토요일,충청북도 제천시 고명동,경상사고,0,0,1,0,차대차 - 측면직각충돌,안전운전불이행,습기,비,단일로 - 기타,승용,남,56세,경상,승용,남,34세,상해없음
2015110700100924,2015년 11월 7일 22시,토요일,충청북도 영동군 영동읍,경상사고,0,0,1,0,차대사람 - 기타,안전운전불이행,습기,비,단일로 - 기타,승용,남,35세,상해없음,보행자,남,47세,경상
2015110700100925,2015년 11월 7일 22시,토요일,충청북도 보은군 보은읍,중상사고,0,1,0,0,차대사람 - 기타,안전운전불이행,습기,비,기타 - 기타,기타불명,기타불명,기타불명,기타불명,보행자,남,20세,중상
2015110700100926,2015년 11월 7일 22시,토요일,충청북도 청주시 흥덕구 오송읍,경상사고,0,0,1,0,차대차 - 추돌 - 주정차중,안전운전불이행,습기,비,단일로 - 기타,승용,남,51세,상해없음,승용,남,27세,경상
2015110700100927,2015년 11월 7일 22시,토요일,충청북도 청주시 흥덕구 봉명동,경상사고,0,0,1,0,차대사람 - 길가장자리구역통행중,안전운전불이행,습기,비,교차로 - 교차로안,승용,남,29세,상해없음,보행자,여,31세,경상
2015110700100985,2015년 11월 7일 23시,토요일,충청북도 청주시 청원구 북이면,경상사고,0,0,2,0,차대차 - 추돌 - 진행중,안전운전불이행,건조,맑음,단일로 - 기타,승용,남,62세,상해없음,승용,남,46세,경상
2015110700100986,2015년 11월 7일 23시,토요일,충청북도 보은군 보은읍,중상사고,0,1,0,0,차대차 - 측면직각충돌,안전운전불이행,습기,비,교차로 - 교차로안,승용,남,43세,상해없음,화물,남,50세,중상
2015110800100145,2015년 11월 8일 04시,일요일,충청북도 충주시 목행동,경상사고,0,0,1,0,차량단독 - 공작물충돌,안전운전불이행,습기,비,단일로 - 기타,화물,남,61세,경상,,,,
2015110800100146,2015년 11월 8일 04시,일요일,충청북도 충주시 연수동,경상사고,0,0,3,0,차대차 - 추돌 - 주정차중,안전거리미확보,습기,비,교차로 - 교차로부근,승용,여,29세,상해없음,승용,남,47세,경상
2015110800100164,2015년 11월 8일 05시,일요일,충청북도 제천시 중앙로2가,중상사고,0,1,0,0,차량단독 - 기타,안전운전불이행,습기,비,교차로 - 교차로부근,승용,남,63세,기타불명,,,,
2015110800100253,2015년 11월 8일 10시,일요일,충청북도 충주시 목행동,경상사고,0,0,2,1,차대차 - 측면직각충돌,신호위반,기타,비,교차로 - 교차로안,화물,남,58세,부상신고,승용,여,38세,경상
2015110800100254,2015년 11월 8일 10시,일요일,충청북도 충주시 단월동,중상사고,0,6,0,0,차대차 - 기타,중앙선침범,습기,비,단일로 - 기타,화물,남,54세,중상,승용,남,40세,중상
2015110800100255,2015년 11월 8일 10시,일요일,충청북도 충주시 안림동,중상사고,0,1,0,0,차대사람 - 기타,신호위반,습기,비,교차로 - 교차로안,승용,남,65세,상해없음,보행자,여,87세,중상
2015110800100256,2015년 11월 8일 10시,일요일,충청북도 청주시 흥덕구 봉명동,경상사고,0,0,2,0,차대차 - 기타,안전운전불이행,건조,맑음,교차로 - 교차로부근,승용,남,34세,기타불명,승용,남,65세,경상
2015110800100284,2015년 11월 8일 11시,일요일,충청북도 충주시 교현동,경상사고,0,0,2,1,차대차 - 측면직각충돌,신호위반,습기,비,교차로 - 교차로안,화물,남,52세,부상신고,승용,여,24세,경상
2015110800100310,2015년 11월 8일 12시,일요일,충청북도 충주시 문화동,경상사고,0,0,1,0,차대사람 - 차도통행중,안전운전불이행,습기,비,단일로 - 기타,승용,남,39세,상해없음,보행자,남,32세,경상
2015110800100311,2015년 11월 8일 12시,일요일,충청북도 충주시 칠금동,중상사고,0,1,2,0,차대차 - 측면직각충돌,안전운전불이행,습기,비,교차로 - 교차로안,승용,남,31세,상해없음,승용,남,52세,중상
2015110800100312,2015년 11월 8일 12시,일요일,충청북도 청주시 흥덕구 가경동,경상사고,0,0,2,0,차대차 - 추돌 - 진행중,안전거리미확보,습기,비,교차로 - 교차로부근,승용,여,50세,상해없음,승용,남,57세,경상
2015110800100313,2015년 11월 8일 12시,일요일,충청북도 청주시 서원구 성화동,경상사고,0,0,1,0,차대차 - 측면직각충돌,교차로운행방법위반,습기,비,교차로 - 교차로안,승용,남,47세,상해없음,승용,남,31세,경상
2015110800100336,2015년 11월 8일 13시,일요일,충청북도 청주시 청원구 율량동,경상사고,0,0,1,0,차대사람 - 기타,안전운전불이행,습기,비,기타 - 기타,승용,남,43세,상해없음,보행자,여,25세,경상
2015110800100337,2015년 11월 8일 13시,일요일,충청북도 음성군 감곡면,중상사고,0,1,3,0,차대차 - 기타,중앙선침범,습기,비,단일로 - 기타,승용,여,42세,중상,승용,남,28세,경상
2015110800100338,2015년 11월 8일 13시,일요일,충청북도 청주시 상당구 영운동,경상사고,0,0,3,0,차대사람 - 기타,안전운전불이행,건조,맑음,기타 - 기타,승용,여,57세,상해없음,보행자,여,31세,경상
2015110800100368,2015년 11월 8일 14시,일요일,충청북도 청주시 서원구 성화동,경상사고,0,0,2,0,차대차 - 추돌 - 진행중,안전거리미확보,습기,비,교차로 - 교차로안,승용,남,27세,상해없음,승용,남,58세,경상
2015110800100522,2015년 11월 8일 18시,일요일,충청북도 진천군 진천읍,부상신고사고,0,0,0,1,차대차 - 기타,안전운전불이행,기타,맑음,교차로 - 교차로안,승용,여,53세,부상신고,승용,남,51세,상해없음
2015110800100523,2015년 11월 8일 18시,일요일,충청북도 청주시 흥덕구 수의동,경상사고,0,0,1,0,차대차 - 추돌 - 진행중,안전운전불이행,습기,비,단일로 - 기타,승용,남,23세,상해없음,승용,여,69세,경상
2015110800100567,2015년 11월 8일 19시,일요일,충청북도 청주시 흥덕구 강내면,부상신고사고,0,0,0,1,차대차 - 측면직각충돌,신호위반,건조,맑음,교차로 - 교차로안,이륜,남,55세,부상신고,승용,남,30세,상해없음
2015110800100568,2015년 11월 8일 19시,일요일,충청북도 청주시 흥덕구 운천동,중상사고,0,1,0,0,차대사람 - 횡단중,안전운전불이행,습기,비,교차로 - 교차로안,승용,남,27세,상해없음,보행자,남,53세,중상
2015110800100665,2015년 11월 8일 21시,일요일,충청북도 청주시 서원구 사창동,경상사고,0,0,1,0,차대차 - 기타,기타,습기,맑음,단일로 - 기타,승용,남,28세,상해없음,승용,여,57세,경상
2015110800100732,2015년 11월 8일 23시,일요일,충청북도 청주시 청원구 우암동,중상사고,0,1,0,0,차대사람 - 기타,안전운전불이행,습기,비,교차로 - 교차로안,승용,남,31세,상해없음,보행자,남,26세,중상
2015110900100020,2015년 11월 9일 00시,월요일,충청북도 청주시 청원구 내덕동,경상사고,0,0,1,0,차대사람 - 길가장자리구역통행중,안전운전불이행,습기,비,교차로 - 교차로부근,기타불명,기타불명,기타불명,기타불명,보행자,남,48세,경상
2015110900100021,2015년 11월 9일 00시,월요일,충청북도 제천시 화산동,중상사고,0,1,1,0,차대차 - 기타,안전운전불이행,습기,비,교차로 - 교차로부근,승용,남,42세,중상,승용,남,27세,경상
2015110900100138,2015년 11월 9일 07시,월요일,충청북도 진천군 광혜원면,중상사고,0,1,1,0,차대차 - 기타,교차로운행방법위반,건조,맑음,교차로 - 교차로안,승합,여,62세,상해없음,승용,남,50세,중상
2015110900100183,2015년 11월 9일 08시,월요일,충청북도 충주시 안림동,부상신고사고,0,0,0,1,차량단독 - 공작물충돌,안전운전불이행,습기,비,단일로 - 기타,승용,남,43세,부상신고,,,,
2015110900100231,2015년 11월 9일 09시,월요일,충청북도 진천군 진천읍,중상사고,0,1,1,0,차대차 - 추돌 - 주정차중,안전운전불이행,건조,맑음,교차로 - 교차로부근,화물,남,48세,상해없음,승용,여,50세,경상
2015110900100261,2015년 11월 9일 10시,월요일,충청북도 괴산군 사리면,중상사고,0,1,0,0,차대차 - 정면충돌,안전운전불이행,건조,맑음,교차로 - 교차로부근,승용,여,42세,상해없음,자전거,남,56세,중상
2015110900100291,2015년 11월 9일 11시,월요일,충청북도 보은군 마로면,경상사고,0,0,1,0,차대차 - 정면충돌,안전운전불이행,습기,흐림,단일로 - 기타,화물,남,74세,상해없음,화물,남,68세,경상
2015110900100292,2015년 11월 9일 11시,월요일,충청북도 청주시 흥덕구 가경동,중상사고,0,1,3,0,차대차 - 측면직각충돌,교차로운행방법위반,건조,맑음,교차로 - 교차로안,화물,남,30세,경상,승용,남,54세,중상
2015110900100355,2015년 11월 9일 13시,월요일,충청북도 청주시 흥덕구 가경동,경상사고,0,0,1,1,차대사람 - 횡단중,안전운전불이행,건조,맑음,교차로 - 교차로안,이륜,남,49세,부상신고,보행자,남,41세,경상
2015110900100379,2015년 11월 9일 14시,월요일,충청북도 충주시 교현동,경상사고,0,0,1,0,차대차 - 기타,기타,건조,맑음,단일로 - 기타,화물,남,43세,상해없음,승용,남,67세,경상
2015110900100380,2015년 11월 9일 14시,월요일,충청북도 옥천군 옥천읍,경상사고,0,0,1,0,차대사람 - 보도통행중,보행자보호의무위반,건조,맑음,단일로 - 기타,승용,남,36세,상해없음,보행자,남,13세,경상
2015110900100440,2015년 11월 9일 16시,월요일,충청북도 청주시 청원구 주성동,경상사고,0,0,1,0,차대차 - 추돌 - 주정차중,안전운전불이행,건조,맑음,단일로 - 기타,승용,남,48세,상해없음,화물,남,29세,경상
2015110900100486,2015년 11월 9일 17시,월요일,충청북도 괴산군 장연면,사망사고,1,0,2,0,차대차 - 추돌 - 주정차중,안전운전불이행,건조,맑음,단일로 - 기타,승용,남,73세,경상,화물,남,59세,기타불명
2015110900100487,2015년 11월 9일 17시,월요일,충청북도 증평군 증평읍,경상사고,0,0,1,0,차대차 - 측면직각충돌,안전운전불이행,건조,맑음,교차로 - 교차로부근,자전거,여,32세,경상,승용,남,38세,상해없음
2015110900100488,2015년 11월 9일 17시,월요일,충청북도 청주시 흥덕구 복대동,경상사고,0,0,1,0,차대차 - 추돌 - 진행중,안전운전불이행,건조,맑음,교차로 - 교차로부근,승용,남,38세,상해없음,이륜,남,41세,경상
2015110900100489,2015년 11월 9일 17시,월요일,충청북도 청주시 상당구 미원면,경상사고,0,0,1,0,차대차 - 기타,안전운전불이행,건조,맑음,단일로 - 기타,승용,남,41세,상해없음,농기계,남,54세,경상
2015110900100545,2015년 11월 9일 18시,월요일,충청북도 청주시 서원구 수곡동,경상사고,0,0,2,0,차대차 - 측면직각충돌,교차로운행방법위반,건조,맑음,교차로 - 교차로안,승용,여,25세,상해없음,승용,남,47세,경상
2015110900100546,2015년 11월 9일 18시,월요일,충청북도 청주시 상당구 남문로1가동,중상사고,0,1,0,0,차대차 - 기타,안전운전불이행,건조,맑음,교차로 - 교차로부근,승용,여,59세,상해없음,승용,여,59세,중상
2015110900100603,2015년 11월 9일 19시,월요일,충청북도 음성군 원남면,중상사고,0,1,0,0,차대사람 - 차도통행중,안전운전불이행,건조,맑음,단일로 - 기타,화물,남,54세,상해없음,보행자,남,28세,중상
2015110900100636,2015년 11월 9일 20시,월요일,충청북도 청주시 상당구 수동,경상사고,0,0,5,0,차대차 - 추돌 - 주정차중,안전운전불이행,건조,맑음,단일로 - 기타,화물,남,52세,상해없음,승용,여,47세,경상
2015110900100637,2015년 11월 9일 20시,월요일,충청북도 청주시 흥덕구 강서동,경상사고,0,0,1,0,차대차 - 측면직각충돌,교차로운행방법위반,습기,흐림,교차로 - 교차로안,승용,남,48세,상해없음,승용,남,35세,경상
2015110900100638,2015년 11월 9일 20시,월요일,충청북도 청주시 서원구 미평동,중상사고,0,1,1,0,차대차 - 측면직각충돌,안전운전불이행,건조,맑음,교차로 - 교차로안,승용,남,50세,상해없음,화물,여,22세,중상
2015110900100668,2015년 11월 9일 21시,월요일,충청북도 청주시 청원구 율량동,경상사고,0,0,1,0,차대차 - 기타,안전운전불이행,건조,맑음,교차로 - 교차로안,승용,남,40세,상해없음,승용,남,28세,경상
2015110900100669,2015년 11월 9일 21시,월요일,충청북도 청주시 서원구 모충동,경상사고,0,0,2,0,차대차 - 추돌 - 진행중,안전운전불이행,건조,맑음,단일로 - 기타,승합,남,56세,상해없음,승용,남,45세,경상
2015110900100698,2015년 11월 9일 22시,월요일,충청북도 청주시 상당구 용암동,경상사고,0,0,1,0,차대사람 - 기타,안전운전불이행,습기,흐림,교차로 - 교차로부근,기타불명,기타불명,기타불명,기타불명,보행자,남,50세,경상
2015111000100037,2015년 11월 10일 02시,화요일,충청북도 청주시 상당구 금천동,중상사고,0,1,0,0,차대사람 - 기타,안전운전불이행,건조,맑음,단일로 - 기타,승용,남,24세,상해없음,보행자,남,25세,중상
2015111000100055,2015년 11월 10일 04시,화요일,충청북도 청주시 서원구 성화동,중상사고,0,1,1,0,차대차 - 측면직각충돌,신호위반,건조,맑음,교차로 - 교차로부근,화물,남,60세,경상,화물,남,26세,중상
2015111000100061,2015년 11월 10일 05시,화요일,충청북도 충주시 금릉동,중상사고,0,1,0,0,차대차 - 기타,안전운전불이행,건조,맑음,교차로 - 교차로안,화물,남,27세,상해없음,자전거,남,80세,중상
2015111000100079,2015년 11월 10일 06시,화요일,충청북도 음성군 대소면,중상사고,0,7,5,1,차대차 - 측면직각충돌,신호위반,건조,맑음,교차로 - 교차로안,화물,남,44세,부상신고,승합,여,51세,중상
2015111000100080,2015년 11월 10일 06시,화요일,충청북도 청주시 상당구 운동동,경상사고,0,0,1,0,차대사람 - 차도통행중,안전운전불이행,건조,맑음,단일로 - 기타,기타불명,기타불명,기타불명,기타불명,보행자,남,54세,경상
2015111000100104,2015년 11월 10일 07시,화요일,충청북도 진천군 문백면,중상사고,0,1,2,0,차대차 - 추돌 - 주정차중,안전운전불이행,건조,맑음,단일로 - 터널,화물,남,53세,경상,승용,남,34세,중상
2015111000100105,2015년 11월 10일 07시,화요일,충청북도 진천군 문백면,경상사고,0,0,2,0,차대차 - 추돌 - 주정차중,안전운전불이행,건조,맑음,단일로 - 터널,승용,남,34세,경상,승용,남,38세,경상
2015111000100181,2015년 11월 10일 09시,화요일,충청북도 청주시 서원구 사창동,경상사고,0,0,1,0,차대차 - 기타,신호위반,건조,맑음,단일로 - 횡단보도상,승용,남,25세,기타불명,자전거,여,23세,경상
2015111000100209,2015년 11월 10일 10시,화요일,충청북도 증평군 증평읍,부상신고사고,0,0,0,1,차대차 - 측면직각충돌,안전운전불이행,건조,맑음,교차로 - 교차로부근,자전거,남,66세,부상신고,승용,남,49세,상해없음
2015111000100210,2015년 11월 10일 10시,화요일,충청북도 옥천군 옥천읍,경상사고,0,0,1,0,차대차 - 추돌 - 진행중,안전거리미확보,건조,맑음,단일로 - 기타,이륜,남,81세,경상,승용,남,52세,상해없음
2015111000100211,2015년 11월 10일 10시,화요일,충청북도 청주시 흥덕구 복대동,경상사고,0,0,1,0,차대차 - 측면직각충돌,중앙선침범,건조,맑음,교차로 - 교차로부근,승용,남,59세,경상,승용,남,52세,상해없음
2015111000100268,2015년 11월 10일 12시,화요일,충청북도 충주시 교현동,경상사고,0,0,1,1,차대차 - 기타,안전운전불이행,건조,흐림,단일로 - 기타,승용,여,51세,부상신고,승용,남,64세,경상
2015111000100293,2015년 11월 10일 13시,화요일,충청북도 청주시 청원구 내덕동,중상사고,0,2,7,0,차대차 - 기타,안전운전불이행,건조,맑음,교차로 - 교차로부근,승용,여,55세,상해없음,승합,남,34세,경상
2015111000100325,2015년 11월 10일 14시,화요일,충청북도 제천시 하소동,경상사고,0,0,2,0,차대차 - 기타,신호위반,건조,맑음,교차로 - 교차로안,승용,여,34세,경상,승용,여,52세,경상
2015111000100326,2015년 11월 10일 14시,화요일,충청북도 영동군 영동읍,경상사고,0,0,2,0,차대차 - 측면직각충돌,교차로운행방법위반,건조,맑음,교차로 - 교차로안,승용,남,39세,상해없음,승용,여,30세,경상
2015111000100327,2015년 11월 10일 14시,화요일,충청북도 진천군 진천읍,경상사고,0,0,2,0,차대차 - 추돌 - 진행중,안전거리미확보,건조,맑음,단일로 - 기타,화물,남,65세,상해없음,승용,남,52세,경상
2015111000100328,2015년 11월 10일 14시,화요일,충청북도 청주시 흥덕구 봉명동,중상사고,0,1,0,0,차대차 - 정면충돌,중앙선침범,건조,맑음,교차로 - 교차로안,원동기,남,71세,중상,승용,남,55세,상해없음
2015111000100349,2015년 11월 10일 15시,화요일,충청북도 제천시 청전동,중상사고,0,1,0,0,차대차 - 기타,신호위반,건조,맑음,교차로 - 교차로안,승용,여,47세,상해없음,자전거,남,76세,중상
2015111000100350,2015년 11월 10일 15시,화요일,충청북도 제천시 동현동,경상사고,0,0,2,0,차대차 - 기타,안전운전불이행,건조,맑음,기타 - 기타,승용,여,45세,경상,화물,남,46세,경상
2015111000100388,2015년 11월 10일 16시,화요일,충청북도 진천군 진천읍,중상사고,0,1,3,0,차대차 - 측면직각충돌,차로위반,건조,맑음,기타 - 기타,승용,남,69세,경상,승용,여,41세,경상