사고번호,사고일시,요일,시군구,사고내용,사망자수,중상자수,경상자수,부상신고자수,사고유형,법규위반,노면상태,기상상태,도로형태,가해운전자 차종,가해운전자 성별,가해운전자 연령,가해운전자 상해정도,피해운전자 차종,피해운전자 성별,피해운전자 연령,피해운전자 상해정도
2015111300100883,2015년 11월 13일 22시,금요일,충청북도 청주시 흥덕구 가경동,경상사고,0,0,2,0,차대차 - 기타,중앙선침범,습기,비,단일로 - 기타,승용,남,41세,경상,승용,남,53세,경상
2015111300100884,2015년 11월 13일 22시,금요일,충청북도 청주시 흥덕구 복대동,경상사고,0,0,1,0,차대차 - 기타,안전운전불이행,습기,비,교차로 - 교차로부근,승용,남,50세,상해없음,이륜,남,35세,경상
2015111300100943,2015년 11월 13일 23시,금요일,충청북도 제천시 봉양읍,중상사고,0,1,3,0,차대차 - 추돌 - 진행중,안전운전불이행,습기,비,단일로 - 기타,승용,남,44세,상해없음,승용,남,39세,중상
2015111300100944,2015년 11월 13일 23시,금요일,충청북도 청주시 흥덕구 복대동,중상사고,0,1,1,0,차대차 - 기타,중앙선침범,습기,비,단일로 - 기타,승용,여,54세,상해없음,승용,남,48세,중상
2015111400100023,2015년 11월 14일 00시,토요일,충청북도 음성군 금왕읍,중상사고,0,1,0,0,차량단독 - 공작물충돌,안전운전불이행,습기,비,교차로 - 교차로안,승용,남,54세,중상,,,,
2015111400100024,2015년 11월 14일 00시,토요일,충청북도 단양군 매포읍,중상사고,0,1,0,0,차량단독 - 공작물충돌,안전운전불이행,습기,비,단일로 - 기타,승용,남,31세,상해없음,,,,
2015111400100025,2015년 11월 14일 00시,토요일,충청북도 단양군 매포읍,경상사고,0,0,1,0,차량단독 - 기타,안전운전불이행,습기,비,미분류 - 미분류,승용,남,59세,경상,,,,
2015111400100026,2015년 11월 14일 00시,토요일,충청북도 청주시 흥덕구 봉명동,경상사고,0,0,1,0,차대차 - 기타,안전운전불이행,습기,비,단일로 - 기타,승용,여,47세,상해없음,승용,남,60세,경상
2015111400100027,2015년 11월 14일 00시,토요일,충청북도 청주시 상당구 용암동,중상사고,0,1,0,0,차대차 - 측면직각충돌,신호위반,습기,비,교차로 - 교차로안,기타불명,기타불명,기타불명,기타불명,승용,여,45세,중상
2015111400100061,2015년 11월 14일 01시,토요일,충청북도 청주시 청원구 오창읍,경상사고,0,0,1,0,차대차 - 추돌 - 진행중,안전운전불이행,습기,비,단일로 - 기타,승합,남,39세,상해없음,승용,여,25세,경상
2015111400100062,2015년 11월 14일 01시,토요일,충청북도 제천시 화산동,경상사고,0,0,2,0,차대차 - 추돌 - 진행중,안전운전불이행,건조,맑음,교차로 - 교차로부근,승용,여,49세,기타불명,승용,남,31세,경상
2015111400100063,2015년 11월 14일 01시,토요일,충청북도 청주시 상당구 금천동,경상사고,0,0,3,0,차대차 - 측면직각충돌,신호위반,건조,맑음,교차로 - 교차로안,승용,남,54세,상해없음,승용,여,39세,경상
2015111400100101,2015년 11월 14일 02시,토요일,충청북도 청주시 흥덕구 비하동,경상사고,0,0,3,0,차대차 - 기타,안전운전불이행,습기,비,교차로 - 교차로안,승용,여,48세,상해없음,승용,여,50세,경상
2015111400100102,2015년 11월 14일 02시,토요일,충청북도 청주시 서원구 모충동,경상사고,0,0,1,0,차대사람 - 기타,안전운전불이행,습기,비,교차로 - 교차로안,승용,남,25세,상해없음,보행자,남,23세,경상
2015111400100173,2015년 11월 14일 05시,토요일,충청북도 충주시 연수동,부상신고사고,0,0,0,1,차대차 - 기타,직진우회전진행방해,습기,비,교차로 - 교차로안,승용,남,63세,부상신고,승용,남,22세,상해없음
2015111400100174,2015년 11월 14일 05시,토요일,충청북도 청주시 흥덕구 복대동,중상사고,0,1,3,0,차대차 - 측면직각충돌,안전운전불이행,습기,비,단일로 - 기타,승용,남,28세,상해없음,승용,남,45세,중상
2015111400100217,2015년 11월 14일 07시,토요일,충청북도 청주시 흥덕구 복대동,경상사고,0,0,2,0,차대차 - 측면직각충돌,안전운전불이행,건조,맑음,단일로 - 기타,승용,남,23세,상해없음,승용,남,48세,경상
2015111400100243,2015년 11월 14일 08시,토요일,충청북도 진천군 문백면,경상사고,0,0,2,0,차대차 - 기타,안전거리미확보,건조,맑음,단일로 - 기타,승합,남,59세,상해없음,승용,여,56세,경상
2015111400100244,2015년 11월 14일 08시,토요일,충청북도 진천군 진천읍,중상사고,0,1,0,0,차대차 - 기타,안전운전불이행,습기,비,단일로 - 기타,승용,남,52세,상해없음,화물,남,56세,상해없음
2015111400100273,2015년 11월 14일 09시,토요일,충청북도 보은군 내북면,중상사고,0,1,0,0,차대차 - 측면직각충돌,교차로운행방법위반,습기,흐림,교차로 - 교차로안,승용,여,56세,중상,건설기계,남,53세,상해없음
2015111400100305,2015년 11월 14일 10시,토요일,충청북도 제천시 장락동,경상사고,0,0,1,0,차량단독 - 공작물충돌,안전운전불이행,습기,흐림,단일로 - 기타,승용,남,47세,상해없음,,,,
2015111400100306,2015년 11월 14일 10시,토요일,충청북도 단양군 영춘면,중상사고,0,1,0,0,차대사람 - 기타,안전운전불이행,습기,흐림,교차로 - 교차로안,승용,여,49세,상해없음,보행자,여,72세,중상
2015111400100307,2015년 11월 14일 10시,토요일,충청북도 청주시 서원구 남이면,경상사고,0,0,2,0,차대차 - 추돌 - 진행중,안전거리미확보,건조,맑음,교차로 - 교차로부근,화물,남,56세,상해없음,승용,남,23세,경상
2015111400100338,2015년 11월 14일 11시,토요일,충청북도 영동군 영동읍,중상사고,0,1,1,0,차대차 - 측면직각충돌,교차로운행방법위반,건조,맑음,교차로 - 교차로안,화물,남,72세,상해없음,승용,여,46세,경상
2015111400100339,2015년 11월 14일 11시,토요일,충청북도 보은군 회인면,경상사고,0,0,3,0,차대차 - 측면직각충돌,신호위반,습기,흐림,교차로 - 교차로안,승용,여,48세,상해없음,승용,남,55세,경상
2015111400100340,2015년 11월 14일 11시,토요일,충청북도 청주시 상당구 용정동,중상사고,0,1,0,0,차대차 - 기타,안전운전불이행,습기,맑음,단일로 - 기타,화물,남,65세,상해없음,자전거,남,36세,중상
2015111400100369,2015년 11월 14일 12시,토요일,충청북도 제천시 모산동,중상사고,0,1,0,0,차대차 - 추돌 - 주정차중,안전운전불이행,건조,맑음,교차로 - 교차로부근,승용,여,39세,상해없음,화물,남,56세,중상
2015111400100396,2015년 11월 14일 13시,토요일,충청북도 제천시 하소동,경상사고,0,0,2,0,차대차 - 추돌 - 진행중,안전운전불이행,건조,맑음,교차로 - 교차로안,승용,남,43세,기타불명,승용,남,58세,경상
2015111400100433,2015년 11월 14일 14시,토요일,충청북도 충주시 교현동,중상사고,0,1,0,0,차대차 - 측면직각충돌,안전운전불이행,건조,맑음,단일로 - 기타,승용,여,47세,기타불명,승용,여,26세,중상
2015111400100468,2015년 11월 14일 15시,토요일,충청북도 청주시 서원구 죽림동,중상사고,0,1,0,0,차대차 - 측면직각충돌,신호위반,건조,맑음,교차로 - 교차로안,승용,여,61세,상해없음,승용,여,47세,중상
2015111400100501,2015년 11월 14일 16시,토요일,충청북도 단양군 단양읍,중상사고,0,2,0,0,차량단독 - 기타,안전운전불이행,건조,맑음,단일로 - 기타,농기계,여,64세,상해없음,,,,
2015111400100502,2015년 11월 14일 16시,토요일,충청북도 청주시 상당구 미원면,경상사고,0,0,1,0,차대차 - 기타,중앙선침범,건조,맑음,단일로 - 기타,승용,남,56세,상해없음,승용,여,32세,경상
2015111400100548,2015년 11월 14일 17시,토요일,충청북도 청주시 청원구 내덕동,경상사고,0,0,1,0,차대차 - 기타,안전운전불이행,습기,비,교차로 - 교차로부근,화물,남,55세,상해없음,승용,남,26세,경상
2015111400100549,2015년 11월 14일 17시,토요일,충청북도 충주시 칠금동,경상사고,0,0,3,0,차대차 - 기타,안전거리미확보,건조,흐림,교차로 - 교차로안,승용,남,56세,상해없음,승용,남,33세,경상
2015111400100550,2015년 11월 14일 17시,토요일,충청북도 충주시 지현동,경상사고,0,0,1,0,차대차 - 기타,안전거리미확보,건조,흐림,교차로 - 교차로부근,승용,여,28세,상해없음,승용,남,55세,경상
2015111400100617,2015년 11월 14일 18시,토요일,충청북도 청주시 청원구 내수읍,경상사고,0,0,1,0,차대차 - 기타,안전운전불이행,건조,맑음,교차로 - 교차로부근,승용,남,40세,상해없음,승용,여,48세,경상
2015111400100618,2015년 11월 14일 18시,토요일,충청북도 충주시 용두동,경상사고,0,0,3,0,차대차 - 기타,안전거리미확보,건조,맑음,단일로 - 기타,화물,남,34세,상해없음,승용,남,18세,경상
2015111400100619,2015년 11월 14일 18시,토요일,충청북도 음성군 금왕읍,중상사고,0,1,1,0,차대사람 - 횡단중,안전운전불이행,건조,흐림,교차로 - 교차로안,이륜,남,18세,경상,보행자,남,9세,중상
2015111400100661,2015년 11월 14일 19시,토요일,충청북도 청주시 흥덕구 오송읍,중상사고,0,1,0,0,차대차 - 기타,안전운전불이행,건조,맑음,단일로 - 기타,이륜,남,78세,중상,화물,남,59세,기타불명
2015111400100706,2015년 11월 14일 20시,토요일,충청북도 청주시 상당구 북문로2가동,경상사고,0,0,3,0,차대차 - 측면직각충돌,교차로운행방법위반,건조,맑음,교차로 - 교차로안,화물,남,25세,경상,승합,남,52세,경상
2015111400100768,2015년 11월 14일 22시,토요일,충청북도 청주시 청원구 오창읍,경상사고,0,0,1,0,차대사람 - 횡단중,보행자보호의무위반,건조,맑음,단일로 - 횡단보도상,승합,남,51세,상해없음,보행자,여,19세,경상
2015111400100769,2015년 11월 14일 22시,토요일,충청북도 음성군 감곡면,중상사고,0,1,1,0,차대사람 - 기타,안전운전불이행,건조,맑음,단일로 - 기타,이륜,남,40세,중상,보행자,남,25세,경상
2015111400100770,2015년 11월 14일 22시,토요일,충청북도 음성군 감곡면,중상사고,0,1,0,0,차량단독 - 기타,안전운전불이행,습기,비,단일로 - 기타,이륜,남,36세,중상,,,,
2015111400100771,2015년 11월 14일 22시,토요일,충청북도 청주시 상당구 서운동,중상사고,0,1,0,0,차대사람 - 기타,안전운전불이행,건조,흐림,교차로 - 교차로안,이륜,남,55세,상해없음,보행자,남,51세,중상
2015111400100795,2015년 11월 14일 23시,토요일,충청북도 제천시 신백동,중상사고,0,1,0,0,차대차 - 측면직각충돌,신호위반,습기,흐림,교차로 - 교차로안,승용,여,24세,상해없음,승용,여,38세,중상
2015111400100796,2015년 11월 14일 23시,토요일,충청북도 음성군 금왕읍,중상사고,0,1,0,0,차대사람 - 기타,안전운전불이행,건조,맑음,교차로 - 교차로안,승용,남,23세,상해없음,보행자,여,18세,중상
2015111400100797,2015년 11월 14일 23시,토요일,충청북도 음성군 금왕읍,중상사고,0,1,0,0,차대차 - 추돌 - 진행중,안전운전불이행,건조,맑음,단일로 - 기타,승용,남,41세,상해없음,원동기,남,73세,중상
2015111400100798,2015년 11월 14일 23시,토요일,충청북도 청주시 서원구 개신동,경상사고,0,0,1,0,차량단독 - 기타,안전운전불이행,건조,맑음,교차로 - 교차로안,이륜,남,53세,경상,,,,
2015111500100010,2015년 11월 15일 00시,일요일,충청북도 청주시 서원구 사창동,경상사고,0,0,3,0,차대차 - 측면직각충돌,안전운전불이행,건조,맑음,단일로 - 기타,승용,남,32세,상해없음,승용,남,53세,경상
2015111500100011,2015년 11월 15일 00시,일요일,충청북도 진천군 진천읍,경상사고,0,0,2,0,차대차 - 측면직각충돌,교차로운행방법위반,건조,맑음,교차로 - 교차로안,승용,남,44세,경상,승용,남,38세,경상
2015111500100057,2015년 11월 15일 03시,일요일,충청북도 청주시 흥덕구 복대동,경상사고,0,0,1,0,차대차 - 측면직각충돌,신호위반,건조,맑음,단일로 - 기타,이륜,남,18세,경상,승용,남,29세,상해없음
2015111500100133,2015년 11월 15일 09시,일요일,충청북도 제천시 의림동,경상사고,0,0,1,0,차대차 - 측면직각충돌,직진우회전진행방해,건조,맑음,교차로 - 교차로안,승용,남,55세,상해없음,승용,남,64세,경상
2015111500100154,2015년 11월 15일 10시,일요일,충청북도 청주시 청원구 율량동,경상사고,0,0,1,0,차대차 - 추돌 - 진행중,안전운전불이행,건조,맑음,교차로 - 교차로부근,승용,남,59세,상해없음,승용,여,26세,경상
2015111500100236,2015년 11월 15일 13시,일요일,충청북도 청주시 서원구 분평동,경상사고,0,0,1,0,차대사람 - 기타,안전운전불이행,건조,맑음,단일로 - 기타,승용,여,55세,상해없음,보행자,여,24세,경상
2015111500100273,2015년 11월 15일 14시,일요일,충청북도 청주시 청원구 우암동,경상사고,0,0,1,0,차대차 - 기타,안전운전불이행,건조,맑음,단일로 - 기타,승용,남,55세,상해없음,승용,여,60세,경상
2015111500100303,2015년 11월 15일 15시,일요일,충청북도 충주시 달천동,중상사고,0,1,4,0,차대차 - 추돌 - 주정차중,안전운전불이행,건조,맑음,미분류 - 미분류,승용,남,27세,상해없음,승용,남,62세,경상
2015111500100327,2015년 11월 15일 16시,일요일,충청북도 청주시 청원구 오창읍,경상사고,0,0,2,0,차대차 - 추돌 - 진행중,안전운전불이행,건조,맑음,단일로 - 기타,승용,남,33세,상해없음,승용,여,45세,경상
2015111500100363,2015년 11월 15일 17시,일요일,충청북도 제천시 덕산면,중상사고,0,1,1,0,차대차 - 측면직각충돌,중앙선침범,건조,맑음,단일로 - 기타,화물,남,65세,상해없음,승용,남,42세,경상
2015111500100415,2015년 11월 15일 18시,일요일,충청북도 청주시 청원구 율량동,경상사고,0,0,8,0,차대차 - 추돌 - 진행중,안전운전불이행,건조,흐림,단일로 - 터널,승용,남,23세,상해없음,승용,남,37세,경상
2015111500100416,2015년 11월 15일 18시,일요일,충청북도 청주시 청원구 내수읍,경상사고,0,0,2,0,차대차 - 기타,안전운전불이행,건조,맑음,교차로 - 교차로부근,승용,남,53세,상해없음,승용,남,49세,상해없음
2015111500100418,2015년 11월 15일 18시,일요일,충청북도 충주시 교현동,중상사고,0,1,0,0,차대차 - 기타,안전거리미확보,건조,맑음,단일로 - 기타,승용,남,33세,상해없음,이륜,남,16세,중상
2015111500100419,2015년 11월 15일 18시,일요일,충청북도 청주시 흥덕구 강서동,경상사고,0,0,1,1,차대차 - 측면직각충돌,신호위반,건조,맑음,교차로 - 교차로안,승용,남,58세,상해없음,승용,남,24세,경상
2015111500100463,2015년 11월 15일 19시,일요일,충청북도 옥천군 청성면,중상사고,0,20,19,2,차량단독 - 전도전복,과속,습기,흐림,단일로 - 기타,승합,남,48세,부상신고,,,,
2015111500100464,2015년 11월 15일 19시,일요일,충청북도 청주시 서원구 남이면,경상사고,0,0,1,0,차대사람 - 차도통행중,안전운전불이행,건조,맑음,단일로 - 기타,승용,남,29세,상해없음,보행자,남,59세,경상
2015111500100465,2015년 11월 15일 19시,일요일,충청북도 청주시 상당구 용암동,중상사고,0,1,0,0,차대차 - 기타,안전운전불이행,습기,맑음,교차로 - 교차로안,승용,남,18세,상해없음,이륜,남,33세,중상
2015111500100488,2015년 11월 15일 20시,일요일,충청북도 청주시 청원구 오창읍,경상사고,0,0,2,0,차대차 - 추돌 - 주정차중,안전운전불이행,건조,맑음,단일로 - 기타,승용,여,39세,상해없음,승용,남,39세,상해없음
2015111500100493,2015년 11월 15일 20시,일요일,충청북도 청주시 서원구 남이면,경상사고,0,0,1,0,차대차 - 추돌 - 진행중,안전거리미확보,건조,맑음,단일로 - 기타,승용,남,60세,상해없음,승용,남,51세,경상
2015111500100515,2015년 11월 15일 21시,일요일,충청북도 청주시 청원구 우암동,경상사고,0,0,3,0,차대차 - 기타,안전운전불이행,건조,맑음,단일로 - 기타,승용,남,35세,상해없음,승합,남,24세,경상
2015111500100541,2015년 11월 15일 22시,일요일,충청북도 청주시 청원구 내덕동,경상사고,0,0,1,0,차대차 - 기타,교차로운행방법위반,습기,비,교차로 - 교차로부근,승합,남,52세,상해없음,승용,여,31세,경상
2015111500100542,2015년 11월 15일 22시,일요일,충청북도 청주시 흥덕구 봉명동,중상사고,0,1,0,0,차대사람 - 길가장자리구역통행중,안전운전불이행,건조,맑음,단일로 - 기타,승용,남,48세,상해없음,보행자,여,56세,중상
2015111500100562,2015년 11월 15일 23시,일요일,충청북도 충주시 봉방동,경상사고,0,0,1,0,차량단독 - 공작물충돌,안전운전불이행,건조,맑음,단일로 - 기타,승용,남,54세,상해없음,,,,
2015111600100005,2015년 11월 16일 00시,월요일,충청북도 제천시 하소동,부상신고사고,0,0,0,1,차대차 - 기타,중앙선침범,건조,맑음,교차로 - 교차로부근,이륜,기타불명,기타불명,기타불명,승용,남,45세,상해없음
2015111600100029,2015년 11월 16일 03시,월요일,충청북도 청주시 상당구 북문로1가동,중상사고,0,3,1,0,차대차 - 측면직각충돌,신호위반,건조,맑음,교차로 - 교차로안,승용,남,36세,경상,승용,여,26세,중상
2015111600100082,2015년 11월 16일 07시,월요일,충청북도 음성군 대소면,경상사고,0,0,1,0,차대차 - 측면직각충돌,안전운전불이행,건조,맑음,단일로 - 기타,승용,남,71세,상해없음,승합,남,71세,상해없음
2015111600100116,2015년 11월 16일 08시,월요일,충청북도 청주시 청원구 외하동,중상사고,0,1,4,0,차대차 - 추돌 - 진행중,안전운전불이행,기타,안개,단일로 - 기타,화물,남,65세,상해없음,특수,남,46세,중상
2015111600100117,2015년 11월 16일 08시,월요일,충청북도 제천시 청전동,중상사고,0,2,3,0,차대차 - 추돌 - 진행중,안전운전불이행,건조,맑음,교차로 - 교차로부근,승용,남,58세,상해없음,승용,남,63세,중상
2015111600100118,2015년 11월 16일 08시,월요일,충청북도 청주시 서원구 모충동,경상사고,0,0,1,0,차대차 - 기타,교차로운행방법위반,건조,맑음,교차로 - 교차로안,승용,여,39세,상해없음,자전거,남,13세,경상
2015111600100158,2015년 11월 16일 09시,월요일,충청북도 청주시 흥덕구 봉명동,경상사고,0,0,2,0,차대차 - 기타,안전운전불이행,건조,맑음,교차로 - 교차로부근,승용,남,49세,상해없음,승용,남,56세,경상
2015111600100159,2015년 11월 16일 09시,월요일,충청북도 청주시 흥덕구 신봉동,경상사고,0,0,1,0,차대사람 - 횡단중,안전운전불이행,건조,맑음,교차로 - 교차로부근,기타불명,기타불명,기타불명,기타불명,보행자,남,48세,경상
2015111600100190,2015년 11월 16일 10시,월요일,충청북도 단양군 단양읍,중상사고,0,1,0,0,차대사람 - 차도통행중,안전운전불이행,건조,맑음,단일로 - 기타,화물,남,78세,상해없음,보행자,남,41세,중상
2015111600100224,2015년 11월 16일 11시,월요일,충청북도 청주시 상당구 금천동,중상사고,0,1,1,0,차대차 - 기타,교차로운행방법위반,건조,맑음,교차로 - 교차로안,승용,남,34세,경상,승용,여,42세,중상
2015111600100255,2015년 11월 16일 12시,월요일,충청북도 충주시 단월동,중상사고,0,1,0,0,차대차 - 기타,안전거리미확보,건조,맑음,단일로 - 기타,승용,여,79세,상해없음,화물,남,60세,중상
2015111600100283,2015년 11월 16일 13시,월요일,충청북도 보은군 보은읍,사망사고,1,0,0,0,차대차 - 정면충돌,중앙선침범,건조,흐림,단일로 - 기타,자전거,여,73세,사망,화물,남,78세,상해없음
2015111600100284,2015년 11월 16일 13시,월요일,충청북도 청주시 흥덕구 복대동,경상사고,0,0,1,0,차대차 - 기타,신호위반,습기,비,교차로 - 교차로안,화물,남,41세,상해없음,승용,남,34세,경상
2015111600100316,2015년 11월 16일 14시,월요일,충청북도 청주시 서원구 현도면,경상사고,0,0,1,0,차대차 - 추돌 - 주정차중,안전운전불이행,습기,비,교차로 - 교차로부근,화물,남,68세,상해없음,승용,남,69세,경상
2015111600100317,2015년 11월 16일 14시,월요일,충청북도 청주시 상당구 용정동,경상사고,0,0,1,0,차대차 - 측면직각충돌,신호위반,습기,맑음,교차로 - 교차로안,승용,여,46세,상해없음,승용,남,70세,경상
2015111600100405,2015년 11월 16일 16시,월요일,충청북도 단양군 단양읍,경상사고,0,0,1,0,차대차 - 측면직각충돌,직진우회전진행방해,습기,비,교차로 - 교차로안,승용,남,68세,상해없음,승용,여,46세,경상
2015111600100406,2015년 11월 16일 16시,월요일,충청북도 청주시 상당구 금천동,경상사고,0,0,1,0,차대차 - 기타,안전운전불이행,습기,흐림,단일로 - 기타,승용,여,25세,상해없음,자전거,남,49세,경상
2015111600100463,2015년 11월 16일 17시,월요일,충청북도 청주시 상당구 용암동,중상사고,0,1,0,0,차대사람 - 횡단중,보행자보호의무위반,습기,비,단일로 - 기타,승용,여,53세,상해없음,보행자,여,11세,중상
2015111600100464,2015년 11월 16일 17시,월요일,충청북도 청주시 상당구 문화동,중상사고,0,1,0,0,차대차 - 추돌 - 진행중,안전거리미확보,습기,비,단일로 - 기타,승용,남,51세,상해없음,승용,여,50세,중상
2015111600100465,2015년 11월 16일 17시,월요일,충청북도 청주시 상당구 금천동,경상사고,0,0,1,0,차대사람 - 횡단중,안전운전불이행,습기,비,교차로 - 교차로부근,승용,남,57세,상해없음,보행자,여,17세,경상
2015111600100542,2015년 11월 16일 18시,월요일,충청북도 청주시 청원구 내덕동,경상사고,0,0,1,0,차대차 - 측면직각충돌,교차로운행방법위반,습기,비,교차로 - 교차로안,승용,남,50세,상해없음,이륜,남,17세,경상
2015111600100543,2015년 11월 16일 18시,월요일,충청북도 청주시 청원구 오창읍,중상사고,0,1,7,0,차대차 - 추돌 - 주정차중,안전운전불이행,습기,비,단일로 - 기타,화물,남,44세,상해없음,승용,남,32세,경상
2015111600100544,2015년 11월 16일 18시,월요일,충청북도 충주시 안림동,경상사고,0,0,1,0,차대차 - 기타,안전거리미확보,습기,비,단일로 - 기타,승용,남,57세,상해없음,승용,남,50세,경상
2015111600100545,2015년 11월 16일 18시,월요일,충청북도 충주시 금릉동,부상신고사고,0,0,0,1,차대차 - 기타,안전거리미확보,습기,비,단일로 - 기타,승용,남,51세,부상신고,승용,여,40세,상해없음
2015111600100546,2015년 11월 16일 18시,월요일,충청북도 옥천군 안내면,경상사고,0,0,1,0,차대차 - 측면직각충돌,기타,습기,비,교차로 - 교차로안,화물,남,59세,상해없음,승용,여,60세,경상
2015111600100548,2015년 11월 16일 18시,월요일,충청북도 청주시 흥덕구 강내면,경상사고,0,0,1,0,차대차 - 정면충돌,안전운전불이행,습기,비,단일로 - 기타,승용,여,27세,경상,승용,여,39세,상해없음
2015111600100630,2015년 11월 16일 19시,월요일,충청북도 충주시 칠금동,경상사고,0,0,1,0,차대차 - 기타,기타,습기,비,교차로 - 교차로안,원동기,남,17세,경상,승용,여,32세,상해없음
2015111600100631,2015년 11월 16일 19시,월요일,충청북도 충주시 교현동,경상사고,0,0,1,0,차대사람 - 기타,안전운전불이행,습기,비,단일로 - 기타,승용,여,44세,상해없음,보행자,남,51세,경상
2015111600100632,2015년 11월 16일 19시,월요일,충청북도 단양군 영춘면,경상사고,0,0,1,0,차량단독 - 공작물충돌,안전운전불이행,습기,비,단일로 - 기타,승용,남,66세,경상,,,,
2015111600100670,2015년 11월 16일 20시,월요일,충청북도 진천군 덕산면,경상사고,0,0,2,0,차대차 - 추돌 - 진행중,교차로운행방법위반,습기,비,교차로 - 교차로안,화물,남,38세,경상,승용,남,42세,경상
2015111600100671,2015년 11월 16일 20시,월요일,충청북도 청주시 흥덕구 옥산면,부상신고사고,0,0,0,1,차량단독 - 공작물충돌,안전운전불이행,습기,비,단일로 - 기타,화물,남,57세,부상신고,,,,
2015111600100672,2015년 11월 16일 20시,월요일,충청북도 청주시 상당구 용암동,경상사고,0,0,1,0,차대사람 - 길가장자리구역통행중,안전운전불이행,건조,맑음,단일로 - 기타,승용,남,30세,상해없음,보행자,남,50세,경상
2015111600100673,2015년 11월 16일 20시,월요일,충청북도 청주시 상당구 용암동,중상사고,0,1,0,0,차대사람 - 횡단중,보행자보호의무위반,건조,맑음,교차로 - 교차로부근,이륜,남,18세,상해없음,보행자,여,37세,중상
2015111600100717,2015년 11월 16일 21시,월요일,충청북도 청주시 상당구 남문로2가동,중상사고,0,1,0,0,차대사람 - 횡단중,중앙선침범,습기,비,교차로 - 교차로안,특수,남,23세,상해없음,보행자,여,23세,중상
2015111600100758,2015년 11월 16일 22시,월요일,충청북도 청주시 흥덕구 강서동,경상사고,0,0,1,0,차대차 - 측면직각충돌,안전운전불이행,건조,맑음,단일로 - 기타,승용,남,27세,상해없음,승용,남,48세,경상
2015111600100793,2015년 11월 16일 23시,월요일,충청북도 청주시 서원구 사창동,경상사고,0,0,1,0,차대차 - 정면충돌,안전운전불이행,습기,비,단일로 - 기타,승용,남,54세,상해없음,원동기,남,22세,경상
2015111600100794,2015년 11월 16일 23시,월요일,충청북도 충주시 호암동,경상사고,0,0,1,0,차대차 - 기타,직진우회전진행방해,습기,비,교차로 - 교차로안,승합,남,33세,상해없음,승용,남,57세,상해없음
2015111600100795,2015년 11월 16일 23시,월요일,충청북도 청주시 상당구 탑동,경상사고,0,0,1,0,차대사람 - 기타,중앙선침범,습기,맑음,단일로 - 횡단보도상,승용,남,31세,상해없음,보행자,남,50세,경상
2015111700100014,2015년 11월 17일 00시,화요일,충청북도 청주시 흥덕구 봉명동,중상사고,0,1,0,0,차대차 - 기타,안전운전불이행,습기,비,교차로 - 교차로부근,승용,남,31세,상해없음,이륜,남,48세,중상
2015111700100061,2015년 11월 17일 05시,화요일,충청북도 청주시 흥덕구 가경동,경상사고,0,0,2,0,차대차 - 기타,안전운전불이행,습기,흐림,단일로 - 기타,화물,남,48세,상해없음,승용,남,50세,경상
2015111700100062,2015년 11월 17일 05시,화요일,충청북도 청주시 서원구 남이면,중상사고,0,1,0,0,차대사람 - 차도통행중,안전운전불이행,습기,비,교차로 - 교차로부근,승용,남,34세,상해없음,보행자,여,89세,중상
2015111700100077,2015년 11월 17일 06시,화요일,충청북도 청주시 청원구 사천동,경상사고,0,0,1,0,차대차 - 정면충돌,불법유턴,건조,흐림,단일로 - 기타,화물,남,47세,상해없음,승용,남,44세,경상
2015111700100078,2015년 11월 17일 06시,화요일,충청북도 충주시 성내동,경상사고,0,0,1,0,차대차 - 기타,안전운전불이행,습기,비,단일로 - 기타,화물,남,58세,상해없음,승용,남,34세,경상
2015111700100079,2015년 11월 17일 06시,화요일,충청북도 청주시 흥덕구 오송읍,중상사고,0,1,0,0,차대차 - 추돌 - 주정차중,안전운전불이행,건조,맑음,단일로 - 기타,원동기,남,21세,중상,승용,남,35세,상해없음
2015111700100096,2015년 11월 17일 07시,화요일,충청북도 음성군 생극면,경상사고,0,0,1,0,차대차 - 추돌 - 진행중,안전운전불이행,건조,맑음,교차로 - 교차로부근,화물,남,58세,기타불명,승용,남,32세,경상
2015111700100135,2015년 11월 17일 08시,화요일,충청북도 청주시 서원구 남이면,중상사고,0,1,3,0,차대차 - 기타,안전운전불이행,습기,비,교차로 - 교차로부근,화물,남,26세,경상,건설기계,남,26세,중상
2015111700100193,2015년 11월 17일 10시,화요일,충청북도 충주시 교현동,경상사고,0,0,1,0,차대차 - 추돌 - 진행중,안전운전불이행,건조,흐림,단일로 - 기타,화물,남,51세,상해없음,승용,여,61세,경상
2015111700100231,2015년 11월 17일 11시,화요일,충청북도 음성군 맹동면,중상사고,0,1,2,0,차대차 - 측면직각충돌,교차로운행방법위반,건조,맑음,교차로 - 교차로안,화물,남,59세,중상,승용,여,39세,경상
2015111700100316,2015년 11월 17일 14시,화요일,충청북도 청주시 서원구 모충동,중상사고,0,1,0,0,차대사람 - 보도통행중,안전운전불이행,건조,맑음,단일로 - 기타,화물,남,45세,상해없음,보행자,여,75세,중상