사고번호,사고일시,요일,시군구,사고내용,사망자수,중상자수,경상자수,부상신고자수,사고유형,법규위반,노면상태,기상상태,도로형태,가해운전자 차종,가해운전자 성별,가해운전자 연령,가해운전자 상해정도,피해운전자 차종,피해운전자 성별,피해운전자 연령,피해운전자 상해정도
2015112500100207,2015년 11월 25일 08시,수요일,충청북도 충주시 중앙탑면,중상사고,0,1,2,0,차대차 - 정면충돌,안전운전불이행,습기,비,단일로 - 기타,승용,남,35세,상해없음,승용,남,28세,경상
2015112500100258,2015년 11월 25일 10시,수요일,충청북도 음성군 원남면,경상사고,0,0,1,0,차대차 - 정면충돌,안전거리미확보,습기,비,교차로 - 교차로부근,기타불명,기타불명,기타불명,기타불명,화물,남,49세,경상
2015112500100259,2015년 11월 25일 10시,수요일,충청북도 청주시 상당구 서문동,경상사고,0,0,1,0,차대사람 - 횡단중,안전운전불이행,건조,맑음,단일로 - 기타,승용,남,57세,상해없음,보행자,남,33세,경상
2015112500100285,2015년 11월 25일 11시,수요일,충청북도 청주시 흥덕구 옥산면,중상사고,0,1,0,0,차대차 - 추돌 - 진행중,안전운전불이행,습기,비,기타 - 기타,승용,여,54세,상해없음,승용,남,60세,중상
2015112500100302,2015년 11월 25일 12시,수요일,충청북도 청주시 청원구 내덕동,경상사고,0,0,1,0,차대사람 - 횡단중,안전운전불이행,습기,흐림,교차로 - 교차로안,승용,남,56세,상해없음,보행자,남,58세,경상
2015112500100303,2015년 11월 25일 12시,수요일,충청북도 청주시 흥덕구 봉명동,경상사고,0,0,2,0,차대차 - 측면직각충돌,안전운전불이행,습기,비,교차로 - 교차로부근,승용,남,68세,상해없음,승용,여,53세,경상
2015112500100361,2015년 11월 25일 14시,수요일,충청북도 충주시 중앙탑면,경상사고,0,0,4,1,차대차 - 측면직각충돌,안전거리미확보,습기,비,단일로 - 기타,화물,남,37세,부상신고,승용,남,36세,경상
2015112500100362,2015년 11월 25일 14시,수요일,충청북도 충주시 연수동,경상사고,0,0,2,1,차대차 - 기타,안전운전불이행,습기,비,단일로 - 기타,승용,여,44세,부상신고,승용,남,46세,경상
2015112500100419,2015년 11월 25일 16시,수요일,충청북도 청주시 청원구 오창읍,경상사고,0,0,1,0,차대차 - 측면직각충돌,안전거리미확보,건조,맑음,단일로 - 기타,승용,여,52세,상해없음,화물,남,54세,경상
2015112500100420,2015년 11월 25일 16시,수요일,충청북도 제천시 청전동,경상사고,0,0,1,0,차대차 - 정면충돌,안전운전불이행,습기,비,교차로 - 교차로안,승용,여,67세,상해없음,승용,남,32세,상해없음
2015112500100421,2015년 11월 25일 16시,수요일,충청북도 제천시 장락동,경상사고,0,0,1,0,차대차 - 측면직각충돌,안전거리미확보,건조,기타,단일로 - 기타,화물,남,43세,상해없음,승용,여,42세,경상
2015112500100469,2015년 11월 25일 17시,수요일,충청북도 청주시 청원구 사천동,경상사고,0,0,2,0,차대차 - 추돌 - 주정차중,안전운전불이행,습기,흐림,단일로 - 기타,승용,남,29세,상해없음,승용,남,48세,경상
2015112500100470,2015년 11월 25일 17시,수요일,충청북도 청주시 청원구 내수읍,경상사고,0,0,2,0,차대차 - 추돌 - 주정차중,안전운전불이행,습기,비,교차로 - 교차로부근,화물,남,45세,상해없음,승용,여,45세,경상
2015112500100471,2015년 11월 25일 17시,수요일,충청북도 음성군 맹동면,사망사고,1,0,0,0,차대차 - 추돌 - 진행중,안전운전불이행,습기,비,단일로 - 기타,승용,여,46세,상해없음,자전거,남,79세,사망
2015112500100472,2015년 11월 25일 17시,수요일,충청북도 옥천군 청성면,중상사고,0,1,0,0,차대차 - 기타,안전운전불이행,습기,비,단일로 - 기타,승용,남,85세,상해없음,화물,남,46세,상해없음
2015112500100473,2015년 11월 25일 17시,수요일,충청북도 진천군 덕산면,중상사고,0,1,0,0,차대차 - 정면충돌,교차로운행방법위반,건조,맑음,교차로 - 교차로안,승용,기타불명,기타불명,기타불명,원동기,남,44세,중상
2015112500100474,2015년 11월 25일 17시,수요일,충청북도 청주시 서원구 죽림동,중상사고,0,1,0,0,차대차 - 기타,안전운전불이행,습기,비,단일로 - 기타,승용,남,29세,상해없음,원동기,남,64세,중상
2015112500100539,2015년 11월 25일 18시,수요일,충청북도 청주시 청원구 내수읍,중상사고,0,1,0,0,차대사람 - 길가장자리구역통행중,안전운전불이행,습기,흐림,단일로 - 기타,승합,남,59세,상해없음,보행자,남,27세,중상
2015112500100540,2015년 11월 25일 18시,수요일,충청북도 청주시 상당구 용암동,중상사고,0,1,0,0,차대차 - 측면직각충돌,안전운전불이행,건조,맑음,단일로 - 기타,승용,남,48세,상해없음,이륜,남,54세,중상
2015112500100581,2015년 11월 25일 19시,수요일,충청북도 청주시 흥덕구 복대동,경상사고,0,0,1,0,차대사람 - 횡단중,안전운전불이행,습기,비,단일로 - 기타,승용,여,46세,상해없음,보행자,남,29세,경상
2015112500100612,2015년 11월 25일 20시,수요일,충청북도 괴산군 괴산읍,중상사고,0,1,0,0,차대사람 - 횡단중,보행자보호의무위반,건조,맑음,교차로 - 교차로안,승용,남,58세,상해없음,보행자,여,71세,중상
2015112500100613,2015년 11월 25일 20시,수요일,충청북도 청주시 흥덕구 가경동,경상사고,0,0,1,0,차대사람 - 횡단중,안전운전불이행,건조,맑음,단일로 - 기타,승용,남,54세,상해없음,보행자,남,43세,경상
2015112500100614,2015년 11월 25일 20시,수요일,충청북도 청주시 서원구 수곡동,경상사고,0,0,1,0,차대차 - 추돌 - 진행중,안전운전불이행,건조,맑음,단일로 - 횡단보도상,승용,남,44세,상해없음,자전거,남,66세,경상
2015112500100654,2015년 11월 25일 21시,수요일,충청북도 제천시 청전동,경상사고,0,0,1,0,차대사람 - 횡단중,안전운전불이행,습기,흐림,기타 - 기타,승용,남,44세,상해없음,보행자,여,46세,경상
2015112500100655,2015년 11월 25일 21시,수요일,충청북도 청주시 상당구 금천동,경상사고,0,0,1,0,차대사람 - 횡단중,보행자보호의무위반,건조,맑음,단일로 - 횡단보도상,승용,여,36세,상해없음,보행자,남,56세,경상
2015112500100723,2015년 11월 25일 23시,수요일,충청북도 청주시 청원구 오창읍,경상사고,0,0,1,0,차대차 - 정면충돌,교차로운행방법위반,습기,비,교차로 - 교차로안,승용,남,54세,상해없음,승용,여,45세,경상
2015112600100014,2015년 11월 26일 00시,목요일,충청북도 옥천군 옥천읍,중상사고,0,1,0,0,차대차 - 측면직각충돌,교차로운행방법위반,습기,흐림,교차로 - 교차로안,승용,남,62세,기타불명,승용,여,54세,중상
2015112600100015,2015년 11월 26일 00시,목요일,충청북도 청주시 서원구 분평동,경상사고,0,0,1,0,차대차 - 추돌 - 진행중,안전운전불이행,건조,맑음,단일로 - 기타,승합,남,46세,상해없음,승합,남,47세,경상
2015112600100041,2015년 11월 26일 02시,목요일,충청북도 청주시 흥덕구 복대동,중상사고,0,1,0,0,차대사람 - 횡단중,안전운전불이행,건조,흐림,단일로 - 횡단보도상,승용,남,56세,상해없음,보행자,남,19세,중상
2015112600100061,2015년 11월 26일 05시,목요일,충청북도 증평군 증평읍,경상사고,0,0,1,0,차대차 - 정면충돌,신호위반,습기,눈,교차로 - 교차로안,승용,남,47세,경상,화물,남,60세,상해없음
2015112600100104,2015년 11월 26일 07시,목요일,충청북도 청주시 흥덕구 복대동,경상사고,0,0,1,0,차대차 - 정면충돌,안전운전불이행,결빙,눈,교차로 - 교차로부근,승용,남,26세,상해없음,승용,남,40세,경상
2015112600100135,2015년 11월 26일 08시,목요일,충청북도 청주시 청원구 내덕동,경상사고,0,0,1,0,차대차 - 추돌 - 진행중,안전운전불이행,습기,비,교차로 - 교차로부근,승용,남,84세,상해없음,승용,여,45세,경상
2015112600100136,2015년 11월 26일 08시,목요일,충청북도 청주시 청원구 율량동,경상사고,0,0,2,0,차대차 - 기타,직진우회전진행방해,적설,눈,교차로 - 교차로안,승용,여,48세,상해없음,승용,남,51세,경상
2015112600100137,2015년 11월 26일 08시,목요일,충청북도 청주시 서원구 남이면,중상사고,0,1,1,0,차량단독 - 공작물충돌,안전운전불이행,습기,눈,단일로 - 기타,승합,남,62세,상해없음,,,,
2015112600100138,2015년 11월 26일 08시,목요일,충청북도 청주시 상당구 미원면,중상사고,0,1,0,0,차량단독 - 기타,안전운전불이행,적설,맑음,단일로 - 기타,승합,남,31세,중상,,,,
2015112600100167,2015년 11월 26일 09시,목요일,충청북도 청주시 흥덕구 오송읍,중상사고,0,1,1,0,차량단독 - 전도전복,안전운전불이행,적설,눈,단일로 - 기타,승용,남,60세,상해없음,,,,
2015112600100205,2015년 11월 26일 10시,목요일,충청북도 영동군 용산면,경상사고,0,0,2,0,차대차 - 기타,안전운전불이행,적설,눈,단일로 - 기타,승용,남,45세,상해없음,승용,남,38세,경상
2015112600100236,2015년 11월 26일 11시,목요일,충청북도 청주시 서원구 사직동,경상사고,0,0,1,0,차대차 - 정면충돌,차로위반,건조,맑음,단일로 - 기타,승용,남,72세,상해없음,승용,남,29세,경상
2015112600100237,2015년 11월 26일 11시,목요일,충청북도 제천시 화산동,중상사고,0,1,0,0,차대차 - 기타,안전운전불이행,건조,맑음,교차로 - 교차로안,승용,여,58세,상해없음,승용,남,22세,중상
2015112600100265,2015년 11월 26일 12시,목요일,충청북도 청주시 상당구 문의면,중상사고,0,2,0,0,차대차 - 정면충돌,안전운전불이행,습기,흐림,교차로 - 교차로안,승용,여,45세,중상,화물,남,69세,중상
2015112600100266,2015년 11월 26일 12시,목요일,충청북도 청주시 상당구 석교동,중상사고,0,1,0,0,차량단독 - 기타,기타,건조,맑음,단일로 - 기타,승합,남,58세,상해없음,,,,
2015112600100290,2015년 11월 26일 13시,목요일,충청북도 음성군 맹동면,중상사고,0,1,1,0,차대차 - 정면충돌,교차로운행방법위반,건조,맑음,교차로 - 교차로안,승용,남,55세,상해없음,승용,남,35세,중상
2015112600100320,2015년 11월 26일 14시,목요일,충청북도 영동군 영동읍,경상사고,0,0,1,0,차대차 - 정면충돌,안전운전불이행,습기,흐림,단일로 - 기타,이륜,남,46세,경상,승용,남,66세,상해없음
2015112600100321,2015년 11월 26일 14시,목요일,충청북도 단양군 매포읍,중상사고,0,1,0,0,차대차 - 정면충돌,직진우회전진행방해,건조,맑음,교차로 - 교차로안,화물,남,56세,상해없음,원동기,남,80세,중상
2015112600100488,2015년 11월 26일 18시,목요일,충청북도 청주시 청원구 율량동,중상사고,0,1,0,0,차대사람 - 기타,안전운전불이행,적설,눈,기타 - 기타,승용,남,42세,상해없음,보행자,남,25세,중상
2015112600100489,2015년 11월 26일 18시,목요일,충청북도 청주시 청원구 율량동,부상신고사고,0,0,0,1,차대차 - 기타,차로위반,습기,눈,교차로 - 교차로부근,승용,여,61세,상해없음,승용,남,29세,부상신고
2015112600100490,2015년 11월 26일 18시,목요일,충청북도 충주시 대소원면,중상사고,0,1,1,0,차대차 - 기타,안전운전불이행,건조,맑음,단일로 - 기타,승용,남,30세,상해없음,화물,남,45세,상해없음
2015112600100491,2015년 11월 26일 18시,목요일,충청북도 음성군 삼성면,중상사고,0,1,0,0,차대차 - 기타,안전운전불이행,건조,맑음,단일로 - 기타,승용,여,43세,상해없음,화물,남,63세,중상
2015112600100545,2015년 11월 26일 19시,목요일,충청북도 증평군 증평읍,경상사고,0,0,2,2,차대차 - 측면직각충돌,안전거리미확보,습기,눈,단일로 - 기타,승용,남,48세,부상신고,승용,남,62세,경상
2015112600100546,2015년 11월 26일 19시,목요일,충청북도 음성군 금왕읍,사망사고,1,0,0,0,차대사람 - 기타,안전운전불이행,건조,흐림,단일로 - 기타,승용,남,21세,상해없음,보행자,여,13세,사망
2015112600100547,2015년 11월 26일 19시,목요일,충청북도 청주시 상당구 남주동,부상신고사고,0,0,0,1,차대차 - 기타,안전운전불이행,건조,맑음,단일로 - 기타,화물,남,49세,기타불명,원동기,남,18세,부상신고
2015112600100572,2015년 11월 26일 20시,목요일,충청북도 청주시 청원구 내수읍,중상사고,0,1,0,0,차대차 - 기타,안전운전불이행,습기,눈,단일로 - 교량,승용,여,38세,상해없음,승합,남,40세,중상
2015112600100573,2015년 11월 26일 20시,목요일,충청북도 청주시 서원구 개신동,경상사고,0,0,3,0,차대차 - 기타,안전운전불이행,결빙,눈,미분류 - 미분류,승용,남,55세,경상,승용,남,51세,상해없음
2015112600100574,2015년 11월 26일 20시,목요일,충청북도 청주시 서원구 개신동,중상사고,0,2,5,0,차대차 - 기타,안전운전불이행,결빙,눈,미분류 - 미분류,승용,여,24세,중상,승용,남,28세,상해없음
2015112600100607,2015년 11월 26일 21시,목요일,충청북도 옥천군 옥천읍,경상사고,0,0,1,0,차대사람 - 차도통행중,안전운전불이행,습기,흐림,단일로 - 기타,승용,남,58세,상해없음,보행자,여,18세,경상
2015112600100644,2015년 11월 26일 22시,목요일,충청북도 청주시 청원구 내수읍,중상사고,0,3,5,0,차대차 - 기타,안전운전불이행,결빙,흐림,단일로 - 교량,승용,여,42세,상해없음,승용,남,64세,상해없음
2015112600100645,2015년 11월 26일 22시,목요일,충청북도 충주시 교현동,중상사고,0,2,0,0,차대차 - 정면충돌,안전운전불이행,건조,맑음,단일로 - 기타,기타불명,기타불명,기타불명,기타불명,승용,남,43세,중상
2015112600100646,2015년 11월 26일 22시,목요일,충청북도 청주시 서원구 개신동,경상사고,0,0,2,0,차대차 - 정면충돌,안전운전불이행,습기,눈,교차로 - 교차로부근,승용,남,36세,상해없음,승용,남,51세,경상
2015112600100684,2015년 11월 26일 23시,목요일,충청북도 청주시 청원구 내수읍,중상사고,0,1,0,0,차대차 - 기타,안전거리미확보,결빙,눈,단일로 - 기타,기타불명,기타불명,기타불명,기타불명,승용,남,37세,중상
2015112600100685,2015년 11월 26일 23시,목요일,충청북도 청주시 서원구 분평동,경상사고,0,0,1,0,차대사람 - 횡단중,안전운전불이행,건조,맑음,교차로 - 교차로안,화물,남,46세,상해없음,보행자,남,63세,경상
2015112700100010,2015년 11월 27일 00시,금요일,충청북도 청주시 청원구 주성동,경상사고,0,0,1,0,차대차 - 기타,안전운전불이행,습기,눈,교차로 - 교차로부근,승용,남,18세,상해없음,승용,남,40세,경상
2015112700100031,2015년 11월 27일 01시,금요일,충청북도 음성군 대소면,중상사고,0,1,0,0,차량단독 - 공작물충돌,안전운전불이행,건조,맑음,단일로 - 기타,승용,남,42세,중상,,,,
2015112700100032,2015년 11월 27일 01시,금요일,충청북도 청주시 흥덕구 복대동,경상사고,0,0,1,0,차대차 - 추돌 - 주정차중,안전운전불이행,적설,눈,단일로 - 기타,승용,남,44세,상해없음,승용,여,24세,경상
2015112700100072,2015년 11월 27일 05시,금요일,충청북도 충주시 칠금동,경상사고,0,0,1,1,차대차 - 기타,직진우회전진행방해,건조,기타,교차로 - 교차로안,승용,남,73세,부상신고,승용,남,59세,상해없음
2015112700100106,2015년 11월 27일 07시,금요일,충청북도 청주시 청원구 내수읍,사망사고,1,0,0,0,차량단독 - 전도전복,안전운전불이행,결빙,눈,단일로 - 교량,승용,남,60세,사망,,,,
2015112700100149,2015년 11월 27일 08시,금요일,충청북도 제천시 서부동,중상사고,0,2,8,0,차대차 - 정면충돌,안전운전불이행,건조,맑음,교차로 - 교차로부근,화물,남,47세,상해없음,승합,남,30세,경상
2015112700100150,2015년 11월 27일 08시,금요일,충청북도 보은군 속리산면,사망사고,1,0,0,0,차량단독 - 공작물충돌,안전운전불이행,결빙,흐림,교차로 - 교차로안,승용,여,36세,사망,,,,
2015112700100226,2015년 11월 27일 10시,금요일,충청북도 청주시 흥덕구 봉명동,경상사고,0,0,4,0,차대차 - 정면충돌,신호위반,건조,맑음,교차로 - 교차로안,승용,남,59세,상해없음,승용,여,31세,경상
2015112700100253,2015년 11월 27일 11시,금요일,충청북도 청주시 상당구 북문로1가동,경상사고,0,0,1,0,차대사람 - 기타,안전운전불이행,건조,맑음,단일로 - 기타,승용,기타불명,기타불명,기타불명,보행자,여,18세,경상
2015112700100254,2015년 11월 27일 11시,금요일,충청북도 청주시 상당구 서운동,부상신고사고,0,0,0,1,차대사람 - 기타,안전운전불이행,건조,흐림,교차로 - 교차로부근,기타불명,기타불명,기타불명,기타불명,보행자,여,78세,부상신고
2015112700100284,2015년 11월 27일 12시,금요일,충청북도 청주시 흥덕구 송절동,경상사고,0,0,2,0,차대차 - 정면충돌,안전운전불이행,건조,맑음,교차로 - 교차로부근,승용,남,40세,상해없음,승용,남,63세,경상
2015112700100308,2015년 11월 27일 13시,금요일,충청북도 제천시 하소동,중상사고,0,1,0,0,차대사람 - 횡단중,안전운전불이행,건조,흐림,단일로 - 기타,승용,남,69세,상해없음,보행자,여,79세,중상
2015112700100345,2015년 11월 27일 14시,금요일,충청북도 청주시 흥덕구 옥산면,중상사고,0,1,1,0,차대차 - 측면직각충돌,신호위반,건조,맑음,교차로 - 교차로안,승용,남,24세,중상,승용,남,43세,경상
2015112700100346,2015년 11월 27일 14시,금요일,충청북도 청주시 흥덕구 신봉동,중상사고,0,1,0,0,차대사람 - 횡단중,중앙선침범,건조,맑음,단일로 - 횡단보도상,승용,여,48세,기타불명,보행자,여,60세,중상
2015112700100347,2015년 11월 27일 14시,금요일,충청북도 청주시 상당구 석교동,중상사고,0,1,0,0,차대사람 - 기타,안전운전불이행,건조,맑음,교차로 - 교차로부근,승용,남,68세,상해없음,보행자,남,46세,중상
2015112700100385,2015년 11월 27일 15시,금요일,충청북도 제천시 교동,경상사고,0,0,2,0,차대차 - 정면충돌,신호위반,건조,맑음,교차로 - 교차로안,승용,여,51세,경상,승용,남,81세,경상
2015112700100386,2015년 11월 27일 15시,금요일,충청북도 청주시 흥덕구 봉명동,경상사고,0,0,1,0,차대차 - 추돌 - 진행중,안전운전불이행,건조,맑음,교차로 - 교차로부근,화물,남,23세,상해없음,승용,여,62세,경상
2015112700100387,2015년 11월 27일 15시,금요일,충청북도 청주시 상당구 석교동,경상사고,0,0,2,0,차대차 - 기타,안전운전불이행,건조,맑음,교차로 - 교차로안,승용,남,40세,상해없음,원동기,남,17세,경상
2015112700100388,2015년 11월 27일 15시,금요일,충청북도 청주시 상당구 북문로2가동,경상사고,0,0,2,0,차대차 - 기타,차로위반,건조,맑음,단일로 - 기타,승용,남,61세,상해없음,승용,남,40세,상해없음
2015112700100428,2015년 11월 27일 16시,금요일,충청북도 진천군 이월면,경상사고,0,0,4,0,차대차 - 추돌 - 진행중,안전운전불이행,건조,맑음,단일로 - 기타,승용,남,57세,경상,승용,여,41세,경상
2015112700100469,2015년 11월 27일 17시,금요일,충청북도 청주시 청원구 내수읍,경상사고,0,0,2,0,차대차 - 정면충돌,안전운전불이행,건조,맑음,교차로 - 교차로안,화물,남,46세,상해없음,승용,남,61세,상해없음
2015112700100470,2015년 11월 27일 17시,금요일,충청북도 청주시 서원구 사직동,중상사고,0,1,0,0,차대차 - 정면충돌,안전운전불이행,건조,맑음,교차로 - 교차로부근,기타불명,기타불명,기타불명,기타불명,승용,남,71세,중상
2015112700100471,2015년 11월 27일 17시,금요일,충청북도 청주시 흥덕구 복대동,경상사고,0,0,1,0,차대차 - 기타,안전운전불이행,건조,맑음,교차로 - 교차로안,승용,여,37세,상해없음,이륜,남,40세,경상
2015112700100472,2015년 11월 27일 17시,금요일,충청북도 청주시 서원구 남이면,경상사고,0,0,1,0,차대차 - 정면충돌,안전운전불이행,습기,흐림,단일로 - 기타,승용,남,63세,상해없음,승용,남,34세,경상
2015112700100517,2015년 11월 27일 18시,금요일,충청북도 청주시 서원구 사직동,경상사고,0,0,1,0,차대차 - 기타,안전운전불이행,건조,맑음,교차로 - 교차로부근,승용,여,47세,상해없음,승용,남,69세,경상
2015112700100518,2015년 11월 27일 18시,금요일,충청북도 청주시 청원구 내수읍,경상사고,0,0,1,0,차대차 - 기타,교차로운행방법위반,건조,맑음,교차로 - 교차로안,승용,남,67세,상해없음,승용,여,20세,경상
2015112700100519,2015년 11월 27일 18시,금요일,충청북도 청주시 청원구 우암동,경상사고,0,0,3,0,차대차 - 측면직각충돌,신호위반,건조,맑음,교차로 - 교차로안,승용,여,59세,경상,승용,남,40세,경상
2015112700100520,2015년 11월 27일 18시,금요일,충청북도 제천시 고암동,중상사고,0,1,0,0,차대차 - 측면직각충돌,안전운전불이행,건조,맑음,교차로 - 교차로안,승용,남,25세,상해없음,자전거,남,13세,중상
2015112700100521,2015년 11월 27일 18시,금요일,충청북도 청주시 서원구 개신동,경상사고,0,0,1,0,차대차 - 정면충돌,안전운전불이행,건조,맑음,단일로 - 기타,이륜,남,19세,경상,승용,남,47세,상해없음
2015112700100577,2015년 11월 27일 19시,금요일,충청북도 청주시 서원구 수곡동,중상사고,0,1,0,0,차대차 - 기타,차로위반,건조,맑음,교차로 - 교차로부근,승용,남,55세,상해없음,이륜,남,22세,중상
2015112700100578,2015년 11월 27일 19시,금요일,충청북도 청주시 서원구 모충동,경상사고,0,0,1,0,차대차 - 측면직각충돌,안전운전불이행,건조,맑음,교차로 - 교차로부근,승용,남,44세,경상,승용,남,63세,상해없음
2015112700100627,2015년 11월 27일 20시,금요일,충청북도 음성군 금왕읍,중상사고,0,1,0,0,차대차 - 기타,안전운전불이행,건조,맑음,단일로 - 기타,승용,여,35세,상해없음,이륜,남,54세,중상
2015112700100628,2015년 11월 27일 20시,금요일,충청북도 진천군 광혜원면,경상사고,0,0,1,0,차대사람 - 횡단중,안전운전불이행,건조,맑음,교차로 - 교차로안,승용,남,63세,상해없음,보행자,남,59세,경상
2015112700100629,2015년 11월 27일 20시,금요일,충청북도 청주시 서원구 남이면,중상사고,0,1,0,0,차대사람 - 길가장자리구역통행중,안전운전불이행,건조,맑음,단일로 - 기타,승용,남,48세,상해없음,보행자,남,57세,중상
2015112700100673,2015년 11월 27일 21시,금요일,충청북도 청주시 청원구 율량동,경상사고,0,0,1,0,차대차 - 정면충돌,신호위반,건조,맑음,교차로 - 교차로안,승용,여,48세,상해없음,승용,남,47세,경상
2015112700100674,2015년 11월 27일 21시,금요일,충청북도 청주시 흥덕구 신전동,경상사고,0,0,1,0,차대차 - 정면충돌,교차로운행방법위반,건조,맑음,교차로 - 교차로안,승용,남,54세,상해없음,승용,남,55세,상해없음
2015112700100675,2015년 11월 27일 21시,금요일,충청북도 청주시 상당구 용암동,경상사고,0,0,2,0,차대차 - 정면충돌,안전운전불이행,건조,맑음,교차로 - 교차로안,승용,남,53세,상해없음,승용,남,23세,경상
2015112700100676,2015년 11월 27일 21시,금요일,충청북도 청주시 상당구 북문로2가동,중상사고,0,1,1,0,차대차 - 기타,안전운전불이행,건조,맑음,단일로 - 기타,승용,여,46세,기타불명,승용,남,27세,경상
2015112700100708,2015년 11월 27일 22시,금요일,충청북도 증평군 증평읍,경상사고,0,0,2,1,차대차 - 추돌 - 주정차중,안전운전불이행,건조,맑음,교차로 - 교차로부근,승용,남,43세,부상신고,승용,남,46세,경상
2015112800100021,2015년 11월 28일 00시,토요일,충청북도 청주시 흥덕구 옥산면,경상사고,0,0,3,0,차대차 - 기타,안전운전불이행,건조,흐림,단일로 - 기타,승용,여,37세,상해없음,승용,남,29세,경상
2015112800100124,2015년 11월 28일 06시,토요일,충청북도 청주시 흥덕구 강내면,경상사고,0,0,1,0,차대차 - 추돌 - 주정차중,안전운전불이행,건조,맑음,단일로 - 기타,승용,남,55세,상해없음,승용,여,54세,경상
2015112800100160,2015년 11월 28일 08시,토요일,충청북도 청주시 흥덕구 봉명동,경상사고,0,0,1,0,차대차 - 정면충돌,안전거리미확보,건조,맑음,교차로 - 교차로부근,승용,남,57세,상해없음,승용,남,28세,경상
2015112800100180,2015년 11월 28일 09시,토요일,충청북도 청주시 청원구 율량동,경상사고,0,0,1,0,차대차 - 정면충돌,교차로운행방법위반,건조,맑음,교차로 - 교차로안,승용,여,49세,상해없음,승용,남,63세,경상
2015112800100181,2015년 11월 28일 09시,토요일,충청북도 청주시 청원구 사천동,경상사고,0,0,1,0,차대차 - 기타,신호위반,건조,맑음,교차로 - 교차로부근,승용,여,53세,상해없음,승용,남,43세,경상
2015112800100204,2015년 11월 28일 10시,토요일,충청북도 진천군 진천읍,경상사고,0,0,1,0,차량단독 - 공작물충돌,안전운전불이행,건조,맑음,교차로 - 교차로부근,승용,여,30세,경상,,,,
2015112800100233,2015년 11월 28일 11시,토요일,충청북도 청주시 상당구 석교동,경상사고,0,0,1,0,차대차 - 기타,안전운전불이행,건조,맑음,교차로 - 교차로부근,화물,남,68세,상해없음,승용,여,50세,경상
2015112800100271,2015년 11월 28일 12시,토요일,충청북도 청주시 서원구 사창동,중상사고,0,1,0,0,차대차 - 정면충돌,안전운전불이행,건조,맑음,단일로 - 기타,승용,여,26세,상해없음,원동기,남,28세,중상
2015112800100272,2015년 11월 28일 12시,토요일,충청북도 청주시 흥덕구 복대동,경상사고,0,0,4,0,차대차 - 정면충돌,교차로운행방법위반,건조,맑음,교차로 - 교차로안,승용,남,40세,경상,승용,남,38세,기타불명
2015112800100297,2015년 11월 28일 13시,토요일,충청북도 보은군 보은읍,중상사고,0,1,0,0,차대차 - 정면충돌,안전운전불이행,건조,맑음,기타 - 기타,승용,남,60세,상해없음,이륜,남,23세,중상
2015112800100298,2015년 11월 28일 13시,토요일,충청북도 음성군 감곡면,경상사고,0,0,2,0,차대차 - 기타,교차로운행방법위반,습기,흐림,교차로 - 교차로안,승용,여,63세,경상,승용,남,49세,상해없음
2015112800100334,2015년 11월 28일 14시,토요일,충청북도 청주시 서원구 사창동,중상사고,0,2,2,0,차대차 - 기타,안전운전불이행,건조,맑음,단일로 - 기타,승합,여,55세,상해없음,승용,여,34세,중상
2015112800100335,2015년 11월 28일 14시,토요일,충청북도 진천군 광혜원면,경상사고,0,0,2,0,차대차 - 정면충돌,교차로운행방법위반,건조,맑음,교차로 - 교차로안,승용,남,54세,상해없음,화물,남,45세,경상
2015112800100367,2015년 11월 28일 15시,토요일,충청북도 청주시 상당구 용암동,중상사고,0,1,0,0,차대사람 - 기타,안전운전불이행,건조,흐림,단일로 - 횡단보도상,승용,여,57세,상해없음,보행자,남,56세,중상
2015112800100396,2015년 11월 28일 16시,토요일,충청북도 청주시 청원구 오창읍,중상사고,0,1,0,0,차대차 - 정면충돌,중앙선침범,건조,맑음,단일로 - 기타,승용,남,21세,중상,특수,남,47세,기타불명
2015112800100469,2015년 11월 28일 18시,토요일,충청북도 제천시 의림동,경상사고,0,0,1,0,차대사람 - 횡단중,안전운전불이행,건조,맑음,교차로 - 교차로안,승용,남,52세,상해없음,보행자,남,76세,경상
2015112800100470,2015년 11월 28일 18시,토요일,충청북도 청주시 서원구 현도면,경상사고,0,0,4,0,차대차 - 기타,안전운전불이행,건조,맑음,단일로 - 기타,승용,남,53세,상해없음,화물,남,50세,경상
2015112800100523,2015년 11월 28일 19시,토요일,충청북도 영동군 용산면,중상사고,0,1,0,0,차대차 - 정면충돌,안전운전불이행,건조,맑음,단일로 - 기타,화물,남,67세,상해없음,농기계,남,73세,중상
2015112800100524,2015년 11월 28일 19시,토요일,충청북도 청주시 흥덕구 봉명동,부상신고사고,0,0,0,1,차대차 - 정면충돌,안전운전불이행,습기,흐림,교차로 - 교차로부근,승용,남,42세,상해없음,이륜,남,20세,부상신고