사고번호,사고일시,요일,시군구,사고내용,사망자수,중상자수,경상자수,부상신고자수,사고유형,법규위반,노면상태,기상상태,도로형태,가해운전자 차종,가해운전자 성별,가해운전자 연령,가해운전자 상해정도,피해운전자 차종,피해운전자 성별,피해운전자 연령,피해운전자 상해정도
2015112800100546,2015년 11월 28일 20시,토요일,충청북도 청주시 흥덕구 강서동,경상사고,0,0,2,0,차대차 - 추돌 - 주정차중,안전운전불이행,건조,맑음,단일로 - 기타,승합,남,56세,상해없음,화물,남,33세,경상
2015112800100579,2015년 11월 28일 21시,토요일,충청북도 청주시 청원구 오창읍,중상사고,0,1,3,0,차대차 - 정면충돌,신호위반,건조,맑음,교차로 - 교차로안,승용,남,52세,상해없음,승용,여,36세,경상
2015112800100606,2015년 11월 28일 22시,토요일,충청북도 청주시 흥덕구 오송읍,중상사고,0,1,0,0,차대차 - 정면충돌,신호위반,건조,맑음,교차로 - 교차로안,승용,여,47세,상해없음,승용,남,57세,중상
2015112900100033,2015년 11월 29일 01시,일요일,충청북도 청주시 흥덕구 복대동,경상사고,0,0,1,0,차대차 - 정면충돌,안전운전불이행,건조,맑음,교차로 - 교차로부근,승용,남,34세,기타불명,이륜,남,17세,경상
2015112900100034,2015년 11월 29일 01시,일요일,충청북도 청주시 서원구 남이면,부상신고사고,0,0,0,4,차대차 - 기타,안전운전불이행,습기,눈,교차로 - 교차로부근,승용,남,57세,상해없음,승용,여,33세,부상신고
2015112900100052,2015년 11월 29일 02시,일요일,충청북도 청주시 흥덕구 송정동,중상사고,0,1,2,0,차대차 - 측면직각충돌,신호위반,건조,맑음,교차로 - 교차로안,승용,남,31세,상해없음,승용,남,27세,경상
2015112900100059,2015년 11월 29일 03시,일요일,충청북도 진천군 진천읍,경상사고,0,0,1,0,차량단독 - 전도전복,안전운전불이행,건조,맑음,단일로 - 기타,승용,여,24세,경상,,,,
2015112900100093,2015년 11월 29일 06시,일요일,충청북도 청주시 서원구 남이면,사망사고,2,0,3,0,차대차 - 추돌 - 진행중,안전운전불이행,기타,흐림,기타 - 기타,승용,남,68세,상해없음,승용,남,66세,사망
2015112900100107,2015년 11월 29일 07시,일요일,충청북도 청주시 흥덕구 휴암동,경상사고,0,0,1,0,차대차 - 정면충돌,중앙선침범,건조,흐림,단일로 - 기타,승용,남,68세,상해없음,승용,여,33세,경상
2015112900100181,2015년 11월 29일 12시,일요일,충청북도 청주시 청원구 주중동,경상사고,0,0,1,0,차대차 - 정면충돌,교차로운행방법위반,건조,맑음,교차로 - 교차로안,승용,남,43세,상해없음,승용,남,56세,상해없음
2015112900100204,2015년 11월 29일 13시,일요일,충청북도 충주시 금릉동,경상사고,0,0,1,0,차대차 - 기타,안전거리미확보,습기,흐림,단일로 - 기타,승용,남,41세,상해없음,이륜,남,43세,경상
2015112900100205,2015년 11월 29일 13시,일요일,충청북도 괴산군 청천면,중상사고,0,3,2,0,차대차 - 추돌 - 진행중,안전운전불이행,건조,맑음,단일로 - 기타,화물,남,57세,경상,승용,남,49세,중상
2015112900100223,2015년 11월 29일 14시,일요일,충청북도 청주시 서원구 남이면,경상사고,0,0,1,0,차대사람 - 횡단중,안전운전불이행,건조,맑음,기타 - 기타,승용,남,45세,상해없음,보행자,남,28세,경상
2015112900100224,2015년 11월 29일 14시,일요일,충청북도 청주시 상당구 남문로1가동,경상사고,0,0,1,0,차대차 - 추돌 - 진행중,안전운전불이행,건조,맑음,교차로 - 교차로부근,승용,남,36세,상해없음,승용,여,34세,경상
2015112900100256,2015년 11월 29일 15시,일요일,충청북도 청주시 청원구 율량동,경상사고,0,0,4,0,차대차 - 측면직각충돌,신호위반,건조,맑음,교차로 - 교차로안,승용,여,54세,상해없음,승용,남,28세,경상
2015112900100293,2015년 11월 29일 16시,일요일,충청북도 제천시 영천동,중상사고,0,1,0,0,차대차 - 기타,안전운전불이행,습기,비,교차로 - 교차로안,승용,남,48세,상해없음,자전거,남,50세,중상
2015112900100294,2015년 11월 29일 16시,일요일,충청북도 청주시 상당구 남주동,경상사고,0,0,2,0,차대차 - 측면직각충돌,안전운전불이행,건조,맑음,교차로 - 교차로안,승용,여,46세,상해없음,승용,남,55세,경상
2015112900100333,2015년 11월 29일 17시,일요일,충청북도 청주시 청원구 내수읍,중상사고,0,1,0,0,차대사람 - 길가장자리구역통행중,안전운전불이행,건조,맑음,단일로 - 기타,승용,남,46세,상해없음,보행자,여,55세,중상
2015112900100334,2015년 11월 29일 17시,일요일,충청북도 제천시 하소동,중상사고,0,2,0,0,차대차 - 정면충돌,안전운전불이행,습기,비,교차로 - 교차로부근,승용,남,28세,상해없음,승용,남,34세,중상
2015112900100453,2015년 11월 29일 20시,일요일,충청북도 청주시 서원구 현도면,경상사고,0,0,1,0,차대차 - 정면충돌,안전운전불이행,건조,맑음,단일로 - 기타,승용,남,25세,상해없음,승용,남,60세,경상
2015112900100526,2015년 11월 29일 23시,일요일,충청북도 청주시 흥덕구 신봉동,중상사고,0,2,0,0,차대차 - 정면충돌,신호위반,습기,흐림,교차로 - 교차로안,화물,남,25세,상해없음,승용,남,25세,중상
2015112900100527,2015년 11월 29일 23시,일요일,충청북도 청주시 서원구 분평동,중상사고,0,1,0,0,차대사람 - 횡단중,보행자보호의무위반,습기,비,교차로 - 교차로부근,승용,여,46세,상해없음,보행자,여,66세,중상
2015113000100031,2015년 11월 30일 03시,월요일,충청북도 제천시 장락동,중상사고,0,1,0,0,차대차 - 정면충돌,중앙선침범,습기,비,단일로 - 기타,승용,여,52세,상해없음,승용,남,50세,중상
2015113000100057,2015년 11월 30일 06시,월요일,충청북도 청주시 청원구 율량동,경상사고,0,0,3,0,차대차 - 기타,안전운전불이행,습기,비,단일로 - 기타,승용,남,43세,상해없음,승용,남,46세,경상
2015113000100124,2015년 11월 30일 08시,월요일,충청북도 제천시 하소동,중상사고,0,1,1,0,차대차 - 정면충돌,안전운전불이행,건조,맑음,교차로 - 교차로안,승용,여,22세,상해없음,승용,여,55세,중상
2015113000100125,2015년 11월 30일 08시,월요일,충청북도 음성군 생극면,경상사고,0,0,2,0,차대차 - 측면직각충돌,중앙선침범,습기,흐림,단일로 - 기타,승용,남,34세,경상,화물,남,35세,경상
2015113000100126,2015년 11월 30일 08시,월요일,충청북도 청주시 흥덕구 오송읍,경상사고,0,0,1,0,차대차 - 정면충돌,중앙선침범,건조,맑음,교차로 - 교차로부근,이륜,남,71세,경상,승용,남,58세,상해없음
2015113000100127,2015년 11월 30일 08시,월요일,충청북도 청주시 상당구 영운동,중상사고,0,1,0,0,차대차 - 정면충돌,신호위반,건조,맑음,교차로 - 교차로부근,승용,여,46세,상해없음,자전거,남,11세,중상
2015113000100155,2015년 11월 30일 09시,월요일,충청북도 제천시 하소동,경상사고,0,0,1,0,차대사람 - 횡단중,안전운전불이행,건조,맑음,교차로 - 교차로안,승용,남,55세,상해없음,보행자,여,71세,경상
2015113000100189,2015년 11월 30일 10시,월요일,충청북도 청주시 청원구 내덕동,중상사고,0,1,0,0,차대차 - 정면충돌,교차로운행방법위반,건조,맑음,교차로 - 교차로안,승용,여,61세,상해없음,이륜,남,59세,중상
2015113000100190,2015년 11월 30일 10시,월요일,충청북도 청주시 청원구 내덕동,중상사고,0,1,1,0,차대차 - 기타,안전운전불이행,건조,맑음,교차로 - 교차로부근,화물,남,64세,상해없음,승용,남,72세,중상
2015113000100191,2015년 11월 30일 10시,월요일,충청북도 옥천군 옥천읍,경상사고,0,0,1,0,차대차 - 측면직각충돌,신호위반,습기,흐림,교차로 - 교차로안,승용,여,56세,상해없음,승용,여,32세,경상
2015113000100192,2015년 11월 30일 10시,월요일,충청북도 청주시 상당구 석교동,경상사고,0,0,1,0,차대차 - 추돌 - 주정차중,안전운전불이행,건조,맑음,교차로 - 교차로부근,승용,여,30세,상해없음,승용,남,48세,경상
2015113000100227,2015년 11월 30일 11시,월요일,충청북도 제천시 명동,경상사고,0,0,2,0,차대차 - 정면충돌,안전운전불이행,건조,맑음,교차로 - 교차로부근,승용,여,37세,경상,화물,남,66세,경상
2015113000100257,2015년 11월 30일 12시,월요일,충청북도 청주시 청원구 오창읍,경상사고,0,0,1,0,차대차 - 정면충돌,안전운전불이행,건조,맑음,단일로 - 기타,승용,남,64세,상해없음,화물,남,54세,경상
2015113000100288,2015년 11월 30일 13시,월요일,충청북도 충주시 금가면,경상사고,0,0,2,0,차대차 - 기타,안전거리미확보,건조,맑음,단일로 - 기타,승합,남,50세,상해없음,승용,여,46세,경상
2015113000100442,2015년 11월 30일 17시,월요일,충청북도 청주시 서원구 남이면,경상사고,0,0,1,0,차대차 - 추돌 - 주정차중,안전운전불이행,건조,맑음,교차로 - 교차로부근,화물,남,51세,상해없음,화물,남,45세,경상
2015113000100502,2015년 11월 30일 18시,월요일,충청북도 충주시 앙성면,부상신고사고,0,0,0,1,차량단독 - 전도전복,안전운전불이행,기타,맑음,기타 - 기타,화물,남,59세,상해없음,,,,
2015113000100503,2015년 11월 30일 18시,월요일,충청북도 청주시 상당구 용담동,중상사고,0,1,0,0,차대사람 - 횡단중,보행자보호의무위반,건조,맑음,단일로 - 횡단보도상,승용,여,65세,상해없음,보행자,여,79세,중상
2015113000100549,2015년 11월 30일 19시,월요일,충청북도 음성군 맹동면,중상사고,0,1,0,0,차대차 - 기타,안전거리미확보,건조,맑음,단일로 - 기타,기타불명,기타불명,기타불명,기타불명,승용,남,52세,중상
2015113000100589,2015년 11월 30일 20시,월요일,충청북도 충주시 문화동,경상사고,0,0,1,0,차대차 - 추돌 - 진행중,신호위반,건조,맑음,교차로 - 교차로안,승용,남,67세,상해없음,승용,남,52세,경상
2015113000100590,2015년 11월 30일 20시,월요일,충청북도 충주시 금가면,중상사고,0,1,0,0,차대차 - 추돌 - 진행중,안전운전불이행,건조,맑음,단일로 - 기타,화물,남,59세,상해없음,승용,여,63세,중상
2015113000100591,2015년 11월 30일 20시,월요일,충청북도 옥천군 옥천읍,경상사고,0,0,1,0,차대사람 - 기타,안전운전불이행,건조,흐림,단일로 - 기타,승용,남,57세,상해없음,보행자,여,18세,경상
2015113000100634,2015년 11월 30일 21시,월요일,충청북도 청주시 흥덕구 운천동,경상사고,0,0,1,0,차대차 - 측면직각충돌,안전운전불이행,건조,흐림,단일로 - 기타,화물,남,53세,상해없음,원동기,남,48세,경상
2015113000100661,2015년 11월 30일 22시,월요일,충청북도 충주시 연수동,경상사고,0,0,1,0,차대사람 - 기타,안전운전불이행,건조,맑음,단일로 - 기타,승용,남,23세,상해없음,보행자,여,29세,경상
2015113000100662,2015년 11월 30일 22시,월요일,충청북도 음성군 음성읍,중상사고,0,1,1,0,차대차 - 추돌 - 진행중,안전운전불이행,습기,비,교차로 - 교차로안,승용,남,48세,상해없음,승용,남,36세,중상
2015113000100663,2015년 11월 30일 22시,월요일,충청북도 음성군 금왕읍,경상사고,0,0,1,0,차대차 - 측면직각충돌,안전운전불이행,건조,맑음,교차로 - 교차로부근,이륜,남,17세,경상,승용,남,46세,상해없음
2015113000100692,2015년 11월 30일 23시,월요일,충청북도 청주시 흥덕구 신전동,경상사고,0,0,1,0,차대차 - 정면충돌,중앙선침범,건조,맑음,단일로 - 기타,화물,남,45세,상해없음,승용,남,32세,경상
2015120100100043,2015년 12월 1일 02시,화요일,충청북도 청주시 청원구 우암동,경상사고,0,0,1,0,차대사람 - 기타,안전운전불이행,건조,맑음,단일로 - 기타,승용,남,55세,상해없음,보행자,남,28세,경상
2015120100100097,2015년 12월 1일 07시,화요일,충청북도 청주시 서원구 죽림동,중상사고,0,1,0,0,차대차 - 정면충돌,안전운전불이행,건조,맑음,단일로 - 기타,승용,여,32세,기타불명,승용,남,32세,상해없음
2015120100100129,2015년 12월 1일 08시,화요일,충청북도 충주시 봉방동,경상사고,0,0,1,0,차대차 - 기타,차로위반,건조,맑음,단일로 - 기타,승용,여,57세,상해없음,승용,남,63세,경상
2015120100100130,2015년 12월 1일 08시,화요일,충청북도 진천군 초평면,경상사고,0,0,1,0,차대차 - 정면충돌,교차로운행방법위반,건조,맑음,교차로 - 교차로안,승용,남,69세,상해없음,화물,남,67세,경상
2015120100100131,2015년 12월 1일 08시,화요일,충청북도 청주시 흥덕구 비하동,부상신고사고,0,0,0,1,차대차 - 정면충돌,교차로운행방법위반,건조,맑음,교차로 - 교차로안,자전거,남,15세,부상신고,승용,남,44세,상해없음
2015120100100132,2015년 12월 1일 08시,화요일,충청북도 청주시 흥덕구 강서동,경상사고,0,0,1,0,차대차 - 측면직각충돌,신호위반,건조,맑음,교차로 - 교차로안,승용,남,80세,상해없음,승용,남,32세,경상
2015120100100165,2015년 12월 1일 09시,화요일,충청북도 청주시 청원구 오창읍,경상사고,0,0,1,0,차대차 - 정면충돌,신호위반,건조,맑음,교차로 - 교차로안,승용,남,57세,상해없음,승용,남,29세,경상
2015120100100184,2015년 12월 1일 10시,화요일,충청북도 음성군 감곡면,부상신고사고,0,0,0,1,차대차 - 정면충돌,교차로운행방법위반,건조,맑음,교차로 - 교차로부근,승합,남,36세,부상신고,화물,여,54세,상해없음
2015120100100185,2015년 12월 1일 10시,화요일,충청북도 청주시 서원구 남이면,경상사고,0,0,2,0,차대차 - 추돌 - 주정차중,안전운전불이행,건조,맑음,교차로 - 교차로안,화물,남,33세,경상,건설기계,남,58세,경상
2015120100100219,2015년 12월 1일 11시,화요일,충청북도 충주시 연수동,경상사고,0,0,1,0,차대차 - 기타,안전운전불이행,건조,맑음,교차로 - 교차로부근,승용,남,54세,기타불명,승용,남,60세,경상
2015120100100220,2015년 12월 1일 11시,화요일,충청북도 청주시 흥덕구 비하동,경상사고,0,0,1,0,차대차 - 추돌 - 주정차중,안전운전불이행,건조,맑음,단일로 - 기타,승용,남,47세,상해없음,화물,남,54세,경상
2015120100100249,2015년 12월 1일 12시,화요일,충청북도 음성군 대소면,경상사고,0,0,1,0,차대차 - 측면직각충돌,신호위반,건조,맑음,교차로 - 교차로안,승용,남,61세,상해없음,승용,남,42세,경상
2015120100100307,2015년 12월 1일 14시,화요일,충청북도 충주시 교현동,중상사고,0,1,0,0,차대차 - 기타,안전운전불이행,건조,맑음,교차로 - 교차로부근,승용,남,58세,상해없음,원동기,남,46세,중상
2015120100100343,2015년 12월 1일 15시,화요일,충청북도 제천시 청전동,중상사고,0,2,0,0,차대차 - 정면충돌,교차로운행방법위반,건조,맑음,교차로 - 교차로안,화물,남,54세,상해없음,승용,남,30세,중상
2015120100100344,2015년 12월 1일 15시,화요일,충청북도 청주시 서원구 수곡동,중상사고,0,1,0,0,차대차 - 정면충돌,교차로운행방법위반,건조,흐림,교차로 - 교차로안,승합,남,35세,상해없음,자전거,남,24세,중상
2015120100100387,2015년 12월 1일 16시,화요일,충청북도 진천군 이월면,경상사고,0,0,1,0,차대차 - 추돌 - 진행중,안전운전불이행,건조,맑음,단일로 - 기타,화물,남,48세,상해없음,화물,남,35세,경상
2015120100100427,2015년 12월 1일 17시,화요일,충청북도 청주시 서원구 사직동,경상사고,0,0,1,0,차대차 - 추돌 - 주정차중,안전운전불이행,건조,흐림,교차로 - 교차로부근,승용,남,46세,상해없음,이륜,남,58세,경상
2015120100100428,2015년 12월 1일 17시,화요일,충청북도 충주시 엄정면,중상사고,0,2,1,1,차대차 - 추돌 - 진행중,안전운전불이행,건조,맑음,단일로 - 기타,승용,남,77세,부상신고,승합,남,61세,중상
2015120100100429,2015년 12월 1일 17시,화요일,충청북도 보은군 보은읍,경상사고,0,0,1,0,차대차 - 기타,안전거리미확보,건조,맑음,단일로 - 기타,승용,남,35세,상해없음,승용,남,48세,경상
2015120100100430,2015년 12월 1일 17시,화요일,충청북도 청주시 흥덕구 봉명동,경상사고,0,0,1,0,차대차 - 기타,안전운전불이행,습기,흐림,교차로 - 교차로안,승용,남,67세,상해없음,이륜,남,28세,경상
2015120100100474,2015년 12월 1일 18시,화요일,충청북도 제천시 하소동,경상사고,0,0,2,0,차대차 - 정면충돌,안전운전불이행,건조,맑음,교차로 - 교차로안,승용,남,20세,상해없음,승용,여,36세,경상
2015120100100475,2015년 12월 1일 18시,화요일,충청북도 청주시 상당구 방서동,경상사고,0,0,1,0,차대차 - 정면충돌,안전운전불이행,건조,맑음,교차로 - 교차로부근,승용,남,74세,상해없음,승용,여,49세,경상
2015120100100532,2015년 12월 1일 19시,화요일,충청북도 청주시 서원구 성화동,경상사고,0,0,1,0,차대차 - 정면충돌,중앙선침범,건조,맑음,교차로 - 교차로부근,승용,남,31세,상해없음,승용,남,53세,상해없음
2015120100100533,2015년 12월 1일 19시,화요일,충청북도 청주시 서원구 남이면,사망사고,1,0,1,0,차대차 - 정면충돌,중앙선침범,건조,흐림,단일로 - 기타,승용,남,49세,사망,승용,남,42세,경상
2015120100100566,2015년 12월 1일 20시,화요일,충청북도 청주시 서원구 사창동,경상사고,0,0,1,0,차대차 - 기타,안전운전불이행,건조,흐림,단일로 - 기타,승용,남,53세,상해없음,승용,남,43세,경상
2015120100100567,2015년 12월 1일 20시,화요일,충청북도 충주시 칠금동,경상사고,0,0,1,0,차대차 - 추돌 - 주정차중,교차로운행방법위반,습기,흐림,교차로 - 교차로부근,승용,남,46세,상해없음,승용,남,45세,경상
2015120100100615,2015년 12월 1일 22시,화요일,충청북도 청주시 흥덕구 강내면,중상사고,0,1,0,0,차량단독 - 전도전복,안전운전불이행,건조,맑음,단일로 - 기타,승용,여,46세,중상,,,,
2015120100100651,2015년 12월 1일 23시,화요일,충청북도 청주시 흥덕구 오송읍,경상사고,0,0,1,0,차대차 - 정면충돌,불법유턴,건조,맑음,단일로 - 기타,화물,남,31세,상해없음,화물,남,32세,경상
2015120100100652,2015년 12월 1일 23시,화요일,충청북도 청주시 흥덕구 가경동,중상사고,0,1,1,0,차대차 - 정면충돌,교차로운행방법위반,건조,흐림,교차로 - 교차로안,승용,남,44세,상해없음,화물,남,58세,경상
2015120100100653,2015년 12월 1일 23시,화요일,충청북도 청주시 상당구 용암동,경상사고,0,0,1,0,차대차 - 기타,안전운전불이행,건조,맑음,교차로 - 교차로안,이륜,남,33세,상해없음,자전거,남,61세,경상
2015120200100037,2015년 12월 2일 02시,수요일,충청북도 청주시 서원구 산남동,중상사고,0,1,1,0,차대차 - 기타,안전운전불이행,건조,맑음,교차로 - 교차로부근,승용,남,27세,상해없음,승용,남,39세,중상
2015120200100057,2015년 12월 2일 05시,수요일,충청북도 청주시 흥덕구 복대동,경상사고,0,0,2,0,차대차 - 측면직각충돌,기타,건조,맑음,교차로 - 교차로안,승합,남,39세,경상,화물,남,63세,경상
2015120200100058,2015년 12월 2일 05시,수요일,충청북도 청주시 흥덕구 봉명동,경상사고,0,0,1,0,차대차 - 추돌 - 진행중,안전운전불이행,건조,맑음,단일로 - 기타,승용,남,36세,상해없음,화물,남,55세,경상
2015120200100142,2015년 12월 2일 08시,수요일,충청북도 청주시 흥덕구 비하동,경상사고,0,0,1,0,차대차 - 추돌 - 진행중,안전운전불이행,건조,맑음,교차로 - 교차로안,승용,남,22세,상해없음,승용,남,72세,경상
2015120200100178,2015년 12월 2일 09시,수요일,충청북도 청주시 청원구 내수읍,중상사고,0,1,1,0,차대차 - 정면충돌,중앙선침범,결빙,비,단일로 - 기타,승용,남,31세,중상,승합,남,57세,경상
2015120200100179,2015년 12월 2일 09시,수요일,충청북도 청주시 상당구 영운동,경상사고,0,0,1,0,차대차 - 기타,안전거리미확보,건조,맑음,교차로 - 교차로안,자전거,남,60세,경상,승용,여,31세,상해없음
2015120200100260,2015년 12월 2일 12시,수요일,충청북도 충주시 호암동,경상사고,0,0,3,0,차대차 - 추돌 - 주정차중,안전운전불이행,습기,비,교차로 - 교차로부근,화물,남,48세,상해없음,화물,남,68세,경상
2015120200100261,2015년 12월 2일 12시,수요일,충청북도 청주시 흥덕구 복대동,경상사고,0,0,1,0,차량단독 - 기타,기타,건조,맑음,단일로 - 기타,승합,남,50세,기타불명,,,,
2015120200100301,2015년 12월 2일 14시,수요일,충청북도 충주시 엄정면,중상사고,0,1,0,0,차대차 - 정면충돌,안전운전불이행,습기,비,단일로 - 기타,화물,남,54세,상해없음,자전거,남,68세,중상
2015120200100302,2015년 12월 2일 14시,수요일,충청북도 충주시 교현동,경상사고,0,0,1,0,차대차 - 기타,안전운전불이행,습기,비,단일로 - 기타,화물,남,56세,상해없음,원동기,남,19세,경상
2015120200100303,2015년 12월 2일 14시,수요일,충청북도 제천시 신월동,경상사고,0,0,1,0,차대사람 - 횡단중,안전운전불이행,습기,비,교차로 - 교차로안,승용,여,21세,상해없음,보행자,남,23세,경상
2015120200100304,2015년 12월 2일 14시,수요일,충청북도 옥천군 옥천읍,중상사고,0,1,1,0,차대차 - 정면충돌,안전운전불이행,습기,비,교차로 - 교차로안,승용,남,45세,상해없음,승용,남,72세,중상
2015120200100305,2015년 12월 2일 14시,수요일,충청북도 청주시 흥덕구 가경동,경상사고,0,0,1,0,차대차 - 정면충돌,안전거리미확보,습기,비,교차로 - 교차로부근,화물,남,41세,상해없음,승용,남,34세,경상
2015120200100306,2015년 12월 2일 14시,수요일,충청북도 청주시 서원구 분평동,중상사고,0,1,0,0,차대차 - 정면충돌,안전거리미확보,건조,맑음,교차로 - 교차로부근,승용,여,61세,상해없음,승용,여,49세,중상
2015120200100341,2015년 12월 2일 15시,수요일,충청북도 충주시 엄정면,경상사고,0,0,1,0,차대차 - 기타,중앙선침범,습기,비,단일로 - 기타,화물,남,65세,상해없음,화물,남,42세,경상
2015120200100342,2015년 12월 2일 15시,수요일,충청북도 제천시 청전동,경상사고,0,0,1,0,차대차 - 정면충돌,안전운전불이행,습기,비,교차로 - 교차로안,승용,남,71세,상해없음,승용,남,44세,상해없음
2015120200100343,2015년 12월 2일 15시,수요일,충청북도 음성군 삼성면,중상사고,0,1,0,0,차대차 - 정면충돌,교차로운행방법위반,습기,비,교차로 - 교차로안,화물,남,42세,상해없음,화물,남,56세,중상
2015120200100373,2015년 12월 2일 16시,수요일,충청북도 청주시 청원구 주성동,중상사고,0,1,0,0,차대차 - 정면충돌,안전운전불이행,습기,흐림,교차로 - 교차로부근,화물,남,52세,상해없음,승용,여,56세,중상
2015120200100471,2015년 12월 2일 18시,수요일,충청북도 충주시 주덕읍,경상사고,0,0,1,0,차대차 - 기타,안전운전불이행,건조,맑음,교차로 - 교차로안,승용,남,56세,상해없음,승용,남,35세,경상
2015120200100472,2015년 12월 2일 18시,수요일,충청북도 청주시 상당구 서문동,중상사고,0,1,0,0,차대사람 - 횡단중,안전운전불이행,건조,맑음,교차로 - 교차로부근,화물,여,56세,상해없음,보행자,여,72세,중상
2015120200100505,2015년 12월 2일 19시,수요일,충청북도 청주시 서원구 산남동,중상사고,0,1,0,0,차대차 - 정면충돌,안전운전불이행,건조,맑음,교차로 - 교차로안,승용,남,42세,상해없음,이륜,남,36세,중상
2015120200100548,2015년 12월 2일 20시,수요일,충청북도 음성군 금왕읍,경상사고,0,0,1,0,차대차 - 측면직각충돌,안전운전불이행,습기,흐림,교차로 - 교차로안,승용,남,29세,상해없음,승용,여,49세,경상
2015120200100549,2015년 12월 2일 20시,수요일,충청북도 청주시 흥덕구 신봉동,부상신고사고,0,0,0,1,차대차 - 정면충돌,안전운전불이행,건조,맑음,단일로 - 기타,원동기,남,27세,부상신고,기타불명,기타불명,기타불명,기타불명
2015120200100550,2015년 12월 2일 20시,수요일,충청북도 청주시 흥덕구 신봉동,경상사고,0,0,1,0,차대차 - 측면직각충돌,교차로운행방법위반,건조,맑음,교차로 - 교차로안,승용,남,26세,기타불명,이륜,남,48세,경상
2015120200100579,2015년 12월 2일 21시,수요일,충청북도 청주시 청원구 내수읍,경상사고,0,0,1,0,차대사람 - 기타,안전운전불이행,습기,흐림,단일로 - 기타,화물,남,45세,상해없음,보행자,남,37세,경상
2015120200100580,2015년 12월 2일 21시,수요일,충청북도 청주시 서원구 분평동,중상사고,0,1,0,0,차대사람 - 횡단중,안전운전불이행,건조,맑음,교차로 - 교차로안,승용,남,21세,상해없음,보행자,여,31세,중상
2015120200100581,2015년 12월 2일 21시,수요일,충청북도 청주시 서원구 수곡동,중상사고,0,1,0,0,차대사람 - 기타,안전운전불이행,건조,맑음,교차로 - 교차로안,화물,남,53세,상해없음,보행자,여,70세,중상
2015120200100619,2015년 12월 2일 22시,수요일,충청북도 청주시 흥덕구 옥산면,경상사고,0,0,1,0,차대차 - 정면충돌,교차로운행방법위반,건조,맑음,교차로 - 교차로안,승용,남,23세,경상,승용,남,54세,상해없음
2015120200100620,2015년 12월 2일 22시,수요일,충청북도 청주시 흥덕구 운천동,중상사고,0,1,0,0,차대차 - 정면충돌,안전운전불이행,건조,맑음,교차로 - 교차로부근,승합,남,54세,상해없음,승용,여,61세,중상
2015120200100643,2015년 12월 2일 23시,수요일,충청북도 청주시 상당구 탑동,경상사고,0,0,1,0,차대사람 - 기타,보행자보호의무위반,건조,맑음,교차로 - 교차로안,승용,남,34세,상해없음,보행자,여,40세,경상
2015120300100013,2015년 12월 3일 00시,목요일,충청북도 청주시 서원구 성화동,중상사고,0,1,2,0,차대차 - 추돌 - 진행중,안전운전불이행,건조,맑음,단일로 - 기타,승용,남,43세,경상,승용,남,38세,상해없음
2015120300100014,2015년 12월 3일 00시,목요일,충청북도 청주시 흥덕구 가경동,중상사고,0,1,4,0,차대차 - 정면충돌,신호위반,건조,맑음,교차로 - 교차로안,승용,남,30세,상해없음,화물,남,43세,경상
2015120300100059,2015년 12월 3일 05시,목요일,충청북도 충주시 문화동,경상사고,0,0,1,0,차대차 - 측면직각충돌,안전거리미확보,기타,눈,교차로 - 교차로부근,승용,남,58세,상해없음,원동기,남,43세,경상
2015120300100060,2015년 12월 3일 05시,목요일,충청북도 청주시 흥덕구 복대동,경상사고,0,0,1,0,차대차 - 정면충돌,안전운전불이행,습기,눈,단일로 - 기타,승용,남,23세,상해없음,승용,남,24세,경상
2015120300100061,2015년 12월 3일 05시,목요일,충청북도 청주시 흥덕구 강내면,경상사고,0,0,2,0,차대차 - 정면충돌,중앙선침범,결빙,눈,단일로 - 기타,승용,남,29세,상해없음,승용,남,48세,경상
2015120300100082,2015년 12월 3일 06시,목요일,충청북도 단양군 매포읍,사망사고,1,0,0,0,차대사람 - 차도통행중,안전운전불이행,습기,눈,단일로 - 기타,승용,남,61세,상해없음,보행자,여,75세,사망
2015120300100099,2015년 12월 3일 07시,목요일,충청북도 청주시 서원구 사직동,중상사고,0,1,0,0,차대차 - 정면충돌,직진우회전진행방해,건조,맑음,교차로 - 교차로안,승용,남,33세,상해없음,자전거,남,76세,중상
2015120300100130,2015년 12월 3일 08시,목요일,충청북도 영동군 영동읍,경상사고,0,0,1,0,차대사람 - 횡단중,보행자보호의무위반,습기,눈,단일로 - 횡단보도상,화물,남,60세,상해없음,보행자,여,70세,경상
2015120300100131,2015년 12월 3일 08시,목요일,충청북도 음성군 금왕읍,경상사고,0,0,1,0,차대차 - 추돌 - 진행중,안전운전불이행,적설,눈,단일로 - 기타,화물,남,58세,상해없음,승용,남,56세,경상
2015120300100132,2015년 12월 3일 08시,목요일,충청북도 보은군 회남면,경상사고,0,0,1,0,차대차 - 정면충돌,안전운전불이행,적설,눈,단일로 - 기타,화물,남,44세,상해없음,승용,남,51세,경상
2015120300100283,2015년 12월 3일 13시,목요일,충청북도 청주시 청원구 사천동,부상신고사고,0,0,0,1,차대차 - 기타,안전운전불이행,습기,눈,단일로 - 기타,자전거,남,79세,부상신고,승용,여,53세,상해없음