사고번호,사고일시,요일,시군구,사고내용,사망자수,중상자수,경상자수,부상신고자수,사고유형,법규위반,노면상태,기상상태,도로형태,가해운전자 차종,가해운전자 성별,가해운전자 연령,가해운전자 상해정도,피해운전자 차종,피해운전자 성별,피해운전자 연령,피해운전자 상해정도
2015120300100284,2015년 12월 3일 13시,목요일,충청북도 진천군 진천읍,경상사고,0,0,1,0,차대차 - 측면직각충돌,차로위반,건조,맑음,단일로 - 기타,승용,남,71세,상해없음,승용,남,30세,경상
2015120300100315,2015년 12월 3일 14시,목요일,충청북도 충주시 수안보면,경상사고,0,0,1,1,차대차 - 정면충돌,직진우회전진행방해,습기,눈,교차로 - 교차로안,승용,여,34세,부상신고,승용,남,58세,경상
2015120300100316,2015년 12월 3일 14시,목요일,충청북도 충주시 노은면,경상사고,0,0,1,0,차대차 - 기타,안전운전불이행,적설,눈,단일로 - 기타,승용,남,57세,경상,승용,남,39세,상해없음
2015120300100374,2015년 12월 3일 16시,목요일,충청북도 괴산군 소수면,사망사고,1,0,0,0,차량단독 - 전도전복,안전운전불이행,결빙,눈,교차로 - 교차로안,원동기,남,78세,상해없음,,,,
2015120300100375,2015년 12월 3일 16시,목요일,충청북도 음성군 금왕읍,경상사고,0,0,1,0,차대차 - 추돌 - 주정차중,안전운전불이행,결빙,눈,단일로 - 기타,승용,남,44세,상해없음,승용,여,42세,경상
2015120300100418,2015년 12월 3일 17시,목요일,충청북도 보은군 산외면,경상사고,0,0,1,0,차량단독 - 전도전복,안전운전불이행,결빙,눈,단일로 - 터널,승용,남,39세,상해없음,,,,
2015120300100504,2015년 12월 3일 19시,목요일,충청북도 청주시 흥덕구 복대동,경상사고,0,0,2,0,차대차 - 정면충돌,안전운전불이행,습기,눈,교차로 - 교차로부근,승용,남,65세,상해없음,승용,남,59세,경상
2015120300100505,2015년 12월 3일 19시,목요일,충청북도 청주시 서원구 분평동,경상사고,0,0,1,0,차대차 - 정면충돌,안전운전불이행,건조,맑음,단일로 - 기타,승용,남,38세,상해없음,승용,남,68세,경상
2015120300100539,2015년 12월 3일 20시,목요일,충청북도 옥천군 옥천읍,경상사고,0,0,1,0,차대차 - 측면직각충돌,교차로운행방법위반,습기,눈,교차로 - 교차로안,원동기,남,59세,경상,승용,남,37세,상해없음
2015120300100565,2015년 12월 3일 21시,목요일,충청북도 청주시 흥덕구 봉명동,경상사고,0,0,1,0,차대차 - 정면충돌,중앙선침범,습기,눈,단일로 - 기타,승용,여,36세,상해없음,이륜,남,48세,경상
2015120300100597,2015년 12월 3일 22시,목요일,충청북도 청주시 흥덕구 복대동,경상사고,0,0,1,0,차대차 - 정면충돌,안전운전불이행,건조,맑음,교차로 - 교차로안,승용,남,25세,상해없음,승용,남,23세,경상
2015120400100013,2015년 12월 4일 00시,금요일,충청북도 청주시 흥덕구 옥산면,중상사고,0,1,0,0,차량단독 - 공작물충돌,안전운전불이행,결빙,눈,단일로 - 기타,승용,남,51세,상해없음,,,,
2015120400100043,2015년 12월 4일 02시,금요일,충청북도 청주시 흥덕구 복대동,경상사고,0,0,3,0,차대차 - 정면충돌,신호위반,습기,눈,교차로 - 교차로안,승용,남,46세,상해없음,승용,남,21세,경상
2015120400100050,2015년 12월 4일 03시,금요일,충청북도 청주시 서원구 사창동,경상사고,0,0,1,0,차대사람 - 기타,안전운전불이행,습기,눈,단일로 - 기타,승용,남,45세,상해없음,보행자,남,22세,경상
2015120400100115,2015년 12월 4일 08시,금요일,충청북도 충주시 목행동,경상사고,0,0,1,0,차대차 - 정면충돌,신호위반,결빙,맑음,교차로 - 교차로안,화물,남,66세,상해없음,승용,남,39세,경상
2015120400100116,2015년 12월 4일 08시,금요일,충청북도 증평군 증평읍,경상사고,0,0,1,0,차대차 - 정면충돌,중앙선침범,결빙,흐림,교차로 - 교차로부근,승용,남,40세,상해없음,승용,남,69세,경상
2015120400100117,2015년 12월 4일 08시,금요일,충청북도 음성군 원남면,경상사고,0,0,2,0,차대차 - 정면충돌,안전운전불이행,적설,눈,단일로 - 기타,승용,남,35세,경상,승용,남,51세,경상
2015120400100118,2015년 12월 4일 08시,금요일,충청북도 청주시 상당구 명암동,경상사고,0,0,1,0,차대차 - 정면충돌,안전운전불이행,결빙,맑음,단일로 - 기타,승용,남,62세,경상,특수,남,45세,상해없음
2015120400100156,2015년 12월 4일 09시,금요일,충청북도 제천시 백운면,경상사고,0,0,1,1,차대차 - 정면충돌,안전운전불이행,적설,맑음,단일로 - 기타,화물,남,37세,부상신고,건설기계,남,49세,경상
2015120400100157,2015년 12월 4일 09시,금요일,충청북도 제천시 송학면,경상사고,0,0,5,1,차대차 - 정면충돌,중앙선침범,습기,눈,교차로 - 교차로안,승용,남,62세,부상신고,승합,남,53세,경상
2015120400100158,2015년 12월 4일 09시,금요일,충청북도 청주시 흥덕구 강내면,사망사고,1,0,0,0,차대사람 - 횡단중,안전운전불이행,습기,흐림,교차로 - 교차로부근,화물,남,40세,상해없음,보행자,남,79세,사망
2015120400100205,2015년 12월 4일 11시,금요일,충청북도 청주시 청원구 사천동,경상사고,0,0,1,0,차대차 - 추돌 - 주정차중,안전운전불이행,습기,맑음,교차로 - 교차로부근,화물,남,30세,상해없음,승용,여,29세,경상
2015120400100237,2015년 12월 4일 12시,금요일,충청북도 괴산군 장연면,중상사고,0,1,0,0,차대차 - 정면충돌,안전운전불이행,건조,맑음,기타 - 기타,승합,남,39세,상해없음,화물,남,72세,중상
2015120400100262,2015년 12월 4일 13시,금요일,충청북도 청주시 청원구 오창읍,중상사고,0,1,0,0,차대차 - 정면충돌,직진우회전진행방해,건조,맑음,교차로 - 교차로안,승용,여,26세,상해없음,이륜,남,46세,중상
2015120400100321,2015년 12월 4일 15시,금요일,충청북도 음성군 금왕읍,경상사고,0,0,1,0,차대차 - 정면충돌,중앙선침범,습기,눈,단일로 - 기타,승용,남,22세,상해없음,승용,남,53세,경상
2015120400100352,2015년 12월 4일 16시,금요일,충청북도 청주시 서원구 성화동,중상사고,0,1,1,0,차대차 - 정면충돌,신호위반,건조,맑음,교차로 - 교차로안,특수,남,29세,상해없음,화물,남,34세,중상
2015120400100449,2015년 12월 4일 18시,금요일,충청북도 청주시 서원구 사창동,경상사고,0,0,1,0,차대차 - 정면충돌,안전운전불이행,건조,맑음,단일로 - 기타,화물,기타불명,기타불명,기타불명,이륜,남,19세,경상
2015120400100450,2015년 12월 4일 18시,금요일,충청북도 청주시 서원구 개신동,경상사고,0,0,1,0,차대사람 - 횡단중,안전운전불이행,건조,맑음,단일로 - 기타,승용,여,39세,상해없음,보행자,여,43세,경상
2015120400100509,2015년 12월 4일 19시,금요일,충청북도 청주시 서원구 사직동,경상사고,0,0,1,0,차대사람 - 횡단중,신호위반,습기,비,단일로 - 횡단보도상,승용,남,68세,상해없음,보행자,여,24세,경상
2015120400100510,2015년 12월 4일 19시,금요일,충청북도 진천군 광혜원면,경상사고,0,0,1,0,차대사람 - 횡단중,안전운전불이행,적설,눈,기타 - 기타,승용,남,57세,상해없음,보행자,여,24세,경상
2015120400100511,2015년 12월 4일 19시,금요일,충청북도 청주시 흥덕구 가경동,경상사고,0,0,3,0,차대차 - 정면충돌,안전거리미확보,결빙,맑음,단일로 - 기타,승용,남,35세,경상,승용,남,62세,상해없음
2015120400100553,2015년 12월 4일 20시,금요일,충청북도 청주시 상당구 용암동,경상사고,0,0,1,0,차대차 - 정면충돌,안전운전불이행,건조,맑음,단일로 - 기타,승용,남,61세,상해없음,이륜,남,36세,경상
2015120400100554,2015년 12월 4일 20시,금요일,충청북도 청주시 흥덕구 옥산면,경상사고,0,0,1,1,차대차 - 측면직각충돌,안전거리미확보,건조,맑음,단일로 - 기타,특수,남,56세,상해없음,승용,남,35세,경상
2015120400100588,2015년 12월 4일 21시,금요일,충청북도 청주시 상당구 탑동,경상사고,0,0,3,0,차대차 - 정면충돌,교차로운행방법위반,건조,맑음,교차로 - 교차로안,승용,남,53세,상해없음,승용,남,36세,경상
2015120400100620,2015년 12월 4일 22시,금요일,충청북도 청주시 상당구 수동,경상사고,0,0,2,0,차대차 - 정면충돌,안전운전불이행,건조,맑음,교차로 - 교차로안,승용,남,49세,상해없음,승용,남,53세,경상
2015120400100621,2015년 12월 4일 22시,금요일,충청북도 청주시 흥덕구 운천동,경상사고,0,0,2,0,차대차 - 정면충돌,안전운전불이행,건조,맑음,교차로 - 교차로부근,승용,남,42세,상해없음,승용,여,20세,경상
2015120400100649,2015년 12월 4일 23시,금요일,충청북도 청주시 흥덕구 향정동,중상사고,0,2,0,0,차대차 - 정면충돌,교차로운행방법위반,건조,맑음,교차로 - 교차로안,승용,남,26세,상해없음,화물,남,41세,중상
2015120500100035,2015년 12월 5일 01시,토요일,충청북도 제천시 동현동,경상사고,0,0,3,1,차대차 - 정면충돌,신호위반,건조,맑음,교차로 - 교차로안,승용,남,22세,부상신고,승용,여,46세,경상
2015120500100036,2015년 12월 5일 01시,토요일,충청북도 청주시 서원구 산남동,경상사고,0,0,1,0,차대차 - 정면충돌,안전운전불이행,건조,흐림,단일로 - 기타,승용,남,32세,상해없음,승용,남,43세,경상
2015120500100060,2015년 12월 5일 02시,토요일,충청북도 청주시 상당구 용암동,경상사고,0,0,1,0,차대차 - 정면충돌,안전운전불이행,건조,흐림,단일로 - 기타,승용,남,39세,상해없음,승용,여,41세,경상
2015120500100147,2015년 12월 5일 08시,토요일,충청북도 제천시 대랑동,중상사고,0,1,0,0,차대차 - 정면충돌,안전운전불이행,결빙,흐림,단일로 - 기타,승용,여,45세,중상,승용,남,32세,상해없음
2015120500100178,2015년 12월 5일 09시,토요일,충청북도 청주시 흥덕구 복대동,경상사고,0,0,1,0,차대차 - 정면충돌,안전운전불이행,건조,맑음,단일로 - 기타,화물,남,49세,상해없음,승용,남,68세,경상
2015120500100244,2015년 12월 5일 11시,토요일,충청북도 보은군 보은읍,경상사고,0,0,1,0,차대사람 - 횡단중,안전운전불이행,건조,맑음,단일로 - 횡단보도부근,승용,여,59세,상해없음,보행자,여,64세,경상
2015120500100273,2015년 12월 5일 12시,토요일,충청북도 증평군 증평읍,경상사고,0,0,2,0,차대차 - 정면충돌,안전거리미확보,습기,맑음,단일로 - 기타,승합,남,70세,경상,승용,남,65세,경상
2015120500100302,2015년 12월 5일 13시,토요일,충청북도 제천시 장락동,중상사고,0,2,2,0,차대차 - 정면충돌,신호위반,건조,맑음,교차로 - 교차로안,승용,남,57세,중상,승용,여,41세,중상
2015120500100341,2015년 12월 5일 14시,토요일,충청북도 청주시 청원구 외하동,경상사고,0,0,1,0,차대사람 - 기타,안전운전불이행,건조,맑음,단일로 - 기타,승용,남,60세,상해없음,보행자,여,34세,경상
2015120500100377,2015년 12월 5일 15시,토요일,충청북도 진천군 진천읍,중상사고,0,1,0,0,차대사람 - 횡단중,보행자보호의무위반,건조,맑음,교차로 - 교차로부근,화물,남,54세,상해없음,보행자,여,57세,중상
2015120500100408,2015년 12월 5일 16시,토요일,충청북도 청주시 청원구 율량동,부상신고사고,0,0,0,1,차대차 - 정면충돌,안전운전불이행,건조,맑음,단일로 - 기타,화물,남,48세,상해없음,이륜,남,22세,부상신고
2015120500100439,2015년 12월 5일 17시,토요일,충청북도 청주시 청원구 우암동,경상사고,0,0,1,0,차대사람 - 기타,안전운전불이행,건조,맑음,단일로 - 기타,승용,여,36세,상해없음,보행자,남,8세,경상
2015120500100440,2015년 12월 5일 17시,토요일,충청북도 보은군 탄부면,중상사고,0,1,0,0,차대사람 - 횡단중,안전운전불이행,건조,흐림,단일로 - 기타,화물,남,51세,상해없음,보행자,남,65세,중상
2015120500100441,2015년 12월 5일 17시,토요일,충청북도 청주시 흥덕구 강내면,중상사고,0,1,0,0,차량단독 - 전도전복,안전운전불이행,건조,맑음,교차로 - 교차로부근,화물,남,55세,중상,,,,
2015120500100504,2015년 12월 5일 18시,토요일,충청북도 청주시 청원구 오창읍,경상사고,0,0,2,0,차대차 - 정면충돌,중앙선침범,건조,흐림,단일로 - 기타,승용,여,39세,상해없음,승용,남,49세,경상
2015120500100552,2015년 12월 5일 19시,토요일,충청북도 청주시 서원구 수곡동,중상사고,0,1,0,0,차대차 - 기타,신호위반,건조,맑음,교차로 - 교차로부근,승용,여,46세,상해없음,이륜,남,19세,중상
2015120500100553,2015년 12월 5일 19시,토요일,충청북도 청주시 상당구 용담동,중상사고,0,1,0,0,차대차 - 정면충돌,안전운전불이행,건조,맑음,교차로 - 교차로안,승용,여,50세,상해없음,승용,남,31세,기타불명
2015120500100554,2015년 12월 5일 19시,토요일,충청북도 청주시 상당구 지북동,중상사고,0,1,0,0,차대사람 - 기타,안전운전불이행,건조,맑음,단일로 - 기타,승용,남,38세,상해없음,보행자,남,85세,중상
2015120500100555,2015년 12월 5일 19시,토요일,충청북도 충주시 대소원면,경상사고,0,0,1,0,차대차 - 기타,안전운전불이행,건조,맑음,단일로 - 터널,승용,남,33세,상해없음,승용,여,58세,경상
2015120500100587,2015년 12월 5일 20시,토요일,충청북도 청주시 청원구 오창읍,경상사고,0,0,1,0,차량단독 - 전도전복,안전운전불이행,건조,맑음,단일로 - 기타,승용,남,50세,경상,,,,
2015120500100588,2015년 12월 5일 20시,토요일,충청북도 옥천군 옥천읍,중상사고,0,1,0,1,차대사람 - 차도통행중,안전운전불이행,건조,맑음,단일로 - 기타,이륜,남,56세,부상신고,보행자,남,52세,중상
2015120500100624,2015년 12월 5일 21시,토요일,충청북도 충주시 호암동,중상사고,0,1,1,1,차대차 - 기타,직진우회전진행방해,건조,맑음,교차로 - 교차로안,승용,여,65세,부상신고,승용,남,55세,경상
2015120500100666,2015년 12월 5일 23시,토요일,충청북도 충주시 연수동,중상사고,0,2,2,0,차대차 - 기타,안전운전불이행,건조,맑음,교차로 - 교차로부근,승용,남,35세,상해없음,승용,여,46세,중상
2015120500100667,2015년 12월 5일 23시,토요일,충청북도 청주시 상당구 용담동,부상신고사고,0,0,0,1,차대사람 - 횡단중,안전운전불이행,건조,맑음,교차로 - 교차로부근,승용,남,48세,상해없음,보행자,여,56세,부상신고
2015120600100015,2015년 12월 6일 00시,일요일,충청북도 청주시 흥덕구 오송읍,경상사고,0,0,1,0,차대차 - 정면충돌,중앙선침범,건조,맑음,교차로 - 교차로부근,승용,남,42세,상해없음,승용,남,23세,경상
2015120600100016,2015년 12월 6일 00시,일요일,충청북도 청주시 상당구 용암동,경상사고,0,0,2,0,차대차 - 측면직각충돌,중앙선침범,건조,맑음,교차로 - 교차로부근,승용,남,54세,상해없음,승용,남,23세,경상
2015120600100040,2015년 12월 6일 01시,일요일,충청북도 음성군 금왕읍,경상사고,0,0,1,0,차대차 - 정면충돌,교차로운행방법위반,건조,맑음,교차로 - 교차로안,승용,남,55세,상해없음,이륜,남,16세,경상
2015120600100112,2015년 12월 6일 06시,일요일,충청북도 청주시 서원구 수곡동,경상사고,0,0,2,0,차대차 - 정면충돌,안전운전불이행,건조,맑음,단일로 - 기타,화물,남,34세,상해없음,승용,남,41세,경상
2015120600100118,2015년 12월 6일 07시,일요일,충청북도 청주시 흥덕구 송정동,경상사고,0,0,2,1,차대차 - 측면직각충돌,교차로운행방법위반,건조,맑음,교차로 - 교차로안,승용,남,59세,부상신고,승용,남,21세,경상
2015120600100161,2015년 12월 6일 10시,일요일,충청북도 청주시 청원구 주중동,경상사고,0,0,3,0,차대차 - 정면충돌,안전운전불이행,건조,맑음,단일로 - 기타,승합,남,44세,경상,승용,남,43세,경상
2015120600100162,2015년 12월 6일 10시,일요일,충청북도 진천군 초평면,사망사고,1,2,1,0,차대차 - 정면충돌,중앙선침범,건조,맑음,단일로 - 기타,승용,남,46세,중상,승용,남,55세,경상
2015120600100209,2015년 12월 6일 12시,일요일,충청북도 충주시 문화동,중상사고,0,1,0,0,차대차 - 기타,안전거리미확보,건조,맑음,단일로 - 기타,자전거,남,70세,중상,승용,여,52세,상해없음
2015120600100210,2015년 12월 6일 12시,일요일,충청북도 영동군 황간면,중상사고,0,1,1,0,차대차 - 정면충돌,중앙선침범,건조,맑음,단일로 - 기타,승용,여,59세,상해없음,승용,남,49세,경상
2015120600100211,2015년 12월 6일 12시,일요일,충청북도 음성군 대소면,부상신고사고,0,0,0,1,차대차 - 정면충돌,교차로운행방법위반,건조,맑음,교차로 - 교차로안,이륜,남,69세,부상신고,승용,남,72세,상해없음
2015120600100255,2015년 12월 6일 14시,일요일,충청북도 증평군 증평읍,경상사고,0,0,1,0,차대차 - 추돌 - 주정차중,기타,건조,맑음,단일로 - 기타,승용,남,65세,상해없음,자전거,남,14세,경상
2015120600100256,2015년 12월 6일 14시,일요일,충청북도 음성군 생극면,경상사고,0,0,2,1,차대차 - 정면충돌,중앙선침범,습기,흐림,단일로 - 기타,승용,여,53세,부상신고,승용,남,28세,경상
2015120600100303,2015년 12월 6일 16시,일요일,충청북도 청주시 서원구 사직동,경상사고,0,0,1,0,차대차 - 기타,안전운전불이행,건조,맑음,교차로 - 교차로부근,승용,남,23세,상해없음,승용,여,55세,경상
2015120600100304,2015년 12월 6일 16시,일요일,충청북도 제천시 청전동,경상사고,0,0,1,0,차대사람 - 횡단중,기타,건조,맑음,단일로 - 기타,승용,남,53세,상해없음,보행자,남,50세,경상
2015120600100305,2015년 12월 6일 16시,일요일,충청북도 음성군 음성읍,경상사고,0,0,2,0,차대차 - 정면충돌,교차로운행방법위반,건조,맑음,교차로 - 교차로안,승용,남,31세,상해없음,승용,남,59세,경상
2015120600100306,2015년 12월 6일 16시,일요일,충청북도 청주시 서원구 남이면,중상사고,0,1,1,0,차대차 - 정면충돌,신호위반,건조,맑음,교차로 - 교차로안,승용,남,40세,상해없음,승용,여,54세,중상
2015120600100335,2015년 12월 6일 17시,일요일,충청북도 음성군 대소면,경상사고,0,0,1,0,차대사람 - 길가장자리구역통행중,안전운전불이행,건조,맑음,교차로 - 교차로부근,승용,남,67세,상해없음,보행자,여,34세,경상
2015120600100336,2015년 12월 6일 17시,일요일,충청북도 청주시 흥덕구 봉명동,중상사고,0,1,0,0,차대사람 - 횡단중,안전운전불이행,건조,맑음,단일로 - 기타,승용,남,30세,상해없음,보행자,여,72세,중상
2015120600100365,2015년 12월 6일 18시,일요일,충청북도 괴산군 불정면,중상사고,0,1,0,0,차대차 - 추돌 - 진행중,안전운전불이행,건조,맑음,단일로 - 기타,승용,남,70세,상해없음,농기계,남,62세,중상
2015120600100366,2015년 12월 6일 18시,일요일,충청북도 음성군 음성읍,중상사고,0,1,0,0,차대사람 - 횡단중,안전운전불이행,건조,맑음,단일로 - 기타,승용,남,72세,상해없음,보행자,여,50세,중상
2015120600100367,2015년 12월 6일 18시,일요일,충청북도 청주시 흥덕구 석소동,중상사고,0,2,4,0,차대차 - 정면충돌,안전운전불이행,건조,맑음,단일로 - 기타,화물,남,46세,상해없음,승용,남,39세,중상
2015120600100400,2015년 12월 6일 19시,일요일,충청북도 청주시 흥덕구 운천동,경상사고,0,0,1,0,차대차 - 정면충돌,교차로운행방법위반,건조,맑음,교차로 - 교차로안,승용,여,44세,상해없음,이륜,남,26세,경상
2015120600100401,2015년 12월 6일 19시,일요일,충청북도 청주시 흥덕구 복대동,경상사고,0,0,1,0,차대차 - 추돌 - 주정차중,안전운전불이행,건조,맑음,단일로 - 기타,화물,남,45세,상해없음,승용,남,31세,경상
2015120600100402,2015년 12월 6일 19시,일요일,충청북도 청주시 상당구 용암동,경상사고,0,0,3,0,차대차 - 정면충돌,신호위반,건조,맑음,교차로 - 교차로안,승합,남,26세,상해없음,승용,남,50세,경상
2015120600100483,2015년 12월 6일 22시,일요일,충청북도 청주시 청원구 율량동,경상사고,0,0,1,0,차대차 - 기타,교차로운행방법위반,건조,맑음,교차로 - 교차로안,승용,남,46세,상해없음,승용,여,46세,경상
2015120600100507,2015년 12월 6일 23시,일요일,충청북도 옥천군 이원면,사망사고,1,0,0,0,차대차 - 기타,중앙선침범,건조,맑음,단일로 - 기타,화물,남,59세,사망,화물,남,57세,기타불명
2015120600100508,2015년 12월 6일 23시,일요일,충청북도 청주시 흥덕구 오송읍,경상사고,0,0,2,0,차대차 - 정면충돌,기타,건조,맑음,교차로 - 교차로안,승용,남,59세,상해없음,승용,남,53세,경상
2015120700100021,2015년 12월 7일 01시,월요일,충청북도 청주시 흥덕구 정봉동,중상사고,0,1,1,0,차대차 - 정면충돌,안전운전불이행,건조,맑음,단일로 - 기타,승용,남,57세,상해없음,승용,남,42세,중상
2015120700100063,2015년 12월 7일 06시,월요일,충청북도 충주시 연수동,사망사고,1,0,0,0,차대사람 - 기타,안전운전불이행,건조,맑음,교차로 - 교차로안,승용,남,73세,상해없음,보행자,여,72세,사망
2015120700100064,2015년 12월 7일 06시,월요일,충청북도 청주시 흥덕구 오송읍,경상사고,0,0,1,0,차대차 - 기타,안전운전불이행,건조,맑음,교차로 - 교차로부근,승용,남,51세,상해없음,승용,남,51세,경상
2015120700100065,2015년 12월 7일 06시,월요일,충청북도 청주시 흥덕구 복대동,경상사고,0,0,1,0,차대사람 - 횡단중,안전운전불이행,건조,맑음,교차로 - 교차로부근,승용,남,60세,상해없음,보행자,남,62세,경상
2015120700100093,2015년 12월 7일 07시,월요일,충청북도 충주시 충의동,중상사고,0,1,0,0,차대차 - 기타,안전운전불이행,건조,맑음,교차로 - 교차로안,승용,여,48세,상해없음,원동기,남,76세,중상
2015120700100094,2015년 12월 7일 07시,월요일,충청북도 옥천군 옥천읍,중상사고,0,1,0,0,차대차 - 정면충돌,직진우회전진행방해,습기,안개,교차로 - 교차로안,승용,남,54세,상해없음,원동기,남,81세,중상
2015120700100095,2015년 12월 7일 07시,월요일,충청북도 청주시 서원구 성화동,경상사고,0,0,1,0,차대사람 - 횡단중,안전운전불이행,건조,맑음,교차로 - 교차로부근,기타불명,기타불명,기타불명,기타불명,보행자,남,18세,경상
2015120700100139,2015년 12월 7일 08시,월요일,충청북도 제천시 화산동,중상사고,0,1,1,0,차대차 - 정면충돌,안전운전불이행,건조,맑음,교차로 - 교차로안,승용,남,56세,상해없음,승용,여,50세,중상
2015120700100140,2015년 12월 7일 08시,월요일,충청북도 옥천군 옥천읍,경상사고,0,0,2,0,차대차 - 측면직각충돌,교차로운행방법위반,건조,맑음,교차로 - 교차로안,승용,남,55세,경상,승용,여,48세,경상
2015120700100141,2015년 12월 7일 08시,월요일,충청북도 청주시 흥덕구 운천동,경상사고,0,0,1,0,차대차 - 정면충돌,신호위반,건조,맑음,교차로 - 교차로안,승합,남,25세,경상,승용,남,56세,상해없음
2015120700100142,2015년 12월 7일 08시,월요일,충청북도 청주시 흥덕구 봉명동,경상사고,0,0,2,0,차대차 - 측면직각충돌,교차로운행방법위반,건조,맑음,교차로 - 교차로안,승용,남,63세,상해없음,화물,남,58세,상해없음
2015120700100143,2015년 12월 7일 08시,월요일,충청북도 청주시 서원구 모충동,중상사고,0,1,0,0,차대사람 - 횡단중,안전운전불이행,건조,맑음,교차로 - 교차로부근,승합,남,49세,상해없음,보행자,남,13세,중상
2015120700100180,2015년 12월 7일 09시,월요일,충청북도 청주시 흥덕구 강서동,경상사고,0,0,3,1,차대차 - 정면충돌,안전운전불이행,건조,맑음,교차로 - 교차로부근,화물,남,80세,부상신고,승용,여,41세,경상
2015120700100236,2015년 12월 7일 11시,월요일,충청북도 충주시 주덕읍,사망사고,1,0,0,0,차대차 - 기타,직진우회전진행방해,건조,맑음,교차로 - 교차로안,건설기계,남,65세,상해없음,원동기,남,78세,사망
2015120700100237,2015년 12월 7일 11시,월요일,충청북도 보은군 보은읍,중상사고,0,1,0,0,차대사람 - 횡단중,교차로운행방법위반,건조,흐림,교차로 - 교차로안,화물,남,48세,상해없음,보행자,남,73세,중상
2015120700100238,2015년 12월 7일 11시,월요일,충청북도 청주시 서원구 모충동,경상사고,0,0,2,0,차대차 - 측면직각충돌,안전운전불이행,건조,맑음,교차로 - 교차로안,화물,남,63세,경상,승용,남,48세,경상
2015120700100265,2015년 12월 7일 12시,월요일,충청북도 충주시 단월동,경상사고,0,0,2,0,차대차 - 기타,직진우회전진행방해,건조,맑음,교차로 - 교차로안,승용,남,22세,상해없음,승용,남,22세,경상
2015120700100266,2015년 12월 7일 12시,월요일,충청북도 괴산군 칠성면,중상사고,0,1,0,0,차대사람 - 횡단중,안전운전불이행,건조,맑음,단일로 - 기타,화물,남,63세,상해없음,보행자,여,83세,중상
2015120700100295,2015년 12월 7일 13시,월요일,충청북도 청주시 흥덕구 가경동,경상사고,0,0,1,0,차대차 - 정면충돌,안전운전불이행,건조,맑음,교차로 - 교차로부근,승용,여,29세,상해없음,자전거,여,23세,경상
2015120700100296,2015년 12월 7일 13시,월요일,충청북도 청주시 흥덕구 봉명동,경상사고,0,0,1,0,차대차 - 정면충돌,안전운전불이행,건조,맑음,교차로 - 교차로부근,승용,여,50세,상해없음,승용,여,33세,경상
2015120700100407,2015년 12월 7일 16시,월요일,충청북도 청주시 서원구 사직동,경상사고,0,0,1,0,차대차 - 정면충돌,교차로운행방법위반,건조,맑음,교차로 - 교차로안,화물,남,44세,상해없음,자전거,남,76세,경상
2015120700100408,2015년 12월 7일 16시,월요일,충청북도 음성군 대소면,경상사고,0,0,1,0,차대사람 - 횡단중,안전운전불이행,건조,맑음,단일로 - 기타,승용,여,36세,상해없음,보행자,남,10세,경상
2015120700100409,2015년 12월 7일 16시,월요일,충청북도 청주시 흥덕구 비하동,중상사고,0,1,0,0,차대차 - 기타,안전운전불이행,건조,맑음,교차로 - 교차로안,승용,여,51세,기타불명,자전거,남,43세,중상
2015120700100410,2015년 12월 7일 16시,월요일,충청북도 청주시 서원구 모충동,중상사고,0,1,2,0,차대차 - 정면충돌,안전운전불이행,건조,맑음,교차로 - 교차로안,승용,남,72세,상해없음,승용,남,59세,경상
2015120700100449,2015년 12월 7일 17시,월요일,충청북도 충주시 지현동,중상사고,0,1,0,0,차대사람 - 기타,안전운전불이행,건조,맑음,단일로 - 기타,화물,남,49세,상해없음,보행자,여,83세,중상
2015120700100486,2015년 12월 7일 18시,월요일,충청북도 청주시 흥덕구 강내면,경상사고,0,0,1,0,차대차 - 정면충돌,안전운전불이행,건조,맑음,단일로 - 기타,승용,남,53세,상해없음,승용,남,28세,경상
2015120700100533,2015년 12월 7일 19시,월요일,충청북도 충주시 교현동,중상사고,0,1,0,0,차대차 - 기타,안전운전불이행,건조,맑음,교차로 - 교차로안,승용,남,58세,상해없음,이륜,남,68세,중상
2015120700100534,2015년 12월 7일 19시,월요일,충청북도 보은군 보은읍,중상사고,0,1,0,0,차량단독 - 전도전복,안전운전불이행,건조,흐림,단일로 - 기타,이륜,남,75세,중상,,,,
2015120700100574,2015년 12월 7일 20시,월요일,충청북도 청주시 청원구 내덕동,중상사고,0,1,0,0,차대차 - 추돌 - 진행중,안전운전불이행,건조,맑음,교차로 - 교차로부근,승용,남,42세,상해없음,승용,여,60세,중상
2015120700100575,2015년 12월 7일 20시,월요일,충청북도 제천시 의림동,중상사고,0,1,0,0,차대차 - 정면충돌,안전거리미확보,건조,맑음,교차로 - 교차로안,승용,남,58세,상해없음,원동기,남,21세,중상
2015120700100576,2015년 12월 7일 20시,월요일,충청북도 진천군 초평면,중상사고,0,1,1,0,차대차 - 정면충돌,중앙선침범,건조,맑음,단일로 - 기타,승용,남,46세,경상,승용,남,35세,중상
2015120700100593,2015년 12월 7일 21시,월요일,충청북도 청주시 청원구 율량동,경상사고,0,0,2,0,차대사람 - 횡단중,보행자보호의무위반,건조,맑음,교차로 - 교차로안,승용,남,33세,상해없음,보행자,남,24세,경상