사고번호,사고일시,요일,시군구,사고내용,사망자수,중상자수,경상자수,부상신고자수,사고유형,법규위반,노면상태,기상상태,도로형태,가해운전자 차종,가해운전자 성별,가해운전자 연령,가해운전자 상해정도,피해운전자 차종,피해운전자 성별,피해운전자 연령,피해운전자 상해정도
2015120700100647,2015년 12월 7일 23시,월요일,충청북도 청주시 청원구 오창읍,경상사고,0,0,3,0,차대차 - 정면충돌,안전운전불이행,건조,맑음,교차로 - 교차로부근,승용,남,34세,상해없음,승용,남,46세,경상
2015120800100014,2015년 12월 8일 00시,화요일,충청북도 청주시 흥덕구 복대동,중상사고,0,1,2,0,차대차 - 정면충돌,안전운전불이행,건조,맑음,단일로 - 기타,승용,남,28세,상해없음,승용,남,53세,경상
2015120800100031,2015년 12월 8일 01시,화요일,충청북도 청주시 흥덕구 가경동,중상사고,0,1,0,1,차대차 - 정면충돌,안전운전불이행,건조,맑음,교차로 - 교차로부근,승용,남,46세,상해없음,승용,남,43세,중상
2015120800100037,2015년 12월 8일 02시,화요일,충청북도 청주시 청원구 오창읍,경상사고,0,0,1,0,차대차 - 기타,차로위반,건조,맑음,단일로 - 기타,승용,여,36세,상해없음,승용,여,61세,경상
2015120800100047,2015년 12월 8일 03시,화요일,충청북도 옥천군 동이면,중상사고,0,1,0,0,차대차 - 정면충돌,안전운전불이행,건조,흐림,단일로 - 터널,기타불명,기타불명,기타불명,기타불명,승용,남,35세,중상
2015120800100051,2015년 12월 8일 04시,화요일,충청북도 단양군 매포읍,경상사고,0,0,1,0,차대차 - 추돌 - 주정차중,안전운전불이행,건조,맑음,단일로 - 기타,승용,여,62세,상해없음,승용,남,39세,경상
2015120800100135,2015년 12월 8일 08시,화요일,충청북도 충주시 문화동,중상사고,0,1,0,0,차대차 - 기타,신호위반,건조,맑음,교차로 - 교차로안,승용,여,45세,상해없음,승용,남,26세,중상
2015120800100136,2015년 12월 8일 08시,화요일,충청북도 충주시 칠금동,중상사고,0,1,0,0,차대사람 - 횡단중,보행자보호의무위반,건조,맑음,단일로 - 횡단보도상,승용,여,42세,상해없음,보행자,여,23세,중상
2015120800100175,2015년 12월 8일 09시,화요일,충청북도 옥천군 옥천읍,경상사고,0,0,2,0,차대차 - 측면직각충돌,교차로운행방법위반,건조,맑음,교차로 - 교차로안,승용,여,57세,경상,승합,남,47세,경상
2015120800100176,2015년 12월 8일 09시,화요일,충청북도 청주시 흥덕구 외북동,경상사고,0,0,1,0,차대차 - 정면충돌,안전운전불이행,건조,맑음,교차로 - 교차로부근,화물,남,49세,상해없음,승용,남,65세,경상
2015120800100177,2015년 12월 8일 09시,화요일,충청북도 청주시 상당구 남문로1가동,경상사고,0,0,1,0,차대차 - 정면충돌,안전운전불이행,건조,맑음,교차로 - 교차로부근,승용,남,69세,상해없음,이륜,남,19세,경상
2015120800100240,2015년 12월 8일 11시,화요일,충청북도 청주시 흥덕구 오송읍,중상사고,0,1,1,0,차대차 - 정면충돌,신호위반,건조,맑음,교차로 - 교차로안,승용,남,45세,중상,승용,남,65세,경상
2015120800100241,2015년 12월 8일 11시,화요일,충청북도 청주시 서원구 수곡동,경상사고,0,0,1,1,차대차 - 정면충돌,신호위반,건조,맑음,교차로 - 교차로안,이륜,남,33세,부상신고,승용,남,31세,경상
2015120800100297,2015년 12월 8일 13시,화요일,충청북도 청주시 상당구 석교동,중상사고,0,1,0,0,차대차 - 기타,안전운전불이행,건조,맑음,단일로 - 기타,승용,남,50세,상해없음,승합,남,56세,상해없음
2015120800100322,2015년 12월 8일 14시,화요일,충청북도 증평군 증평읍,경상사고,0,0,1,0,차대차 - 정면충돌,중앙선침범,건조,맑음,단일로 - 기타,승용,여,42세,상해없음,화물,남,62세,경상
2015120800100354,2015년 12월 8일 15시,화요일,충청북도 청주시 청원구 주중동,경상사고,0,0,1,0,차대사람 - 기타,안전운전불이행,건조,맑음,교차로 - 교차로부근,기타불명,기타불명,기타불명,기타불명,보행자,남,2세,경상
2015120800100355,2015년 12월 8일 15시,화요일,충청북도 단양군 매포읍,경상사고,0,0,3,0,차대차 - 추돌 - 진행중,안전거리미확보,건조,흐림,단일로 - 기타,승용,남,58세,상해없음,승용,남,46세,경상
2015120800100356,2015년 12월 8일 15시,화요일,충청북도 청주시 서원구 분평동,중상사고,0,1,0,0,차대사람 - 횡단중,안전운전불이행,건조,맑음,단일로 - 기타,화물,남,46세,상해없음,보행자,남,73세,중상
2015120800100393,2015년 12월 8일 16시,화요일,충청북도 청주시 상당구 북문로2가동,중상사고,0,1,0,0,차대사람 - 횡단중,안전운전불이행,건조,맑음,교차로 - 교차로부근,원동기,남,53세,상해없음,보행자,여,43세,중상
2015120800100394,2015년 12월 8일 16시,화요일,충청북도 제천시 모산동,경상사고,0,0,3,0,차대차 - 정면충돌,안전운전불이행,건조,맑음,교차로 - 교차로안,승용,남,63세,기타불명,승용,남,72세,경상
2015120800100432,2015년 12월 8일 17시,화요일,충청북도 청주시 상당구 금천동,중상사고,0,1,0,0,차대사람 - 횡단중,안전운전불이행,건조,맑음,단일로 - 횡단보도부근,승용,남,48세,상해없음,보행자,여,67세,중상
2015120800100476,2015년 12월 8일 18시,화요일,충청북도 청주시 청원구 율량동,중상사고,0,1,0,0,차대사람 - 횡단중,보행자보호의무위반,건조,맑음,교차로 - 교차로안,승합,남,59세,상해없음,보행자,여,81세,중상
2015120800100477,2015년 12월 8일 18시,화요일,충청북도 청주시 흥덕구 옥산면,중상사고,0,1,0,0,차대사람 - 횡단중,안전운전불이행,건조,맑음,단일로 - 기타,승용,여,44세,상해없음,보행자,여,44세,중상
2015120800100517,2015년 12월 8일 19시,화요일,충청북도 청주시 상당구 금천동,사망사고,1,0,0,0,차대사람 - 횡단중,안전운전불이행,건조,맑음,단일로 - 기타,승용,남,45세,상해없음,보행자,남,81세,사망
2015120800100518,2015년 12월 8일 19시,화요일,충청북도 청주시 상당구 금천동,경상사고,0,0,3,0,차대차 - 기타,교차로운행방법위반,건조,맑음,교차로 - 교차로안,승용,여,58세,상해없음,승용,남,41세,경상
2015120800100549,2015년 12월 8일 20시,화요일,충청북도 증평군 증평읍,중상사고,0,1,2,0,차대차 - 정면충돌,신호위반,건조,맑음,교차로 - 교차로부근,원동기,남,21세,경상,원동기,여,62세,중상
2015120800100603,2015년 12월 8일 22시,화요일,충청북도 청주시 청원구 내덕동,경상사고,0,0,1,0,차대차 - 측면직각충돌,안전운전불이행,건조,맑음,단일로 - 기타,승합,남,56세,상해없음,승용,남,42세,상해없음
2015120800100628,2015년 12월 8일 23시,화요일,충청북도 충주시 교현동,경상사고,0,0,1,1,차대차 - 정면충돌,안전거리미확보,건조,맑음,단일로 - 기타,승용,남,34세,부상신고,승용,남,36세,경상
2015120800100629,2015년 12월 8일 23시,화요일,충청북도 청주시 서원구 성화동,경상사고,0,0,3,1,차대차 - 추돌 - 주정차중,안전운전불이행,건조,맑음,단일로 - 기타,승용,남,42세,상해없음,화물,남,38세,경상
2015120800100630,2015년 12월 8일 23시,화요일,충청북도 청주시 흥덕구 비하동,중상사고,0,4,1,0,차대차 - 측면직각충돌,신호위반,습기,맑음,교차로 - 교차로안,승용,남,55세,상해없음,승용,남,44세,중상
2015120800100631,2015년 12월 8일 23시,화요일,충청북도 청주시 상당구 서문동,경상사고,0,0,1,0,차대차 - 측면직각충돌,교차로운행방법위반,건조,맑음,교차로 - 교차로안,승용,남,31세,상해없음,승용,남,62세,경상
2015120900100014,2015년 12월 9일 00시,수요일,충청북도 청주시 서원구 분평동,중상사고,0,1,0,0,차대차 - 정면충돌,안전운전불이행,건조,맑음,단일로 - 기타,승용,남,48세,상해없음,승용,남,45세,상해없음
2015120900100030,2015년 12월 9일 01시,수요일,충청북도 청주시 흥덕구 복대동,경상사고,0,0,1,0,차대차 - 정면충돌,신호위반,건조,맑음,교차로 - 교차로안,승용,남,23세,상해없음,승용,여,49세,경상
2015120900100063,2015년 12월 9일 05시,수요일,충청북도 청주시 청원구 내수읍,경상사고,0,0,1,0,차대차 - 정면충돌,신호위반,건조,맑음,교차로 - 교차로안,화물,남,63세,상해없음,건설기계,남,25세,경상
2015120900100100,2015년 12월 9일 07시,수요일,충청북도 청주시 흥덕구 운천동,경상사고,0,0,1,0,차대차 - 정면충돌,안전운전불이행,건조,맑음,교차로 - 교차로안,화물,남,49세,상해없음,화물,여,58세,경상
2015120900100101,2015년 12월 9일 07시,수요일,충청북도 청주시 흥덕구 가경동,경상사고,0,0,1,0,차대차 - 정면충돌,안전운전불이행,건조,맑음,단일로 - 기타,승용,남,27세,상해없음,승용,남,25세,경상
2015120900100132,2015년 12월 9일 08시,수요일,충청북도 증평군 증평읍,중상사고,0,1,0,1,차대차 - 측면직각충돌,교차로운행방법위반,건조,맑음,교차로 - 교차로안,승용,여,46세,부상신고,승용,여,24세,중상
2015120900100161,2015년 12월 9일 09시,수요일,충청북도 청주시 청원구 율량동,경상사고,0,0,2,0,차대차 - 추돌 - 진행중,안전거리미확보,건조,맑음,교차로 - 교차로안,승합,남,53세,상해없음,승용,여,46세,경상
2015120900100186,2015년 12월 9일 10시,수요일,충청북도 청주시 흥덕구 오송읍,경상사고,0,0,1,0,차대차 - 정면충돌,안전운전불이행,건조,맑음,단일로 - 기타,승용,남,23세,상해없음,승용,남,21세,경상
2015120900100187,2015년 12월 9일 10시,수요일,충청북도 청주시 상당구 낭성면,부상신고사고,0,0,0,1,차대차 - 기타,안전운전불이행,건조,맑음,교차로 - 교차로부근,원동기,남,80세,부상신고,승용,남,67세,상해없음
2015120900100208,2015년 12월 9일 11시,수요일,충청북도 충주시 노은면,중상사고,0,2,0,1,차대차 - 정면충돌,안전거리미확보,건조,맑음,단일로 - 기타,화물,남,75세,부상신고,승용,남,41세,중상
2015120900100209,2015년 12월 9일 11시,수요일,충청북도 보은군 회인면,중상사고,0,1,0,0,차량단독 - 전도전복,안전운전불이행,건조,맑음,단일로 - 기타,승합,남,40세,상해없음,,,,
2015120900100210,2015년 12월 9일 11시,수요일,충청북도 음성군 원남면,사망사고,1,0,0,0,차대차 - 정면충돌,과속,건조,맑음,단일로 - 기타,화물,남,70세,상해없음,이륜,남,78세,사망
2015120900100235,2015년 12월 9일 12시,수요일,충청북도 청주시 상당구 영동,경상사고,0,0,2,0,차대차 - 정면충돌,신호위반,건조,맑음,교차로 - 교차로안,화물,남,32세,상해없음,승용,남,53세,경상
2015120900100236,2015년 12월 9일 12시,수요일,충청북도 청주시 청원구 내덕동,경상사고,0,0,1,0,차대사람 - 기타,안전운전불이행,건조,맑음,단일로 - 횡단보도부근,기타불명,기타불명,기타불명,기타불명,보행자,여,22세,경상
2015120900100237,2015년 12월 9일 12시,수요일,충청북도 증평군 증평읍,경상사고,0,0,1,0,차대차 - 정면충돌,신호위반,건조,맑음,교차로 - 교차로안,원동기,남,79세,경상,승합,남,49세,상해없음
2015120900100324,2015년 12월 9일 15시,수요일,충청북도 청주시 상당구 미원면,중상사고,0,1,0,0,차대차 - 기타,안전운전불이행,건조,맑음,교차로 - 교차로부근,승용,여,55세,상해없음,승용,여,46세,중상
2015120900100345,2015년 12월 9일 16시,수요일,충청북도 제천시 모산동,경상사고,0,0,3,0,차대차 - 정면충돌,신호위반,건조,맑음,교차로 - 교차로안,승용,여,55세,기타불명,승용,남,31세,경상
2015120900100405,2015년 12월 9일 17시,수요일,충청북도 청주시 상당구 북문로2가동,경상사고,0,0,1,0,차대차 - 기타,안전운전불이행,건조,맑음,단일로 - 기타,승용,남,21세,상해없음,승용,남,24세,경상
2015120900100406,2015년 12월 9일 17시,수요일,충청북도 충주시 연수동,경상사고,0,0,1,0,차대차 - 기타,직진우회전진행방해,건조,맑음,교차로 - 교차로안,승용,남,38세,상해없음,원동기,남,21세,경상
2015120900100407,2015년 12월 9일 17시,수요일,충청북도 청주시 흥덕구 강내면,중상사고,0,1,0,0,차대차 - 추돌 - 진행중,안전운전불이행,건조,맑음,단일로 - 기타,승용,남,59세,상해없음,농기계,여,68세,중상
2015120900100452,2015년 12월 9일 18시,수요일,충청북도 충주시 주덕읍,중상사고,0,1,0,0,차대사람 - 기타,안전운전불이행,건조,맑음,단일로 - 기타,원동기,여,52세,상해없음,보행자,여,79세,중상
2015120900100515,2015년 12월 9일 19시,수요일,충청북도 제천시 중앙로1가,경상사고,0,0,2,1,차대차 - 정면충돌,안전거리미확보,건조,맑음,단일로 - 기타,승용,여,24세,부상신고,승용,남,61세,경상
2015120900100573,2015년 12월 9일 21시,수요일,충청북도 청주시 흥덕구 복대동,경상사고,0,0,1,0,차대차 - 측면직각충돌,안전운전불이행,건조,맑음,교차로 - 교차로부근,승용,남,28세,상해없음,자전거,남,23세,경상
2015120900100574,2015년 12월 9일 21시,수요일,충청북도 청주시 청원구 오창읍,사망사고,1,0,1,0,차대차 - 추돌 - 진행중,안전거리미확보,건조,맑음,단일로 - 기타,화물,남,58세,사망,화물,남,47세,경상
2015120900100603,2015년 12월 9일 22시,수요일,충청북도 청주시 청원구 내덕동,경상사고,0,0,2,0,차대차 - 정면충돌,교차로운행방법위반,건조,맑음,교차로 - 교차로안,승용,남,38세,상해없음,승용,남,61세,경상
2015120900100604,2015년 12월 9일 22시,수요일,충청북도 청주시 청원구 우암동,경상사고,0,0,2,0,차대차 - 정면충돌,신호위반,건조,맑음,교차로 - 교차로안,승용,남,56세,상해없음,승용,남,47세,경상
2015121000100011,2015년 12월 10일 00시,목요일,충청북도 제천시 청전동,경상사고,0,0,2,0,차대차 - 정면충돌,안전운전불이행,건조,맑음,교차로 - 교차로부근,승용,남,24세,상해없음,승용,남,21세,경상
2015121000100025,2015년 12월 10일 01시,목요일,충청북도 진천군 이월면,중상사고,0,2,0,0,차대사람 - 횡단중,기타,건조,맑음,단일로 - 기타,승용,남,30세,중상,보행자,여,47세,중상
2015121000100153,2015년 12월 10일 08시,목요일,충청북도 청주시 흥덕구 오송읍,경상사고,0,0,2,0,차대차 - 정면충돌,직진우회전진행방해,건조,맑음,교차로 - 교차로안,승용,남,55세,상해없음,화물,남,58세,경상
2015121000100213,2015년 12월 10일 10시,목요일,충청북도 청주시 상당구 북문로1가동,경상사고,0,0,1,0,차대차 - 측면직각충돌,안전운전불이행,건조,맑음,단일로 - 기타,화물,남,55세,상해없음,승합,남,51세,경상
2015121000100288,2015년 12월 10일 13시,목요일,충청북도 영동군 추풍령면,중상사고,0,1,0,0,차대차 - 정면충돌,중앙선침범,습기,맑음,단일로 - 기타,이륜,남,50세,중상,승용,남,50세,상해없음
2015121000100289,2015년 12월 10일 13시,목요일,충청북도 괴산군 감물면,중상사고,0,1,0,0,차대차 - 정면충돌,안전운전불이행,건조,맑음,교차로 - 교차로안,승용,여,48세,상해없음,승용,여,64세,중상
2015121000100290,2015년 12월 10일 13시,목요일,충청북도 옥천군 옥천읍,중상사고,0,1,1,0,차대차 - 정면충돌,안전운전불이행,습기,비,교차로 - 교차로부근,화물,여,54세,상해없음,승용,남,59세,경상
2015121000100291,2015년 12월 10일 13시,목요일,충청북도 진천군 진천읍,중상사고,0,1,1,0,차대차 - 기타,직진우회전진행방해,건조,맑음,교차로 - 교차로안,승용,남,47세,상해없음,승용,남,52세,상해없음
2015121000100292,2015년 12월 10일 13시,목요일,충청북도 청주시 흥덕구 봉명동,경상사고,0,0,1,0,차대차 - 정면충돌,안전운전불이행,건조,맑음,교차로 - 교차로부근,화물,남,67세,상해없음,승용,여,39세,경상
2015121000100321,2015년 12월 10일 14시,목요일,충청북도 충주시 지현동,중상사고,0,1,0,1,차대차 - 측면직각충돌,중앙선침범,습기,비,단일로 - 기타,승용,여,58세,부상신고,승용,여,38세,중상
2015121000100384,2015년 12월 10일 16시,목요일,충청북도 청주시 서원구 사창동,경상사고,0,0,1,0,차대차 - 정면충돌,안전운전불이행,습기,비,교차로 - 교차로부근,승합,남,63세,상해없음,승용,여,30세,경상
2015121000100385,2015년 12월 10일 16시,목요일,충청북도 청주시 상당구 서문동,중상사고,0,1,0,0,차대사람 - 횡단중,안전운전불이행,건조,맑음,단일로 - 기타,승용,남,55세,상해없음,보행자,여,52세,중상
2015121000100427,2015년 12월 10일 17시,목요일,충청북도 충주시 교현동,경상사고,0,0,1,1,차대차 - 기타,안전운전불이행,습기,흐림,단일로 - 기타,승용,남,35세,부상신고,화물,남,45세,경상
2015121000100428,2015년 12월 10일 17시,목요일,충청북도 괴산군 불정면,중상사고,0,2,0,0,차대차 - 정면충돌,안전운전불이행,건조,맑음,단일로 - 기타,화물,남,49세,중상,화물,남,49세,중상
2015121000100429,2015년 12월 10일 17시,목요일,충청북도 음성군 원남면,경상사고,0,0,2,0,차대차 - 측면직각충돌,차로위반,습기,비,단일로 - 기타,승용,남,28세,상해없음,승용,여,32세,경상
2015121000100430,2015년 12월 10일 17시,목요일,충청북도 청주시 흥덕구 강서동,경상사고,0,0,1,0,차대사람 - 횡단중,안전운전불이행,습기,비,교차로 - 교차로부근,화물,남,49세,상해없음,보행자,남,22세,경상
2015121000100497,2015년 12월 10일 18시,목요일,충청북도 제천시 교동,경상사고,0,0,1,0,차대차 - 정면충돌,안전거리미확보,습기,비,단일로 - 기타,승용,남,46세,상해없음,승용,남,62세,상해없음
2015121000100615,2015년 12월 10일 20시,목요일,충청북도 진천군 덕산면,중상사고,0,1,0,0,차대사람 - 길가장자리구역통행중,안전운전불이행,건조,맑음,단일로 - 기타,승용,남,58세,기타불명,보행자,남,33세,중상
2015121000100660,2015년 12월 10일 21시,목요일,충청북도 충주시 교현동,경상사고,0,0,1,0,차대차 - 기타,안전운전불이행,습기,비,교차로 - 교차로안,승용,여,50세,상해없음,원동기,남,30세,경상
2015121000100749,2015년 12월 10일 23시,목요일,충청북도 청주시 흥덕구 복대동,중상사고,0,1,1,0,차대차 - 추돌 - 주정차중,중앙선침범,건조,맑음,단일로 - 기타,승용,남,48세,상해없음,승용,남,62세,경상
2015121000100750,2015년 12월 10일 23시,목요일,충청북도 청주시 상당구 용암동,중상사고,0,1,4,0,차대차 - 기타,안전운전불이행,습기,비,단일로 - 기타,승용,남,34세,상해없음,승합,남,48세,경상
2015121100100010,2015년 12월 11일 00시,금요일,충청북도 진천군 광혜원면,경상사고,0,0,1,0,차대차 - 정면충돌,안전운전불이행,건조,맑음,교차로 - 교차로안,승용,남,27세,상해없음,승합,남,39세,경상
2015121100100011,2015년 12월 11일 00시,금요일,충청북도 청주시 흥덕구 복대동,경상사고,0,0,1,0,차대차 - 정면충돌,안전운전불이행,건조,맑음,교차로 - 교차로부근,승용,남,40세,상해없음,승용,남,43세,경상
2015121100100061,2015년 12월 11일 03시,금요일,충청북도 진천군 진천읍,경상사고,0,0,1,0,차대차 - 기타,안전운전불이행,건조,맑음,단일로 - 기타,승용,남,16세,상해없음,승용,남,21세,상해없음
2015121100100110,2015년 12월 11일 07시,금요일,충청북도 제천시 하소동,중상사고,0,1,2,0,차대차 - 정면충돌,신호위반,건조,맑음,교차로 - 교차로안,승용,남,67세,상해없음,승용,여,46세,중상
2015121100100111,2015년 12월 11일 07시,금요일,충청북도 괴산군 장연면,경상사고,0,0,1,0,차대차 - 측면직각충돌,신호위반,습기,흐림,교차로 - 교차로안,화물,남,55세,상해없음,승용,여,58세,경상
2015121100100144,2015년 12월 11일 08시,금요일,충청북도 증평군 증평읍,중상사고,0,1,0,0,차대차 - 정면충돌,안전운전불이행,건조,맑음,교차로 - 교차로안,승용,남,54세,상해없음,승용,여,50세,중상
2015121100100145,2015년 12월 11일 08시,금요일,충청북도 진천군 초평면,경상사고,0,0,2,0,차대차 - 정면충돌,교차로운행방법위반,건조,맑음,교차로 - 교차로안,승용,남,23세,경상,화물,남,46세,경상
2015121100100177,2015년 12월 11일 09시,금요일,충청북도 청주시 청원구 율량동,경상사고,0,0,1,0,차대차 - 정면충돌,안전운전불이행,건조,맑음,교차로 - 교차로부근,승용,남,29세,상해없음,원동기,남,24세,경상
2015121100100206,2015년 12월 11일 10시,금요일,충청북도 청주시 청원구 우암동,중상사고,0,1,0,0,차대차 - 기타,안전운전불이행,건조,맑음,교차로 - 교차로부근,승용,남,49세,상해없음,승용,남,27세,상해없음
2015121100100207,2015년 12월 11일 10시,금요일,충청북도 단양군 단성면,경상사고,0,0,1,0,차대차 - 기타,중앙선침범,건조,맑음,단일로 - 기타,화물,남,33세,기타불명,건설기계,남,59세,경상
2015121100100208,2015년 12월 11일 10시,금요일,충청북도 청주시 흥덕구 강서동,경상사고,0,0,1,0,차대차 - 정면충돌,안전운전불이행,결빙,흐림,단일로 - 기타,화물,남,48세,상해없음,승용,남,59세,경상
2015121100100240,2015년 12월 11일 11시,금요일,충청북도 청주시 청원구 내수읍,경상사고,0,0,1,0,차대차 - 측면직각충돌,교차로운행방법위반,건조,맑음,교차로 - 교차로안,화물,남,56세,상해없음,승용,여,59세,경상
2015121100100241,2015년 12월 11일 11시,금요일,충청북도 괴산군 청안면,경상사고,0,0,1,0,차대차 - 정면충돌,신호위반,건조,흐림,교차로 - 교차로안,화물,남,57세,상해없음,승용,남,50세,경상
2015121100100242,2015년 12월 11일 11시,금요일,충청북도 청주시 흥덕구 가경동,경상사고,0,0,1,0,차대차 - 정면충돌,안전운전불이행,건조,맑음,교차로 - 교차로안,승용,남,52세,상해없음,승용,여,30세,경상
2015121100100301,2015년 12월 11일 13시,금요일,충청북도 괴산군 청천면,경상사고,0,0,2,0,차대차 - 정면충돌,중앙선침범,건조,맑음,단일로 - 기타,승용,여,60세,경상,화물,남,48세,경상
2015121100100302,2015년 12월 11일 13시,금요일,충청북도 청주시 상당구 용암동,경상사고,0,0,1,0,차대차 - 정면충돌,안전운전불이행,건조,맑음,교차로 - 교차로부근,화물,남,33세,상해없음,승용,여,51세,경상
2015121100100336,2015년 12월 11일 14시,금요일,충청북도 청주시 청원구 오창읍,중상사고,0,1,0,0,차대차 - 정면충돌,안전운전불이행,건조,맑음,교차로 - 교차로안,승용,남,45세,상해없음,승용,남,76세,상해없음
2015121100100337,2015년 12월 11일 14시,금요일,충청북도 제천시 교동,경상사고,0,0,2,0,차대차 - 정면충돌,신호위반,건조,맑음,교차로 - 교차로안,승용,남,61세,경상,화물,남,32세,경상
2015121100100371,2015년 12월 11일 15시,금요일,충청북도 청주시 서원구 사직동,중상사고,0,1,0,0,차대사람 - 횡단중,안전운전불이행,건조,맑음,교차로 - 교차로부근,승용,여,52세,상해없음,보행자,여,84세,중상
2015121100100372,2015년 12월 11일 15시,금요일,충청북도 보은군 보은읍,중상사고,0,1,0,0,차대사람 - 횡단중,안전운전불이행,건조,흐림,단일로 - 기타,승용,남,29세,상해없음,보행자,여,71세,중상
2015121100100514,2015년 12월 11일 18시,금요일,충청북도 청주시 청원구 내덕동,경상사고,0,0,1,0,차대차 - 추돌 - 주정차중,안전운전불이행,건조,맑음,단일로 - 기타,승용,남,30세,상해없음,승용,여,44세,경상
2015121100100515,2015년 12월 11일 18시,금요일,충청북도 충주시 대소원면,경상사고,0,0,1,0,차대사람 - 길가장자리구역통행중,안전운전불이행,건조,맑음,단일로 - 기타,승용,남,28세,상해없음,보행자,남,60세,경상
2015121100100518,2015년 12월 11일 18시,금요일,충청북도 청주시 서원구 현도면,중상사고,0,3,0,0,차대차 - 정면충돌,안전운전불이행,건조,맑음,단일로 - 기타,승용,남,40세,상해없음,승용,남,56세,중상
2015121100100568,2015년 12월 11일 19시,금요일,충청북도 충주시 호암동,경상사고,0,0,1,1,차대차 - 추돌 - 진행중,신호위반,건조,맑음,교차로 - 교차로안,승용,여,44세,부상신고,승용,남,58세,경상
2015121100100569,2015년 12월 11일 19시,금요일,충청북도 음성군 소이면,경상사고,0,0,1,0,차대차 - 정면충돌,안전운전불이행,건조,흐림,단일로 - 기타,승용,남,40세,상해없음,이륜,남,71세,경상
2015121100100570,2015년 12월 11일 19시,금요일,충청북도 청주시 서원구 현도면,경상사고,0,0,1,0,차대차 - 정면충돌,신호위반,건조,맑음,교차로 - 교차로안,승용,여,56세,상해없음,승용,남,35세,경상
2015121100100615,2015년 12월 11일 20시,금요일,충청북도 청주시 청원구 율량동,중상사고,0,1,4,0,차대차 - 추돌 - 주정차중,안전운전불이행,건조,흐림,단일로 - 기타,승합,남,69세,상해없음,승용,남,37세,중상
2015121100100616,2015년 12월 11일 20시,금요일,충청북도 청주시 상당구 금천동,경상사고,0,0,1,0,차량단독 - 기타,기타,건조,맑음,단일로 - 기타,승합,남,50세,상해없음,,,,
2015121100100668,2015년 12월 11일 22시,금요일,충청북도 옥천군 옥천읍,경상사고,0,0,3,0,차대차 - 정면충돌,중앙선침범,건조,흐림,단일로 - 기타,승용,여,36세,상해없음,승용,여,44세,경상
2015121100100669,2015년 12월 11일 22시,금요일,충청북도 청주시 흥덕구 복대동,경상사고,0,0,1,0,차대차 - 정면충돌,안전운전불이행,건조,맑음,교차로 - 교차로부근,승용,여,19세,상해없음,승용,남,37세,경상
2015121100100705,2015년 12월 11일 23시,금요일,충청북도 청주시 서원구 사창동,경상사고,0,0,1,0,차대사람 - 횡단중,안전운전불이행,건조,맑음,단일로 - 기타,승용,남,24세,상해없음,보행자,남,17세,경상
2015121100100706,2015년 12월 11일 23시,금요일,충청북도 청주시 청원구 오창읍,경상사고,0,0,2,0,차대차 - 정면충돌,안전운전불이행,건조,맑음,교차로 - 교차로부근,승용,남,40세,상해없음,승합,남,45세,경상
2015121100100707,2015년 12월 11일 23시,금요일,충청북도 청주시 청원구 내수읍,경상사고,0,0,2,0,차대차 - 추돌 - 진행중,안전운전불이행,건조,맑음,단일로 - 기타,승용,남,38세,상해없음,승용,남,27세,경상
2015121100100708,2015년 12월 11일 23시,금요일,충청북도 청주시 흥덕구 비하동,중상사고,0,1,1,0,차대차 - 정면충돌,안전운전불이행,건조,맑음,교차로 - 교차로안,승용,여,28세,상해없음,승용,남,37세,경상
2015121100100709,2015년 12월 11일 23시,금요일,충청북도 청주시 상당구 금천동,중상사고,0,1,1,0,차대차 - 측면직각충돌,신호위반,건조,맑음,교차로 - 교차로안,승용,남,58세,상해없음,승용,여,39세,중상
2015121200100024,2015년 12월 12일 00시,토요일,충청북도 청주시 흥덕구 가경동,경상사고,0,0,2,0,차대차 - 추돌 - 주정차중,교차로운행방법위반,건조,맑음,교차로 - 교차로안,승용,남,55세,경상,승용,남,33세,상해없음
2015121200100107,2015년 12월 12일 04시,토요일,충청북도 옥천군 이원면,경상사고,0,0,1,0,차대차 - 추돌 - 진행중,안전운전불이행,건조,맑음,단일로 - 기타,승용,남,27세,경상,화물,남,47세,상해없음
2015121200100129,2015년 12월 12일 06시,토요일,충청북도 청주시 서원구 사창동,중상사고,0,1,0,0,차대사람 - 횡단중,교차로운행방법위반,건조,맑음,교차로 - 교차로안,승용,여,53세,상해없음,보행자,여,19세,중상
2015121200100130,2015년 12월 12일 06시,토요일,충청북도 충주시 용관동,중상사고,0,1,1,0,차대차 - 추돌 - 진행중,중앙선침범,건조,맑음,단일로 - 기타,승용,남,21세,상해없음,승용,여,52세,중상
2015121200100154,2015년 12월 12일 07시,토요일,충청북도 청주시 청원구 오창읍,경상사고,0,0,3,0,차대차 - 정면충돌,안전운전불이행,건조,맑음,교차로 - 교차로부근,승합,남,46세,상해없음,화물,남,59세,상해없음
2015121200100155,2015년 12월 12일 07시,토요일,충청북도 충주시 대소원면,중상사고,0,1,0,0,차대차 - 정면충돌,중앙선침범,건조,맑음,교차로 - 교차로부근,건설기계,남,41세,상해없음,승용,여,46세,중상