사고번호,사고일시,요일,시군구,사고내용,사망자수,중상자수,경상자수,부상신고자수,사고유형,법규위반,노면상태,기상상태,도로형태,가해운전자 차종,가해운전자 성별,가해운전자 연령,가해운전자 상해정도,피해운전자 차종,피해운전자 성별,피해운전자 연령,피해운전자 상해정도
2015121600100288,2015년 12월 16일 14시,수요일,충청북도 진천군 진천읍,경상사고,0,0,2,0,차대차 - 정면충돌,안전운전불이행,건조,맑음,교차로 - 교차로부근,승용,남,72세,경상,승용,남,54세,경상
2015121600100322,2015년 12월 16일 15시,수요일,충청북도 제천시 하소동,경상사고,0,0,2,0,차대차 - 정면충돌,안전운전불이행,건조,맑음,교차로 - 교차로부근,승용,남,53세,상해없음,승용,남,59세,경상
2015121600100323,2015년 12월 16일 15시,수요일,충청북도 청주시 흥덕구 봉명동,경상사고,0,0,1,0,차대차 - 정면충돌,안전운전불이행,건조,맑음,교차로 - 교차로부근,승합,남,55세,상해없음,승용,남,32세,경상
2015121600100363,2015년 12월 16일 16시,수요일,충청북도 청주시 청원구 주중동,경상사고,0,0,2,0,차대차 - 정면충돌,안전운전불이행,건조,맑음,단일로 - 기타,화물,남,60세,기타불명,승용,여,41세,경상
2015121600100364,2015년 12월 16일 16시,수요일,충청북도 청주시 청원구 내수읍,경상사고,0,0,1,0,차대차 - 정면충돌,안전운전불이행,건조,맑음,단일로 - 기타,화물,남,52세,상해없음,승용,남,72세,경상
2015121600100365,2015년 12월 16일 16시,수요일,충청북도 영동군 영동읍,경상사고,0,0,2,0,차대차 - 정면충돌,안전운전불이행,건조,맑음,교차로 - 교차로안,화물,남,57세,상해없음,승용,여,52세,경상
2015121600100366,2015년 12월 16일 16시,수요일,충청북도 청주시 흥덕구 복대동,중상사고,0,1,0,0,차대사람 - 횡단중,신호위반,건조,맑음,교차로 - 교차로안,승용,남,27세,상해없음,보행자,여,62세,중상
2015121600100402,2015년 12월 16일 17시,수요일,충청북도 충주시 교현동,경상사고,0,0,2,0,차대차 - 정면충돌,안전거리미확보,건조,맑음,단일로 - 기타,화물,여,57세,경상,승용,남,46세,경상
2015121600100453,2015년 12월 16일 18시,수요일,충청북도 제천시 의림동,경상사고,0,0,1,0,차대차 - 정면충돌,안전거리미확보,건조,맑음,교차로 - 교차로안,승용,여,45세,상해없음,승용,여,47세,경상
2015121600100454,2015년 12월 16일 18시,수요일,충청북도 제천시 청전동,경상사고,0,0,1,0,차대사람 - 횡단중,보행자보호의무위반,건조,맑음,단일로 - 횡단보도상,승용,여,41세,상해없음,보행자,여,32세,경상
2015121600100455,2015년 12월 16일 18시,수요일,충청북도 청주시 흥덕구 비하동,중상사고,0,1,1,0,차대차 - 정면충돌,차로위반,습기,눈,단일로 - 기타,승용,여,41세,경상,승용,여,46세,중상
2015121600100456,2015년 12월 16일 18시,수요일,충청북도 청주시 상당구 용암동,중상사고,0,1,0,0,차대사람 - 횡단중,안전운전불이행,건조,맑음,단일로 - 기타,승용,여,39세,상해없음,보행자,여,40세,중상
2015121600100506,2015년 12월 16일 19시,수요일,충청북도 충주시 호암동,중상사고,0,1,3,0,차대차 - 기타,신호위반,건조,맑음,교차로 - 교차로안,승용,남,49세,상해없음,승용,남,44세,상해없음
2015121600100507,2015년 12월 16일 19시,수요일,충청북도 청주시 흥덕구 가경동,경상사고,0,0,2,0,차대차 - 추돌 - 주정차중,안전운전불이행,건조,맑음,교차로 - 교차로부근,승용,남,60세,상해없음,승용,여,32세,경상
2015121600100546,2015년 12월 16일 20시,수요일,충청북도 청주시 상당구 영운동,경상사고,0,0,1,0,차대차 - 정면충돌,안전운전불이행,습기,흐림,단일로 - 기타,승용,여,39세,상해없음,승용,남,47세,경상
2015121600100582,2015년 12월 16일 21시,수요일,충청북도 청주시 서원구 사창동,경상사고,0,0,1,0,차대사람 - 횡단중,보행자보호의무위반,건조,맑음,교차로 - 교차로부근,승용,남,44세,상해없음,보행자,여,18세,경상
2015121600100583,2015년 12월 16일 21시,수요일,충청북도 제천시 봉양읍,중상사고,0,1,0,0,차량단독 - 전도전복,안전운전불이행,건조,맑음,기타 - 기타,화물,여,49세,중상,,,,
2015121600100584,2015년 12월 16일 21시,수요일,충청북도 청주시 흥덕구 복대동,경상사고,0,0,1,0,차대차 - 기타,안전운전불이행,습기,눈,교차로 - 교차로안,승용,여,56세,기타불명,승합,남,48세,기타불명
2015121600100649,2015년 12월 16일 23시,수요일,충청북도 청주시 청원구 오창읍,경상사고,0,0,1,0,차대차 - 추돌 - 주정차중,안전운전불이행,건조,맑음,교차로 - 교차로부근,승용,남,33세,상해없음,승용,여,56세,경상
2015121700100016,2015년 12월 17일 00시,목요일,충청북도 음성군 소이면,경상사고,0,0,1,0,차량단독 - 전도전복,안전운전불이행,건조,맑음,단일로 - 기타,승용,남,37세,경상,,,,
2015121700100102,2015년 12월 17일 07시,목요일,충청북도 진천군 덕산면,경상사고,0,0,1,0,차대차 - 측면직각충돌,신호위반,건조,맑음,교차로 - 교차로안,승용,남,50세,상해없음,승용,남,28세,경상
2015121700100139,2015년 12월 17일 08시,목요일,충청북도 청주시 서원구 사직동,경상사고,0,0,3,0,차대차 - 정면충돌,안전거리미확보,건조,맑음,단일로 - 기타,승용,여,57세,경상,승용,여,32세,경상
2015121700100182,2015년 12월 17일 09시,목요일,충청북도 음성군 금왕읍,경상사고,0,0,2,0,차대차 - 정면충돌,교차로운행방법위반,건조,맑음,교차로 - 교차로안,승용,남,67세,상해없음,이륜,남,70세,경상
2015121700100183,2015년 12월 17일 09시,목요일,충청북도 옥천군 옥천읍,중상사고,0,1,1,0,차대차 - 정면충돌,중앙선침범,건조,맑음,단일로 - 기타,화물,남,41세,상해없음,승용,남,71세,경상
2015121700100214,2015년 12월 17일 10시,목요일,충청북도 보은군 수한면,중상사고,0,1,0,0,차대차 - 정면충돌,불법유턴,습기,흐림,단일로 - 기타,승용,남,76세,상해없음,승용,여,51세,중상
2015121700100215,2015년 12월 17일 10시,목요일,충청북도 음성군 생극면,경상사고,0,0,2,0,차대차 - 정면충돌,안전운전불이행,건조,맑음,교차로 - 교차로안,승용,여,35세,경상,건설기계,남,43세,경상
2015121700100216,2015년 12월 17일 10시,목요일,충청북도 청주시 서원구 수곡동,경상사고,0,0,1,0,차대사람 - 횡단중,보행자보호의무위반,건조,맑음,교차로 - 교차로부근,승용,남,53세,상해없음,보행자,여,19세,경상
2015121700100242,2015년 12월 17일 11시,목요일,충청북도 청주시 서원구 사창동,중상사고,0,2,0,0,차대차 - 정면충돌,안전운전불이행,건조,맑음,단일로 - 기타,승용,남,39세,상해없음,승합,여,54세,중상
2015121700100243,2015년 12월 17일 11시,목요일,충청북도 음성군 대소면,중상사고,0,1,0,0,차대사람 - 횡단중,안전운전불이행,건조,맑음,교차로 - 교차로안,화물,남,48세,상해없음,보행자,남,81세,중상
2015121700100244,2015년 12월 17일 11시,목요일,충청북도 단양군 매포읍,경상사고,0,0,1,0,차대차 - 정면충돌,안전운전불이행,건조,맑음,단일로 - 기타,화물,남,43세,상해없음,화물,남,58세,상해없음
2015121700100327,2015년 12월 17일 14시,목요일,충청북도 청주시 서원구 모충동,중상사고,0,1,0,0,차대사람 - 기타,보행자보호의무위반,건조,맑음,교차로 - 교차로안,승용,남,70세,상해없음,보행자,남,8세,중상
2015121700100364,2015년 12월 17일 15시,목요일,충청북도 청주시 상당구 서문동,경상사고,0,0,1,0,차대사람 - 횡단중,안전운전불이행,건조,맑음,기타 - 기타,승용,남,47세,상해없음,보행자,남,45세,경상
2015121700100404,2015년 12월 17일 16시,목요일,충청북도 단양군 가곡면,중상사고,0,1,1,0,차대차 - 정면충돌,중앙선침범,건조,맑음,단일로 - 기타,화물,남,58세,경상,화물,남,33세,중상
2015121700100405,2015년 12월 17일 16시,목요일,충청북도 청주시 서원구 분평동,경상사고,0,0,2,0,차대차 - 기타,안전운전불이행,건조,맑음,단일로 - 기타,승합,남,37세,경상,승용,여,57세,경상
2015121700100493,2015년 12월 17일 18시,목요일,충청북도 제천시 장락동,경상사고,0,0,1,0,차대사람 - 횡단중,보행자보호의무위반,건조,맑음,단일로 - 횡단보도상,승용,여,24세,상해없음,보행자,남,65세,경상
2015121700100494,2015년 12월 17일 18시,목요일,충청북도 진천군 문백면,중상사고,0,1,0,0,차대사람 - 횡단중,안전운전불이행,건조,맑음,교차로 - 교차로부근,승용,남,38세,상해없음,보행자,남,18세,중상
2015121700100543,2015년 12월 17일 19시,목요일,충청북도 음성군 금왕읍,사망사고,1,0,0,0,차대사람 - 횡단중,안전운전불이행,건조,맑음,교차로 - 교차로안,승용,남,34세,상해없음,보행자,남,74세,사망
2015121700100544,2015년 12월 17일 19시,목요일,충청북도 진천군 진천읍,중상사고,0,1,0,0,차량단독 - 전도전복,안전운전불이행,건조,맑음,단일로 - 기타,화물,남,60세,중상,,,,
2015121700100545,2015년 12월 17일 19시,목요일,충청북도 청주시 흥덕구 봉명동,경상사고,0,0,1,0,차대차 - 정면충돌,교차로운행방법위반,건조,맑음,교차로 - 교차로안,화물,남,50세,기타불명,승용,남,63세,경상
2015121700100644,2015년 12월 17일 22시,목요일,충청북도 청주시 청원구 내수읍,경상사고,0,0,2,0,차대차 - 정면충돌,교차로운행방법위반,건조,맑음,교차로 - 교차로안,승용,남,48세,상해없음,승용,남,63세,상해없음
2015121700100645,2015년 12월 17일 22시,목요일,충청북도 청주시 청원구 내덕동,경상사고,0,0,1,0,차대차 - 정면충돌,중앙선침범,건조,맑음,교차로 - 교차로부근,승용,남,50세,상해없음,원동기,남,18세,경상
2015121700100684,2015년 12월 17일 23시,목요일,충청북도 청주시 청원구 내덕동,중상사고,0,1,1,0,차대차 - 정면충돌,신호위반,건조,맑음,교차로 - 교차로안,승용,남,34세,상해없음,승용,남,55세,중상
2015121800100014,2015년 12월 18일 00시,금요일,충청북도 청주시 청원구 오창읍,중상사고,0,2,0,0,차대차 - 정면충돌,신호위반,건조,맑음,교차로 - 교차로안,승용,남,33세,상해없음,승용,남,34세,중상
2015121800100015,2015년 12월 18일 00시,금요일,충청북도 진천군 진천읍,중상사고,0,1,0,0,차대사람 - 횡단중,안전운전불이행,건조,맑음,단일로 - 기타,승용,여,37세,상해없음,보행자,남,21세,중상
2015121800100033,2015년 12월 18일 01시,금요일,충청북도 음성군 음성읍,사망사고,2,1,0,0,차대차 - 추돌 - 주정차중,안전운전불이행,건조,맑음,단일로 - 기타,승합,남,20세,사망,이륜,남,56세,중상
2015121800100034,2015년 12월 18일 01시,금요일,충청북도 청주시 상당구 용암동,경상사고,0,0,1,0,차대차 - 정면충돌,신호위반,건조,맑음,교차로 - 교차로안,승용,남,35세,상해없음,승용,남,48세,경상
2015121800100042,2015년 12월 18일 02시,금요일,충청북도 청주시 청원구 내수읍,중상사고,0,1,0,0,차대차 - 정면충돌,신호위반,건조,맑음,교차로 - 교차로안,승용,남,54세,상해없음,원동기,남,61세,중상
2015121800100043,2015년 12월 18일 02시,금요일,충청북도 청주시 흥덕구 오송읍,경상사고,0,0,2,0,차대차 - 추돌 - 주정차중,안전거리미확보,건조,맑음,교차로 - 교차로부근,승용,남,27세,상해없음,승용,남,57세,경상
2015121800100044,2015년 12월 18일 02시,금요일,충청북도 청주시 서원구 성화동,경상사고,0,0,1,0,차대차 - 정면충돌,안전운전불이행,건조,맑음,교차로 - 교차로부근,승용,남,35세,상해없음,승용,남,38세,경상
2015121800100045,2015년 12월 18일 02시,금요일,충청북도 청주시 상당구 용암동,경상사고,0,0,2,0,차대차 - 정면충돌,안전운전불이행,건조,맑음,교차로 - 교차로안,승용,여,29세,상해없음,승용,남,26세,경상
2015121800100080,2015년 12월 18일 06시,금요일,충청북도 청주시 흥덕구 옥산면,중상사고,0,1,0,0,차대사람 - 횡단중,신호위반,건조,흐림,교차로 - 교차로안,승용,남,30세,상해없음,보행자,남,22세,중상
2015121800100140,2015년 12월 18일 08시,금요일,충청북도 제천시 고암동,경상사고,0,0,1,0,차대사람 - 횡단중,보행자보호의무위반,건조,맑음,단일로 - 횡단보도상,승용,여,37세,상해없음,보행자,여,10세,경상
2015121800100141,2015년 12월 18일 08시,금요일,충청북도 제천시 고암동,경상사고,0,0,1,0,차대사람 - 횡단중,보행자보호의무위반,건조,맑음,단일로 - 횡단보도상,승용,여,37세,상해없음,보행자,여,10세,경상
2015121800100142,2015년 12월 18일 08시,금요일,충청북도 증평군 증평읍,경상사고,0,0,3,0,차대차 - 측면직각충돌,신호위반,건조,맑음,교차로 - 교차로안,승용,여,41세,상해없음,승용,남,42세,상해없음
2015121800100143,2015년 12월 18일 08시,금요일,충청북도 청주시 흥덕구 가경동,경상사고,0,0,1,0,차대사람 - 횡단중,신호위반,건조,맑음,교차로 - 교차로안,승용,여,47세,상해없음,보행자,남,7세,경상
2015121800100258,2015년 12월 18일 12시,금요일,충청북도 충주시 금릉동,경상사고,0,0,1,0,차대차 - 정면충돌,안전운전불이행,건조,맑음,교차로 - 교차로부근,기타불명,기타불명,16세,기타불명,원동기,남,33세,경상
2015121800100296,2015년 12월 18일 13시,금요일,충청북도 청주시 청원구 오창읍,경상사고,0,0,1,0,차대차 - 측면직각충돌,안전운전불이행,건조,맑음,교차로 - 교차로안,승용,여,55세,상해없음,승용,여,34세,상해없음
2015121800100356,2015년 12월 18일 15시,금요일,충청북도 옥천군 안내면,경상사고,0,0,1,0,차대사람 - 기타,안전운전불이행,건조,맑음,교차로 - 교차로안,화물,남,59세,상해없음,보행자,남,47세,경상
2015121800100396,2015년 12월 18일 16시,금요일,충청북도 청주시 흥덕구 봉명동,중상사고,0,1,0,0,차대차 - 정면충돌,신호위반,건조,흐림,단일로 - 횡단보도상,승용,여,44세,상해없음,이륜,남,79세,중상
2015121800100397,2015년 12월 18일 16시,금요일,충청북도 청주시 흥덕구 운천동,경상사고,0,0,2,0,차대차 - 정면충돌,신호위반,건조,맑음,교차로 - 교차로안,승용,여,54세,상해없음,승용,남,51세,경상
2015121800100444,2015년 12월 18일 17시,금요일,충청북도 음성군 대소면,중상사고,0,1,0,0,차량단독 - 전도전복,안전운전불이행,건조,맑음,단일로 - 기타,원동기,남,56세,중상,,,,
2015121800100489,2015년 12월 18일 18시,금요일,충청북도 충주시 교현동,경상사고,0,0,1,0,차대차 - 정면충돌,안전운전불이행,건조,맑음,교차로 - 교차로안,자전거,남,17세,경상,화물,남,45세,상해없음
2015121800100490,2015년 12월 18일 18시,금요일,충청북도 제천시 화산동,경상사고,0,0,1,0,차대사람 - 횡단중,안전운전불이행,건조,맑음,교차로 - 교차로안,기타불명,남,45세,기타불명,보행자,여,80세,경상
2015121800100546,2015년 12월 18일 19시,금요일,충청북도 청주시 흥덕구 봉명동,경상사고,0,0,1,0,차대차 - 정면충돌,안전운전불이행,건조,맑음,단일로 - 기타,승용,남,37세,상해없음,이륜,남,18세,경상
2015121800100595,2015년 12월 18일 20시,금요일,충청북도 청주시 서원구 사직동,경상사고,0,0,1,0,차대차 - 정면충돌,안전운전불이행,건조,흐림,단일로 - 기타,승용,남,42세,상해없음,승용,남,37세,경상
2015121800100596,2015년 12월 18일 20시,금요일,충청북도 청주시 청원구 율량동,사망사고,1,0,1,0,차대차 - 정면충돌,안전운전불이행,건조,맑음,단일로 - 기타,승용,남,48세,사망,건설기계,남,45세,경상
2015121800100599,2015년 12월 18일 20시,금요일,충청북도 청주시 서원구 남이면,중상사고,0,1,3,0,차대사람 - 기타,안전운전불이행,건조,맑음,단일로 - 기타,승용,남,28세,상해없음,보행자,남,35세,중상
2015121800100639,2015년 12월 18일 21시,금요일,충청북도 청주시 흥덕구 신촌동,경상사고,0,0,1,0,차대차 - 측면직각충돌,중앙선침범,건조,맑음,단일로 - 기타,승용,남,67세,상해없음,승용,남,50세,경상
2015121800100640,2015년 12월 18일 21시,금요일,충청북도 청주시 흥덕구 봉명동,중상사고,0,1,0,0,차대사람 - 횡단중,보행자보호의무위반,건조,맑음,단일로 - 기타,승용,남,35세,상해없음,보행자,여,29세,중상
2015121800100684,2015년 12월 18일 22시,금요일,충청북도 청주시 상당구 서문동,중상사고,0,1,0,0,차대사람 - 횡단중,안전운전불이행,건조,맑음,단일로 - 교량,승합,남,56세,상해없음,보행자,남,75세,중상
2015121800100715,2015년 12월 18일 23시,금요일,충청북도 음성군 금왕읍,경상사고,0,0,1,0,차대차 - 추돌 - 주정차중,중앙선침범,건조,맑음,교차로 - 교차로부근,승용,남,39세,상해없음,승용,남,58세,경상
2015121900100022,2015년 12월 19일 00시,토요일,충청북도 제천시 봉양읍,중상사고,0,1,0,0,차량단독 - 전도전복,안전운전불이행,건조,맑음,단일로 - 기타,승용,남,28세,상해없음,,,,
2015121900100023,2015년 12월 19일 00시,토요일,충청북도 청주시 상당구 문의면,경상사고,0,0,1,0,차대차 - 정면충돌,차로위반,건조,맑음,단일로 - 터널,화물,남,62세,상해없음,승용,남,35세,경상
2015121900100052,2015년 12월 19일 01시,토요일,충청북도 청주시 서원구 사창동,경상사고,0,0,2,0,차대차 - 정면충돌,신호위반,건조,맑음,교차로 - 교차로안,승용,남,53세,상해없음,승용,남,29세,경상
2015121900100129,2015년 12월 19일 06시,토요일,충청북도 청주시 서원구 남이면,중상사고,0,1,0,0,차대차 - 정면충돌,신호위반,건조,맑음,교차로 - 교차로안,승용,남,40세,중상,건설기계,남,47세,상해없음
2015121900100182,2015년 12월 19일 08시,토요일,충청북도 청주시 청원구 내수읍,경상사고,0,0,3,0,차대차 - 추돌 - 진행중,안전운전불이행,건조,맑음,교차로 - 교차로부근,화물,남,56세,상해없음,승용,남,20세,경상
2015121900100229,2015년 12월 19일 10시,토요일,충청북도 청주시 청원구 오동동,중상사고,0,1,4,0,차대차 - 측면직각충돌,안전운전불이행,건조,맑음,단일로 - 기타,화물,남,72세,상해없음,승합,남,32세,경상
2015121900100230,2015년 12월 19일 10시,토요일,충청북도 보은군 회인면,중상사고,0,1,1,0,차대차 - 추돌 - 진행중,안전운전불이행,건조,맑음,단일로 - 기타,승용,남,39세,중상,화물,남,48세,경상
2015121900100261,2015년 12월 19일 11시,토요일,충청북도 진천군 진천읍,경상사고,0,0,1,0,차대차 - 정면충돌,중앙선침범,건조,맑음,단일로 - 교량,화물,남,50세,상해없음,승용,여,35세,경상
2015121900100298,2015년 12월 19일 12시,토요일,충청북도 증평군 증평읍,중상사고,0,2,1,0,차대차 - 정면충돌,교차로운행방법위반,건조,맑음,교차로 - 교차로안,승용,남,45세,경상,승용,남,51세,중상
2015121900100299,2015년 12월 19일 12시,토요일,충청북도 청주시 흥덕구 옥산면,경상사고,0,0,1,1,차대차 - 정면충돌,안전운전불이행,건조,맑음,교차로 - 교차로부근,이륜,남,31세,부상신고,승용,남,32세,경상
2015121900100326,2015년 12월 19일 13시,토요일,충청북도 청주시 흥덕구 복대동,경상사고,0,0,1,0,차대사람 - 횡단중,보행자보호의무위반,건조,맑음,교차로 - 교차로부근,승용,여,41세,상해없음,보행자,여,38세,경상
2015121900100355,2015년 12월 19일 14시,토요일,충청북도 청주시 서원구 사창동,경상사고,0,0,1,0,차대사람 - 횡단중,기타,건조,맑음,단일로 - 기타,승용,남,68세,상해없음,보행자,여,73세,경상
2015121900100356,2015년 12월 19일 14시,토요일,충청북도 청주시 흥덕구 복대동,경상사고,0,0,1,0,차대차 - 정면충돌,안전운전불이행,건조,맑음,단일로 - 횡단보도상,승합,남,60세,상해없음,이륜,남,72세,경상
2015121900100388,2015년 12월 19일 15시,토요일,충청북도 충주시 봉방동,중상사고,0,1,0,0,차대차 - 정면충돌,직진우회전진행방해,건조,맑음,교차로 - 교차로안,승용,여,26세,상해없음,화물,남,60세,중상
2015121900100389,2015년 12월 19일 15시,토요일,충청북도 청주시 서원구 현도면,경상사고,0,0,8,0,차대차 - 정면충돌,중앙선침범,건조,맑음,교차로 - 교차로안,승용,남,33세,경상,승용,여,38세,경상
2015121900100458,2015년 12월 19일 17시,토요일,충청북도 청주시 청원구 오창읍,경상사고,0,0,3,2,차대차 - 측면직각충돌,안전운전불이행,습기,비,단일로 - 기타,화물,남,68세,상해없음,승용,여,45세,경상
2015121900100459,2015년 12월 19일 17시,토요일,충청북도 제천시 의림동,경상사고,0,0,1,0,차대차 - 정면충돌,교차로운행방법위반,건조,맑음,교차로 - 교차로안,이륜,남,20세,경상,승용,남,50세,상해없음
2015121900100460,2015년 12월 19일 17시,토요일,충청북도 제천시 왕암동,경상사고,0,0,3,0,차대차 - 정면충돌,안전운전불이행,건조,맑음,교차로 - 교차로안,승용,남,57세,경상,화물,남,47세,경상
2015121900100530,2015년 12월 19일 18시,토요일,충청북도 청주시 청원구 오창읍,경상사고,0,0,1,0,차대차 - 정면충돌,중앙선침범,건조,맑음,단일로 - 기타,승용,여,26세,상해없음,화물,남,51세,경상
2015121900100531,2015년 12월 19일 18시,토요일,충청북도 청주시 흥덕구 가경동,중상사고,0,1,0,0,차대차 - 정면충돌,중앙선침범,건조,맑음,단일로 - 기타,승용,여,42세,상해없음,이륜,남,24세,중상
2015121900100581,2015년 12월 19일 19시,토요일,충청북도 충주시 금릉동,경상사고,0,0,1,0,차대차 - 정면충돌,안전운전불이행,건조,맑음,단일로 - 기타,기타불명,기타불명,기타불명,기타불명,이륜,남,18세,경상
2015121900100648,2015년 12월 19일 21시,토요일,충청북도 청주시 서원구 개신동,경상사고,0,0,2,0,차대차 - 정면충돌,안전운전불이행,건조,맑음,교차로 - 교차로안,승용,여,42세,상해없음,승용,여,34세,경상
2015121900100703,2015년 12월 19일 23시,토요일,충청북도 충주시 금릉동,경상사고,0,0,2,0,차대차 - 정면충돌,안전거리미확보,건조,맑음,교차로 - 교차로부근,승용,여,39세,상해없음,승용,남,45세,경상
2015122000100014,2015년 12월 20일 00시,일요일,충청북도 충주시 연수동,경상사고,0,0,1,0,차대차 - 기타,안전운전불이행,건조,맑음,단일로 - 기타,승용,남,44세,상해없음,승용,남,29세,상해없음
2015122000100015,2015년 12월 20일 00시,일요일,충청북도 청주시 서원구 남이면,경상사고,0,0,3,0,차대차 - 정면충돌,안전운전불이행,건조,맑음,교차로 - 교차로부근,승용,남,35세,경상,승용,남,51세,경상
2015122000100016,2015년 12월 20일 00시,일요일,충청북도 청주시 서원구 개신동,중상사고,0,3,0,0,차대차 - 측면직각충돌,신호위반,건조,맑음,교차로 - 교차로안,승용,남,54세,상해없음,승용,남,54세,중상
2015122000100095,2015년 12월 20일 04시,일요일,충청북도 청주시 흥덕구 봉명동,경상사고,0,0,5,0,차대차 - 정면충돌,안전운전불이행,건조,맑음,단일로 - 기타,승용,남,45세,상해없음,승용,남,42세,경상
2015122000100228,2015년 12월 20일 14시,일요일,충청북도 단양군 단양읍,경상사고,0,0,1,0,차대사람 - 횡단중,안전운전불이행,건조,기타,단일로 - 기타,기타불명,기타불명,기타불명,기타불명,보행자,여,76세,경상
2015122000100306,2015년 12월 20일 17시,일요일,충청북도 충주시 노은면,중상사고,0,1,0,0,차대사람 - 횡단중,안전운전불이행,건조,맑음,단일로 - 기타,건설기계,남,46세,상해없음,보행자,여,82세,중상
2015122000100344,2015년 12월 20일 18시,일요일,충청북도 청주시 상당구 석교동,부상신고사고,0,0,0,1,차대사람 - 횡단중,안전운전불이행,건조,흐림,교차로 - 교차로부근,기타불명,기타불명,기타불명,기타불명,보행자,남,67세,부상신고
2015122000100345,2015년 12월 20일 18시,일요일,충청북도 청주시 흥덕구 지동동,중상사고,0,1,3,0,차대차 - 추돌 - 진행중,안전운전불이행,건조,맑음,단일로 - 기타,승용,남,48세,상해없음,승용,남,41세,경상
2015122000100424,2015년 12월 20일 21시,일요일,충청북도 청주시 청원구 오창읍,경상사고,0,0,8,0,차대차 - 추돌 - 주정차중,안전운전불이행,건조,맑음,교차로 - 교차로부근,승용,남,49세,상해없음,승용,여,38세,경상
2015122000100440,2015년 12월 20일 22시,일요일,충청북도 충주시 칠금동,중상사고,0,1,0,0,차대사람 - 횡단중,안전운전불이행,건조,맑음,단일로 - 횡단보도부근,승용,여,49세,상해없음,보행자,남,22세,중상
2015122000100441,2015년 12월 20일 22시,일요일,충청북도 청주시 서원구 개신동,경상사고,0,0,1,0,차대차 - 정면충돌,중앙선침범,건조,맑음,교차로 - 교차로부근,승용,여,52세,상해없음,이륜,남,36세,경상
2015122000100442,2015년 12월 20일 22시,일요일,충청북도 청주시 서원구 모충동,경상사고,0,0,2,0,차대차 - 정면충돌,안전거리미확보,건조,맑음,교차로 - 교차로안,승용,남,49세,상해없음,승용,남,44세,경상
2015122100100038,2015년 12월 21일 04시,월요일,충청북도 청주시 서원구 남이면,경상사고,0,0,1,0,차대차 - 추돌 - 진행중,안전운전불이행,습기,비,단일로 - 기타,특수,남,47세,상해없음,화물,남,63세,경상
2015122100100143,2015년 12월 21일 08시,월요일,충청북도 충주시 소태면,중상사고,0,1,1,0,차대차 - 기타,안전운전불이행,건조,맑음,단일로 - 기타,승용,남,47세,상해없음,승용,남,60세,중상
2015122100100144,2015년 12월 21일 08시,월요일,충청북도 음성군 감곡면,중상사고,0,1,1,0,차대차 - 정면충돌,안전운전불이행,습기,흐림,단일로 - 기타,화물,남,39세,경상,화물,남,57세,중상
2015122100100247,2015년 12월 21일 11시,월요일,충청북도 청주시 흥덕구 복대동,중상사고,0,1,1,0,차대차 - 정면충돌,안전운전불이행,건조,맑음,교차로 - 교차로부근,승합,남,55세,상해없음,승용,남,60세,중상
2015122100100278,2015년 12월 21일 12시,월요일,충청북도 청주시 서원구 분평동,중상사고,0,2,1,0,차대차 - 기타,안전운전불이행,건조,맑음,단일로 - 기타,승용,여,49세,중상,승용,여,48세,경상
2015122100100307,2015년 12월 21일 13시,월요일,충청북도 청주시 청원구 내덕동,경상사고,0,0,1,0,차대사람 - 횡단중,안전운전불이행,건조,맑음,교차로 - 교차로안,승합,남,39세,상해없음,보행자,남,24세,경상
2015122100100308,2015년 12월 21일 13시,월요일,충청북도 옥천군 옥천읍,중상사고,0,1,0,0,차대차 - 측면직각충돌,안전운전불이행,건조,맑음,단일로 - 기타,원동기,남,82세,중상,승용,남,53세,상해없음
2015122100100334,2015년 12월 21일 14시,월요일,충청북도 음성군 대소면,경상사고,0,0,4,0,차대차 - 추돌 - 진행중,안전운전불이행,건조,맑음,단일로 - 기타,화물,남,56세,경상,승합,남,36세,상해없음
2015122100100369,2015년 12월 21일 15시,월요일,충청북도 청주시 청원구 오창읍,중상사고,0,1,0,0,차대차 - 측면직각충돌,신호위반,건조,맑음,교차로 - 교차로안,승합,남,59세,상해없음,승용,남,28세,중상
2015122100100370,2015년 12월 21일 15시,월요일,충청북도 충주시 연수동,중상사고,0,1,0,0,차대사람 - 횡단중,중앙선침범,건조,맑음,단일로 - 기타,승용,남,53세,상해없음,보행자,여,25세,중상
2015122100100431,2015년 12월 21일 17시,월요일,충청북도 보은군 장안면,경상사고,0,0,4,0,차대차 - 정면충돌,교차로운행방법위반,건조,흐림,교차로 - 교차로안,승용,여,46세,상해없음,승용,남,25세,경상
2015122100100482,2015년 12월 21일 18시,월요일,충청북도 청주시 청원구 오창읍,경상사고,0,0,3,0,차대차 - 정면충돌,안전운전불이행,습기,흐림,단일로 - 기타,승용,남,27세,상해없음,승용,남,35세,경상